trial_id,method,step,r_squared,entropy,violations,tq
0,epistemic,0,0.234280,0.765720,0,1.0000
0,epistemic,1,0.247655,0.752345,0,1.0000
0,epistemic,2,0.428989,0.571011,0,1.0000
0,epistemic,3,0.496741,0.503259,0,1.0000
0,epistemic,4,0.611854,0.388146,0,1.0000
0,epistemic,5,0.612060,0.387940,0,1.0000
0,epistemic,6,0.619729,0.380271,0,1.0000
0,epistemic,7,0.620937,0.379063,0,0.4865
1,epistemic,0,0.215392,0.784608,0,1.0000
1,epistemic,1,0.254727,0.745273,0,1.0000
1,epistemic,2,0.425934,0.574066,0,1.0000
1,epistemic,3,0.485890,0.514110,0,1.0000
1,epistemic,4,0.604380,0.395620,0,1.0000
1,epistemic,5,0.604601,0.395399,0,1.0000
1,epistemic,6,0.612493,0.387507,0,1.0000
1,epistemic,7,0.615264,0.384736,0,0.4865
2,epistemic,0,0.243987,0.756013,0,1.0000
2,epistemic,1,0.329044,0.670956,0,1.0000
2,epistemic,2,0.443736,0.556264,0,1.0000
2,epistemic,3,0.510628,0.489372,0,1.0000
2,epistemic,4,0.540051,0.459949,0,1.0000
2,epistemic,5,0.540171,0.459829,0,1.0000
2,epistemic,6,0.571171,0.428829,0,1.0000
2,epistemic,7,0.574176,0.425824,0,0.4865
3,epistemic,0,0.204088,0.795912,0,1.0000
3,epistemic,1,0.265245,0.734755,0,1.0000
3,epistemic,2,0.406068,0.593932,0,1.0000
3,epistemic,3,0.466881,0.533119,0,1.0000
3,epistemic,4,0.566365,0.433635,0,1.0000
3,epistemic,5,0.565357,0.434643,0,1.0000
3,epistemic,6,0.581688,0.418312,0,1.0000
3,epistemic,7,0.583150,0.416850,0,0.4865
4,epistemic,0,0.277602,0.722398,0,1.0000
4,epistemic,1,0.294533,0.705467,0,1.0000
4,epistemic,2,0.473121,0.526879,0,1.0000
4,epistemic,3,0.517385,0.482615,0,1.0000
4,epistemic,4,0.633433,0.366567,0,1.0000
4,epistemic,5,0.633572,0.366428,0,1.0000
4,epistemic,6,0.669303,0.330697,0,1.0000
4,epistemic,7,0.668467,0.331533,0,0.4865
5,epistemic,0,0.223976,0.776024,0,1.0000
5,epistemic,1,0.284125,0.715875,0,1.0000
5,epistemic,2,0.420687,0.579313,0,1.0000
5,epistemic,3,0.435983,0.564017,0,1.0000
5,epistemic,4,0.535724,0.464276,0,1.0000
5,epistemic,5,0.535509,0.464491,0,1.0000
5,epistemic,6,0.577989,0.422011,0,1.0000
5,epistemic,7,0.579001,0.420999,0,0.4865
6,epistemic,0,0.217512,0.782488,0,1.0000
6,epistemic,1,0.306379,0.693621,0,1.0000
6,epistemic,2,0.428379,0.571621,0,1.0000
6,epistemic,3,0.469358,0.530642,0,1.0000
6,epistemic,4,0.555913,0.444087,0,1.0000
6,epistemic,5,0.551380,0.448620,0,1.0000
6,epistemic,6,0.608962,0.391038,0,1.0000
6,epistemic,7,0.609990,0.390010,0,0.4865
7,epistemic,0,0.254023,0.745977,0,1.0000
7,epistemic,1,0.308759,0.691241,0,1.0000
7,epistemic,2,0.451724,0.548276,0,1.0000
7,epistemic,3,0.512810,0.487190,0,1.0000
7,epistemic,4,0.624050,0.375950,0,1.0000
7,epistemic,5,0.623371,0.376629,0,1.0000
7,epistemic,6,0.642533,0.357467,0,1.0000
7,epistemic,7,0.640864,0.359136,0,0.4865
8,epistemic,0,0.213640,0.786360,0,1.0000
8,epistemic,1,0.261336,0.738664,0,1.0000
8,epistemic,2,0.435271,0.564729,0,1.0000
8,epistemic,3,0.505301,0.494699,0,1.0000
8,epistemic,4,0.573433,0.426567,0,1.0000
8,epistemic,5,0.569286,0.430714,0,1.0000
8,epistemic,6,0.588827,0.411173,0,1.0000
8,epistemic,7,0.591549,0.408451,0,0.4865
9,epistemic,0,0.261150,0.738850,0,1.0000
9,epistemic,1,0.312169,0.687831,0,1.0000
9,epistemic,2,0.393531,0.606469,0,1.0000
9,epistemic,3,0.426595,0.573405,0,1.0000
9,epistemic,4,0.512952,0.487048,0,1.0000
9,epistemic,5,0.512137,0.487863,0,1.0000
9,epistemic,6,0.558934,0.441066,0,1.0000
9,epistemic,7,0.560030,0.439970,0,0.4865
10,epistemic,0,0.201354,0.798646,0,1.0000
10,epistemic,1,0.253818,0.746182,0,1.0000
10,epistemic,2,0.410692,0.589308,0,1.0000
10,epistemic,3,0.415545,0.584455,0,1.0000
10,epistemic,4,0.473753,0.526247,0,1.0000
10,epistemic,5,0.473096,0.526904,0,1.0000
10,epistemic,6,0.517954,0.482046,0,1.0000
10,epistemic,7,0.516966,0.483034,0,0.4865
11,epistemic,0,0.149502,0.850498,0,1.0000
11,epistemic,1,0.231933,0.768067,0,1.0000
11,epistemic,2,0.390517,0.609483,0,1.0000
11,epistemic,3,0.464501,0.535499,0,1.0000
11,epistemic,4,0.559009,0.440991,0,1.0000
11,epistemic,5,0.559053,0.440947,0,1.0000
11,epistemic,6,0.564120,0.435880,0,1.0000
11,epistemic,7,0.563017,0.436983,0,0.4865
12,epistemic,0,0.251689,0.748311,0,1.0000
12,epistemic,1,0.289338,0.710662,0,1.0000
12,epistemic,2,0.373483,0.626517,0,1.0000
12,epistemic,3,0.413202,0.586798,0,1.0000
12,epistemic,4,0.488917,0.511083,0,1.0000
12,epistemic,5,0.487272,0.512728,0,1.0000
12,epistemic,6,0.523915,0.476085,0,1.0000
12,epistemic,7,0.527592,0.472408,0,0.4865
13,epistemic,0,0.236755,0.763245,0,1.0000
13,epistemic,1,0.318940,0.681060,0,1.0000
13,epistemic,2,0.480891,0.519109,0,1.0000
13,epistemic,3,0.552131,0.447869,0,1.0000
13,epistemic,4,0.617369,0.382631,0,1.0000
13,epistemic,5,0.616342,0.383658,0,1.0000
13,epistemic,6,0.644445,0.355555,0,1.0000
13,epistemic,7,0.646126,0.353874,0,0.4865
14,epistemic,0,0.275081,0.724919,0,1.0000
14,epistemic,1,0.351496,0.648504,0,1.0000
14,epistemic,2,0.470708,0.529292,0,1.0000
14,epistemic,3,0.500698,0.499302,0,1.0000
14,epistemic,4,0.586602,0.413398,0,1.0000
14,epistemic,5,0.585004,0.414996,0,1.0000
14,epistemic,6,0.609515,0.390485,0,1.0000
14,epistemic,7,0.606483,0.393517,0,0.4865
15,epistemic,0,0.263371,0.736629,0,1.0000
15,epistemic,1,0.336799,0.663201,0,1.0000
15,epistemic,2,0.474001,0.525999,0,1.0000
15,epistemic,3,0.495704,0.504296,0,1.0000
15,epistemic,4,0.623505,0.376495,0,1.0000
15,epistemic,5,0.622164,0.377836,0,1.0000
15,epistemic,6,0.635570,0.364430,0,1.0000
15,epistemic,7,0.637500,0.362500,0,0.4865
16,epistemic,0,0.224289,0.775711,0,1.0000
16,epistemic,1,0.260840,0.739160,0,1.0000
16,epistemic,2,0.450684,0.549316,0,1.0000
16,epistemic,3,0.478954,0.521046,0,1.0000
16,epistemic,4,0.566147,0.433853,0,1.0000
16,epistemic,5,0.566185,0.433815,0,1.0000
16,epistemic,6,0.601744,0.398256,0,1.0000
16,epistemic,7,0.600838,0.399162,0,0.4865
17,epistemic,0,0.243535,0.756465,0,1.0000
17,epistemic,1,0.331873,0.668127,0,1.0000
17,epistemic,2,0.425425,0.574575,0,1.0000
17,epistemic,3,0.472752,0.527248,0,1.0000
17,epistemic,4,0.538935,0.461065,0,1.0000
17,epistemic,5,0.537057,0.462943,0,1.0000
17,epistemic,6,0.588427,0.411573,0,1.0000
17,epistemic,7,0.591984,0.408016,0,0.4865
18,epistemic,0,0.230461,0.769539,0,1.0000
18,epistemic,1,0.304384,0.695616,0,1.0000
18,epistemic,2,0.445361,0.554639,0,1.0000
18,epistemic,3,0.495249,0.504751,0,1.0000
18,epistemic,4,0.588724,0.411276,0,1.0000
18,epistemic,5,0.588770,0.411230,0,1.0000
18,epistemic,6,0.621183,0.378817,0,1.0000
18,epistemic,7,0.621845,0.378155,0,0.4865
19,epistemic,0,0.333147,0.666853,0,1.0000
19,epistemic,1,0.353404,0.646596,0,1.0000
19,epistemic,2,0.438578,0.561422,0,1.0000
19,epistemic,3,0.528886,0.471114,0,1.0000
19,epistemic,4,0.629473,0.370527,0,1.0000
19,epistemic,5,0.629708,0.370292,0,1.0000
19,epistemic,6,0.630620,0.369380,0,1.0000
19,epistemic,7,0.634431,0.365569,0,0.4865
20,epistemic,0,0.251640,0.748360,0,1.0000
20,epistemic,1,0.321918,0.678082,0,1.0000
20,epistemic,2,0.454641,0.545359,0,1.0000
20,epistemic,3,0.486687,0.513313,0,1.0000
20,epistemic,4,0.578946,0.421054,0,1.0000
20,epistemic,5,0.571104,0.428896,0,1.0000
20,epistemic,6,0.597519,0.402481,0,1.0000
20,epistemic,7,0.600766,0.399234,0,0.4865
21,epistemic,0,0.277703,0.722297,0,1.0000
21,epistemic,1,0.306236,0.693764,0,1.0000
21,epistemic,2,0.444540,0.555460,0,1.0000
21,epistemic,3,0.502968,0.497032,0,1.0000
21,epistemic,4,0.598754,0.401246,0,1.0000
21,epistemic,5,0.598952,0.401048,0,1.0000
21,epistemic,6,0.637569,0.362431,0,1.0000
21,epistemic,7,0.640928,0.359072,0,0.4865
22,epistemic,0,0.061499,0.938501,0,1.0000
22,epistemic,1,0.155137,0.844863,0,1.0000
22,epistemic,2,0.338053,0.661947,0,1.0000
22,epistemic,3,0.379896,0.620104,0,1.0000
22,epistemic,4,0.460443,0.539557,0,1.0000
22,epistemic,5,0.459965,0.540035,0,1.0000
22,epistemic,6,0.494844,0.505156,0,1.0000
22,epistemic,7,0.494962,0.505038,0,0.4865
23,epistemic,0,0.291321,0.708679,0,1.0000
23,epistemic,1,0.347052,0.652948,0,1.0000
23,epistemic,2,0.453607,0.546393,0,1.0000
23,epistemic,3,0.501900,0.498100,0,1.0000
23,epistemic,4,0.579602,0.420398,0,1.0000
23,epistemic,5,0.579759,0.420241,0,1.0000
23,epistemic,6,0.616487,0.383513,0,1.0000
23,epistemic,7,0.619149,0.380851,0,0.4865
24,epistemic,0,0.317440,0.682560,0,1.0000
24,epistemic,1,0.368566,0.631434,0,1.0000
24,epistemic,2,0.486691,0.513309,0,1.0000
24,epistemic,3,0.511763,0.488237,0,1.0000
24,epistemic,4,0.570296,0.429704,0,1.0000
24,epistemic,5,0.567317,0.432683,0,1.0000
24,epistemic,6,0.580026,0.419974,0,1.0000
24,epistemic,7,0.576049,0.423951,0,0.4865
25,epistemic,0,0.271459,0.728541,0,1.0000
25,epistemic,1,0.284436,0.715564,0,1.0000
25,epistemic,2,0.328508,0.671492,0,1.0000
25,epistemic,3,0.367877,0.632123,0,1.0000
25,epistemic,4,0.516241,0.483759,0,1.0000
25,epistemic,5,0.515963,0.484037,0,1.0000
25,epistemic,6,0.545629,0.454371,0,1.0000
25,epistemic,7,0.539897,0.460103,0,0.4865
26,epistemic,0,0.269042,0.730958,0,1.0000
26,epistemic,1,0.341286,0.658714,0,1.0000
26,epistemic,2,0.482544,0.517456,0,1.0000
26,epistemic,3,0.499909,0.500091,0,1.0000
26,epistemic,4,0.582287,0.417713,0,1.0000
26,epistemic,5,0.581506,0.418494,0,1.0000
26,epistemic,6,0.639630,0.360370,0,1.0000
26,epistemic,7,0.639974,0.360026,0,0.4865
27,epistemic,0,0.256055,0.743945,0,1.0000
27,epistemic,1,0.328452,0.671548,0,1.0000
27,epistemic,2,0.462948,0.537052,0,1.0000
27,epistemic,3,0.500136,0.499864,0,1.0000
27,epistemic,4,0.573721,0.426279,0,1.0000
27,epistemic,5,0.573560,0.426440,0,1.0000
27,epistemic,6,0.590063,0.409937,0,1.0000
27,epistemic,7,0.594028,0.405972,0,0.4865
28,epistemic,0,0.283494,0.716506,0,1.0000
28,epistemic,1,0.335352,0.664648,0,1.0000
28,epistemic,2,0.433136,0.566864,0,1.0000
28,epistemic,3,0.470254,0.529746,0,1.0000
28,epistemic,4,0.553157,0.446843,0,1.0000
28,epistemic,5,0.552394,0.447606,0,1.0000
28,epistemic,6,0.564914,0.435086,0,1.0000
28,epistemic,7,0.558685,0.441315,0,0.4865
29,epistemic,0,0.215370,0.784630,0,1.0000
29,epistemic,1,0.264666,0.735334,0,1.0000
29,epistemic,2,0.407759,0.592241,0,1.0000
29,epistemic,3,0.469675,0.530325,0,1.0000
29,epistemic,4,0.476675,0.523325,0,1.0000
29,epistemic,5,0.475721,0.524279,0,1.0000
29,epistemic,6,0.509217,0.490783,0,1.0000
29,epistemic,7,0.511362,0.488638,0,0.4865
30,epistemic,0,0.221128,0.778872,0,1.0000
30,epistemic,1,0.275742,0.724258,0,1.0000
30,epistemic,2,0.442440,0.557560,0,1.0000
30,epistemic,3,0.504689,0.495311,0,1.0000
30,epistemic,4,0.632619,0.367381,0,1.0000
30,epistemic,5,0.632360,0.367640,0,1.0000
30,epistemic,6,0.673656,0.326344,0,1.0000
30,epistemic,7,0.675318,0.324682,0,0.4865
31,epistemic,0,0.195674,0.804326,0,1.0000
31,epistemic,1,0.268777,0.731223,0,1.0000
31,epistemic,2,0.443207,0.556793,0,1.0000
31,epistemic,3,0.493412,0.506588,0,1.0000
31,epistemic,4,0.548762,0.451238,0,1.0000
31,epistemic,5,0.547999,0.452001,0,1.0000
31,epistemic,6,0.571608,0.428392,0,1.0000
31,epistemic,7,0.573513,0.426487,0,0.4865
32,epistemic,0,0.118974,0.881026,0,1.0000
32,epistemic,1,0.190129,0.809871,0,1.0000
32,epistemic,2,0.352431,0.647569,0,1.0000
32,epistemic,3,0.381900,0.618100,0,1.0000
32,epistemic,4,0.480630,0.519370,0,1.0000
32,epistemic,5,0.475301,0.524699,0,1.0000
32,epistemic,6,0.500687,0.499313,0,1.0000
32,epistemic,7,0.505223,0.494777,0,0.4865
33,epistemic,0,0.233122,0.766878,0,1.0000
33,epistemic,1,0.279564,0.720436,0,1.0000
33,epistemic,2,0.373137,0.626863,0,1.0000
33,epistemic,3,0.442151,0.557849,0,1.0000
33,epistemic,4,0.546972,0.453028,0,1.0000
33,epistemic,5,0.545157,0.454843,0,1.0000
33,epistemic,6,0.579729,0.420271,0,1.0000
33,epistemic,7,0.576880,0.423120,0,0.4865
34,epistemic,0,0.204022,0.795978,0,1.0000
34,epistemic,1,0.231728,0.768272,0,1.0000
34,epistemic,2,0.391186,0.608814,0,1.0000
34,epistemic,3,0.437452,0.562548,0,1.0000
34,epistemic,4,0.525516,0.474484,0,1.0000
34,epistemic,5,0.525336,0.474664,0,1.0000
34,epistemic,6,0.566598,0.433402,0,1.0000
34,epistemic,7,0.570527,0.429473,0,0.4865
35,epistemic,0,0.252620,0.747380,0,1.0000
35,epistemic,1,0.298963,0.701037,0,1.0000
35,epistemic,2,0.394319,0.605681,0,1.0000
35,epistemic,3,0.417053,0.582947,0,1.0000
35,epistemic,4,0.523235,0.476765,0,1.0000
35,epistemic,5,0.523377,0.476623,0,1.0000
35,epistemic,6,0.550860,0.449140,0,1.0000
35,epistemic,7,0.553804,0.446196,0,0.4865
36,epistemic,0,0.217556,0.782444,0,1.0000
36,epistemic,1,0.263855,0.736145,0,1.0000
36,epistemic,2,0.388149,0.611851,0,1.0000
36,epistemic,3,0.448288,0.551712,0,1.0000
36,epistemic,4,0.567114,0.432886,0,1.0000
36,epistemic,5,0.566997,0.433003,0,1.0000
36,epistemic,6,0.583531,0.416469,0,1.0000
36,epistemic,7,0.587107,0.412893,0,0.4865
37,epistemic,0,0.232760,0.767240,0,1.0000
37,epistemic,1,0.277486,0.722514,0,1.0000
37,epistemic,2,0.444699,0.555301,0,1.0000
37,epistemic,3,0.482251,0.517749,0,1.0000
37,epistemic,4,0.565230,0.434770,0,1.0000
37,epistemic,5,0.565475,0.434525,0,1.0000
37,epistemic,6,0.605280,0.394720,0,1.0000
37,epistemic,7,0.602210,0.397790,0,0.4865
38,epistemic,0,0.215962,0.784038,0,1.0000
38,epistemic,1,0.282169,0.717831,0,1.0000
38,epistemic,2,0.390481,0.609519,0,1.0000
38,epistemic,3,0.435399,0.564601,0,1.0000
38,epistemic,4,0.490476,0.509524,0,1.0000
38,epistemic,5,0.490023,0.509977,0,1.0000
38,epistemic,6,0.536979,0.463021,0,1.0000
38,epistemic,7,0.541256,0.458744,0,0.4865
39,epistemic,0,0.211413,0.788587,0,1.0000
39,epistemic,1,0.296557,0.703443,0,1.0000
39,epistemic,2,0.437750,0.562250,0,1.0000
39,epistemic,3,0.492368,0.507632,0,1.0000
39,epistemic,4,0.569432,0.430568,0,1.0000
39,epistemic,5,0.568642,0.431358,0,1.0000
39,epistemic,6,0.623457,0.376543,0,1.0000
39,epistemic,7,0.625618,0.374382,0,0.4865
40,epistemic,0,0.202847,0.797153,0,1.0000
40,epistemic,1,0.282533,0.717467,0,1.0000
40,epistemic,2,0.441814,0.558186,0,1.0000
40,epistemic,3,0.514471,0.485529,0,1.0000
40,epistemic,4,0.593147,0.406853,0,1.0000
40,epistemic,5,0.592996,0.407004,0,1.0000
40,epistemic,6,0.604633,0.395367,0,1.0000
40,epistemic,7,0.607025,0.392975,0,0.4865
41,epistemic,0,0.334062,0.665938,0,1.0000
41,epistemic,1,0.375139,0.624861,0,1.0000
41,epistemic,2,0.506253,0.493747,0,1.0000
41,epistemic,3,0.564754,0.435246,0,1.0000
41,epistemic,4,0.631444,0.368556,0,1.0000
41,epistemic,5,0.624360,0.375640,0,1.0000
41,epistemic,6,0.644373,0.355627,0,1.0000
41,epistemic,7,0.646518,0.353482,0,0.4865
42,epistemic,0,0.213765,0.786235,0,1.0000
42,epistemic,1,0.266694,0.733306,0,1.0000
42,epistemic,2,0.454644,0.545356,0,1.0000
42,epistemic,3,0.498005,0.501995,0,1.0000
42,epistemic,4,0.573238,0.426762,0,1.0000
42,epistemic,5,0.573460,0.426540,0,1.0000
42,epistemic,6,0.601604,0.398396,0,1.0000
42,epistemic,7,0.599078,0.400922,0,0.4865
43,epistemic,0,0.219277,0.780723,0,1.0000
43,epistemic,1,0.295626,0.704374,0,1.0000
43,epistemic,2,0.459592,0.540408,0,1.0000
43,epistemic,3,0.505370,0.494630,0,1.0000
43,epistemic,4,0.577121,0.422879,0,1.0000
43,epistemic,5,0.576353,0.423647,0,1.0000
43,epistemic,6,0.613430,0.386570,0,1.0000
43,epistemic,7,0.615159,0.384841,0,0.4865
44,epistemic,0,0.206931,0.793069,0,1.0000
44,epistemic,1,0.278047,0.721953,0,1.0000
44,epistemic,2,0.459992,0.540008,0,1.0000
44,epistemic,3,0.507768,0.492232,0,1.0000
44,epistemic,4,0.564433,0.435567,0,1.0000
44,epistemic,5,0.564535,0.435465,0,1.0000
44,epistemic,6,0.588814,0.411186,0,1.0000
44,epistemic,7,0.585577,0.414423,0,0.4865
45,epistemic,0,0.182418,0.817582,0,1.0000
45,epistemic,1,0.242583,0.757417,0,1.0000
45,epistemic,2,0.393129,0.606871,0,1.0000
45,epistemic,3,0.449623,0.550377,0,1.0000
45,epistemic,4,0.511495,0.488505,0,1.0000
45,epistemic,5,0.511371,0.488629,0,1.0000
45,epistemic,6,0.514291,0.485709,0,1.0000
45,epistemic,7,0.516663,0.483337,0,0.4865
46,epistemic,0,0.198055,0.801945,0,1.0000
46,epistemic,1,0.276355,0.723645,0,1.0000
46,epistemic,2,0.475630,0.524370,0,1.0000
46,epistemic,3,0.541307,0.458693,0,1.0000
46,epistemic,4,0.620325,0.379675,0,1.0000
46,epistemic,5,0.620149,0.379851,0,1.0000
46,epistemic,6,0.651257,0.348743,0,1.0000
46,epistemic,7,0.647998,0.352002,0,0.4865
47,epistemic,0,0.251756,0.748244,0,1.0000
47,epistemic,1,0.328299,0.671701,0,1.0000
47,epistemic,2,0.475738,0.524262,0,1.0000
47,epistemic,3,0.520024,0.479976,0,1.0000
47,epistemic,4,0.622406,0.377594,0,1.0000
47,epistemic,5,0.620573,0.379427,0,1.0000
47,epistemic,6,0.631612,0.368388,0,1.0000
47,epistemic,7,0.634345,0.365655,0,0.4865
48,epistemic,0,0.272511,0.727489,0,1.0000
48,epistemic,1,0.329618,0.670382,0,1.0000
48,epistemic,2,0.479573,0.520427,0,1.0000
48,epistemic,3,0.543342,0.456658,0,1.0000
48,epistemic,4,0.624376,0.375624,0,1.0000
48,epistemic,5,0.624381,0.375619,0,1.0000
48,epistemic,6,0.655731,0.344269,0,1.0000
48,epistemic,7,0.658224,0.341776,0,0.4865
49,epistemic,0,0.300472,0.699528,0,1.0000
49,epistemic,1,0.360146,0.639854,0,1.0000
49,epistemic,2,0.489372,0.510628,0,1.0000
49,epistemic,3,0.548708,0.451292,0,1.0000
49,epistemic,4,0.656010,0.343990,0,1.0000
49,epistemic,5,0.656056,0.343944,0,1.0000
49,epistemic,6,0.689922,0.310078,0,1.0000
49,epistemic,7,0.692605,0.307395,0,0.4865
50,epistemic,0,0.236495,0.763505,0,1.0000
50,epistemic,1,0.250644,0.749356,0,1.0000
50,epistemic,2,0.374932,0.625068,0,1.0000
50,epistemic,3,0.395343,0.604657,0,1.0000
50,epistemic,4,0.468252,0.531748,0,1.0000
50,epistemic,5,0.468372,0.531628,0,1.0000
50,epistemic,6,0.470488,0.529512,0,1.0000
50,epistemic,7,0.472696,0.527304,0,0.4865
51,epistemic,0,0.218129,0.781871,0,1.0000
51,epistemic,1,0.310507,0.689493,0,1.0000
51,epistemic,2,0.379034,0.620966,0,1.0000
51,epistemic,3,0.432189,0.567811,0,1.0000
51,epistemic,4,0.535582,0.464418,0,1.0000
51,epistemic,5,0.533813,0.466187,0,1.0000
51,epistemic,6,0.541599,0.458401,0,1.0000
51,epistemic,7,0.544118,0.455882,0,0.4865
52,epistemic,0,0.298521,0.701479,0,1.0000
52,epistemic,1,0.307741,0.692259,0,1.0000
52,epistemic,2,0.440488,0.559512,0,1.0000
52,epistemic,3,0.506060,0.493940,0,1.0000
52,epistemic,4,0.534680,0.465320,0,1.0000
52,epistemic,5,0.534916,0.465084,0,1.0000
52,epistemic,6,0.565157,0.434843,0,1.0000
52,epistemic,7,0.564811,0.435189,0,0.4865
53,epistemic,0,0.212099,0.787901,0,1.0000
53,epistemic,1,0.270309,0.729691,0,1.0000
53,epistemic,2,0.465190,0.534810,0,1.0000
53,epistemic,3,0.496905,0.503095,0,1.0000
53,epistemic,4,0.616635,0.383365,0,1.0000
53,epistemic,5,0.616840,0.383160,0,1.0000
53,epistemic,6,0.657014,0.342986,0,1.0000
53,epistemic,7,0.659213,0.340787,0,0.4865
54,epistemic,0,0.225533,0.774467,0,1.0000
54,epistemic,1,0.307116,0.692884,0,1.0000
54,epistemic,2,0.460208,0.539792,0,1.0000
54,epistemic,3,0.509435,0.490565,0,1.0000
54,epistemic,4,0.574043,0.425957,0,1.0000
54,epistemic,5,0.573852,0.426148,0,1.0000
54,epistemic,6,0.594250,0.405750,0,1.0000
54,epistemic,7,0.585115,0.414885,0,0.4865
55,epistemic,0,0.287109,0.712891,0,1.0000
55,epistemic,1,0.335012,0.664988,0,1.0000
55,epistemic,2,0.483775,0.516225,0,1.0000
55,epistemic,3,0.547734,0.452266,0,1.0000
55,epistemic,4,0.645109,0.354891,0,1.0000
55,epistemic,5,0.645288,0.354712,0,1.0000
55,epistemic,6,0.657202,0.342798,0,1.0000
55,epistemic,7,0.656914,0.343086,0,0.4865
56,epistemic,0,0.244359,0.755641,0,1.0000
56,epistemic,1,0.317059,0.682941,0,1.0000
56,epistemic,2,0.425774,0.574226,0,1.0000
56,epistemic,3,0.473582,0.526418,0,1.0000
56,epistemic,4,0.592145,0.407855,0,1.0000
56,epistemic,5,0.592113,0.407887,0,1.0000
56,epistemic,6,0.605007,0.394993,0,1.0000
56,epistemic,7,0.608651,0.391349,0,0.4865
57,epistemic,0,0.225714,0.774286,0,1.0000
57,epistemic,1,0.268554,0.731446,0,1.0000
57,epistemic,2,0.438946,0.561054,0,1.0000
57,epistemic,3,0.481266,0.518734,0,1.0000
57,epistemic,4,0.552670,0.447330,0,1.0000
57,epistemic,5,0.552887,0.447113,0,1.0000
57,epistemic,6,0.569093,0.430907,0,1.0000
57,epistemic,7,0.565932,0.434068,0,0.4865
58,epistemic,0,0.259655,0.740345,0,1.0000
58,epistemic,1,0.312136,0.687864,0,1.0000
58,epistemic,2,0.409289,0.590711,0,1.0000
58,epistemic,3,0.468591,0.531409,0,1.0000
58,epistemic,4,0.563733,0.436267,0,1.0000
58,epistemic,5,0.563635,0.436365,0,1.0000
58,epistemic,6,0.600935,0.399065,0,1.0000
58,epistemic,7,0.603480,0.396520,0,0.4865
59,epistemic,0,0.116899,0.883101,0,1.0000
59,epistemic,1,0.202732,0.797268,0,1.0000
59,epistemic,2,0.300933,0.699067,0,1.0000
59,epistemic,3,0.369975,0.630025,0,1.0000
59,epistemic,4,0.495167,0.504833,0,1.0000
59,epistemic,5,0.490348,0.509652,0,1.0000
59,epistemic,6,0.553692,0.446308,0,1.0000
59,epistemic,7,0.557569,0.442431,0,0.4865
60,epistemic,0,0.290113,0.709887,0,1.0000
60,epistemic,1,0.362589,0.637411,0,1.0000
60,epistemic,2,0.440580,0.559420,0,1.0000
60,epistemic,3,0.442950,0.557050,0,1.0000
60,epistemic,4,0.529576,0.470424,0,1.0000
60,epistemic,5,0.529547,0.470453,0,1.0000
60,epistemic,6,0.584709,0.415291,0,1.0000
60,epistemic,7,0.586244,0.413756,0,0.4865
61,epistemic,0,0.291036,0.708964,0,1.0000
61,epistemic,1,0.355820,0.644180,0,1.0000
61,epistemic,2,0.494485,0.505515,0,1.0000
61,epistemic,3,0.532562,0.467438,0,1.0000
61,epistemic,4,0.598734,0.401266,0,1.0000
61,epistemic,5,0.598521,0.401479,0,1.0000
61,epistemic,6,0.604845,0.395155,0,1.0000
61,epistemic,7,0.606829,0.393171,0,0.4865
62,epistemic,0,0.283581,0.716419,0,1.0000
62,epistemic,1,0.314652,0.685348,0,1.0000
62,epistemic,2,0.459055,0.540945,0,1.0000
62,epistemic,3,0.527042,0.472958,0,1.0000
62,epistemic,4,0.620493,0.379507,0,1.0000
62,epistemic,5,0.620204,0.379796,0,1.0000
62,epistemic,6,0.640673,0.359327,0,1.0000
62,epistemic,7,0.644467,0.355533,0,0.4865
63,epistemic,0,0.300187,0.699813,0,1.0000
63,epistemic,1,0.360183,0.639817,0,1.0000
63,epistemic,2,0.519925,0.480075,0,1.0000
63,epistemic,3,0.566968,0.433032,0,1.0000
63,epistemic,4,0.629562,0.370438,0,1.0000
63,epistemic,5,0.628639,0.371361,0,1.0000
63,epistemic,6,0.665951,0.334049,0,1.0000
63,epistemic,7,0.666956,0.333044,0,0.4865
64,epistemic,0,0.024916,0.975084,0,1.0000
64,epistemic,1,0.123548,0.876452,0,1.0000
64,epistemic,2,0.264921,0.735079,0,1.0000
64,epistemic,3,0.337457,0.662543,0,1.0000
64,epistemic,4,0.436024,0.563976,0,1.0000
64,epistemic,5,0.436168,0.563832,0,1.0000
64,epistemic,6,0.460889,0.539111,0,1.0000
64,epistemic,7,0.461185,0.538815,0,0.4865
65,epistemic,0,0.271941,0.728059,0,1.0000
65,epistemic,1,0.340453,0.659547,0,1.0000
65,epistemic,2,0.504391,0.495609,0,1.0000
65,epistemic,3,0.528005,0.471995,0,1.0000
65,epistemic,4,0.603371,0.396629,0,1.0000
65,epistemic,5,0.601803,0.398197,0,1.0000
65,epistemic,6,0.642343,0.357657,0,1.0000
65,epistemic,7,0.640873,0.359127,0,0.4865
66,epistemic,0,0.269272,0.730728,0,1.0000
66,epistemic,1,0.312593,0.687407,0,1.0000
66,epistemic,2,0.508487,0.491513,0,1.0000
66,epistemic,3,0.529924,0.470076,0,1.0000
66,epistemic,4,0.606600,0.393400,0,1.0000
66,epistemic,5,0.606494,0.393506,0,1.0000
66,epistemic,6,0.637036,0.362964,0,1.0000
66,epistemic,7,0.639866,0.360134,0,0.4865
67,epistemic,0,0.309740,0.690260,0,1.0000
67,epistemic,1,0.359744,0.640256,0,1.0000
67,epistemic,2,0.488009,0.511991,0,1.0000
67,epistemic,3,0.522854,0.477146,0,1.0000
67,epistemic,4,0.609351,0.390649,0,1.0000
67,epistemic,5,0.609546,0.390454,0,1.0000
67,epistemic,6,0.631801,0.368199,0,1.0000
67,epistemic,7,0.635507,0.364493,0,0.4865
68,epistemic,0,0.228539,0.771461,0,1.0000
68,epistemic,1,0.301926,0.698074,0,1.0000
68,epistemic,2,0.442265,0.557735,0,1.0000
68,epistemic,3,0.505588,0.494412,0,1.0000
68,epistemic,4,0.588345,0.411655,0,1.0000
68,epistemic,5,0.588081,0.411919,0,1.0000
68,epistemic,6,0.614723,0.385277,0,1.0000
68,epistemic,7,0.616220,0.383780,0,0.4865
69,epistemic,0,0.216108,0.783892,0,1.0000
69,epistemic,1,0.298699,0.701301,0,1.0000
69,epistemic,2,0.472629,0.527371,0,1.0000
69,epistemic,3,0.527284,0.472716,0,1.0000
69,epistemic,4,0.577142,0.422858,0,1.0000
69,epistemic,5,0.577267,0.422733,0,1.0000
69,epistemic,6,0.591811,0.408189,0,1.0000
69,epistemic,7,0.589621,0.410379,0,0.4865
70,epistemic,0,0.171722,0.828278,0,1.0000
70,epistemic,1,0.267211,0.732789,0,1.0000
70,epistemic,2,0.399617,0.600383,0,1.0000
70,epistemic,3,0.425252,0.574748,0,1.0000
70,epistemic,4,0.530456,0.469544,0,1.0000
70,epistemic,5,0.524537,0.475463,0,1.0000
70,epistemic,6,0.579185,0.420815,0,1.0000
70,epistemic,7,0.569075,0.430925,0,0.4865
71,epistemic,0,0.211397,0.788603,0,1.0000
71,epistemic,1,0.246230,0.753770,0,1.0000
71,epistemic,2,0.448688,0.551312,0,1.0000
71,epistemic,3,0.481412,0.518588,0,1.0000
71,epistemic,4,0.582183,0.417817,0,1.0000
71,epistemic,5,0.580553,0.419447,0,1.0000
71,epistemic,6,0.611984,0.388016,0,1.0000
71,epistemic,7,0.610864,0.389136,0,0.4865
72,epistemic,0,0.188063,0.811937,0,1.0000
72,epistemic,1,0.256721,0.743279,0,1.0000
72,epistemic,2,0.386228,0.613772,0,1.0000
72,epistemic,3,0.424719,0.575281,0,1.0000
72,epistemic,4,0.532438,0.467562,0,1.0000
72,epistemic,5,0.531856,0.468144,0,1.0000
72,epistemic,6,0.593281,0.406719,0,1.0000
72,epistemic,7,0.596718,0.403282,0,0.4865
73,epistemic,0,0.245081,0.754919,0,1.0000
73,epistemic,1,0.309263,0.690737,0,1.0000
73,epistemic,2,0.483315,0.516685,0,1.0000
73,epistemic,3,0.523440,0.476560,0,1.0000
73,epistemic,4,0.581485,0.418515,0,1.0000
73,epistemic,5,0.581127,0.418873,0,1.0000
73,epistemic,6,0.613764,0.386236,0,1.0000
73,epistemic,7,0.614398,0.385602,0,0.4865
74,epistemic,0,0.268928,0.731072,0,1.0000
74,epistemic,1,0.360716,0.639284,0,1.0000
74,epistemic,2,0.441615,0.558385,0,1.0000
74,epistemic,3,0.507554,0.492446,0,1.0000
74,epistemic,4,0.575358,0.424642,0,1.0000
74,epistemic,5,0.575219,0.424781,0,1.0000
74,epistemic,6,0.594053,0.405947,0,1.0000
74,epistemic,7,0.597495,0.402505,0,0.4865
75,epistemic,0,0.209934,0.790066,0,1.0000
75,epistemic,1,0.267736,0.732264,0,1.0000
75,epistemic,2,0.457178,0.542822,0,1.0000
75,epistemic,3,0.491418,0.508582,0,1.0000
75,epistemic,4,0.558589,0.441411,0,1.0000
75,epistemic,5,0.555950,0.444050,0,1.0000
75,epistemic,6,0.600713,0.399287,0,1.0000
75,epistemic,7,0.601913,0.398087,0,0.4865
76,epistemic,0,0.226086,0.773914,0,1.0000
76,epistemic,1,0.319907,0.680093,0,1.0000
76,epistemic,2,0.449023,0.550977,0,1.0000
76,epistemic,3,0.513147,0.486853,0,1.0000
76,epistemic,4,0.599113,0.400887,0,1.0000
76,epistemic,5,0.599095,0.400905,0,1.0000
76,epistemic,6,0.614503,0.385497,0,1.0000
76,epistemic,7,0.618265,0.381735,0,0.4865
77,epistemic,0,0.321100,0.678900,0,1.0000
77,epistemic,1,0.385576,0.614424,0,1.0000
77,epistemic,2,0.458482,0.541518,0,1.0000
77,epistemic,3,0.515704,0.484296,0,1.0000
77,epistemic,4,0.635754,0.364246,0,1.0000
77,epistemic,5,0.635636,0.364364,0,1.0000
77,epistemic,6,0.650080,0.349920,0,1.0000
77,epistemic,7,0.650978,0.349022,0,0.4865
78,epistemic,0,0.295510,0.704490,0,1.0000
78,epistemic,1,0.314662,0.685338,0,1.0000
78,epistemic,2,0.473887,0.526113,0,1.0000
78,epistemic,3,0.495582,0.504418,0,1.0000
78,epistemic,4,0.593921,0.406079,0,1.0000
78,epistemic,5,0.594059,0.405941,0,1.0000
78,epistemic,6,0.616315,0.383685,0,1.0000
78,epistemic,7,0.616164,0.383836,0,0.4865
79,epistemic,0,0.227204,0.772796,0,1.0000
79,epistemic,1,0.294531,0.705469,0,1.0000
79,epistemic,2,0.449880,0.550120,0,1.0000
79,epistemic,3,0.514785,0.485215,0,1.0000
79,epistemic,4,0.597853,0.402147,0,1.0000
79,epistemic,5,0.597830,0.402170,0,1.0000
79,epistemic,6,0.628935,0.371065,0,1.0000
79,epistemic,7,0.628904,0.371096,0,0.4865
80,epistemic,0,0.201258,0.798742,0,1.0000
80,epistemic,1,0.259960,0.740040,0,1.0000
80,epistemic,2,0.397218,0.602782,0,1.0000
80,epistemic,3,0.440417,0.559583,0,1.0000
80,epistemic,4,0.542378,0.457622,0,1.0000
80,epistemic,5,0.542609,0.457391,0,1.0000
80,epistemic,6,0.551303,0.448697,0,1.0000
80,epistemic,7,0.549378,0.450622,0,0.4865
81,epistemic,0,0.272000,0.728000,0,1.0000
81,epistemic,1,0.311178,0.688822,0,1.0000
81,epistemic,2,0.430094,0.569906,0,1.0000
81,epistemic,3,0.487706,0.512294,0,1.0000
81,epistemic,4,0.588909,0.411091,0,1.0000
81,epistemic,5,0.588510,0.411490,0,1.0000
81,epistemic,6,0.593465,0.406535,0,1.0000
81,epistemic,7,0.592600,0.407400,0,0.4865
82,epistemic,0,0.220284,0.779716,0,1.0000
82,epistemic,1,0.316433,0.683567,0,1.0000
82,epistemic,2,0.452131,0.547869,0,1.0000
82,epistemic,3,0.511307,0.488693,0,1.0000
82,epistemic,4,0.570498,0.429502,0,1.0000
82,epistemic,5,0.568035,0.431965,0,1.0000
82,epistemic,6,0.605028,0.394972,0,1.0000
82,epistemic,7,0.597417,0.402583,0,0.4865
83,epistemic,0,0.175775,0.824225,0,1.0000
83,epistemic,1,0.211794,0.788206,0,1.0000
83,epistemic,2,0.407608,0.592392,0,1.0000
83,epistemic,3,0.434235,0.565765,0,1.0000
83,epistemic,4,0.545970,0.454030,0,1.0000
83,epistemic,5,0.543341,0.456659,0,1.0000
83,epistemic,6,0.605674,0.394326,0,1.0000
83,epistemic,7,0.604078,0.395922,0,0.4865
84,epistemic,0,0.200895,0.799105,0,1.0000
84,epistemic,1,0.246389,0.753611,0,1.0000
84,epistemic,2,0.425255,0.574745,0,1.0000
84,epistemic,3,0.484694,0.515306,0,1.0000
84,epistemic,4,0.562777,0.437223,0,1.0000
84,epistemic,5,0.563031,0.436969,0,1.0000
84,epistemic,6,0.590233,0.409767,0,1.0000
84,epistemic,7,0.592910,0.407090,0,0.4865
85,epistemic,0,0.235039,0.764961,0,1.0000
85,epistemic,1,0.300010,0.699990,0,1.0000
85,epistemic,2,0.442929,0.557071,0,1.0000
85,epistemic,3,0.491803,0.508197,0,1.0000
85,epistemic,4,0.586000,0.414000,0,1.0000
85,epistemic,5,0.586197,0.413803,0,1.0000
85,epistemic,6,0.601270,0.398730,0,1.0000
85,epistemic,7,0.604351,0.395649,0,0.4865
86,epistemic,0,0.247277,0.752723,0,1.0000
86,epistemic,1,0.274478,0.725522,0,1.0000
86,epistemic,2,0.336863,0.663137,0,1.0000
86,epistemic,3,0.398138,0.601862,0,1.0000
86,epistemic,4,0.521218,0.478782,0,1.0000
86,epistemic,5,0.521226,0.478774,0,1.0000
86,epistemic,6,0.555721,0.444279,0,1.0000
86,epistemic,7,0.558759,0.441241,0,0.4865
87,epistemic,0,0.226994,0.773006,0,1.0000
87,epistemic,1,0.271034,0.728966,0,1.0000
87,epistemic,2,0.454205,0.545795,0,1.0000
87,epistemic,3,0.512682,0.487318,0,1.0000
87,epistemic,4,0.576803,0.423197,0,1.0000
87,epistemic,5,0.576663,0.423337,0,1.0000
87,epistemic,6,0.573522,0.426478,0,1.0000
87,epistemic,7,0.573720,0.426280,0,0.4865
88,epistemic,0,0.200858,0.799142,0,1.0000
88,epistemic,1,0.229189,0.770811,0,1.0000
88,epistemic,2,0.333813,0.666187,0,1.0000
88,epistemic,3,0.401780,0.598220,0,1.0000
88,epistemic,4,0.498216,0.501784,0,1.0000
88,epistemic,5,0.498053,0.501947,0,1.0000
88,epistemic,6,0.546089,0.453911,0,1.0000
88,epistemic,7,0.550230,0.449770,0,0.4865
89,epistemic,0,0.218523,0.781477,0,1.0000
89,epistemic,1,0.301840,0.698160,0,1.0000
89,epistemic,2,0.477485,0.522515,0,1.0000
89,epistemic,3,0.513920,0.486080,0,1.0000
89,epistemic,4,0.584035,0.415965,0,1.0000
89,epistemic,5,0.583644,0.416356,0,1.0000
89,epistemic,6,0.608205,0.391795,0,1.0000
89,epistemic,7,0.604804,0.395196,0,0.4865
90,epistemic,0,0.229666,0.770334,0,1.0000
90,epistemic,1,0.290595,0.709405,0,1.0000
90,epistemic,2,0.414855,0.585145,0,1.0000
90,epistemic,3,0.482904,0.517096,0,1.0000
90,epistemic,4,0.536592,0.463408,0,1.0000
90,epistemic,5,0.535193,0.464807,0,1.0000
90,epistemic,6,0.565142,0.434858,0,1.0000
90,epistemic,7,0.568561,0.431439,0,0.4865
91,epistemic,0,0.267285,0.732715,0,1.0000
91,epistemic,1,0.339317,0.660683,0,1.0000
91,epistemic,2,0.442419,0.557581,0,1.0000
91,epistemic,3,0.476679,0.523321,0,1.0000
91,epistemic,4,0.596818,0.403182,0,1.0000
91,epistemic,5,0.596140,0.403860,0,1.0000
91,epistemic,6,0.627518,0.372482,0,1.0000
91,epistemic,7,0.629379,0.370621,0,0.4865
92,epistemic,0,0.255531,0.744469,0,1.0000
92,epistemic,1,0.339737,0.660263,0,1.0000
92,epistemic,2,0.422610,0.577390,0,1.0000
92,epistemic,3,0.475336,0.524664,0,1.0000
92,epistemic,4,0.593631,0.406369,0,1.0000
92,epistemic,5,0.593345,0.406655,0,1.0000
92,epistemic,6,0.620404,0.379596,0,1.0000
92,epistemic,7,0.623013,0.376987,0,0.4865
93,epistemic,0,0.087501,0.912499,0,1.0000
93,epistemic,1,0.175022,0.824978,0,1.0000
93,epistemic,2,0.395629,0.604371,0,1.0000
93,epistemic,3,0.463636,0.536364,0,1.0000
93,epistemic,4,0.550042,0.449958,0,1.0000
93,epistemic,5,0.550318,0.449682,0,1.0000
93,epistemic,6,0.591280,0.408720,0,1.0000
93,epistemic,7,0.589967,0.410033,0,0.4865
94,epistemic,0,0.268782,0.731218,0,1.0000
94,epistemic,1,0.333685,0.666315,0,1.0000
94,epistemic,2,0.454900,0.545100,0,1.0000
94,epistemic,3,0.468403,0.531597,0,1.0000
94,epistemic,4,0.525782,0.474218,0,1.0000
94,epistemic,5,0.525686,0.474314,0,1.0000
94,epistemic,6,0.557093,0.442907,0,1.0000
94,epistemic,7,0.556697,0.443303,0,0.4865
95,epistemic,0,0.223414,0.776586,0,1.0000
95,epistemic,1,0.291273,0.708727,0,1.0000
95,epistemic,2,0.464185,0.535815,0,1.0000
95,epistemic,3,0.531254,0.468746,0,1.0000
95,epistemic,4,0.596487,0.403513,0,1.0000
95,epistemic,5,0.593674,0.406326,0,1.0000
95,epistemic,6,0.628485,0.371515,0,1.0000
95,epistemic,7,0.623347,0.376653,0,0.4865
96,epistemic,0,0.174828,0.825172,0,1.0000
96,epistemic,1,0.226804,0.773196,0,1.0000
96,epistemic,2,0.455315,0.544685,0,1.0000
96,epistemic,3,0.528144,0.471856,0,1.0000
96,epistemic,4,0.589197,0.410803,0,1.0000
96,epistemic,5,0.586312,0.413688,0,1.0000
96,epistemic,6,0.643083,0.356917,0,1.0000
96,epistemic,7,0.644706,0.355294,0,0.4865
97,epistemic,0,0.199448,0.800552,0,1.0000
97,epistemic,1,0.292358,0.707642,0,1.0000
97,epistemic,2,0.453062,0.546938,0,1.0000
97,epistemic,3,0.521652,0.478348,0,1.0000
97,epistemic,4,0.552917,0.447083,0,1.0000
97,epistemic,5,0.553069,0.446931,0,1.0000
97,epistemic,6,0.573020,0.426980,0,1.0000
97,epistemic,7,0.576466,0.423534,0,0.4865
98,epistemic,0,0.209696,0.790304,0,1.0000
98,epistemic,1,0.307555,0.692445,0,1.0000
98,epistemic,2,0.465548,0.534452,0,1.0000
98,epistemic,3,0.505801,0.494199,0,1.0000
98,epistemic,4,0.616772,0.383228,0,1.0000
98,epistemic,5,0.617014,0.382986,0,1.0000
98,epistemic,6,0.630755,0.369245,0,1.0000
98,epistemic,7,0.622741,0.377259,0,0.4865
99,epistemic,0,0.256886,0.743114,0,1.0000
99,epistemic,1,0.315290,0.684710,0,1.0000
99,epistemic,2,0.414791,0.585209,0,1.0000
99,epistemic,3,0.476911,0.523089,0,1.0000
99,epistemic,4,0.547884,0.452116,0,1.0000
99,epistemic,5,0.547639,0.452361,0,1.0000
99,epistemic,6,0.568087,0.431913,0,1.0000
99,epistemic,7,0.571814,0.428186,0,0.4865
100,epistemic,0,0.274721,0.725279,0,1.0000
100,epistemic,1,0.322272,0.677728,0,1.0000
100,epistemic,2,0.490034,0.509966,0,1.0000
100,epistemic,3,0.508458,0.491542,0,1.0000
100,epistemic,4,0.539822,0.460178,0,1.0000
100,epistemic,5,0.539618,0.460382,0,1.0000
100,epistemic,6,0.574924,0.425076,0,1.0000
100,epistemic,7,0.575984,0.424016,0,0.4865
101,epistemic,0,0.221581,0.778419,0,1.0000
101,epistemic,1,0.309449,0.690551,0,1.0000
101,epistemic,2,0.425284,0.574716,0,1.0000
101,epistemic,3,0.472612,0.527388,0,1.0000
101,epistemic,4,0.582728,0.417272,0,1.0000
101,epistemic,5,0.581561,0.418439,0,1.0000
101,epistemic,6,0.600341,0.399659,0,1.0000
101,epistemic,7,0.603481,0.396519,0,0.4865
102,epistemic,0,0.333609,0.666391,0,1.0000
102,epistemic,1,0.387989,0.612011,0,1.0000
102,epistemic,2,0.523089,0.476911,0,1.0000
102,epistemic,3,0.564264,0.435736,0,1.0000
102,epistemic,4,0.640727,0.359273,0,1.0000
102,epistemic,5,0.639551,0.360449,0,1.0000
102,epistemic,6,0.662763,0.337237,0,1.0000
102,epistemic,7,0.665878,0.334122,0,0.4865
103,epistemic,0,0.258790,0.741210,0,1.0000
103,epistemic,1,0.308330,0.691670,0,1.0000
103,epistemic,2,0.420244,0.579756,0,1.0000
103,epistemic,3,0.430033,0.569967,0,1.0000
103,epistemic,4,0.548201,0.451799,0,1.0000
103,epistemic,5,0.548280,0.451720,0,1.0000
103,epistemic,6,0.577495,0.422505,0,1.0000
103,epistemic,7,0.580508,0.419492,0,0.4865
104,epistemic,0,0.275230,0.724770,0,1.0000
104,epistemic,1,0.345917,0.654083,0,1.0000
104,epistemic,2,0.522346,0.477654,0,1.0000
104,epistemic,3,0.554107,0.445893,0,1.0000
104,epistemic,4,0.604960,0.395040,0,1.0000
104,epistemic,5,0.604686,0.395314,0,1.0000
104,epistemic,6,0.646181,0.353819,0,1.0000
104,epistemic,7,0.649321,0.350679,0,0.4865
105,epistemic,0,0.193409,0.806591,0,1.0000
105,epistemic,1,0.269681,0.730319,0,1.0000
105,epistemic,2,0.389956,0.610044,0,1.0000
105,epistemic,3,0.463763,0.536237,0,1.0000
105,epistemic,4,0.585919,0.414081,0,1.0000
105,epistemic,5,0.585603,0.414397,0,1.0000
105,epistemic,6,0.609292,0.390708,0,1.0000
105,epistemic,7,0.612775,0.387225,0,0.4865
106,epistemic,0,0.263740,0.736260,0,1.0000
106,epistemic,1,0.320212,0.679788,0,1.0000
106,epistemic,2,0.417003,0.582997,0,1.0000
106,epistemic,3,0.497484,0.502516,0,1.0000
106,epistemic,4,0.536408,0.463592,0,1.0000
106,epistemic,5,0.532030,0.467970,0,1.0000
106,epistemic,6,0.563733,0.436267,0,1.0000
106,epistemic,7,0.566248,0.433752,0,0.4865
107,epistemic,0,0.257750,0.742250,0,1.0000
107,epistemic,1,0.324006,0.675994,0,1.0000
107,epistemic,2,0.479334,0.520666,0,1.0000
107,epistemic,3,0.527681,0.472319,0,1.0000
107,epistemic,4,0.578926,0.421074,0,1.0000
107,epistemic,5,0.579030,0.420970,0,1.0000
107,epistemic,6,0.642222,0.357778,0,1.0000
107,epistemic,7,0.641300,0.358700,0,0.4865
108,epistemic,0,0.163345,0.836655,0,1.0000
108,epistemic,1,0.256422,0.743578,0,1.0000
108,epistemic,2,0.462372,0.537628,0,1.0000
108,epistemic,3,0.515236,0.484764,0,1.0000
108,epistemic,4,0.594241,0.405759,0,1.0000
108,epistemic,5,0.594455,0.405545,0,1.0000
108,epistemic,6,0.631041,0.368959,0,1.0000
108,epistemic,7,0.633805,0.366195,0,0.4865
109,epistemic,0,0.117095,0.882905,0,1.0000
109,epistemic,1,0.230280,0.769720,0,1.0000
109,epistemic,2,0.413702,0.586298,0,1.0000
109,epistemic,3,0.470450,0.529550,0,1.0000
109,epistemic,4,0.566937,0.433063,0,1.0000
109,epistemic,5,0.566734,0.433266,0,1.0000
109,epistemic,6,0.604298,0.395702,0,1.0000
109,epistemic,7,0.593187,0.406813,0,0.4865
110,epistemic,0,0.171400,0.828600,0,1.0000
110,epistemic,1,0.238385,0.761615,0,1.0000
110,epistemic,2,0.395938,0.604062,0,1.0000
110,epistemic,3,0.427856,0.572144,0,1.0000
110,epistemic,4,0.543962,0.456038,0,1.0000
110,epistemic,5,0.542288,0.457712,0,1.0000
110,epistemic,6,0.583866,0.416134,0,1.0000
110,epistemic,7,0.580578,0.419422,0,0.4865
111,epistemic,0,0.262783,0.737217,0,1.0000
111,epistemic,1,0.299977,0.700023,0,1.0000
111,epistemic,2,0.405945,0.594055,0,1.0000
111,epistemic,3,0.428821,0.571179,0,1.0000
111,epistemic,4,0.556958,0.443042,0,1.0000
111,epistemic,5,0.556828,0.443172,0,1.0000
111,epistemic,6,0.587463,0.412537,0,1.0000
111,epistemic,7,0.590496,0.409504,0,0.4865
112,epistemic,0,0.142980,0.857020,0,1.0000
112,epistemic,1,0.206144,0.793856,0,1.0000
112,epistemic,2,0.405899,0.594101,0,1.0000
112,epistemic,3,0.454743,0.545257,0,1.0000
112,epistemic,4,0.529193,0.470807,0,1.0000
112,epistemic,5,0.527531,0.472469,0,1.0000
112,epistemic,6,0.563748,0.436252,0,1.0000
112,epistemic,7,0.567833,0.432167,0,0.4865
113,epistemic,0,0.293491,0.706509,0,1.0000
113,epistemic,1,0.293267,0.706733,0,1.0000
113,epistemic,2,0.420972,0.579028,0,1.0000
113,epistemic,3,0.486134,0.513866,0,1.0000
113,epistemic,4,0.572961,0.427039,0,1.0000
113,epistemic,5,0.573149,0.426851,0,1.0000
113,epistemic,6,0.620961,0.379039,0,1.0000
113,epistemic,7,0.624178,0.375822,0,0.4865
114,epistemic,0,0.268231,0.731769,0,1.0000
114,epistemic,1,0.322552,0.677448,0,1.0000
114,epistemic,2,0.457428,0.542572,0,1.0000
114,epistemic,3,0.493251,0.506749,0,1.0000
114,epistemic,4,0.585860,0.414140,0,1.0000
114,epistemic,5,0.585687,0.414313,0,1.0000
114,epistemic,6,0.632905,0.367095,0,1.0000
114,epistemic,7,0.635753,0.364247,0,0.4865
115,epistemic,0,0.257722,0.742278,0,1.0000
115,epistemic,1,0.328970,0.671030,0,1.0000
115,epistemic,2,0.440012,0.559988,0,1.0000
115,epistemic,3,0.503832,0.496168,0,1.0000
115,epistemic,4,0.611813,0.388187,0,1.0000
115,epistemic,5,0.612007,0.387993,0,1.0000
115,epistemic,6,0.639158,0.360842,0,1.0000
115,epistemic,7,0.635786,0.364214,0,0.4865
116,epistemic,0,0.296164,0.703836,0,1.0000
116,epistemic,1,0.366556,0.633444,0,1.0000
116,epistemic,2,0.464665,0.535335,0,1.0000
116,epistemic,3,0.487846,0.512154,0,1.0000
116,epistemic,4,0.584647,0.415353,0,1.0000
116,epistemic,5,0.584763,0.415237,0,1.0000
116,epistemic,6,0.627245,0.372755,0,1.0000
116,epistemic,7,0.629725,0.370275,0,0.4865
117,epistemic,0,0.195677,0.804323,0,1.0000
117,epistemic,1,0.267683,0.732317,0,1.0000
117,epistemic,2,0.436315,0.563685,0,1.0000
117,epistemic,3,0.512159,0.487841,0,1.0000
117,epistemic,4,0.570116,0.429884,0,1.0000
117,epistemic,5,0.570287,0.429713,0,1.0000
117,epistemic,6,0.587917,0.412083,0,1.0000
117,epistemic,7,0.588007,0.411993,0,0.4865
118,epistemic,0,0.256674,0.743326,0,1.0000
118,epistemic,1,0.302610,0.697390,0,1.0000
118,epistemic,2,0.400190,0.599810,0,1.0000
118,epistemic,3,0.428607,0.571393,0,1.0000
118,epistemic,4,0.515499,0.484501,0,1.0000
118,epistemic,5,0.512256,0.487744,0,1.0000
118,epistemic,6,0.542350,0.457650,0,1.0000
118,epistemic,7,0.542110,0.457890,0,0.4865
119,epistemic,0,0.215268,0.784732,0,1.0000
119,epistemic,1,0.264255,0.735745,0,1.0000
119,epistemic,2,0.425494,0.574506,0,1.0000
119,epistemic,3,0.492749,0.507251,0,1.0000
119,epistemic,4,0.601207,0.398793,0,1.0000
119,epistemic,5,0.600361,0.399639,0,1.0000
119,epistemic,6,0.635756,0.364244,0,1.0000
119,epistemic,7,0.635789,0.364211,0,0.4865
120,epistemic,0,0.212694,0.787306,0,1.0000
120,epistemic,1,0.291320,0.708680,0,1.0000
120,epistemic,2,0.452986,0.547014,0,1.0000
120,epistemic,3,0.497005,0.502995,0,1.0000
120,epistemic,4,0.595439,0.404561,0,1.0000
120,epistemic,5,0.595614,0.404386,0,1.0000
120,epistemic,6,0.601546,0.398454,0,1.0000
120,epistemic,7,0.598682,0.401318,0,0.4865
121,epistemic,0,0.153790,0.846210,0,1.0000
121,epistemic,1,0.205076,0.794924,0,1.0000
121,epistemic,2,0.310610,0.689390,0,1.0000
121,epistemic,3,0.381975,0.618025,0,1.0000
121,epistemic,4,0.488657,0.511343,0,1.0000
121,epistemic,5,0.488882,0.511118,0,1.0000
121,epistemic,6,0.534130,0.465870,0,1.0000
121,epistemic,7,0.536431,0.463569,0,0.4865
122,epistemic,0,0.217063,0.782937,0,1.0000
122,epistemic,1,0.271157,0.728843,0,1.0000
122,epistemic,2,0.466246,0.533754,0,1.0000
122,epistemic,3,0.511905,0.488095,0,1.0000
122,epistemic,4,0.559076,0.440924,0,1.0000
122,epistemic,5,0.558504,0.441496,0,1.0000
122,epistemic,6,0.558821,0.441179,0,1.0000
122,epistemic,7,0.555552,0.444448,0,0.4865
123,epistemic,0,0.256408,0.743592,0,1.0000
123,epistemic,1,0.275164,0.724836,0,1.0000
123,epistemic,2,0.479050,0.520950,0,1.0000
123,epistemic,3,0.518046,0.481954,0,1.0000
123,epistemic,4,0.591743,0.408257,0,1.0000
123,epistemic,5,0.591669,0.408331,0,1.0000
123,epistemic,6,0.627236,0.372764,0,1.0000
123,epistemic,7,0.624595,0.375405,0,0.4865
124,epistemic,0,0.179081,0.820919,0,1.0000
124,epistemic,1,0.292751,0.707249,0,1.0000
124,epistemic,2,0.347965,0.652035,0,1.0000
124,epistemic,3,0.383329,0.616671,0,1.0000
124,epistemic,4,0.465768,0.534232,0,1.0000
124,epistemic,5,0.465918,0.534082,0,1.0000
124,epistemic,6,0.498725,0.501275,0,1.0000
124,epistemic,7,0.499451,0.500549,0,0.4865
125,epistemic,0,0.256699,0.743301,0,1.0000
125,epistemic,1,0.321153,0.678847,0,1.0000
125,epistemic,2,0.455397,0.544603,0,1.0000
125,epistemic,3,0.542325,0.457675,0,1.0000
125,epistemic,4,0.604100,0.395900,0,1.0000
125,epistemic,5,0.603586,0.396414,0,1.0000
125,epistemic,6,0.611318,0.388682,0,1.0000
125,epistemic,7,0.614814,0.385186,0,0.4865
126,epistemic,0,0.281392,0.718608,0,1.0000
126,epistemic,1,0.351062,0.648938,0,1.0000
126,epistemic,2,0.476068,0.523932,0,1.0000
126,epistemic,3,0.486282,0.513718,0,1.0000
126,epistemic,4,0.540182,0.459818,0,1.0000
126,epistemic,5,0.540390,0.459610,0,1.0000
126,epistemic,6,0.591191,0.408809,0,1.0000
126,epistemic,7,0.584625,0.415375,0,0.4865
127,epistemic,0,0.270169,0.729831,0,1.0000
127,epistemic,1,0.327291,0.672709,0,1.0000
127,epistemic,2,0.420099,0.579901,0,1.0000
127,epistemic,3,0.480647,0.519353,0,1.0000
127,epistemic,4,0.534962,0.465038,0,1.0000
127,epistemic,5,0.534373,0.465627,0,1.0000
127,epistemic,6,0.558734,0.441266,0,1.0000
127,epistemic,7,0.562060,0.437940,0,0.4865
128,epistemic,0,0.163159,0.836841,0,1.0000
128,epistemic,1,0.169387,0.830613,0,1.0000
128,epistemic,2,0.354781,0.645219,0,1.0000
128,epistemic,3,0.409891,0.590109,0,1.0000
128,epistemic,4,0.527018,0.472982,0,1.0000
128,epistemic,5,0.525131,0.474869,0,1.0000
128,epistemic,6,0.555709,0.444291,0,1.0000
128,epistemic,7,0.551127,0.448873,0,0.4865
129,epistemic,0,0.191019,0.808981,0,1.0000
129,epistemic,1,0.249196,0.750804,0,1.0000
129,epistemic,2,0.445712,0.554288,0,1.0000
129,epistemic,3,0.490208,0.509792,0,1.0000
129,epistemic,4,0.595740,0.404260,0,1.0000
129,epistemic,5,0.594091,0.405909,0,1.0000
129,epistemic,6,0.616788,0.383212,0,1.0000
129,epistemic,7,0.617387,0.382613,0,0.4865
130,epistemic,0,0.169327,0.830673,0,1.0000
130,epistemic,1,0.254221,0.745779,0,1.0000
130,epistemic,2,0.430003,0.569997,0,1.0000
130,epistemic,3,0.485809,0.514191,0,1.0000
130,epistemic,4,0.571360,0.428640,0,1.0000
130,epistemic,5,0.570953,0.429047,0,1.0000
130,epistemic,6,0.588547,0.411453,0,1.0000
130,epistemic,7,0.590521,0.409479,0,0.4865
131,epistemic,0,0.179194,0.820806,0,1.0000
131,epistemic,1,0.259420,0.740580,0,1.0000
131,epistemic,2,0.418729,0.581271,0,1.0000
131,epistemic,3,0.476920,0.523080,0,1.0000
131,epistemic,4,0.558519,0.441481,0,1.0000
131,epistemic,5,0.558562,0.441438,0,1.0000
131,epistemic,6,0.571887,0.428113,0,1.0000
131,epistemic,7,0.573754,0.426246,0,0.4865
132,epistemic,0,0.287330,0.712670,0,1.0000
132,epistemic,1,0.307062,0.692938,0,1.0000
132,epistemic,2,0.445829,0.554171,0,1.0000
132,epistemic,3,0.507150,0.492850,0,1.0000
132,epistemic,4,0.551548,0.448452,0,1.0000
132,epistemic,5,0.550609,0.449391,0,1.0000
132,epistemic,6,0.563618,0.436382,0,1.0000
132,epistemic,7,0.566058,0.433942,0,0.4865
133,epistemic,0,0.127034,0.872966,0,1.0000
133,epistemic,1,0.179230,0.820770,0,1.0000
133,epistemic,2,0.324740,0.675260,0,1.0000
133,epistemic,3,0.392761,0.607239,0,1.0000
133,epistemic,4,0.483353,0.516647,0,1.0000
133,epistemic,5,0.481220,0.518780,0,1.0000
133,epistemic,6,0.525499,0.474501,0,1.0000
133,epistemic,7,0.525055,0.474945,0,0.4865
134,epistemic,0,0.213877,0.786123,0,1.0000
134,epistemic,1,0.280991,0.719009,0,1.0000
134,epistemic,2,0.489058,0.510942,0,1.0000
134,epistemic,3,0.551998,0.448002,0,1.0000
134,epistemic,4,0.603649,0.396351,0,1.0000
134,epistemic,5,0.603860,0.396140,0,1.0000
134,epistemic,6,0.611654,0.388346,0,1.0000
134,epistemic,7,0.610208,0.389792,0,0.4865
135,epistemic,0,0.222054,0.777946,0,1.0000
135,epistemic,1,0.294012,0.705988,0,1.0000
135,epistemic,2,0.417314,0.582686,0,1.0000
135,epistemic,3,0.485742,0.514258,0,1.0000
135,epistemic,4,0.610295,0.389705,0,1.0000
135,epistemic,5,0.609775,0.390225,0,1.0000
135,epistemic,6,0.646132,0.353868,0,1.0000
135,epistemic,7,0.648390,0.351610,0,0.4865
136,epistemic,0,0.227172,0.772828,0,1.0000
136,epistemic,1,0.291992,0.708008,0,1.0000
136,epistemic,2,0.444105,0.555895,0,1.0000
136,epistemic,3,0.465880,0.534120,0,1.0000
136,epistemic,4,0.572628,0.427372,0,1.0000
136,epistemic,5,0.569321,0.430679,0,1.0000
136,epistemic,6,0.609390,0.390610,0,1.0000
136,epistemic,7,0.607183,0.392817,0,0.4865
137,epistemic,0,0.246631,0.753369,0,1.0000
137,epistemic,1,0.265809,0.734191,0,1.0000
137,epistemic,2,0.406859,0.593141,0,1.0000
137,epistemic,3,0.480070,0.519930,0,1.0000
137,epistemic,4,0.530101,0.469899,0,1.0000
137,epistemic,5,0.530341,0.469659,0,1.0000
137,epistemic,6,0.563635,0.436365,0,1.0000
137,epistemic,7,0.559312,0.440688,0,0.4865
138,epistemic,0,0.211377,0.788623,0,1.0000
138,epistemic,1,0.254116,0.745884,0,1.0000
138,epistemic,2,0.444073,0.555927,0,1.0000
138,epistemic,3,0.477793,0.522207,0,1.0000
138,epistemic,4,0.531686,0.468314,0,1.0000
138,epistemic,5,0.531687,0.468313,0,1.0000
138,epistemic,6,0.561913,0.438087,0,1.0000
138,epistemic,7,0.566057,0.433943,0,0.4865
139,epistemic,0,0.243818,0.756182,0,1.0000
139,epistemic,1,0.314519,0.685481,0,1.0000
139,epistemic,2,0.418955,0.581045,0,1.0000
139,epistemic,3,0.461559,0.538441,0,1.0000
139,epistemic,4,0.587937,0.412063,0,1.0000
139,epistemic,5,0.585993,0.414007,0,1.0000
139,epistemic,6,0.605302,0.394698,0,1.0000
139,epistemic,7,0.606594,0.393406,0,0.4865
140,epistemic,0,0.264236,0.735764,0,1.0000
140,epistemic,1,0.358107,0.641893,0,1.0000
140,epistemic,2,0.454086,0.545914,0,1.0000
140,epistemic,3,0.502334,0.497666,0,1.0000
140,epistemic,4,0.589065,0.410935,0,1.0000
140,epistemic,5,0.586582,0.413418,0,1.0000
140,epistemic,6,0.632791,0.367209,0,1.0000
140,epistemic,7,0.628300,0.371700,0,0.4865
141,epistemic,0,0.264800,0.735200,0,1.0000
141,epistemic,1,0.323761,0.676239,0,1.0000
141,epistemic,2,0.470662,0.529338,0,1.0000
141,epistemic,3,0.516221,0.483779,0,1.0000
141,epistemic,4,0.585426,0.414574,0,1.0000
141,epistemic,5,0.585583,0.414417,0,1.0000
141,epistemic,6,0.625460,0.374540,0,1.0000
141,epistemic,7,0.623496,0.376504,0,0.4865
142,epistemic,0,0.252419,0.747581,0,1.0000
142,epistemic,1,0.269356,0.730644,0,1.0000
142,epistemic,2,0.444371,0.555629,0,1.0000
142,epistemic,3,0.476901,0.523099,0,1.0000
142,epistemic,4,0.575166,0.424834,0,1.0000
142,epistemic,5,0.575322,0.424678,0,1.0000
142,epistemic,6,0.595043,0.404957,0,1.0000
142,epistemic,7,0.593679,0.406321,0,0.4865
143,epistemic,0,0.310190,0.689810,0,1.0000
143,epistemic,1,0.378747,0.621253,0,1.0000
143,epistemic,2,0.536936,0.463064,0,1.0000
143,epistemic,3,0.561930,0.438070,0,1.0000
143,epistemic,4,0.654285,0.345715,0,1.0000
143,epistemic,5,0.654363,0.345637,0,1.0000
143,epistemic,6,0.699129,0.300871,0,1.0000
143,epistemic,7,0.697726,0.302274,0,0.4865
144,epistemic,0,0.237394,0.762606,0,1.0000
144,epistemic,1,0.339611,0.660389,0,1.0000
144,epistemic,2,0.493425,0.506575,0,1.0000
144,epistemic,3,0.559037,0.440963,0,1.0000
144,epistemic,4,0.577493,0.422507,0,1.0000
144,epistemic,5,0.577467,0.422533,0,1.0000
144,epistemic,6,0.584756,0.415244,0,1.0000
144,epistemic,7,0.588289,0.411711,0,0.4865
145,epistemic,0,0.183249,0.816751,0,1.0000
145,epistemic,1,0.277837,0.722163,0,1.0000
145,epistemic,2,0.449291,0.550709,0,1.0000
145,epistemic,3,0.500278,0.499722,0,1.0000
145,epistemic,4,0.612938,0.387062,0,1.0000
145,epistemic,5,0.612000,0.388000,0,1.0000
145,epistemic,6,0.640028,0.359972,0,1.0000
145,epistemic,7,0.640024,0.359976,0,0.4865
146,epistemic,0,0.194530,0.805470,0,1.0000
146,epistemic,1,0.240335,0.759665,0,1.0000
146,epistemic,2,0.424428,0.575572,0,1.0000
146,epistemic,3,0.482684,0.517316,0,1.0000
146,epistemic,4,0.605179,0.394821,0,1.0000
146,epistemic,5,0.605241,0.394759,0,1.0000
146,epistemic,6,0.645975,0.354025,0,1.0000
146,epistemic,7,0.647813,0.352187,0,0.4865
147,epistemic,0,0.330817,0.669183,0,1.0000
147,epistemic,1,0.377252,0.622748,0,1.0000
147,epistemic,2,0.481134,0.518866,0,1.0000
147,epistemic,3,0.474773,0.525227,0,1.0000
147,epistemic,4,0.576835,0.423165,0,1.0000
147,epistemic,5,0.576909,0.423091,0,1.0000
147,epistemic,6,0.600821,0.399179,0,1.0000
147,epistemic,7,0.599062,0.400938,0,0.4865
148,epistemic,0,0.228614,0.771386,0,1.0000
148,epistemic,1,0.259431,0.740569,0,1.0000
148,epistemic,2,0.462742,0.537258,0,1.0000
148,epistemic,3,0.505034,0.494966,0,1.0000
148,epistemic,4,0.571507,0.428493,0,1.0000
148,epistemic,5,0.571130,0.428870,0,1.0000
148,epistemic,6,0.586245,0.413755,0,1.0000
148,epistemic,7,0.589277,0.410723,0,0.4865
149,epistemic,0,0.176635,0.823365,0,1.0000
149,epistemic,1,0.201053,0.798947,0,1.0000
149,epistemic,2,0.365005,0.634995,0,1.0000
149,epistemic,3,0.430124,0.569876,0,1.0000
149,epistemic,4,0.504847,0.495153,0,1.0000
149,epistemic,5,0.505107,0.494893,0,1.0000
149,epistemic,6,0.538952,0.461048,0,1.0000
149,epistemic,7,0.540434,0.459566,0,0.4865
150,epistemic,0,0.282427,0.717573,0,1.0000
150,epistemic,1,0.330699,0.669301,0,1.0000
150,epistemic,2,0.415266,0.584734,0,1.0000
150,epistemic,3,0.448352,0.551648,0,1.0000
150,epistemic,4,0.514453,0.485547,0,1.0000
150,epistemic,5,0.514452,0.485548,0,1.0000
150,epistemic,6,0.567265,0.432735,0,1.0000
150,epistemic,7,0.559654,0.440346,0,0.4865
151,epistemic,0,0.243140,0.756860,0,1.0000
151,epistemic,1,0.328209,0.671791,0,1.0000
151,epistemic,2,0.456623,0.543377,0,1.0000
151,epistemic,3,0.515259,0.484741,0,1.0000
151,epistemic,4,0.613287,0.386713,0,1.0000
151,epistemic,5,0.613119,0.386881,0,1.0000
151,epistemic,6,0.651361,0.348639,0,1.0000
151,epistemic,7,0.653772,0.346228,0,0.4865
152,epistemic,0,0.270052,0.729948,0,1.0000
152,epistemic,1,0.304246,0.695754,0,1.0000
152,epistemic,2,0.439707,0.560293,0,1.0000
152,epistemic,3,0.466789,0.533211,0,1.0000
152,epistemic,4,0.572542,0.427458,0,1.0000
152,epistemic,5,0.566599,0.433401,0,1.0000
152,epistemic,6,0.605676,0.394324,0,1.0000
152,epistemic,7,0.609635,0.390365,0,0.4865
153,epistemic,0,0.232483,0.767517,0,1.0000
153,epistemic,1,0.253816,0.746184,0,1.0000
153,epistemic,2,0.438908,0.561092,0,1.0000
153,epistemic,3,0.500520,0.499480,0,1.0000
153,epistemic,4,0.604338,0.395662,0,1.0000
153,epistemic,5,0.600329,0.399671,0,1.0000
153,epistemic,6,0.624373,0.375627,0,1.0000
153,epistemic,7,0.626467,0.373533,0,0.4865
154,epistemic,0,0.218323,0.781677,0,1.0000
154,epistemic,1,0.271128,0.728872,0,1.0000
154,epistemic,2,0.424036,0.575964,0,1.0000
154,epistemic,3,0.485467,0.514533,0,1.0000
154,epistemic,4,0.599517,0.400483,0,1.0000
154,epistemic,5,0.596499,0.403501,0,1.0000
154,epistemic,6,0.632144,0.367856,0,1.0000
154,epistemic,7,0.634637,0.365363,0,0.4865
155,epistemic,0,0.251556,0.748444,0,1.0000
155,epistemic,1,0.327918,0.672082,0,1.0000
155,epistemic,2,0.494355,0.505645,0,1.0000
155,epistemic,3,0.528034,0.471966,0,1.0000
155,epistemic,4,0.593830,0.406170,0,1.0000
155,epistemic,5,0.592043,0.407957,0,1.0000
155,epistemic,6,0.624247,0.375753,0,1.0000
155,epistemic,7,0.625805,0.374195,0,0.4865
156,epistemic,0,0.214224,0.785776,0,1.0000
156,epistemic,1,0.265421,0.734579,0,1.0000
156,epistemic,2,0.429382,0.570618,0,1.0000
156,epistemic,3,0.461806,0.538194,0,1.0000
156,epistemic,4,0.533499,0.466501,0,1.0000
156,epistemic,5,0.533742,0.466258,0,1.0000
156,epistemic,6,0.576446,0.423554,0,1.0000
156,epistemic,7,0.574982,0.425018,0,0.4865
157,epistemic,0,0.238797,0.761203,0,1.0000
157,epistemic,1,0.278240,0.721760,0,1.0000
157,epistemic,2,0.465888,0.534112,0,1.0000
157,epistemic,3,0.529190,0.470810,0,1.0000
157,epistemic,4,0.609385,0.390615,0,1.0000
157,epistemic,5,0.606258,0.393742,0,1.0000
157,epistemic,6,0.635580,0.364420,0,1.0000
157,epistemic,7,0.638690,0.361310,0,0.4865
158,epistemic,0,0.254178,0.745822,0,1.0000
158,epistemic,1,0.332346,0.667654,0,1.0000
158,epistemic,2,0.457323,0.542677,0,1.0000
158,epistemic,3,0.489508,0.510492,0,1.0000
158,epistemic,4,0.567399,0.432601,0,1.0000
158,epistemic,5,0.564047,0.435953,0,1.0000
158,epistemic,6,0.603624,0.396376,0,1.0000
158,epistemic,7,0.601831,0.398169,0,0.4865
159,epistemic,0,0.245935,0.754065,0,1.0000
159,epistemic,1,0.314731,0.685269,0,1.0000
159,epistemic,2,0.442345,0.557655,0,1.0000
159,epistemic,3,0.495232,0.504768,0,1.0000
159,epistemic,4,0.585334,0.414666,0,1.0000
159,epistemic,5,0.584709,0.415291,0,1.0000
159,epistemic,6,0.618150,0.381850,0,1.0000
159,epistemic,7,0.616200,0.383800,0,0.4865
160,epistemic,0,0.184778,0.815222,0,1.0000
160,epistemic,1,0.262561,0.737439,0,1.0000
160,epistemic,2,0.460810,0.539190,0,1.0000
160,epistemic,3,0.474062,0.525938,0,1.0000
160,epistemic,4,0.581678,0.418322,0,1.0000
160,epistemic,5,0.581776,0.418224,0,1.0000
160,epistemic,6,0.609007,0.390993,0,1.0000
160,epistemic,7,0.610317,0.389683,0,0.4865
161,epistemic,0,0.251734,0.748266,0,1.0000
161,epistemic,1,0.351499,0.648501,0,1.0000
161,epistemic,2,0.434855,0.565145,0,1.0000
161,epistemic,3,0.487971,0.512029,0,1.0000
161,epistemic,4,0.528659,0.471341,0,1.0000
161,epistemic,5,0.527945,0.472055,0,1.0000
161,epistemic,6,0.595686,0.404314,0,1.0000
161,epistemic,7,0.596640,0.403360,0,0.4865
162,epistemic,0,0.258604,0.741396,0,1.0000
162,epistemic,1,0.359483,0.640517,0,1.0000
162,epistemic,2,0.522912,0.477088,0,1.0000
162,epistemic,3,0.554222,0.445778,0,1.0000
162,epistemic,4,0.607814,0.392186,0,1.0000
162,epistemic,5,0.604369,0.395631,0,1.0000
162,epistemic,6,0.639022,0.360978,0,1.0000
162,epistemic,7,0.639867,0.360133,0,0.4865
163,epistemic,0,0.138525,0.861475,0,1.0000
163,epistemic,1,0.222155,0.777845,0,1.0000
163,epistemic,2,0.367605,0.632395,0,1.0000
163,epistemic,3,0.412554,0.587446,0,1.0000
163,epistemic,4,0.514563,0.485437,0,1.0000
163,epistemic,5,0.514823,0.485177,0,1.0000
163,epistemic,6,0.556765,0.443235,0,1.0000
163,epistemic,7,0.559627,0.440373,0,0.4865
164,epistemic,0,0.232035,0.767965,0,1.0000
164,epistemic,1,0.281713,0.718287,0,1.0000
164,epistemic,2,0.415653,0.584347,0,1.0000
164,epistemic,3,0.496151,0.503849,0,1.0000
164,epistemic,4,0.583365,0.416635,0,1.0000
164,epistemic,5,0.581953,0.418047,0,1.0000
164,epistemic,6,0.583965,0.416035,0,1.0000
164,epistemic,7,0.587458,0.412542,0,0.4865
165,epistemic,0,0.184928,0.815072,0,1.0000
165,epistemic,1,0.263762,0.736238,0,1.0000
165,epistemic,2,0.438752,0.561248,0,1.0000
165,epistemic,3,0.474724,0.525276,0,1.0000
165,epistemic,4,0.566120,0.433880,0,1.0000
165,epistemic,5,0.565798,0.434202,0,1.0000
165,epistemic,6,0.593070,0.406930,0,1.0000
165,epistemic,7,0.596361,0.403639,0,0.4865
166,epistemic,0,0.169531,0.830469,0,1.0000
166,epistemic,1,0.214569,0.785431,0,1.0000
166,epistemic,2,0.400241,0.599759,0,1.0000
166,epistemic,3,0.489974,0.510026,0,1.0000
166,epistemic,4,0.559928,0.440072,0,1.0000
166,epistemic,5,0.559954,0.440046,0,1.0000
166,epistemic,6,0.555539,0.444461,0,1.0000
166,epistemic,7,0.556609,0.443391,0,0.4865
167,epistemic,0,0.273133,0.726867,0,1.0000
167,epistemic,1,0.312172,0.687828,0,1.0000
167,epistemic,2,0.459636,0.540364,0,1.0000
167,epistemic,3,0.516831,0.483169,0,1.0000
167,epistemic,4,0.618997,0.381003,0,1.0000
167,epistemic,5,0.617759,0.382241,0,1.0000
167,epistemic,6,0.647905,0.352095,0,1.0000
167,epistemic,7,0.649943,0.350057,0,0.4865
168,epistemic,0,0.226535,0.773465,0,1.0000
168,epistemic,1,0.291457,0.708543,0,1.0000
168,epistemic,2,0.446251,0.553749,0,1.0000
168,epistemic,3,0.497317,0.502683,0,1.0000
168,epistemic,4,0.576585,0.423415,0,1.0000
168,epistemic,5,0.574901,0.425099,0,1.0000
168,epistemic,6,0.588874,0.411126,0,1.0000
168,epistemic,7,0.583001,0.416999,0,0.4865
169,epistemic,0,0.225261,0.774739,0,1.0000
169,epistemic,1,0.288003,0.711997,0,1.0000
169,epistemic,2,0.457790,0.542210,0,1.0000
169,epistemic,3,0.500595,0.499405,0,1.0000
169,epistemic,4,0.589986,0.410014,0,1.0000
169,epistemic,5,0.588450,0.411550,0,1.0000
169,epistemic,6,0.627557,0.372443,0,1.0000
169,epistemic,7,0.629483,0.370517,0,0.4865
170,epistemic,0,0.284287,0.715713,0,1.0000
170,epistemic,1,0.298133,0.701867,0,1.0000
170,epistemic,2,0.406830,0.593170,0,1.0000
170,epistemic,3,0.457265,0.542735,0,1.0000
170,epistemic,4,0.553013,0.446987,0,1.0000
170,epistemic,5,0.552653,0.447347,0,1.0000
170,epistemic,6,0.592258,0.407742,0,1.0000
170,epistemic,7,0.594770,0.405230,0,0.4865
171,epistemic,0,0.216276,0.783724,0,1.0000
171,epistemic,1,0.264329,0.735671,0,1.0000
171,epistemic,2,0.425943,0.574057,0,1.0000
171,epistemic,3,0.465818,0.534182,0,1.0000
171,epistemic,4,0.560974,0.439026,0,1.0000
171,epistemic,5,0.559681,0.440319,0,1.0000
171,epistemic,6,0.592502,0.407498,0,1.0000
171,epistemic,7,0.595807,0.404193,0,0.4865
172,epistemic,0,0.295438,0.704562,0,1.0000
172,epistemic,1,0.350584,0.649416,0,1.0000
172,epistemic,2,0.456675,0.543325,0,1.0000
172,epistemic,3,0.506952,0.493048,0,1.0000
172,epistemic,4,0.595787,0.404213,0,1.0000
172,epistemic,5,0.595890,0.404110,0,1.0000
172,epistemic,6,0.599226,0.400774,0,1.0000
172,epistemic,7,0.591928,0.408072,0,0.4865
173,epistemic,0,0.304419,0.695581,0,1.0000
173,epistemic,1,0.347546,0.652454,0,1.0000
173,epistemic,2,0.476752,0.523248,0,1.0000
173,epistemic,3,0.486909,0.513091,0,1.0000
173,epistemic,4,0.569660,0.430340,0,1.0000
173,epistemic,5,0.569838,0.430162,0,1.0000
173,epistemic,6,0.622623,0.377377,0,1.0000
173,epistemic,7,0.616619,0.383381,0,0.4865
174,epistemic,0,0.188867,0.811133,0,1.0000
174,epistemic,1,0.253859,0.746141,0,1.0000
174,epistemic,2,0.424552,0.575448,0,1.0000
174,epistemic,3,0.474500,0.525500,0,1.0000
174,epistemic,4,0.550789,0.449211,0,1.0000
174,epistemic,5,0.542367,0.457633,0,1.0000
174,epistemic,6,0.559253,0.440747,0,1.0000
174,epistemic,7,0.562772,0.437228,0,0.4865
175,epistemic,0,0.276273,0.723727,0,1.0000
175,epistemic,1,0.357564,0.642436,0,1.0000
175,epistemic,2,0.469965,0.530035,0,1.0000
175,epistemic,3,0.521644,0.478356,0,1.0000
175,epistemic,4,0.584844,0.415156,0,1.0000
175,epistemic,5,0.584223,0.415777,0,1.0000
175,epistemic,6,0.615615,0.384385,0,1.0000
175,epistemic,7,0.605270,0.394730,0,0.4865
176,epistemic,0,0.133048,0.866952,0,1.0000
176,epistemic,1,0.221893,0.778107,0,1.0000
176,epistemic,2,0.366490,0.633510,0,1.0000
176,epistemic,3,0.455764,0.544236,0,1.0000
176,epistemic,4,0.543655,0.456345,0,1.0000
176,epistemic,5,0.542560,0.457440,0,1.0000
176,epistemic,6,0.563647,0.436353,0,1.0000
176,epistemic,7,0.566123,0.433877,0,0.4865
177,epistemic,0,0.245629,0.754371,0,1.0000
177,epistemic,1,0.301419,0.698581,0,1.0000
177,epistemic,2,0.461795,0.538205,0,1.0000
177,epistemic,3,0.487342,0.512658,0,1.0000
177,epistemic,4,0.570628,0.429372,0,1.0000
177,epistemic,5,0.567801,0.432199,0,1.0000
177,epistemic,6,0.616621,0.383379,0,1.0000
177,epistemic,7,0.614500,0.385500,0,0.4865
178,epistemic,0,0.225566,0.774434,0,1.0000
178,epistemic,1,0.300599,0.699401,0,1.0000
178,epistemic,2,0.467242,0.532758,0,1.0000
178,epistemic,3,0.515541,0.484459,0,1.0000
178,epistemic,4,0.635531,0.364469,0,1.0000
178,epistemic,5,0.635513,0.364487,0,1.0000
178,epistemic,6,0.641587,0.358413,0,1.0000
178,epistemic,7,0.640884,0.359116,0,0.4865
179,epistemic,0,0.283403,0.716597,0,1.0000
179,epistemic,1,0.365597,0.634403,0,1.0000
179,epistemic,2,0.485806,0.514194,0,1.0000
179,epistemic,3,0.528713,0.471287,0,1.0000
179,epistemic,4,0.600419,0.399581,0,1.0000
179,epistemic,5,0.599239,0.400761,0,1.0000
179,epistemic,6,0.620033,0.379967,0,1.0000
179,epistemic,7,0.622853,0.377147,0,0.4865
180,epistemic,0,0.202526,0.797474,0,1.0000
180,epistemic,1,0.264330,0.735670,0,1.0000
180,epistemic,2,0.443847,0.556153,0,1.0000
180,epistemic,3,0.475313,0.524687,0,1.0000
180,epistemic,4,0.572778,0.427222,0,1.0000
180,epistemic,5,0.572985,0.427015,0,1.0000
180,epistemic,6,0.607373,0.392627,0,1.0000
180,epistemic,7,0.610372,0.389628,0,0.4865
181,epistemic,0,0.312769,0.687231,0,1.0000
181,epistemic,1,0.380265,0.619735,0,1.0000
181,epistemic,2,0.513212,0.486788,0,1.0000
181,epistemic,3,0.556481,0.443519,0,1.0000
181,epistemic,4,0.626569,0.373431,0,1.0000
181,epistemic,5,0.626800,0.373200,0,1.0000
181,epistemic,6,0.668108,0.331892,0,1.0000
181,epistemic,7,0.669059,0.330941,0,0.4865
182,epistemic,0,0.227335,0.772665,0,1.0000
182,epistemic,1,0.279927,0.720073,0,1.0000
182,epistemic,2,0.438858,0.561142,0,1.0000
182,epistemic,3,0.477917,0.522083,0,1.0000
182,epistemic,4,0.577781,0.422219,0,1.0000
182,epistemic,5,0.576945,0.423055,0,1.0000
182,epistemic,6,0.619036,0.380964,0,1.0000
182,epistemic,7,0.621865,0.378135,0,0.4865
183,epistemic,0,0.157018,0.842982,0,1.0000
183,epistemic,1,0.201988,0.798012,0,1.0000
183,epistemic,2,0.383129,0.616871,0,1.0000
183,epistemic,3,0.432043,0.567957,0,1.0000
183,epistemic,4,0.546077,0.453923,0,1.0000
183,epistemic,5,0.545293,0.454707,0,1.0000
183,epistemic,6,0.576371,0.423629,0,1.0000
183,epistemic,7,0.580214,0.419786,0,0.4865
184,epistemic,0,0.285348,0.714652,0,1.0000
184,epistemic,1,0.268305,0.731695,0,1.0000
184,epistemic,2,0.451763,0.548237,0,1.0000
184,epistemic,3,0.499461,0.500539,0,1.0000
184,epistemic,4,0.619010,0.380990,0,1.0000
184,epistemic,5,0.618145,0.381855,0,1.0000
184,epistemic,6,0.632403,0.367597,0,1.0000
184,epistemic,7,0.628347,0.371653,0,0.4865
185,epistemic,0,0.244157,0.755843,0,1.0000
185,epistemic,1,0.300495,0.699505,0,1.0000
185,epistemic,2,0.432635,0.567365,0,1.0000
185,epistemic,3,0.481082,0.518918,0,1.0000
185,epistemic,4,0.560764,0.439236,0,1.0000
185,epistemic,5,0.559354,0.440646,0,1.0000
185,epistemic,6,0.600958,0.399042,0,1.0000
185,epistemic,7,0.602520,0.397480,0,0.4865
186,epistemic,0,0.220500,0.779500,0,1.0000
186,epistemic,1,0.316524,0.683476,0,1.0000
186,epistemic,2,0.481862,0.518138,0,1.0000
186,epistemic,3,0.551307,0.448693,0,1.0000
186,epistemic,4,0.590229,0.409771,0,1.0000
186,epistemic,5,0.585915,0.414085,0,1.0000
186,epistemic,6,0.611983,0.388017,0,1.0000
186,epistemic,7,0.600460,0.399540,0,0.4865
187,epistemic,0,0.242924,0.757076,0,1.0000
187,epistemic,1,0.302105,0.697895,0,1.0000
187,epistemic,2,0.434985,0.565015,0,1.0000
187,epistemic,3,0.429348,0.570652,0,1.0000
187,epistemic,4,0.500485,0.499515,0,1.0000
187,epistemic,5,0.500740,0.499260,0,1.0000
187,epistemic,6,0.564201,0.435799,0,1.0000
187,epistemic,7,0.564962,0.435038,0,0.4865
188,epistemic,0,0.155962,0.844038,0,1.0000
188,epistemic,1,0.221735,0.778265,0,1.0000
188,epistemic,2,0.410953,0.589047,0,1.0000
188,epistemic,3,0.458659,0.541341,0,1.0000
188,epistemic,4,0.529973,0.470027,0,1.0000
188,epistemic,5,0.530010,0.469990,0,1.0000
188,epistemic,6,0.570031,0.429969,0,1.0000
188,epistemic,7,0.572557,0.427443,0,0.4865
189,epistemic,0,0.299464,0.700536,0,1.0000
189,epistemic,1,0.356798,0.643202,0,1.0000
189,epistemic,2,0.460664,0.539336,0,1.0000
189,epistemic,3,0.520941,0.479059,0,1.0000
189,epistemic,4,0.610497,0.389503,0,1.0000
189,epistemic,5,0.608761,0.391239,0,1.0000
189,epistemic,6,0.634994,0.365006,0,1.0000
189,epistemic,7,0.633149,0.366851,0,0.4865
190,epistemic,0,0.284239,0.715761,0,1.0000
190,epistemic,1,0.340207,0.659793,0,1.0000
190,epistemic,2,0.461298,0.538702,0,1.0000
190,epistemic,3,0.473721,0.526279,0,1.0000
190,epistemic,4,0.567073,0.432927,0,1.0000
190,epistemic,5,0.566588,0.433412,0,1.0000
190,epistemic,6,0.614764,0.385236,0,1.0000
190,epistemic,7,0.618441,0.381559,0,0.4865
191,epistemic,0,0.221351,0.778649,0,1.0000
191,epistemic,1,0.269571,0.730429,0,1.0000
191,epistemic,2,0.412556,0.587444,0,1.0000
191,epistemic,3,0.465455,0.534545,0,1.0000
191,epistemic,4,0.570555,0.429445,0,1.0000
191,epistemic,5,0.570483,0.429517,0,1.0000
191,epistemic,6,0.615428,0.384572,0,1.0000
191,epistemic,7,0.614931,0.385069,0,0.4865
192,epistemic,0,0.262360,0.737640,0,1.0000
192,epistemic,1,0.352463,0.647537,0,1.0000
192,epistemic,2,0.454714,0.545286,0,1.0000
192,epistemic,3,0.518182,0.481818,0,1.0000
192,epistemic,4,0.595951,0.404049,0,1.0000
192,epistemic,5,0.596095,0.403905,0,1.0000
192,epistemic,6,0.645804,0.354196,0,1.0000
192,epistemic,7,0.642284,0.357716,0,0.4865
193,epistemic,0,0.215813,0.784187,0,1.0000
193,epistemic,1,0.251097,0.748903,0,1.0000
193,epistemic,2,0.415328,0.584672,0,1.0000
193,epistemic,3,0.481396,0.518604,0,1.0000
193,epistemic,4,0.598320,0.401680,0,1.0000
193,epistemic,5,0.598291,0.401709,0,1.0000
193,epistemic,6,0.622976,0.377024,0,1.0000
193,epistemic,7,0.626606,0.373394,0,0.4865
194,epistemic,0,0.293538,0.706462,0,1.0000
194,epistemic,1,0.332686,0.667314,0,1.0000
194,epistemic,2,0.463190,0.536810,0,1.0000
194,epistemic,3,0.514425,0.485575,0,1.0000
194,epistemic,4,0.616384,0.383616,0,1.0000
194,epistemic,5,0.616495,0.383505,0,1.0000
194,epistemic,6,0.654743,0.345257,0,1.0000
194,epistemic,7,0.655071,0.344929,0,0.4865
195,epistemic,0,0.260638,0.739362,0,1.0000
195,epistemic,1,0.283748,0.716252,0,1.0000
195,epistemic,2,0.434644,0.565356,0,1.0000
195,epistemic,3,0.441653,0.558347,0,1.0000
195,epistemic,4,0.564550,0.435450,0,1.0000
195,epistemic,5,0.564761,0.435239,0,1.0000
195,epistemic,6,0.598040,0.401960,0,1.0000
195,epistemic,7,0.596342,0.403658,0,0.4865
196,epistemic,0,0.224357,0.775643,0,1.0000
196,epistemic,1,0.300644,0.699356,0,1.0000
196,epistemic,2,0.445037,0.554963,0,1.0000
196,epistemic,3,0.471147,0.528853,0,1.0000
196,epistemic,4,0.567844,0.432156,0,1.0000
196,epistemic,5,0.567989,0.432011,0,1.0000
196,epistemic,6,0.609515,0.390485,0,1.0000
196,epistemic,7,0.611195,0.388805,0,0.4865
197,epistemic,0,0.294483,0.705517,0,1.0000
197,epistemic,1,0.359422,0.640578,0,1.0000
197,epistemic,2,0.500687,0.499313,0,1.0000
197,epistemic,3,0.508559,0.491441,0,1.0000
197,epistemic,4,0.596974,0.403026,0,1.0000
197,epistemic,5,0.597130,0.402870,0,1.0000
197,epistemic,6,0.600408,0.399592,0,1.0000
197,epistemic,7,0.596540,0.403460,0,0.4865
198,epistemic,0,0.233654,0.766346,0,1.0000
198,epistemic,1,0.279523,0.720477,0,1.0000
198,epistemic,2,0.449767,0.550233,0,1.0000
198,epistemic,3,0.517009,0.482991,0,1.0000
198,epistemic,4,0.596986,0.403014,0,1.0000
198,epistemic,5,0.595622,0.404378,0,1.0000
198,epistemic,6,0.610494,0.389506,0,1.0000
198,epistemic,7,0.611487,0.388513,0,0.4865
199,epistemic,0,0.271010,0.728990,0,1.0000
199,epistemic,1,0.334947,0.665053,0,1.0000
199,epistemic,2,0.467384,0.532616,0,1.0000
199,epistemic,3,0.479004,0.520996,0,1.0000
199,epistemic,4,0.578163,0.421837,0,1.0000
199,epistemic,5,0.577439,0.422561,0,1.0000
199,epistemic,6,0.622880,0.377120,0,1.0000
199,epistemic,7,0.625772,0.374228,0,0.4865
0,unconstrained_ppo,0,0.234280,0.765720,0,1.0000
0,unconstrained_ppo,1,0.340793,0.659207,0,1.0000
0,unconstrained_ppo,2,0.394985,0.605015,0,1.0000
0,unconstrained_ppo,3,0.398657,0.601343,0,1.0000
0,unconstrained_ppo,4,0.410968,0.589032,0,1.0000
0,unconstrained_ppo,5,0.411077,0.588923,0,1.0000
0,unconstrained_ppo,6,0.411026,0.588974,0,1.0000
0,unconstrained_ppo,7,0.620937,0.379063,0,1.0000
1,unconstrained_ppo,0,0.215392,0.784608,0,1.0000
1,unconstrained_ppo,1,0.338226,0.661774,0,1.0000
1,unconstrained_ppo,2,0.396541,0.603459,0,1.0000
1,unconstrained_ppo,3,0.430410,0.569590,0,1.0000
1,unconstrained_ppo,4,0.438140,0.561860,0,1.0000
1,unconstrained_ppo,5,0.436653,0.563347,0,1.0000
1,unconstrained_ppo,6,0.430610,0.569390,0,1.0000
1,unconstrained_ppo,7,0.615264,0.384736,0,1.0000
2,unconstrained_ppo,0,0.243987,0.756013,0,1.0000
2,unconstrained_ppo,1,0.275427,0.724573,0,1.0000
2,unconstrained_ppo,2,0.358677,0.641323,0,1.0000
2,unconstrained_ppo,3,0.423661,0.576339,0,1.0000
2,unconstrained_ppo,4,0.421350,0.578650,0,1.0000
2,unconstrained_ppo,5,0.422840,0.577160,0,1.0000
2,unconstrained_ppo,6,0.420767,0.579233,0,1.0000
2,unconstrained_ppo,7,0.574176,0.425824,0,1.0000
3,unconstrained_ppo,0,0.204088,0.795912,0,1.0000
3,unconstrained_ppo,1,0.307285,0.692715,0,1.0000
3,unconstrained_ppo,2,0.366948,0.633052,0,1.0000
3,unconstrained_ppo,3,0.408855,0.591145,0,1.0000
3,unconstrained_ppo,4,0.418636,0.581364,0,1.0000
3,unconstrained_ppo,5,0.420921,0.579079,0,1.0000
3,unconstrained_ppo,6,0.420922,0.579078,0,1.0000
3,unconstrained_ppo,7,0.583150,0.416850,0,1.0000
4,unconstrained_ppo,0,0.277602,0.722398,0,1.0000
4,unconstrained_ppo,1,0.405808,0.594192,0,1.0000
4,unconstrained_ppo,2,0.471186,0.528814,0,1.0000
4,unconstrained_ppo,3,0.484876,0.515124,0,1.0000
4,unconstrained_ppo,4,0.488806,0.511194,0,1.0000
4,unconstrained_ppo,5,0.490304,0.509696,0,1.0000
4,unconstrained_ppo,6,0.489635,0.510365,0,1.0000
4,unconstrained_ppo,7,0.668467,0.331533,0,1.0000
5,unconstrained_ppo,0,0.223976,0.776024,0,1.0000
5,unconstrained_ppo,1,0.270734,0.729266,0,1.0000
5,unconstrained_ppo,2,0.351774,0.648226,0,1.0000
5,unconstrained_ppo,3,0.394127,0.605873,0,1.0000
5,unconstrained_ppo,4,0.387950,0.612050,0,1.0000
5,unconstrained_ppo,5,0.390443,0.609557,0,1.0000
5,unconstrained_ppo,6,0.390192,0.609808,0,1.0000
5,unconstrained_ppo,7,0.579001,0.420999,0,1.0000
6,unconstrained_ppo,0,0.217512,0.782488,0,1.0000
6,unconstrained_ppo,1,0.301338,0.698662,0,1.0000
6,unconstrained_ppo,2,0.428113,0.571887,0,1.0000
6,unconstrained_ppo,3,0.478530,0.521470,0,1.0000
6,unconstrained_ppo,4,0.479254,0.520746,0,1.0000
6,unconstrained_ppo,5,0.481909,0.518091,0,1.0000
6,unconstrained_ppo,6,0.481473,0.518527,0,1.0000
6,unconstrained_ppo,7,0.609990,0.390010,0,1.0000
7,unconstrained_ppo,0,0.254023,0.745977,0,1.0000
7,unconstrained_ppo,1,0.370894,0.629106,0,1.0000
7,unconstrained_ppo,2,0.438581,0.561419,0,1.0000
7,unconstrained_ppo,3,0.465841,0.534159,0,1.0000
7,unconstrained_ppo,4,0.472240,0.527760,0,1.0000
7,unconstrained_ppo,5,0.473466,0.526534,0,1.0000
7,unconstrained_ppo,6,0.473002,0.526998,0,1.0000
7,unconstrained_ppo,7,0.640864,0.359136,0,1.0000
8,unconstrained_ppo,0,0.213640,0.786360,0,1.0000
8,unconstrained_ppo,1,0.295124,0.704876,0,1.0000
8,unconstrained_ppo,2,0.399203,0.600797,0,1.0000
8,unconstrained_ppo,3,0.416764,0.583236,0,1.0000
8,unconstrained_ppo,4,0.427820,0.572180,0,1.0000
8,unconstrained_ppo,5,0.429633,0.570367,0,1.0000
8,unconstrained_ppo,6,0.429258,0.570742,0,1.0000
8,unconstrained_ppo,7,0.591549,0.408451,0,1.0000
9,unconstrained_ppo,0,0.261150,0.738850,0,1.0000
9,unconstrained_ppo,1,0.313356,0.686644,0,1.0000
9,unconstrained_ppo,2,0.389147,0.610853,0,1.0000
9,unconstrained_ppo,3,0.408892,0.591108,0,1.0000
9,unconstrained_ppo,4,0.407289,0.592711,0,1.0000
9,unconstrained_ppo,5,0.409082,0.590918,0,1.0000
9,unconstrained_ppo,6,0.406636,0.593364,0,1.0000
9,unconstrained_ppo,7,0.560030,0.439970,0,1.0000
10,unconstrained_ppo,0,0.201354,0.798646,0,1.0000
10,unconstrained_ppo,1,0.283725,0.716275,0,1.0000
10,unconstrained_ppo,2,0.348005,0.651995,0,1.0000
10,unconstrained_ppo,3,0.366207,0.633793,0,1.0000
10,unconstrained_ppo,4,0.354270,0.645730,0,1.0000
10,unconstrained_ppo,5,0.356075,0.643925,0,1.0000
10,unconstrained_ppo,6,0.355825,0.644175,0,1.0000
10,unconstrained_ppo,7,0.516966,0.483034,0,1.0000
11,unconstrained_ppo,0,0.149502,0.850498,0,1.0000
11,unconstrained_ppo,1,0.258820,0.741180,0,1.0000
11,unconstrained_ppo,2,0.298957,0.701043,0,1.0000
11,unconstrained_ppo,3,0.369611,0.630389,0,1.0000
11,unconstrained_ppo,4,0.383159,0.616841,0,1.0000
11,unconstrained_ppo,5,0.380843,0.619157,0,1.0000
11,unconstrained_ppo,6,0.380784,0.619216,0,1.0000
11,unconstrained_ppo,7,0.563017,0.436983,0,1.0000
12,unconstrained_ppo,0,0.251689,0.748311,0,1.0000
12,unconstrained_ppo,1,0.301655,0.698345,0,1.0000
12,unconstrained_ppo,2,0.367606,0.632394,0,1.0000
12,unconstrained_ppo,3,0.383190,0.616810,0,1.0000
12,unconstrained_ppo,4,0.384955,0.615045,0,1.0000
12,unconstrained_ppo,5,0.387025,0.612975,0,1.0000
12,unconstrained_ppo,6,0.386626,0.613374,0,1.0000
12,unconstrained_ppo,7,0.527592,0.472408,0,1.0000
13,unconstrained_ppo,0,0.236755,0.763245,0,1.0000
13,unconstrained_ppo,1,0.321924,0.678076,0,1.0000
13,unconstrained_ppo,2,0.421008,0.578992,0,1.0000
13,unconstrained_ppo,3,0.462263,0.537737,0,1.0000
13,unconstrained_ppo,4,0.473393,0.526607,0,1.0000
13,unconstrained_ppo,5,0.475335,0.524665,0,1.0000
13,unconstrained_ppo,6,0.475343,0.524657,0,1.0000
13,unconstrained_ppo,7,0.646126,0.353874,0,1.0000
14,unconstrained_ppo,0,0.275081,0.724919,0,1.0000
14,unconstrained_ppo,1,0.375169,0.624831,0,1.0000
14,unconstrained_ppo,2,0.427182,0.572818,0,1.0000
14,unconstrained_ppo,3,0.480141,0.519859,0,1.0000
14,unconstrained_ppo,4,0.479640,0.520360,0,1.0000
14,unconstrained_ppo,5,0.481876,0.518124,0,1.0000
14,unconstrained_ppo,6,0.480867,0.519133,0,1.0000
14,unconstrained_ppo,7,0.606483,0.393517,0,1.0000
15,unconstrained_ppo,0,0.263371,0.736629,0,1.0000
15,unconstrained_ppo,1,0.393036,0.606964,0,1.0000
15,unconstrained_ppo,2,0.439194,0.560806,0,1.0000
15,unconstrained_ppo,3,0.497451,0.502549,0,1.0000
15,unconstrained_ppo,4,0.498454,0.501546,0,1.0000
15,unconstrained_ppo,5,0.500533,0.499467,0,1.0000
15,unconstrained_ppo,6,0.500241,0.499759,0,1.0000
15,unconstrained_ppo,7,0.637500,0.362500,0,1.0000
16,unconstrained_ppo,0,0.224289,0.775711,0,1.0000
16,unconstrained_ppo,1,0.315635,0.684365,0,1.0000
16,unconstrained_ppo,2,0.374986,0.625014,0,1.0000
16,unconstrained_ppo,3,0.394643,0.605357,0,1.0000
16,unconstrained_ppo,4,0.392206,0.607794,0,1.0000
16,unconstrained_ppo,5,0.393244,0.606756,0,1.0000
16,unconstrained_ppo,6,0.393137,0.606863,0,1.0000
16,unconstrained_ppo,7,0.600838,0.399162,0,1.0000
17,unconstrained_ppo,0,0.243535,0.756465,0,1.0000
17,unconstrained_ppo,1,0.298979,0.701021,0,1.0000
17,unconstrained_ppo,2,0.393899,0.606101,0,1.0000
17,unconstrained_ppo,3,0.446244,0.553756,0,1.0000
17,unconstrained_ppo,4,0.440889,0.559111,0,1.0000
17,unconstrained_ppo,5,0.442862,0.557138,0,1.0000
17,unconstrained_ppo,6,0.438731,0.561269,0,1.0000
17,unconstrained_ppo,7,0.591984,0.408016,0,1.0000
18,unconstrained_ppo,0,0.230461,0.769539,0,1.0000
18,unconstrained_ppo,1,0.331041,0.668959,0,1.0000
18,unconstrained_ppo,2,0.414570,0.585430,0,1.0000
18,unconstrained_ppo,3,0.465098,0.534902,0,1.0000
18,unconstrained_ppo,4,0.468965,0.531035,0,1.0000
18,unconstrained_ppo,5,0.468950,0.531050,0,1.0000
18,unconstrained_ppo,6,0.468657,0.531343,0,1.0000
18,unconstrained_ppo,7,0.621845,0.378155,0,1.0000
19,unconstrained_ppo,0,0.333147,0.666853,0,1.0000
19,unconstrained_ppo,1,0.466726,0.533274,0,1.0000
19,unconstrained_ppo,2,0.498286,0.501714,0,1.0000
19,unconstrained_ppo,3,0.531874,0.468126,0,1.0000
19,unconstrained_ppo,4,0.544317,0.455683,0,1.0000
19,unconstrained_ppo,5,0.545856,0.454144,0,1.0000
19,unconstrained_ppo,6,0.544206,0.455794,0,1.0000
19,unconstrained_ppo,7,0.634431,0.365569,0,1.0000
20,unconstrained_ppo,0,0.251640,0.748360,0,1.0000
20,unconstrained_ppo,1,0.340322,0.659678,0,1.0000
20,unconstrained_ppo,2,0.383759,0.616241,0,1.0000
20,unconstrained_ppo,3,0.436303,0.563697,0,1.0000
20,unconstrained_ppo,4,0.442798,0.557202,0,1.0000
20,unconstrained_ppo,5,0.443077,0.556923,0,1.0000
20,unconstrained_ppo,6,0.442906,0.557094,0,1.0000
20,unconstrained_ppo,7,0.600766,0.399234,0,1.0000
21,unconstrained_ppo,0,0.277703,0.722297,0,1.0000
21,unconstrained_ppo,1,0.385516,0.614484,0,1.0000
21,unconstrained_ppo,2,0.458442,0.541558,0,1.0000
21,unconstrained_ppo,3,0.472816,0.527184,0,1.0000
21,unconstrained_ppo,4,0.481130,0.518870,0,1.0000
21,unconstrained_ppo,5,0.478314,0.521686,0,1.0000
21,unconstrained_ppo,6,0.475164,0.524836,0,1.0000
21,unconstrained_ppo,7,0.640928,0.359072,0,1.0000
22,unconstrained_ppo,0,0.061499,0.938501,0,1.0000
22,unconstrained_ppo,1,0.134053,0.865947,0,1.0000
22,unconstrained_ppo,2,0.252637,0.747363,0,1.0000
22,unconstrained_ppo,3,0.311629,0.688371,0,1.0000
22,unconstrained_ppo,4,0.312423,0.687577,0,1.0000
22,unconstrained_ppo,5,0.314971,0.685029,0,1.0000
22,unconstrained_ppo,6,0.314909,0.685091,0,1.0000
22,unconstrained_ppo,7,0.494962,0.505038,0,1.0000
23,unconstrained_ppo,0,0.291321,0.708679,0,1.0000
23,unconstrained_ppo,1,0.331174,0.668826,0,1.0000
23,unconstrained_ppo,2,0.417377,0.582623,0,1.0000
23,unconstrained_ppo,3,0.466720,0.533280,0,1.0000
23,unconstrained_ppo,4,0.472790,0.527210,0,1.0000
23,unconstrained_ppo,5,0.472876,0.527124,0,1.0000
23,unconstrained_ppo,6,0.472875,0.527125,0,1.0000
23,unconstrained_ppo,7,0.619149,0.380851,0,1.0000
24,unconstrained_ppo,0,0.317440,0.682560,0,1.0000
24,unconstrained_ppo,1,0.368934,0.631066,0,1.0000
24,unconstrained_ppo,2,0.399454,0.600546,0,1.0000
24,unconstrained_ppo,3,0.437035,0.562965,0,1.0000
24,unconstrained_ppo,4,0.447942,0.552058,0,1.0000
24,unconstrained_ppo,5,0.442006,0.557994,0,1.0000
24,unconstrained_ppo,6,0.441761,0.558239,0,1.0000
24,unconstrained_ppo,7,0.576049,0.423951,0,1.0000
25,unconstrained_ppo,0,0.271459,0.728541,0,1.0000
25,unconstrained_ppo,1,0.398585,0.601415,0,1.0000
25,unconstrained_ppo,2,0.422099,0.577901,0,1.0000
25,unconstrained_ppo,3,0.459912,0.540088,0,1.0000
25,unconstrained_ppo,4,0.461329,0.538671,0,1.0000
25,unconstrained_ppo,5,0.462909,0.537091,0,1.0000
25,unconstrained_ppo,6,0.462864,0.537136,0,1.0000
25,unconstrained_ppo,7,0.539897,0.460103,0,1.0000
26,unconstrained_ppo,0,0.269042,0.730958,0,1.0000
26,unconstrained_ppo,1,0.342076,0.657924,0,1.0000
26,unconstrained_ppo,2,0.438453,0.561547,0,1.0000
26,unconstrained_ppo,3,0.482493,0.517507,0,1.0000
26,unconstrained_ppo,4,0.475828,0.524172,0,1.0000
26,unconstrained_ppo,5,0.478024,0.521976,0,1.0000
26,unconstrained_ppo,6,0.477685,0.522315,0,1.0000
26,unconstrained_ppo,7,0.639974,0.360026,0,1.0000
27,unconstrained_ppo,0,0.256055,0.743945,0,1.0000
27,unconstrained_ppo,1,0.308929,0.691071,0,1.0000
27,unconstrained_ppo,2,0.377315,0.622685,0,1.0000
27,unconstrained_ppo,3,0.434316,0.565684,0,1.0000
27,unconstrained_ppo,4,0.440048,0.559952,0,1.0000
27,unconstrained_ppo,5,0.442306,0.557694,0,1.0000
27,unconstrained_ppo,6,0.439521,0.560479,0,1.0000
27,unconstrained_ppo,7,0.594028,0.405972,0,1.0000
28,unconstrained_ppo,0,0.283494,0.716506,0,1.0000
28,unconstrained_ppo,1,0.352193,0.647807,0,1.0000
28,unconstrained_ppo,2,0.359571,0.640429,0,1.0000
28,unconstrained_ppo,3,0.393520,0.606480,0,1.0000
28,unconstrained_ppo,4,0.403919,0.596081,0,1.0000
28,unconstrained_ppo,5,0.405853,0.594147,0,1.0000
28,unconstrained_ppo,6,0.404017,0.595983,0,1.0000
28,unconstrained_ppo,7,0.558685,0.441315,0,1.0000
29,unconstrained_ppo,0,0.215370,0.784630,0,1.0000
29,unconstrained_ppo,1,0.218115,0.781885,0,1.0000
29,unconstrained_ppo,2,0.308918,0.691082,0,1.0000
29,unconstrained_ppo,3,0.335047,0.664953,0,1.0000
29,unconstrained_ppo,4,0.349274,0.650726,0,1.0000
29,unconstrained_ppo,5,0.350993,0.649007,0,1.0000
29,unconstrained_ppo,6,0.345595,0.654405,0,1.0000
29,unconstrained_ppo,7,0.511362,0.488638,0,1.0000
30,unconstrained_ppo,0,0.221128,0.778872,0,1.0000
30,unconstrained_ppo,1,0.349738,0.650262,0,1.0000
30,unconstrained_ppo,2,0.428098,0.571902,0,1.0000
30,unconstrained_ppo,3,0.474071,0.525929,0,1.0000
30,unconstrained_ppo,4,0.477597,0.522403,0,1.0000
30,unconstrained_ppo,5,0.479271,0.520729,0,1.0000
30,unconstrained_ppo,6,0.479170,0.520830,0,1.0000
30,unconstrained_ppo,7,0.675318,0.324682,0,1.0000
31,unconstrained_ppo,0,0.195674,0.804326,0,1.0000
31,unconstrained_ppo,1,0.236727,0.763273,0,1.0000
31,unconstrained_ppo,2,0.331022,0.668978,0,1.0000
31,unconstrained_ppo,3,0.372161,0.627839,0,1.0000
31,unconstrained_ppo,4,0.374947,0.625053,0,1.0000
31,unconstrained_ppo,5,0.377306,0.622694,0,1.0000
31,unconstrained_ppo,6,0.377197,0.622803,0,1.0000
31,unconstrained_ppo,7,0.573513,0.426487,0,1.0000
32,unconstrained_ppo,0,0.118974,0.881026,0,1.0000
32,unconstrained_ppo,1,0.210237,0.789763,0,1.0000
32,unconstrained_ppo,2,0.283279,0.716721,0,1.0000
32,unconstrained_ppo,3,0.333811,0.666189,0,1.0000
32,unconstrained_ppo,4,0.337102,0.662898,0,1.0000
32,unconstrained_ppo,5,0.319934,0.680066,0,1.0000
32,unconstrained_ppo,6,0.318100,0.681900,0,1.0000
32,unconstrained_ppo,7,0.505223,0.494777,0,1.0000
33,unconstrained_ppo,0,0.233122,0.766878,0,1.0000
33,unconstrained_ppo,1,0.372678,0.627322,0,1.0000
33,unconstrained_ppo,2,0.453288,0.546712,0,1.0000
33,unconstrained_ppo,3,0.477983,0.522017,0,1.0000
33,unconstrained_ppo,4,0.486779,0.513221,0,1.0000
33,unconstrained_ppo,5,0.487603,0.512397,0,1.0000
33,unconstrained_ppo,6,0.486999,0.513001,0,1.0000
33,unconstrained_ppo,7,0.576880,0.423120,0,1.0000
34,unconstrained_ppo,0,0.204022,0.795978,0,1.0000
34,unconstrained_ppo,1,0.296767,0.703233,0,1.0000
34,unconstrained_ppo,2,0.354462,0.645538,0,1.0000
34,unconstrained_ppo,3,0.361322,0.638678,0,1.0000
34,unconstrained_ppo,4,0.359084,0.640916,0,1.0000
34,unconstrained_ppo,5,0.357371,0.642629,0,1.0000
34,unconstrained_ppo,6,0.355950,0.644050,0,1.0000
34,unconstrained_ppo,7,0.570527,0.429473,0,1.0000
35,unconstrained_ppo,0,0.252620,0.747380,0,1.0000
35,unconstrained_ppo,1,0.383960,0.616040,0,1.0000
35,unconstrained_ppo,2,0.445188,0.554812,0,1.0000
35,unconstrained_ppo,3,0.472071,0.527929,0,1.0000
35,unconstrained_ppo,4,0.455307,0.544693,0,1.0000
35,unconstrained_ppo,5,0.454567,0.545433,0,1.0000
35,unconstrained_ppo,6,0.454540,0.545460,0,1.0000
35,unconstrained_ppo,7,0.553804,0.446196,0,1.0000
36,unconstrained_ppo,0,0.217556,0.782444,0,1.0000
36,unconstrained_ppo,1,0.336977,0.663023,0,1.0000
36,unconstrained_ppo,2,0.403780,0.596220,0,1.0000
36,unconstrained_ppo,3,0.446887,0.553113,0,1.0000
36,unconstrained_ppo,4,0.452880,0.547120,0,1.0000
36,unconstrained_ppo,5,0.454571,0.545429,0,1.0000
36,unconstrained_ppo,6,0.454119,0.545881,0,1.0000
36,unconstrained_ppo,7,0.587107,0.412893,0,1.0000
37,unconstrained_ppo,0,0.232760,0.767240,0,1.0000
37,unconstrained_ppo,1,0.337287,0.662713,0,1.0000
37,unconstrained_ppo,2,0.435641,0.564359,0,1.0000
37,unconstrained_ppo,3,0.438446,0.561554,0,1.0000
37,unconstrained_ppo,4,0.439368,0.560632,0,1.0000
37,unconstrained_ppo,5,0.439369,0.560631,0,1.0000
37,unconstrained_ppo,6,0.439176,0.560824,0,1.0000
37,unconstrained_ppo,7,0.602210,0.397790,0,1.0000
38,unconstrained_ppo,0,0.215962,0.784038,0,1.0000
38,unconstrained_ppo,1,0.255515,0.744485,0,1.0000
38,unconstrained_ppo,2,0.347353,0.652647,0,1.0000
38,unconstrained_ppo,3,0.384291,0.615709,0,1.0000
38,unconstrained_ppo,4,0.392548,0.607452,0,1.0000
38,unconstrained_ppo,5,0.391240,0.608760,0,1.0000
38,unconstrained_ppo,6,0.389402,0.610598,0,1.0000
38,unconstrained_ppo,7,0.541256,0.458744,0,1.0000
39,unconstrained_ppo,0,0.211413,0.788587,0,1.0000
39,unconstrained_ppo,1,0.285913,0.714087,0,1.0000
39,unconstrained_ppo,2,0.415124,0.584876,0,1.0000
39,unconstrained_ppo,3,0.456470,0.543530,0,1.0000
39,unconstrained_ppo,4,0.451814,0.548186,0,1.0000
39,unconstrained_ppo,5,0.451024,0.548976,0,1.0000
39,unconstrained_ppo,6,0.450652,0.549348,0,1.0000
39,unconstrained_ppo,7,0.625618,0.374382,0,1.0000
40,unconstrained_ppo,0,0.202847,0.797153,0,1.0000
40,unconstrained_ppo,1,0.255168,0.744832,0,1.0000
40,unconstrained_ppo,2,0.355087,0.644913,0,1.0000
40,unconstrained_ppo,3,0.413520,0.586480,0,1.0000
40,unconstrained_ppo,4,0.425665,0.574335,0,1.0000
40,unconstrained_ppo,5,0.420988,0.579012,0,1.0000
40,unconstrained_ppo,6,0.420595,0.579405,0,1.0000
40,unconstrained_ppo,7,0.607025,0.392975,0,1.0000
41,unconstrained_ppo,0,0.334062,0.665938,0,1.0000
41,unconstrained_ppo,1,0.420762,0.579238,0,1.0000
41,unconstrained_ppo,2,0.481523,0.518477,0,1.0000
41,unconstrained_ppo,3,0.510764,0.489236,0,1.0000
41,unconstrained_ppo,4,0.521001,0.478999,0,1.0000
41,unconstrained_ppo,5,0.505628,0.494372,0,1.0000
41,unconstrained_ppo,6,0.504259,0.495741,0,1.0000
41,unconstrained_ppo,7,0.646518,0.353482,0,1.0000
42,unconstrained_ppo,0,0.213765,0.786235,0,1.0000
42,unconstrained_ppo,1,0.275262,0.724738,0,1.0000
42,unconstrained_ppo,2,0.356410,0.643590,0,1.0000
42,unconstrained_ppo,3,0.382124,0.617876,0,1.0000
42,unconstrained_ppo,4,0.387234,0.612766,0,1.0000
42,unconstrained_ppo,5,0.386867,0.613133,0,1.0000
42,unconstrained_ppo,6,0.386180,0.613820,0,1.0000
42,unconstrained_ppo,7,0.599078,0.400922,0,1.0000
43,unconstrained_ppo,0,0.219277,0.780723,0,1.0000
43,unconstrained_ppo,1,0.260671,0.739329,0,1.0000
43,unconstrained_ppo,2,0.332335,0.667665,0,1.0000
43,unconstrained_ppo,3,0.393984,0.606016,0,1.0000
43,unconstrained_ppo,4,0.396883,0.603117,0,1.0000
43,unconstrained_ppo,5,0.396286,0.603714,0,1.0000
43,unconstrained_ppo,6,0.395800,0.604200,0,1.0000
43,unconstrained_ppo,7,0.615159,0.384841,0,1.0000
44,unconstrained_ppo,0,0.206931,0.793069,0,1.0000
44,unconstrained_ppo,1,0.278773,0.721227,0,1.0000
44,unconstrained_ppo,2,0.354700,0.645300,0,1.0000
44,unconstrained_ppo,3,0.387068,0.612932,0,1.0000
44,unconstrained_ppo,4,0.393635,0.606365,0,1.0000
44,unconstrained_ppo,5,0.395820,0.604180,0,1.0000
44,unconstrained_ppo,6,0.393521,0.606479,0,1.0000
44,unconstrained_ppo,7,0.585577,0.414423,0,1.0000
45,unconstrained_ppo,0,0.182418,0.817582,0,1.0000
45,unconstrained_ppo,1,0.279517,0.720483,0,1.0000
45,unconstrained_ppo,2,0.314430,0.685570,0,1.0000
45,unconstrained_ppo,3,0.349291,0.650709,0,1.0000
45,unconstrained_ppo,4,0.361626,0.638374,0,1.0000
45,unconstrained_ppo,5,0.359133,0.640867,0,1.0000
45,unconstrained_ppo,6,0.359124,0.640876,0,1.0000
45,unconstrained_ppo,7,0.516663,0.483337,0,1.0000
46,unconstrained_ppo,0,0.198055,0.801945,0,1.0000
46,unconstrained_ppo,1,0.309810,0.690190,0,1.0000
46,unconstrained_ppo,2,0.421197,0.578803,0,1.0000
46,unconstrained_ppo,3,0.457923,0.542077,0,1.0000
46,unconstrained_ppo,4,0.467343,0.532657,0,1.0000
46,unconstrained_ppo,5,0.461381,0.538619,0,1.0000
46,unconstrained_ppo,6,0.458456,0.541544,0,1.0000
46,unconstrained_ppo,7,0.647998,0.352002,0,1.0000
47,unconstrained_ppo,0,0.251756,0.748244,0,1.0000
47,unconstrained_ppo,1,0.351832,0.648168,0,1.0000
47,unconstrained_ppo,2,0.402562,0.597438,0,1.0000
47,unconstrained_ppo,3,0.454766,0.545234,0,1.0000
47,unconstrained_ppo,4,0.466295,0.533705,0,1.0000
47,unconstrained_ppo,5,0.468074,0.531926,0,1.0000
47,unconstrained_ppo,6,0.468079,0.531921,0,1.0000
47,unconstrained_ppo,7,0.634345,0.365655,0,1.0000
48,unconstrained_ppo,0,0.272511,0.727489,0,1.0000
48,unconstrained_ppo,1,0.339621,0.660379,0,1.0000
48,unconstrained_ppo,2,0.415368,0.584632,0,1.0000
48,unconstrained_ppo,3,0.455138,0.544862,0,1.0000
48,unconstrained_ppo,4,0.465948,0.534052,0,1.0000
48,unconstrained_ppo,5,0.465161,0.534839,0,1.0000
48,unconstrained_ppo,6,0.465162,0.534838,0,1.0000
48,unconstrained_ppo,7,0.658224,0.341776,0,1.0000
49,unconstrained_ppo,0,0.300472,0.699528,0,1.0000
49,unconstrained_ppo,1,0.409589,0.590411,0,1.0000
49,unconstrained_ppo,2,0.498831,0.501169,0,1.0000
49,unconstrained_ppo,3,0.528752,0.471248,0,1.0000
49,unconstrained_ppo,4,0.532306,0.467694,0,1.0000
49,unconstrained_ppo,5,0.533573,0.466427,0,1.0000
49,unconstrained_ppo,6,0.533015,0.466985,0,1.0000
49,unconstrained_ppo,7,0.692605,0.307395,0,1.0000
50,unconstrained_ppo,0,0.236495,0.763505,0,1.0000
50,unconstrained_ppo,1,0.280687,0.719313,0,1.0000
50,unconstrained_ppo,2,0.303406,0.696594,0,1.0000
50,unconstrained_ppo,3,0.331368,0.668632,0,1.0000
50,unconstrained_ppo,4,0.337880,0.662120,0,1.0000
50,unconstrained_ppo,5,0.340581,0.659419,0,1.0000
50,unconstrained_ppo,6,0.339913,0.660087,0,1.0000
50,unconstrained_ppo,7,0.472696,0.527304,0,1.0000
51,unconstrained_ppo,0,0.218129,0.781871,0,1.0000
51,unconstrained_ppo,1,0.325618,0.674382,0,1.0000
51,unconstrained_ppo,2,0.346848,0.653152,0,1.0000
51,unconstrained_ppo,3,0.421259,0.578741,0,1.0000
51,unconstrained_ppo,4,0.430867,0.569133,0,1.0000
51,unconstrained_ppo,5,0.429940,0.570060,0,1.0000
51,unconstrained_ppo,6,0.429348,0.570652,0,1.0000
51,unconstrained_ppo,7,0.544118,0.455882,0,1.0000
52,unconstrained_ppo,0,0.298521,0.701479,0,1.0000
52,unconstrained_ppo,1,0.287803,0.712197,0,1.0000
52,unconstrained_ppo,2,0.333636,0.666364,0,1.0000
52,unconstrained_ppo,3,0.368946,0.631054,0,1.0000
52,unconstrained_ppo,4,0.383659,0.616341,0,1.0000
52,unconstrained_ppo,5,0.385401,0.614599,0,1.0000
52,unconstrained_ppo,6,0.385158,0.614842,0,1.0000
52,unconstrained_ppo,7,0.564811,0.435189,0,1.0000
53,unconstrained_ppo,0,0.212099,0.787901,0,1.0000
53,unconstrained_ppo,1,0.319639,0.680361,0,1.0000
53,unconstrained_ppo,2,0.414750,0.585250,0,1.0000
53,unconstrained_ppo,3,0.449840,0.550160,0,1.0000
53,unconstrained_ppo,4,0.445259,0.554741,0,1.0000
53,unconstrained_ppo,5,0.445561,0.554439,0,1.0000
53,unconstrained_ppo,6,0.444914,0.555086,0,1.0000
53,unconstrained_ppo,7,0.659213,0.340787,0,1.0000
54,unconstrained_ppo,0,0.225533,0.774467,0,1.0000
54,unconstrained_ppo,1,0.305020,0.694980,0,1.0000
54,unconstrained_ppo,2,0.353799,0.646201,0,1.0000
54,unconstrained_ppo,3,0.420652,0.579348,0,1.0000
54,unconstrained_ppo,4,0.426398,0.573602,0,1.0000
54,unconstrained_ppo,5,0.426130,0.573870,0,1.0000
54,unconstrained_ppo,6,0.424726,0.575274,0,1.0000
54,unconstrained_ppo,7,0.585115,0.414885,0,1.0000
55,unconstrained_ppo,0,0.287109,0.712891,0,1.0000
55,unconstrained_ppo,1,0.372787,0.627213,0,1.0000
55,unconstrained_ppo,2,0.435059,0.564941,0,1.0000
55,unconstrained_ppo,3,0.479833,0.520167,0,1.0000
55,unconstrained_ppo,4,0.489128,0.510872,0,1.0000
55,unconstrained_ppo,5,0.491360,0.508640,0,1.0000
55,unconstrained_ppo,6,0.491369,0.508631,0,1.0000
55,unconstrained_ppo,7,0.656914,0.343086,0,1.0000
56,unconstrained_ppo,0,0.244359,0.755641,0,1.0000
56,unconstrained_ppo,1,0.351520,0.648480,0,1.0000
56,unconstrained_ppo,2,0.425779,0.574221,0,1.0000
56,unconstrained_ppo,3,0.468645,0.531355,0,1.0000
56,unconstrained_ppo,4,0.478558,0.521442,0,1.0000
56,unconstrained_ppo,5,0.473770,0.526230,0,1.0000
56,unconstrained_ppo,6,0.472502,0.527498,0,1.0000
56,unconstrained_ppo,7,0.608651,0.391349,0,1.0000
57,unconstrained_ppo,0,0.225714,0.774286,0,1.0000
57,unconstrained_ppo,1,0.299194,0.700806,0,1.0000
57,unconstrained_ppo,2,0.363232,0.636768,0,1.0000
57,unconstrained_ppo,3,0.393289,0.606711,0,1.0000
57,unconstrained_ppo,4,0.404258,0.595742,0,1.0000
57,unconstrained_ppo,5,0.405356,0.594644,0,1.0000
57,unconstrained_ppo,6,0.403929,0.596071,0,1.0000
57,unconstrained_ppo,7,0.565932,0.434068,0,1.0000
58,unconstrained_ppo,0,0.259655,0.740345,0,1.0000
58,unconstrained_ppo,1,0.359410,0.640590,0,1.0000
58,unconstrained_ppo,2,0.441069,0.558931,0,1.0000
58,unconstrained_ppo,3,0.476704,0.523296,0,1.0000
58,unconstrained_ppo,4,0.471948,0.528052,0,1.0000
58,unconstrained_ppo,5,0.468492,0.531508,0,1.0000
58,unconstrained_ppo,6,0.468410,0.531590,0,1.0000
58,unconstrained_ppo,7,0.603480,0.396520,0,1.0000
59,unconstrained_ppo,0,0.116899,0.883101,0,1.0000
59,unconstrained_ppo,1,0.223955,0.776045,0,1.0000
59,unconstrained_ppo,2,0.373459,0.626541,0,1.0000
59,unconstrained_ppo,3,0.413209,0.586791,0,1.0000
59,unconstrained_ppo,4,0.408836,0.591164,0,1.0000
59,unconstrained_ppo,5,0.395805,0.604195,0,1.0000
59,unconstrained_ppo,6,0.395389,0.604611,0,1.0000
59,unconstrained_ppo,7,0.557569,0.442431,0,1.0000
60,unconstrained_ppo,0,0.290113,0.709887,0,1.0000
60,unconstrained_ppo,1,0.356152,0.643848,0,1.0000
60,unconstrained_ppo,2,0.426077,0.573923,0,1.0000
60,unconstrained_ppo,3,0.467323,0.532677,0,1.0000
60,unconstrained_ppo,4,0.445242,0.554758,0,1.0000
60,unconstrained_ppo,5,0.442534,0.557466,0,1.0000
60,unconstrained_ppo,6,0.442407,0.557593,0,1.0000
60,unconstrained_ppo,7,0.586244,0.413756,0,1.0000
61,unconstrained_ppo,0,0.291036,0.708964,0,1.0000
61,unconstrained_ppo,1,0.336767,0.663233,0,1.0000
61,unconstrained_ppo,2,0.385588,0.614412,0,1.0000
61,unconstrained_ppo,3,0.430394,0.569606,0,1.0000
61,unconstrained_ppo,4,0.443222,0.556778,0,1.0000
61,unconstrained_ppo,5,0.445311,0.554689,0,1.0000
61,unconstrained_ppo,6,0.442669,0.557331,0,1.0000
61,unconstrained_ppo,7,0.606829,0.393171,0,1.0000
62,unconstrained_ppo,0,0.283581,0.716419,0,1.0000
62,unconstrained_ppo,1,0.365281,0.634719,0,1.0000
62,unconstrained_ppo,2,0.428224,0.571776,0,1.0000
62,unconstrained_ppo,3,0.459874,0.540126,0,1.0000
62,unconstrained_ppo,4,0.470351,0.529649,0,1.0000
62,unconstrained_ppo,5,0.466322,0.533678,0,1.0000
62,unconstrained_ppo,6,0.462393,0.537607,0,1.0000
62,unconstrained_ppo,7,0.644467,0.355533,0,1.0000
63,unconstrained_ppo,0,0.300187,0.699813,0,1.0000
63,unconstrained_ppo,1,0.379204,0.620796,0,1.0000
63,unconstrained_ppo,2,0.453871,0.546129,0,1.0000
63,unconstrained_ppo,3,0.482719,0.517281,0,1.0000
63,unconstrained_ppo,4,0.488609,0.511391,0,1.0000
63,unconstrained_ppo,5,0.490819,0.509181,0,1.0000
63,unconstrained_ppo,6,0.490604,0.509396,0,1.0000
63,unconstrained_ppo,7,0.666956,0.333044,0,1.0000
64,unconstrained_ppo,0,0.024916,0.975084,0,1.0000
64,unconstrained_ppo,1,0.093372,0.906628,0,1.0000
64,unconstrained_ppo,2,0.157717,0.842283,0,1.0000
64,unconstrained_ppo,3,0.218399,0.781601,0,1.0000
64,unconstrained_ppo,4,0.226605,0.773395,0,1.0000
64,unconstrained_ppo,5,0.219174,0.780826,0,1.0000
64,unconstrained_ppo,6,0.219114,0.780886,0,1.0000
64,unconstrained_ppo,7,0.461185,0.538815,0,1.0000
65,unconstrained_ppo,0,0.271941,0.728059,0,1.0000
65,unconstrained_ppo,1,0.333500,0.666500,0,1.0000
65,unconstrained_ppo,2,0.419481,0.580519,0,1.0000
65,unconstrained_ppo,3,0.462372,0.537628,0,1.0000
65,unconstrained_ppo,4,0.458414,0.541586,0,1.0000
65,unconstrained_ppo,5,0.460811,0.539189,0,1.0000
65,unconstrained_ppo,6,0.460805,0.539195,0,1.0000
65,unconstrained_ppo,7,0.640873,0.359127,0,1.0000
66,unconstrained_ppo,0,0.269272,0.730728,0,1.0000
66,unconstrained_ppo,1,0.346261,0.653739,0,1.0000
66,unconstrained_ppo,2,0.406673,0.593327,0,1.0000
66,unconstrained_ppo,3,0.438557,0.561443,0,1.0000
66,unconstrained_ppo,4,0.436983,0.563017,0,1.0000
66,unconstrained_ppo,5,0.438253,0.561747,0,1.0000
66,unconstrained_ppo,6,0.438240,0.561760,0,1.0000
66,unconstrained_ppo,7,0.639866,0.360134,0,1.0000
67,unconstrained_ppo,0,0.309740,0.690260,0,1.0000
67,unconstrained_ppo,1,0.392410,0.607590,0,1.0000
67,unconstrained_ppo,2,0.452146,0.547854,0,1.0000
67,unconstrained_ppo,3,0.482085,0.517915,0,1.0000
67,unconstrained_ppo,4,0.484616,0.515384,0,1.0000
67,unconstrained_ppo,5,0.484656,0.515344,0,1.0000
67,unconstrained_ppo,6,0.482139,0.517861,0,1.0000
67,unconstrained_ppo,7,0.635507,0.364493,0,1.0000
68,unconstrained_ppo,0,0.228539,0.771461,0,1.0000
68,unconstrained_ppo,1,0.325397,0.674603,0,1.0000
68,unconstrained_ppo,2,0.412401,0.587599,0,1.0000
68,unconstrained_ppo,3,0.452157,0.547843,0,1.0000
68,unconstrained_ppo,4,0.458154,0.541846,0,1.0000
68,unconstrained_ppo,5,0.458868,0.541132,0,1.0000
68,unconstrained_ppo,6,0.457880,0.542120,0,1.0000
68,unconstrained_ppo,7,0.616220,0.383780,0,1.0000
69,unconstrained_ppo,0,0.216108,0.783892,0,1.0000
69,unconstrained_ppo,1,0.287686,0.712314,0,1.0000
69,unconstrained_ppo,2,0.369778,0.630222,0,1.0000
69,unconstrained_ppo,3,0.425708,0.574292,0,1.0000
69,unconstrained_ppo,4,0.432749,0.567251,0,1.0000
69,unconstrained_ppo,5,0.429603,0.570397,0,1.0000
69,unconstrained_ppo,6,0.427957,0.572043,0,1.0000
69,unconstrained_ppo,7,0.589621,0.410379,0,1.0000
70,unconstrained_ppo,0,0.171722,0.828278,0,1.0000
70,unconstrained_ppo,1,0.267569,0.732431,0,1.0000
70,unconstrained_ppo,2,0.343464,0.656536,0,1.0000
70,unconstrained_ppo,3,0.405074,0.594926,0,1.0000
70,unconstrained_ppo,4,0.404392,0.595608,0,1.0000
70,unconstrained_ppo,5,0.406833,0.593167,0,1.0000
70,unconstrained_ppo,6,0.400082,0.599918,0,1.0000
70,unconstrained_ppo,7,0.569075,0.430925,0,1.0000
71,unconstrained_ppo,0,0.211397,0.788603,0,1.0000
71,unconstrained_ppo,1,0.288959,0.711041,0,1.0000
71,unconstrained_ppo,2,0.367539,0.632461,0,1.0000
71,unconstrained_ppo,3,0.380157,0.619843,0,1.0000
71,unconstrained_ppo,4,0.387253,0.612747,0,1.0000
71,unconstrained_ppo,5,0.382220,0.617780,0,1.0000
71,unconstrained_ppo,6,0.381060,0.618940,0,1.0000
71,unconstrained_ppo,7,0.610864,0.389136,0,1.0000
72,unconstrained_ppo,0,0.188063,0.811937,0,1.0000
72,unconstrained_ppo,1,0.266705,0.733295,0,1.0000
72,unconstrained_ppo,2,0.370144,0.629856,0,1.0000
72,unconstrained_ppo,3,0.413353,0.586647,0,1.0000
72,unconstrained_ppo,4,0.399507,0.600493,0,1.0000
72,unconstrained_ppo,5,0.402013,0.597987,0,1.0000
72,unconstrained_ppo,6,0.399922,0.600078,0,1.0000
72,unconstrained_ppo,7,0.596718,0.403282,0,1.0000
73,unconstrained_ppo,0,0.245081,0.754919,0,1.0000
73,unconstrained_ppo,1,0.308184,0.691816,0,1.0000
73,unconstrained_ppo,2,0.392483,0.607517,0,1.0000
73,unconstrained_ppo,3,0.421919,0.578081,0,1.0000
73,unconstrained_ppo,4,0.425765,0.574235,0,1.0000
73,unconstrained_ppo,5,0.425833,0.574167,0,1.0000
73,unconstrained_ppo,6,0.425781,0.574219,0,1.0000
73,unconstrained_ppo,7,0.614398,0.385602,0,1.0000
74,unconstrained_ppo,0,0.268928,0.731072,0,1.0000
74,unconstrained_ppo,1,0.343706,0.656294,0,1.0000
74,unconstrained_ppo,2,0.430895,0.569105,0,1.0000
74,unconstrained_ppo,3,0.489010,0.510990,0,1.0000
74,unconstrained_ppo,4,0.497940,0.502060,0,1.0000
74,unconstrained_ppo,5,0.493406,0.506594,0,1.0000
74,unconstrained_ppo,6,0.492432,0.507568,0,1.0000
74,unconstrained_ppo,7,0.597495,0.402505,0,1.0000
75,unconstrained_ppo,0,0.209934,0.790066,0,1.0000
75,unconstrained_ppo,1,0.284175,0.715825,0,1.0000
75,unconstrained_ppo,2,0.363436,0.636564,0,1.0000
75,unconstrained_ppo,3,0.384426,0.615574,0,1.0000
75,unconstrained_ppo,4,0.383466,0.616534,0,1.0000
75,unconstrained_ppo,5,0.386085,0.613915,0,1.0000
75,unconstrained_ppo,6,0.385997,0.614003,0,1.0000
75,unconstrained_ppo,7,0.601913,0.398087,0,1.0000
76,unconstrained_ppo,0,0.226086,0.773914,0,1.0000
76,unconstrained_ppo,1,0.289909,0.710091,0,1.0000
76,unconstrained_ppo,2,0.372434,0.627566,0,1.0000
76,unconstrained_ppo,3,0.433489,0.566511,0,1.0000
76,unconstrained_ppo,4,0.442875,0.557125,0,1.0000
76,unconstrained_ppo,5,0.442792,0.557208,0,1.0000
76,unconstrained_ppo,6,0.437487,0.562513,0,1.0000
76,unconstrained_ppo,7,0.618265,0.381735,0,1.0000
77,unconstrained_ppo,0,0.321100,0.678900,0,1.0000
77,unconstrained_ppo,1,0.437400,0.562600,0,1.0000
77,unconstrained_ppo,2,0.464252,0.535748,0,1.0000
77,unconstrained_ppo,3,0.527188,0.472812,0,1.0000
77,unconstrained_ppo,4,0.535465,0.464535,0,1.0000
77,unconstrained_ppo,5,0.536456,0.463544,0,1.0000
77,unconstrained_ppo,6,0.536457,0.463543,0,1.0000
77,unconstrained_ppo,7,0.650978,0.349022,0,1.0000
78,unconstrained_ppo,0,0.295510,0.704490,0,1.0000
78,unconstrained_ppo,1,0.397099,0.602901,0,1.0000
78,unconstrained_ppo,2,0.417504,0.582496,0,1.0000
78,unconstrained_ppo,3,0.431977,0.568023,0,1.0000
78,unconstrained_ppo,4,0.436620,0.563380,0,1.0000
78,unconstrained_ppo,5,0.435164,0.564836,0,1.0000
78,unconstrained_ppo,6,0.434563,0.565437,0,1.0000
78,unconstrained_ppo,7,0.616164,0.383836,0,1.0000
79,unconstrained_ppo,0,0.227204,0.772796,0,1.0000
79,unconstrained_ppo,1,0.321825,0.678175,0,1.0000
79,unconstrained_ppo,2,0.421100,0.578900,0,1.0000
79,unconstrained_ppo,3,0.452602,0.547398,0,1.0000
79,unconstrained_ppo,4,0.459026,0.540974,0,1.0000
79,unconstrained_ppo,5,0.457388,0.542612,0,1.0000
79,unconstrained_ppo,6,0.456739,0.543261,0,1.0000
79,unconstrained_ppo,7,0.628904,0.371096,0,1.0000
80,unconstrained_ppo,0,0.201258,0.798742,0,1.0000
80,unconstrained_ppo,1,0.263123,0.736877,0,1.0000
80,unconstrained_ppo,2,0.351986,0.648014,0,1.0000
80,unconstrained_ppo,3,0.385354,0.614646,0,1.0000
80,unconstrained_ppo,4,0.393628,0.606372,0,1.0000
80,unconstrained_ppo,5,0.390662,0.609338,0,1.0000
80,unconstrained_ppo,6,0.390439,0.609561,0,1.0000
80,unconstrained_ppo,7,0.549378,0.450622,0,1.0000
81,unconstrained_ppo,0,0.272000,0.728000,0,1.0000
81,unconstrained_ppo,1,0.367540,0.632460,0,1.0000
81,unconstrained_ppo,2,0.425890,0.574110,0,1.0000
81,unconstrained_ppo,3,0.447096,0.552904,0,1.0000
81,unconstrained_ppo,4,0.453208,0.546792,0,1.0000
81,unconstrained_ppo,5,0.454170,0.545830,0,1.0000
81,unconstrained_ppo,6,0.454081,0.545919,0,1.0000
81,unconstrained_ppo,7,0.592600,0.407400,0,1.0000
82,unconstrained_ppo,0,0.220284,0.779716,0,1.0000
82,unconstrained_ppo,1,0.275418,0.724582,0,1.0000
82,unconstrained_ppo,2,0.390067,0.609933,0,1.0000
82,unconstrained_ppo,3,0.448216,0.551784,0,1.0000
82,unconstrained_ppo,4,0.450687,0.549313,0,1.0000
82,unconstrained_ppo,5,0.441551,0.558449,0,1.0000
82,unconstrained_ppo,6,0.439160,0.560840,0,1.0000
82,unconstrained_ppo,7,0.597417,0.402583,0,1.0000
83,unconstrained_ppo,0,0.175775,0.824225,0,1.0000
83,unconstrained_ppo,1,0.267642,0.732358,0,1.0000
83,unconstrained_ppo,2,0.357236,0.642764,0,1.0000
83,unconstrained_ppo,3,0.375428,0.624572,0,1.0000
83,unconstrained_ppo,4,0.367561,0.632439,0,1.0000
83,unconstrained_ppo,5,0.354130,0.645870,0,1.0000
83,unconstrained_ppo,6,0.352887,0.647113,0,1.0000
83,unconstrained_ppo,7,0.604078,0.395922,0,1.0000
84,unconstrained_ppo,0,0.200895,0.799105,0,1.0000
84,unconstrained_ppo,1,0.299979,0.700021,0,1.0000
84,unconstrained_ppo,2,0.391686,0.608314,0,1.0000
84,unconstrained_ppo,3,0.399774,0.600226,0,1.0000
84,unconstrained_ppo,4,0.405644,0.594356,0,1.0000
84,unconstrained_ppo,5,0.402653,0.597347,0,1.0000
84,unconstrained_ppo,6,0.402452,0.597548,0,1.0000
84,unconstrained_ppo,7,0.592910,0.407090,0,1.0000
85,unconstrained_ppo,0,0.235039,0.764961,0,1.0000
85,unconstrained_ppo,1,0.331732,0.668268,0,1.0000
85,unconstrained_ppo,2,0.405387,0.594613,0,1.0000
85,unconstrained_ppo,3,0.442838,0.557162,0,1.0000
85,unconstrained_ppo,4,0.450740,0.549260,0,1.0000
85,unconstrained_ppo,5,0.448449,0.551551,0,1.0000
85,unconstrained_ppo,6,0.448386,0.551614,0,1.0000
85,unconstrained_ppo,7,0.604351,0.395649,0,1.0000
86,unconstrained_ppo,0,0.247277,0.752723,0,1.0000
86,unconstrained_ppo,1,0.338669,0.661331,0,1.0000
86,unconstrained_ppo,2,0.432705,0.567295,0,1.0000
86,unconstrained_ppo,3,0.437154,0.562846,0,1.0000
86,unconstrained_ppo,4,0.439912,0.560088,0,1.0000
86,unconstrained_ppo,5,0.440230,0.559770,0,1.0000
86,unconstrained_ppo,6,0.436240,0.563760,0,1.0000
86,unconstrained_ppo,7,0.558759,0.441241,0,1.0000
87,unconstrained_ppo,0,0.226994,0.773006,0,1.0000
87,unconstrained_ppo,1,0.274127,0.725873,0,1.0000
87,unconstrained_ppo,2,0.329909,0.670091,0,1.0000
87,unconstrained_ppo,3,0.349865,0.650135,0,1.0000
87,unconstrained_ppo,4,0.363023,0.636977,0,1.0000
87,unconstrained_ppo,5,0.362431,0.637569,0,1.0000
87,unconstrained_ppo,6,0.361774,0.638226,0,1.0000
87,unconstrained_ppo,7,0.573720,0.426280,0,1.0000
88,unconstrained_ppo,0,0.200858,0.799142,0,1.0000
88,unconstrained_ppo,1,0.280962,0.719038,0,1.0000
88,unconstrained_ppo,2,0.361441,0.638559,0,1.0000
88,unconstrained_ppo,3,0.375576,0.624424,0,1.0000
88,unconstrained_ppo,4,0.374609,0.625391,0,1.0000
88,unconstrained_ppo,5,0.377365,0.622635,0,1.0000
88,unconstrained_ppo,6,0.376181,0.623819,0,1.0000
88,unconstrained_ppo,7,0.550230,0.449770,0,1.0000
89,unconstrained_ppo,0,0.218523,0.781477,0,1.0000
89,unconstrained_ppo,1,0.276713,0.723287,0,1.0000
89,unconstrained_ppo,2,0.362332,0.637668,0,1.0000
89,unconstrained_ppo,3,0.407199,0.592801,0,1.0000
89,unconstrained_ppo,4,0.411302,0.588698,0,1.0000
89,unconstrained_ppo,5,0.408496,0.591504,0,1.0000
89,unconstrained_ppo,6,0.406558,0.593442,0,1.0000
89,unconstrained_ppo,7,0.604804,0.395196,0,1.0000
90,unconstrained_ppo,0,0.229666,0.770334,0,1.0000
90,unconstrained_ppo,1,0.303751,0.696249,0,1.0000
90,unconstrained_ppo,2,0.392285,0.607715,0,1.0000
90,unconstrained_ppo,3,0.411628,0.588372,0,1.0000
90,unconstrained_ppo,4,0.417445,0.582555,0,1.0000
90,unconstrained_ppo,5,0.419802,0.580198,0,1.0000
90,unconstrained_ppo,6,0.414753,0.585247,0,1.0000
90,unconstrained_ppo,7,0.568561,0.431439,0,1.0000
91,unconstrained_ppo,0,0.267285,0.732715,0,1.0000
91,unconstrained_ppo,1,0.387787,0.612213,0,1.0000
91,unconstrained_ppo,2,0.450631,0.549369,0,1.0000
91,unconstrained_ppo,3,0.497709,0.502291,0,1.0000
91,unconstrained_ppo,4,0.489347,0.510653,0,1.0000
91,unconstrained_ppo,5,0.481699,0.518301,0,1.0000
91,unconstrained_ppo,6,0.480929,0.519071,0,1.0000
91,unconstrained_ppo,7,0.629379,0.370621,0,1.0000
92,unconstrained_ppo,0,0.255531,0.744469,0,1.0000
92,unconstrained_ppo,1,0.360278,0.639722,0,1.0000
92,unconstrained_ppo,2,0.433737,0.566263,0,1.0000
92,unconstrained_ppo,3,0.488630,0.511370,0,1.0000
92,unconstrained_ppo,4,0.489966,0.510034,0,1.0000
92,unconstrained_ppo,5,0.490478,0.509522,0,1.0000
92,unconstrained_ppo,6,0.490260,0.509740,0,1.0000
92,unconstrained_ppo,7,0.623013,0.376987,0,1.0000
93,unconstrained_ppo,0,0.087501,0.912499,0,1.0000
93,unconstrained_ppo,1,0.173496,0.826504,0,1.0000
93,unconstrained_ppo,2,0.307882,0.692118,0,1.0000
93,unconstrained_ppo,3,0.358268,0.641732,0,1.0000
93,unconstrained_ppo,4,0.364210,0.635790,0,1.0000
93,unconstrained_ppo,5,0.366332,0.633668,0,1.0000
93,unconstrained_ppo,6,0.365266,0.634734,0,1.0000
93,unconstrained_ppo,7,0.589967,0.410033,0,1.0000
94,unconstrained_ppo,0,0.268782,0.731218,0,1.0000
94,unconstrained_ppo,1,0.304112,0.695888,0,1.0000
94,unconstrained_ppo,2,0.348171,0.651829,0,1.0000
94,unconstrained_ppo,3,0.383065,0.616935,0,1.0000
94,unconstrained_ppo,4,0.388993,0.611007,0,1.0000
94,unconstrained_ppo,5,0.387383,0.612617,0,1.0000
94,unconstrained_ppo,6,0.385576,0.614424,0,1.0000
94,unconstrained_ppo,7,0.556697,0.443303,0,1.0000
95,unconstrained_ppo,0,0.223414,0.776586,0,1.0000
95,unconstrained_ppo,1,0.299108,0.700892,0,1.0000
95,unconstrained_ppo,2,0.383277,0.616723,0,1.0000
95,unconstrained_ppo,3,0.419815,0.580185,0,1.0000
95,unconstrained_ppo,4,0.430778,0.569222,0,1.0000
95,unconstrained_ppo,5,0.433553,0.566447,0,1.0000
95,unconstrained_ppo,6,0.429699,0.570301,0,1.0000
95,unconstrained_ppo,7,0.623347,0.376653,0,1.0000
96,unconstrained_ppo,0,0.174828,0.825172,0,1.0000
96,unconstrained_ppo,1,0.259260,0.740740,0,1.0000
96,unconstrained_ppo,2,0.369979,0.630021,0,1.0000
96,unconstrained_ppo,3,0.400584,0.599416,0,1.0000
96,unconstrained_ppo,4,0.402175,0.597825,0,1.0000
96,unconstrained_ppo,5,0.404484,0.595516,0,1.0000
96,unconstrained_ppo,6,0.404381,0.595619,0,1.0000
96,unconstrained_ppo,7,0.644706,0.355294,0,1.0000
97,unconstrained_ppo,0,0.199448,0.800552,0,1.0000
97,unconstrained_ppo,1,0.250889,0.749111,0,1.0000
97,unconstrained_ppo,2,0.339188,0.660812,0,1.0000
97,unconstrained_ppo,3,0.394501,0.605499,0,1.0000
97,unconstrained_ppo,4,0.405221,0.594779,0,1.0000
97,unconstrained_ppo,5,0.406057,0.593943,0,1.0000
97,unconstrained_ppo,6,0.405406,0.594594,0,1.0000
97,unconstrained_ppo,7,0.576466,0.423534,0,1.0000
98,unconstrained_ppo,0,0.209696,0.790304,0,1.0000
98,unconstrained_ppo,1,0.302247,0.697753,0,1.0000
98,unconstrained_ppo,2,0.386448,0.613552,0,1.0000
98,unconstrained_ppo,3,0.457329,0.542671,0,1.0000
98,unconstrained_ppo,4,0.464004,0.535996,0,1.0000
98,unconstrained_ppo,5,0.462937,0.537063,0,1.0000
98,unconstrained_ppo,6,0.461096,0.538904,0,1.0000
98,unconstrained_ppo,7,0.622741,0.377259,0,1.0000
99,unconstrained_ppo,0,0.256886,0.743114,0,1.0000
99,unconstrained_ppo,1,0.292611,0.707389,0,1.0000
99,unconstrained_ppo,2,0.378624,0.621376,0,1.0000
99,unconstrained_ppo,3,0.414601,0.585399,0,1.0000
99,unconstrained_ppo,4,0.426897,0.573103,0,1.0000
99,unconstrained_ppo,5,0.428853,0.571147,0,1.0000
99,unconstrained_ppo,6,0.428314,0.571686,0,1.0000
99,unconstrained_ppo,7,0.571814,0.428186,0,1.0000
100,unconstrained_ppo,0,0.274721,0.725279,0,1.0000
100,unconstrained_ppo,1,0.276628,0.723372,0,1.0000
100,unconstrained_ppo,2,0.363062,0.636938,0,1.0000
100,unconstrained_ppo,3,0.374077,0.625923,0,1.0000
100,unconstrained_ppo,4,0.375691,0.624309,0,1.0000
100,unconstrained_ppo,5,0.376112,0.623888,0,1.0000
100,unconstrained_ppo,6,0.375738,0.624262,0,1.0000
100,unconstrained_ppo,7,0.575984,0.424016,0,1.0000
101,unconstrained_ppo,0,0.221581,0.778419,0,1.0000
101,unconstrained_ppo,1,0.336587,0.663413,0,1.0000
101,unconstrained_ppo,2,0.401018,0.598982,0,1.0000
101,unconstrained_ppo,3,0.462810,0.537190,0,1.0000
101,unconstrained_ppo,4,0.472287,0.527713,0,1.0000
101,unconstrained_ppo,5,0.473111,0.526889,0,1.0000
101,unconstrained_ppo,6,0.472992,0.527008,0,1.0000
101,unconstrained_ppo,7,0.603481,0.396519,0,1.0000
102,unconstrained_ppo,0,0.333609,0.666391,0,1.0000
102,unconstrained_ppo,1,0.407293,0.592707,0,1.0000
102,unconstrained_ppo,2,0.475023,0.524977,0,1.0000
102,unconstrained_ppo,3,0.505944,0.494056,0,1.0000
102,unconstrained_ppo,4,0.510037,0.489963,0,1.0000
102,unconstrained_ppo,5,0.508032,0.491968,0,1.0000
102,unconstrained_ppo,6,0.505760,0.494240,0,1.0000
102,unconstrained_ppo,7,0.665878,0.334122,0,1.0000
103,unconstrained_ppo,0,0.258790,0.741210,0,1.0000
103,unconstrained_ppo,1,0.344370,0.655630,0,1.0000
103,unconstrained_ppo,2,0.407395,0.592605,0,1.0000
103,unconstrained_ppo,3,0.447397,0.552603,0,1.0000
103,unconstrained_ppo,4,0.440314,0.559686,0,1.0000
103,unconstrained_ppo,5,0.440558,0.559442,0,1.0000
103,unconstrained_ppo,6,0.440366,0.559634,0,1.0000
103,unconstrained_ppo,7,0.580508,0.419492,0,1.0000
104,unconstrained_ppo,0,0.275230,0.724770,0,1.0000
104,unconstrained_ppo,1,0.319541,0.680459,0,1.0000
104,unconstrained_ppo,2,0.425905,0.574095,0,1.0000
104,unconstrained_ppo,3,0.464405,0.535595,0,1.0000
104,unconstrained_ppo,4,0.470637,0.529363,0,1.0000
104,unconstrained_ppo,5,0.470717,0.529283,0,1.0000
104,unconstrained_ppo,6,0.462525,0.537475,0,1.0000
104,unconstrained_ppo,7,0.649321,0.350679,0,1.0000
105,unconstrained_ppo,0,0.193409,0.806591,0,1.0000
105,unconstrained_ppo,1,0.325216,0.674784,0,1.0000
105,unconstrained_ppo,2,0.418547,0.581453,0,1.0000
105,unconstrained_ppo,3,0.463618,0.536382,0,1.0000
105,unconstrained_ppo,4,0.470645,0.529355,0,1.0000
105,unconstrained_ppo,5,0.470166,0.529834,0,1.0000
105,unconstrained_ppo,6,0.469580,0.530420,0,1.0000
105,unconstrained_ppo,7,0.612775,0.387225,0,1.0000
106,unconstrained_ppo,0,0.263740,0.736260,0,1.0000
106,unconstrained_ppo,1,0.312681,0.687319,0,1.0000
106,unconstrained_ppo,2,0.415603,0.584397,0,1.0000
106,unconstrained_ppo,3,0.453772,0.546228,0,1.0000
106,unconstrained_ppo,4,0.463791,0.536209,0,1.0000
106,unconstrained_ppo,5,0.454966,0.545034,0,1.0000
106,unconstrained_ppo,6,0.454857,0.545143,0,1.0000
106,unconstrained_ppo,7,0.566248,0.433752,0,1.0000
107,unconstrained_ppo,0,0.257750,0.742250,0,1.0000
107,unconstrained_ppo,1,0.309003,0.690997,0,1.0000
107,unconstrained_ppo,2,0.427191,0.572809,0,1.0000
107,unconstrained_ppo,3,0.447943,0.552057,0,1.0000
107,unconstrained_ppo,4,0.438299,0.561701,0,1.0000
107,unconstrained_ppo,5,0.439058,0.560942,0,1.0000
107,unconstrained_ppo,6,0.437711,0.562289,0,1.0000
107,unconstrained_ppo,7,0.641300,0.358700,0,1.0000
108,unconstrained_ppo,0,0.163345,0.836655,0,1.0000
108,unconstrained_ppo,1,0.226926,0.773074,0,1.0000
108,unconstrained_ppo,2,0.327938,0.672062,0,1.0000
108,unconstrained_ppo,3,0.384584,0.615416,0,1.0000
108,unconstrained_ppo,4,0.392368,0.607632,0,1.0000
108,unconstrained_ppo,5,0.393383,0.606617,0,1.0000
108,unconstrained_ppo,6,0.393045,0.606955,0,1.0000
108,unconstrained_ppo,7,0.633805,0.366195,0,1.0000
109,unconstrained_ppo,0,0.117095,0.882905,0,1.0000
109,unconstrained_ppo,1,0.207006,0.792994,0,1.0000
109,unconstrained_ppo,2,0.286482,0.713518,0,1.0000
109,unconstrained_ppo,3,0.380396,0.619604,0,1.0000
109,unconstrained_ppo,4,0.384600,0.615400,0,1.0000
109,unconstrained_ppo,5,0.386127,0.613873,0,1.0000
109,unconstrained_ppo,6,0.383434,0.616566,0,1.0000
109,unconstrained_ppo,7,0.593187,0.406813,0,1.0000
110,unconstrained_ppo,0,0.171400,0.828600,0,1.0000
110,unconstrained_ppo,1,0.285689,0.714311,0,1.0000
110,unconstrained_ppo,2,0.376390,0.623610,0,1.0000
110,unconstrained_ppo,3,0.420949,0.579051,0,1.0000
110,unconstrained_ppo,4,0.409561,0.590439,0,1.0000
110,unconstrained_ppo,5,0.412097,0.587903,0,1.0000
110,unconstrained_ppo,6,0.411852,0.588148,0,1.0000
110,unconstrained_ppo,7,0.580578,0.419422,0,1.0000
111,unconstrained_ppo,0,0.262783,0.737217,0,1.0000
111,unconstrained_ppo,1,0.376375,0.623625,0,1.0000
111,unconstrained_ppo,2,0.413835,0.586165,0,1.0000
111,unconstrained_ppo,3,0.438518,0.561482,0,1.0000
111,unconstrained_ppo,4,0.437595,0.562405,0,1.0000
111,unconstrained_ppo,5,0.432781,0.567219,0,1.0000
111,unconstrained_ppo,6,0.428802,0.571198,0,1.0000
111,unconstrained_ppo,7,0.590496,0.409504,0,1.0000
112,unconstrained_ppo,0,0.142980,0.857020,0,1.0000
112,unconstrained_ppo,1,0.213798,0.786202,0,1.0000
112,unconstrained_ppo,2,0.312343,0.687657,0,1.0000
112,unconstrained_ppo,3,0.358059,0.641941,0,1.0000
112,unconstrained_ppo,4,0.356264,0.643736,0,1.0000
112,unconstrained_ppo,5,0.358897,0.641103,0,1.0000
112,unconstrained_ppo,6,0.355538,0.644462,0,1.0000
112,unconstrained_ppo,7,0.567833,0.432167,0,1.0000
113,unconstrained_ppo,0,0.293491,0.706509,0,1.0000
113,unconstrained_ppo,1,0.388696,0.611304,0,1.0000
113,unconstrained_ppo,2,0.481265,0.518735,0,1.0000
113,unconstrained_ppo,3,0.456975,0.543025,0,1.0000
113,unconstrained_ppo,4,0.460260,0.539740,0,1.0000
113,unconstrained_ppo,5,0.458493,0.541507,0,1.0000
113,unconstrained_ppo,6,0.458467,0.541533,0,1.0000
113,unconstrained_ppo,7,0.624178,0.375822,0,1.0000
114,unconstrained_ppo,0,0.268231,0.731769,0,1.0000
114,unconstrained_ppo,1,0.350628,0.649372,0,1.0000
114,unconstrained_ppo,2,0.433009,0.566991,0,1.0000
114,unconstrained_ppo,3,0.472828,0.527172,0,1.0000
114,unconstrained_ppo,4,0.468069,0.531931,0,1.0000
114,unconstrained_ppo,5,0.465116,0.534884,0,1.0000
114,unconstrained_ppo,6,0.464740,0.535260,0,1.0000
114,unconstrained_ppo,7,0.635753,0.364247,0,1.0000
115,unconstrained_ppo,0,0.257722,0.742278,0,1.0000
115,unconstrained_ppo,1,0.352948,0.647052,0,1.0000
115,unconstrained_ppo,2,0.413960,0.586040,0,1.0000
115,unconstrained_ppo,3,0.466561,0.533439,0,1.0000
115,unconstrained_ppo,4,0.473946,0.526054,0,1.0000
115,unconstrained_ppo,5,0.470737,0.529263,0,1.0000
115,unconstrained_ppo,6,0.470742,0.529258,0,1.0000
115,unconstrained_ppo,7,0.635786,0.364214,0,1.0000
116,unconstrained_ppo,0,0.296164,0.703836,0,1.0000
116,unconstrained_ppo,1,0.354010,0.645990,0,1.0000
116,unconstrained_ppo,2,0.465966,0.534034,0,1.0000
116,unconstrained_ppo,3,0.505729,0.494271,0,1.0000
116,unconstrained_ppo,4,0.506633,0.493367,0,1.0000
116,unconstrained_ppo,5,0.505898,0.494102,0,1.0000
116,unconstrained_ppo,6,0.505070,0.494930,0,1.0000
116,unconstrained_ppo,7,0.629725,0.370275,0,1.0000
117,unconstrained_ppo,0,0.195677,0.804323,0,1.0000
117,unconstrained_ppo,1,0.283589,0.716411,0,1.0000
117,unconstrained_ppo,2,0.365877,0.634123,0,1.0000
117,unconstrained_ppo,3,0.401360,0.598640,0,1.0000
117,unconstrained_ppo,4,0.411273,0.588727,0,1.0000
117,unconstrained_ppo,5,0.411108,0.588892,0,1.0000
117,unconstrained_ppo,6,0.410984,0.589016,0,1.0000
117,unconstrained_ppo,7,0.588007,0.411993,0,1.0000
118,unconstrained_ppo,0,0.256674,0.743326,0,1.0000
118,unconstrained_ppo,1,0.296164,0.703836,0,1.0000
118,unconstrained_ppo,2,0.351690,0.648310,0,1.0000
118,unconstrained_ppo,3,0.383410,0.616590,0,1.0000
118,unconstrained_ppo,4,0.375702,0.624298,0,1.0000
118,unconstrained_ppo,5,0.378309,0.621691,0,1.0000
118,unconstrained_ppo,6,0.376903,0.623097,0,1.0000
118,unconstrained_ppo,7,0.542110,0.457890,0,1.0000
119,unconstrained_ppo,0,0.215268,0.784732,0,1.0000
119,unconstrained_ppo,1,0.312132,0.687868,0,1.0000
119,unconstrained_ppo,2,0.405608,0.594392,0,1.0000
119,unconstrained_ppo,3,0.430184,0.569816,0,1.0000
119,unconstrained_ppo,4,0.441087,0.558913,0,1.0000
119,unconstrained_ppo,5,0.433794,0.566206,0,1.0000
119,unconstrained_ppo,6,0.433255,0.566745,0,1.0000
119,unconstrained_ppo,7,0.635789,0.364211,0,1.0000
120,unconstrained_ppo,0,0.212694,0.787306,0,1.0000
120,unconstrained_ppo,1,0.271223,0.728777,0,1.0000
120,unconstrained_ppo,2,0.328751,0.671249,0,1.0000
120,unconstrained_ppo,3,0.403139,0.596861,0,1.0000
120,unconstrained_ppo,4,0.413122,0.586878,0,1.0000
120,unconstrained_ppo,5,0.411971,0.588029,0,1.0000
120,unconstrained_ppo,6,0.411973,0.588027,0,1.0000
120,unconstrained_ppo,7,0.598682,0.401318,0,1.0000
121,unconstrained_ppo,0,0.153790,0.846210,0,1.0000
121,unconstrained_ppo,1,0.224881,0.775119,0,1.0000
121,unconstrained_ppo,2,0.316150,0.683850,0,1.0000
121,unconstrained_ppo,3,0.344091,0.655909,0,1.0000
121,unconstrained_ppo,4,0.354052,0.645948,0,1.0000
121,unconstrained_ppo,5,0.350227,0.649773,0,1.0000
121,unconstrained_ppo,6,0.350227,0.649773,0,1.0000
121,unconstrained_ppo,7,0.536431,0.463569,0,1.0000
122,unconstrained_ppo,0,0.217063,0.782937,0,1.0000
122,unconstrained_ppo,1,0.264272,0.735728,0,1.0000
122,unconstrained_ppo,2,0.313947,0.686053,0,1.0000
122,unconstrained_ppo,3,0.358297,0.641703,0,1.0000
122,unconstrained_ppo,4,0.370734,0.629266,0,1.0000
122,unconstrained_ppo,5,0.370049,0.629951,0,1.0000
122,unconstrained_ppo,6,0.365512,0.634488,0,1.0000
122,unconstrained_ppo,7,0.555552,0.444448,0,1.0000
123,unconstrained_ppo,0,0.256408,0.743592,0,1.0000
123,unconstrained_ppo,1,0.327728,0.672272,0,1.0000
123,unconstrained_ppo,2,0.380702,0.619298,0,1.0000
123,unconstrained_ppo,3,0.401066,0.598934,0,1.0000
123,unconstrained_ppo,4,0.404793,0.595207,0,1.0000
123,unconstrained_ppo,5,0.407482,0.592518,0,1.0000
123,unconstrained_ppo,6,0.406226,0.593774,0,1.0000
123,unconstrained_ppo,7,0.624595,0.375405,0,1.0000
124,unconstrained_ppo,0,0.179081,0.820919,0,1.0000
124,unconstrained_ppo,1,0.235663,0.764337,0,1.0000
124,unconstrained_ppo,2,0.319383,0.680617,0,1.0000
124,unconstrained_ppo,3,0.398691,0.601309,0,1.0000
124,unconstrained_ppo,4,0.401313,0.598687,0,1.0000
124,unconstrained_ppo,5,0.390228,0.609772,0,1.0000
124,unconstrained_ppo,6,0.390228,0.609772,0,1.0000
124,unconstrained_ppo,7,0.499451,0.500549,0,1.0000
125,unconstrained_ppo,0,0.256699,0.743301,0,1.0000
125,unconstrained_ppo,1,0.321090,0.678910,0,1.0000
125,unconstrained_ppo,2,0.412129,0.587871,0,1.0000
125,unconstrained_ppo,3,0.449277,0.550723,0,1.0000
125,unconstrained_ppo,4,0.462506,0.537494,0,1.0000
125,unconstrained_ppo,5,0.464231,0.535769,0,1.0000
125,unconstrained_ppo,6,0.460881,0.539119,0,1.0000
125,unconstrained_ppo,7,0.614814,0.385186,0,1.0000
126,unconstrained_ppo,0,0.281392,0.718608,0,1.0000
126,unconstrained_ppo,1,0.326190,0.673810,0,1.0000
126,unconstrained_ppo,2,0.404470,0.595530,0,1.0000
126,unconstrained_ppo,3,0.454806,0.545194,0,1.0000
126,unconstrained_ppo,4,0.441276,0.558724,0,1.0000
126,unconstrained_ppo,5,0.442809,0.557191,0,1.0000
126,unconstrained_ppo,6,0.442338,0.557662,0,1.0000
126,unconstrained_ppo,7,0.584625,0.415375,0,1.0000
127,unconstrained_ppo,0,0.270169,0.729831,0,1.0000
127,unconstrained_ppo,1,0.342892,0.657108,0,1.0000
127,unconstrained_ppo,2,0.419496,0.580504,0,1.0000
127,unconstrained_ppo,3,0.460862,0.539138,0,1.0000
127,unconstrained_ppo,4,0.471132,0.528868,0,1.0000
127,unconstrained_ppo,5,0.472770,0.527230,0,1.0000
127,unconstrained_ppo,6,0.468062,0.531938,0,1.0000
127,unconstrained_ppo,7,0.562060,0.437940,0,1.0000
128,unconstrained_ppo,0,0.163159,0.836841,0,1.0000
128,unconstrained_ppo,1,0.264910,0.735090,0,1.0000
128,unconstrained_ppo,2,0.342485,0.657515,0,1.0000
128,unconstrained_ppo,3,0.331302,0.668698,0,1.0000
128,unconstrained_ppo,4,0.335781,0.664219,0,1.0000
128,unconstrained_ppo,5,0.338570,0.661430,0,1.0000
128,unconstrained_ppo,6,0.337432,0.662568,0,1.0000
128,unconstrained_ppo,7,0.551127,0.448873,0,1.0000
129,unconstrained_ppo,0,0.191019,0.808981,0,1.0000
129,unconstrained_ppo,1,0.297896,0.702104,0,1.0000
129,unconstrained_ppo,2,0.363045,0.636955,0,1.0000
129,unconstrained_ppo,3,0.403745,0.596255,0,1.0000
129,unconstrained_ppo,4,0.410319,0.589681,0,1.0000
129,unconstrained_ppo,5,0.398400,0.601600,0,1.0000
129,unconstrained_ppo,6,0.396801,0.603199,0,1.0000
129,unconstrained_ppo,7,0.617387,0.382613,0,1.0000
130,unconstrained_ppo,0,0.169327,0.830673,0,1.0000
130,unconstrained_ppo,1,0.265563,0.734437,0,1.0000
130,unconstrained_ppo,2,0.357718,0.642282,0,1.0000
130,unconstrained_ppo,3,0.409660,0.590340,0,1.0000
130,unconstrained_ppo,4,0.411852,0.588148,0,1.0000
130,unconstrained_ppo,5,0.414185,0.585815,0,1.0000
130,unconstrained_ppo,6,0.413534,0.586466,0,1.0000
130,unconstrained_ppo,7,0.590521,0.409479,0,1.0000
131,unconstrained_ppo,0,0.179194,0.820806,0,1.0000
131,unconstrained_ppo,1,0.240657,0.759343,0,1.0000
131,unconstrained_ppo,2,0.320332,0.679668,0,1.0000
131,unconstrained_ppo,3,0.378088,0.621912,0,1.0000
131,unconstrained_ppo,4,0.387565,0.612435,0,1.0000
131,unconstrained_ppo,5,0.389821,0.610179,0,1.0000
131,unconstrained_ppo,6,0.389674,0.610326,0,1.0000
131,unconstrained_ppo,7,0.573754,0.426246,0,1.0000
132,unconstrained_ppo,0,0.287330,0.712670,0,1.0000
132,unconstrained_ppo,1,0.370148,0.629852,0,1.0000
132,unconstrained_ppo,2,0.409307,0.590693,0,1.0000
132,unconstrained_ppo,3,0.399285,0.600715,0,1.0000
132,unconstrained_ppo,4,0.413447,0.586553,0,1.0000
132,unconstrained_ppo,5,0.412067,0.587933,0,1.0000
132,unconstrained_ppo,6,0.412062,0.587938,0,1.0000
132,unconstrained_ppo,7,0.566058,0.433942,0,1.0000
133,unconstrained_ppo,0,0.127034,0.872966,0,1.0000
133,unconstrained_ppo,1,0.225213,0.774787,0,1.0000
133,unconstrained_ppo,2,0.321575,0.678425,0,1.0000
133,unconstrained_ppo,3,0.331536,0.668464,0,1.0000
133,unconstrained_ppo,4,0.338582,0.661418,0,1.0000
133,unconstrained_ppo,5,0.339966,0.660034,0,1.0000
133,unconstrained_ppo,6,0.339366,0.660634,0,1.0000
133,unconstrained_ppo,7,0.525055,0.474945,0,1.0000
134,unconstrained_ppo,0,0.213877,0.786123,0,1.0000
134,unconstrained_ppo,1,0.288284,0.711716,0,1.0000
134,unconstrained_ppo,2,0.344730,0.655270,0,1.0000
134,unconstrained_ppo,3,0.384298,0.615702,0,1.0000
134,unconstrained_ppo,4,0.396929,0.603071,0,1.0000
134,unconstrained_ppo,5,0.396429,0.603571,0,1.0000
134,unconstrained_ppo,6,0.394624,0.605376,0,1.0000
134,unconstrained_ppo,7,0.610208,0.389792,0,1.0000
135,unconstrained_ppo,0,0.222054,0.777946,0,1.0000
135,unconstrained_ppo,1,0.337145,0.662855,0,1.0000
135,unconstrained_ppo,2,0.419321,0.580679,0,1.0000
135,unconstrained_ppo,3,0.473986,0.526014,0,1.0000
135,unconstrained_ppo,4,0.480642,0.519358,0,1.0000
135,unconstrained_ppo,5,0.475051,0.524949,0,1.0000
135,unconstrained_ppo,6,0.474918,0.525082,0,1.0000
135,unconstrained_ppo,7,0.648390,0.351610,0,1.0000
136,unconstrained_ppo,0,0.227172,0.772828,0,1.0000
136,unconstrained_ppo,1,0.332123,0.667877,0,1.0000
136,unconstrained_ppo,2,0.397878,0.602122,0,1.0000
136,unconstrained_ppo,3,0.442726,0.557274,0,1.0000
136,unconstrained_ppo,4,0.436588,0.563412,0,1.0000
136,unconstrained_ppo,5,0.439034,0.560966,0,1.0000
136,unconstrained_ppo,6,0.437101,0.562899,0,1.0000
136,unconstrained_ppo,7,0.607183,0.392817,0,1.0000
137,unconstrained_ppo,0,0.246631,0.753369,0,1.0000
137,unconstrained_ppo,1,0.269650,0.730350,0,1.0000
137,unconstrained_ppo,2,0.375918,0.624082,0,1.0000
137,unconstrained_ppo,3,0.386657,0.613343,0,1.0000
137,unconstrained_ppo,4,0.396467,0.603533,0,1.0000
137,unconstrained_ppo,5,0.398629,0.601371,0,1.0000
137,unconstrained_ppo,6,0.394869,0.605131,0,1.0000
137,unconstrained_ppo,7,0.559312,0.440688,0,1.0000
138,unconstrained_ppo,0,0.211377,0.788623,0,1.0000
138,unconstrained_ppo,1,0.254499,0.745501,0,1.0000
138,unconstrained_ppo,2,0.335579,0.664421,0,1.0000
138,unconstrained_ppo,3,0.358962,0.641038,0,1.0000
138,unconstrained_ppo,4,0.368693,0.631307,0,1.0000
138,unconstrained_ppo,5,0.367748,0.632252,0,1.0000
138,unconstrained_ppo,6,0.359660,0.640340,0,1.0000
138,unconstrained_ppo,7,0.566057,0.433943,0,1.0000
139,unconstrained_ppo,0,0.243818,0.756182,0,1.0000
139,unconstrained_ppo,1,0.355937,0.644063,0,1.0000
139,unconstrained_ppo,2,0.427084,0.572916,0,1.0000
139,unconstrained_ppo,3,0.476483,0.523517,0,1.0000
139,unconstrained_ppo,4,0.482183,0.517817,0,1.0000
139,unconstrained_ppo,5,0.484224,0.515776,0,1.0000
139,unconstrained_ppo,6,0.484227,0.515773,0,1.0000
139,unconstrained_ppo,7,0.606594,0.393406,0,1.0000
140,unconstrained_ppo,0,0.264236,0.735764,0,1.0000
140,unconstrained_ppo,1,0.342676,0.657324,0,1.0000
140,unconstrained_ppo,2,0.421985,0.578015,0,1.0000
140,unconstrained_ppo,3,0.483413,0.516587,0,1.0000
140,unconstrained_ppo,4,0.487043,0.512957,0,1.0000
140,unconstrained_ppo,5,0.488955,0.511045,0,1.0000
140,unconstrained_ppo,6,0.487241,0.512759,0,1.0000
140,unconstrained_ppo,7,0.628300,0.371700,0,1.0000
141,unconstrained_ppo,0,0.264800,0.735200,0,1.0000
141,unconstrained_ppo,1,0.312352,0.687648,0,1.0000
141,unconstrained_ppo,2,0.397148,0.602852,0,1.0000
141,unconstrained_ppo,3,0.424577,0.575423,0,1.0000
141,unconstrained_ppo,4,0.422947,0.577053,0,1.0000
141,unconstrained_ppo,5,0.417686,0.582314,0,1.0000
141,unconstrained_ppo,6,0.414461,0.585539,0,1.0000
141,unconstrained_ppo,7,0.623496,0.376504,0,1.0000
142,unconstrained_ppo,0,0.252419,0.747581,0,1.0000
142,unconstrained_ppo,1,0.337480,0.662520,0,1.0000
142,unconstrained_ppo,2,0.372556,0.627444,0,1.0000
142,unconstrained_ppo,3,0.395010,0.604990,0,1.0000
142,unconstrained_ppo,4,0.398249,0.601751,0,1.0000
142,unconstrained_ppo,5,0.400309,0.599691,0,1.0000
142,unconstrained_ppo,6,0.399561,0.600439,0,1.0000
142,unconstrained_ppo,7,0.593679,0.406321,0,1.0000
143,unconstrained_ppo,0,0.310190,0.689810,0,1.0000
143,unconstrained_ppo,1,0.407580,0.592420,0,1.0000
143,unconstrained_ppo,2,0.488029,0.511971,0,1.0000
143,unconstrained_ppo,3,0.520632,0.479368,0,1.0000
143,unconstrained_ppo,4,0.514934,0.485066,0,1.0000
143,unconstrained_ppo,5,0.516617,0.483383,0,1.0000
143,unconstrained_ppo,6,0.515457,0.484543,0,1.0000
143,unconstrained_ppo,7,0.697726,0.302274,0,1.0000
144,unconstrained_ppo,0,0.237394,0.762606,0,1.0000
144,unconstrained_ppo,1,0.256565,0.743435,0,1.0000
144,unconstrained_ppo,2,0.346190,0.653810,0,1.0000
144,unconstrained_ppo,3,0.410216,0.589784,0,1.0000
144,unconstrained_ppo,4,0.423103,0.576897,0,1.0000
144,unconstrained_ppo,5,0.425231,0.574769,0,1.0000
144,unconstrained_ppo,6,0.425065,0.574935,0,1.0000
144,unconstrained_ppo,7,0.588289,0.411711,0,1.0000
145,unconstrained_ppo,0,0.183249,0.816751,0,1.0000
145,unconstrained_ppo,1,0.280319,0.719681,0,1.0000
145,unconstrained_ppo,2,0.372301,0.627699,0,1.0000
145,unconstrained_ppo,3,0.438027,0.561973,0,1.0000
145,unconstrained_ppo,4,0.445350,0.554650,0,1.0000
145,unconstrained_ppo,5,0.447588,0.552412,0,1.0000
145,unconstrained_ppo,6,0.447571,0.552429,0,1.0000
145,unconstrained_ppo,7,0.640024,0.359976,0,1.0000
146,unconstrained_ppo,0,0.194530,0.805470,0,1.0000
146,unconstrained_ppo,1,0.315834,0.684166,0,1.0000
146,unconstrained_ppo,2,0.405438,0.594562,0,1.0000
146,unconstrained_ppo,3,0.424065,0.575935,0,1.0000
146,unconstrained_ppo,4,0.429584,0.570416,0,1.0000
146,unconstrained_ppo,5,0.429881,0.570119,0,1.0000
146,unconstrained_ppo,6,0.429830,0.570170,0,1.0000
146,unconstrained_ppo,7,0.647813,0.352187,0,1.0000
147,unconstrained_ppo,0,0.330817,0.669183,0,1.0000
147,unconstrained_ppo,1,0.421887,0.578113,0,1.0000
147,unconstrained_ppo,2,0.452654,0.547346,0,1.0000
147,unconstrained_ppo,3,0.488039,0.511961,0,1.0000
147,unconstrained_ppo,4,0.479659,0.520341,0,1.0000
147,unconstrained_ppo,5,0.481382,0.518618,0,1.0000
147,unconstrained_ppo,6,0.481353,0.518647,0,1.0000
147,unconstrained_ppo,7,0.599062,0.400938,0,1.0000
148,unconstrained_ppo,0,0.228614,0.771386,0,1.0000
148,unconstrained_ppo,1,0.269993,0.730007,0,1.0000
148,unconstrained_ppo,2,0.325503,0.674497,0,1.0000
148,unconstrained_ppo,3,0.354118,0.645882,0,1.0000
148,unconstrained_ppo,4,0.364284,0.635716,0,1.0000
148,unconstrained_ppo,5,0.362813,0.637187,0,1.0000
148,unconstrained_ppo,6,0.362453,0.637547,0,1.0000
148,unconstrained_ppo,7,0.589277,0.410723,0,1.0000
149,unconstrained_ppo,0,0.176635,0.823365,0,1.0000
149,unconstrained_ppo,1,0.229379,0.770621,0,1.0000
149,unconstrained_ppo,2,0.323273,0.676727,0,1.0000
149,unconstrained_ppo,3,0.331062,0.668938,0,1.0000
149,unconstrained_ppo,4,0.342107,0.657893,0,1.0000
149,unconstrained_ppo,5,0.343059,0.656941,0,1.0000
149,unconstrained_ppo,6,0.342999,0.657001,0,1.0000
149,unconstrained_ppo,7,0.540434,0.459566,0,1.0000
150,unconstrained_ppo,0,0.282427,0.717573,0,1.0000
150,unconstrained_ppo,1,0.331791,0.668209,0,1.0000
150,unconstrained_ppo,2,0.414476,0.585524,0,1.0000
150,unconstrained_ppo,3,0.425560,0.574440,0,1.0000
150,unconstrained_ppo,4,0.426418,0.573582,0,1.0000
150,unconstrained_ppo,5,0.426587,0.573413,0,1.0000
150,unconstrained_ppo,6,0.424507,0.575493,0,1.0000
150,unconstrained_ppo,7,0.559654,0.440346,0,1.0000
151,unconstrained_ppo,0,0.243140,0.756860,0,1.0000
151,unconstrained_ppo,1,0.343287,0.656713,0,1.0000
151,unconstrained_ppo,2,0.455675,0.544325,0,1.0000
151,unconstrained_ppo,3,0.506118,0.493882,0,1.0000
151,unconstrained_ppo,4,0.506880,0.493120,0,1.0000
151,unconstrained_ppo,5,0.504269,0.495731,0,1.0000
151,unconstrained_ppo,6,0.503573,0.496427,0,1.0000
151,unconstrained_ppo,7,0.653772,0.346228,0,1.0000
152,unconstrained_ppo,0,0.270052,0.729948,0,1.0000
152,unconstrained_ppo,1,0.364106,0.635894,0,1.0000
152,unconstrained_ppo,2,0.453579,0.546421,0,1.0000
152,unconstrained_ppo,3,0.462686,0.537314,0,1.0000
152,unconstrained_ppo,4,0.451486,0.548514,0,1.0000
152,unconstrained_ppo,5,0.438250,0.561750,0,1.0000
152,unconstrained_ppo,6,0.436882,0.563118,0,1.0000
152,unconstrained_ppo,7,0.609635,0.390365,0,1.0000
153,unconstrained_ppo,0,0.232483,0.767517,0,1.0000
153,unconstrained_ppo,1,0.334898,0.665102,0,1.0000
153,unconstrained_ppo,2,0.422106,0.577894,0,1.0000
153,unconstrained_ppo,3,0.423811,0.576189,0,1.0000
153,unconstrained_ppo,4,0.429171,0.570829,0,1.0000
153,unconstrained_ppo,5,0.431142,0.568858,0,1.0000
153,unconstrained_ppo,6,0.427186,0.572814,0,1.0000
153,unconstrained_ppo,7,0.626467,0.373533,0,1.0000
154,unconstrained_ppo,0,0.218323,0.781677,0,1.0000
154,unconstrained_ppo,1,0.332579,0.667421,0,1.0000
154,unconstrained_ppo,2,0.419605,0.580395,0,1.0000
154,unconstrained_ppo,3,0.456448,0.543552,0,1.0000
154,unconstrained_ppo,4,0.465069,0.534931,0,1.0000
154,unconstrained_ppo,5,0.466824,0.533176,0,1.0000
154,unconstrained_ppo,6,0.466537,0.533463,0,1.0000
154,unconstrained_ppo,7,0.634637,0.365363,0,1.0000
155,unconstrained_ppo,0,0.251556,0.748444,0,1.0000
155,unconstrained_ppo,1,0.316581,0.683419,0,1.0000
155,unconstrained_ppo,2,0.400250,0.599750,0,1.0000
155,unconstrained_ppo,3,0.446563,0.553437,0,1.0000
155,unconstrained_ppo,4,0.448965,0.551035,0,1.0000
155,unconstrained_ppo,5,0.451177,0.548823,0,1.0000
155,unconstrained_ppo,6,0.451173,0.548827,0,1.0000
155,unconstrained_ppo,7,0.625805,0.374195,0,1.0000
156,unconstrained_ppo,0,0.214224,0.785776,0,1.0000
156,unconstrained_ppo,1,0.306090,0.693910,0,1.0000
156,unconstrained_ppo,2,0.387415,0.612585,0,1.0000
156,unconstrained_ppo,3,0.424866,0.575134,0,1.0000
156,unconstrained_ppo,4,0.417111,0.582889,0,1.0000
156,unconstrained_ppo,5,0.418013,0.581987,0,1.0000
156,unconstrained_ppo,6,0.417971,0.582029,0,1.0000
156,unconstrained_ppo,7,0.574982,0.425018,0,1.0000
157,unconstrained_ppo,0,0.238797,0.761203,0,1.0000
157,unconstrained_ppo,1,0.325580,0.674420,0,1.0000
157,unconstrained_ppo,2,0.407915,0.592085,0,1.0000
157,unconstrained_ppo,3,0.432276,0.567724,0,1.0000
157,unconstrained_ppo,4,0.440621,0.559379,0,1.0000
157,unconstrained_ppo,5,0.441519,0.558481,0,1.0000
157,unconstrained_ppo,6,0.437152,0.562848,0,1.0000
157,unconstrained_ppo,7,0.638690,0.361310,0,1.0000
158,unconstrained_ppo,0,0.254178,0.745822,0,1.0000
158,unconstrained_ppo,1,0.359401,0.640599,0,1.0000
158,unconstrained_ppo,2,0.450870,0.549130,0,1.0000
158,unconstrained_ppo,3,0.498615,0.501385,0,1.0000
158,unconstrained_ppo,4,0.490654,0.509346,0,1.0000
158,unconstrained_ppo,5,0.481404,0.518596,0,1.0000
158,unconstrained_ppo,6,0.481355,0.518645,0,1.0000
158,unconstrained_ppo,7,0.601831,0.398169,0,1.0000
159,unconstrained_ppo,0,0.245935,0.754065,0,1.0000
159,unconstrained_ppo,1,0.334684,0.665316,0,1.0000
159,unconstrained_ppo,2,0.394972,0.605028,0,1.0000
159,unconstrained_ppo,3,0.440500,0.559500,0,1.0000
159,unconstrained_ppo,4,0.446634,0.553366,0,1.0000
159,unconstrained_ppo,5,0.447667,0.552333,0,1.0000
159,unconstrained_ppo,6,0.446585,0.553415,0,1.0000
159,unconstrained_ppo,7,0.616200,0.383800,0,1.0000
160,unconstrained_ppo,0,0.184778,0.815222,0,1.0000
160,unconstrained_ppo,1,0.284523,0.715477,0,1.0000
160,unconstrained_ppo,2,0.362479,0.637521,0,1.0000
160,unconstrained_ppo,3,0.424773,0.575227,0,1.0000
160,unconstrained_ppo,4,0.419230,0.580770,0,1.0000
160,unconstrained_ppo,5,0.418532,0.581468,0,1.0000
160,unconstrained_ppo,6,0.418283,0.581717,0,1.0000
160,unconstrained_ppo,7,0.610317,0.389683,0,1.0000
161,unconstrained_ppo,0,0.251734,0.748266,0,1.0000
161,unconstrained_ppo,1,0.238620,0.761380,0,1.0000
161,unconstrained_ppo,2,0.373347,0.626653,0,1.0000
161,unconstrained_ppo,3,0.433623,0.566377,0,1.0000
161,unconstrained_ppo,4,0.430767,0.569233,0,1.0000
161,unconstrained_ppo,5,0.432991,0.567009,0,1.0000
161,unconstrained_ppo,6,0.429358,0.570642,0,1.0000
161,unconstrained_ppo,7,0.596640,0.403360,0,1.0000
162,unconstrained_ppo,0,0.258604,0.741396,0,1.0000
162,unconstrained_ppo,1,0.300235,0.699765,0,1.0000
162,unconstrained_ppo,2,0.402938,0.597062,0,1.0000
162,unconstrained_ppo,3,0.466304,0.533696,0,1.0000
162,unconstrained_ppo,4,0.467501,0.532499,0,1.0000
162,unconstrained_ppo,5,0.468590,0.531410,0,1.0000
162,unconstrained_ppo,6,0.468186,0.531814,0,1.0000
162,unconstrained_ppo,7,0.639867,0.360133,0,1.0000
163,unconstrained_ppo,0,0.138525,0.861475,0,1.0000
163,unconstrained_ppo,1,0.223830,0.776170,0,1.0000
163,unconstrained_ppo,2,0.322074,0.677926,0,1.0000
163,unconstrained_ppo,3,0.378847,0.621153,0,1.0000
163,unconstrained_ppo,4,0.381101,0.618899,0,1.0000
163,unconstrained_ppo,5,0.380418,0.619582,0,1.0000
163,unconstrained_ppo,6,0.380072,0.619928,0,1.0000
163,unconstrained_ppo,7,0.559627,0.440373,0,1.0000
164,unconstrained_ppo,0,0.232035,0.767965,0,1.0000
164,unconstrained_ppo,1,0.321061,0.678939,0,1.0000
164,unconstrained_ppo,2,0.375201,0.624799,0,1.0000
164,unconstrained_ppo,3,0.414547,0.585453,0,1.0000
164,unconstrained_ppo,4,0.427658,0.572342,0,1.0000
164,unconstrained_ppo,5,0.429859,0.570141,0,1.0000
164,unconstrained_ppo,6,0.429293,0.570707,0,1.0000
164,unconstrained_ppo,7,0.587458,0.412542,0,1.0000
165,unconstrained_ppo,0,0.184928,0.815072,0,1.0000
165,unconstrained_ppo,1,0.258274,0.741726,0,1.0000
165,unconstrained_ppo,2,0.330895,0.669105,0,1.0000
165,unconstrained_ppo,3,0.395752,0.604248,0,1.0000
165,unconstrained_ppo,4,0.394990,0.605010,0,1.0000
165,unconstrained_ppo,5,0.396486,0.603514,0,1.0000
165,unconstrained_ppo,6,0.396479,0.603521,0,1.0000
165,unconstrained_ppo,7,0.596361,0.403639,0,1.0000
166,unconstrained_ppo,0,0.169531,0.830469,0,1.0000
166,unconstrained_ppo,1,0.240995,0.759005,0,1.0000
166,unconstrained_ppo,2,0.319990,0.680010,0,1.0000
166,unconstrained_ppo,3,0.349409,0.650591,0,1.0000
166,unconstrained_ppo,4,0.364048,0.635952,0,1.0000
166,unconstrained_ppo,5,0.361084,0.638916,0,1.0000
166,unconstrained_ppo,6,0.359687,0.640313,0,1.0000
166,unconstrained_ppo,7,0.556609,0.443391,0,1.0000
167,unconstrained_ppo,0,0.273133,0.726867,0,1.0000
167,unconstrained_ppo,1,0.379689,0.620311,0,1.0000
167,unconstrained_ppo,2,0.461828,0.538172,0,1.0000
167,unconstrained_ppo,3,0.492826,0.507174,0,1.0000
167,unconstrained_ppo,4,0.492370,0.507630,0,1.0000
167,unconstrained_ppo,5,0.494968,0.505032,0,1.0000
167,unconstrained_ppo,6,0.494970,0.505030,0,1.0000
167,unconstrained_ppo,7,0.649943,0.350057,0,1.0000
168,unconstrained_ppo,0,0.226535,0.773465,0,1.0000
168,unconstrained_ppo,1,0.327166,0.672834,0,1.0000
168,unconstrained_ppo,2,0.339994,0.660006,0,1.0000
168,unconstrained_ppo,3,0.394346,0.605654,0,1.0000
168,unconstrained_ppo,4,0.402141,0.597859,0,1.0000
168,unconstrained_ppo,5,0.402087,0.597913,0,1.0000
168,unconstrained_ppo,6,0.398256,0.601744,0,1.0000
168,unconstrained_ppo,7,0.583001,0.416999,0,1.0000
169,unconstrained_ppo,0,0.225261,0.774739,0,1.0000
169,unconstrained_ppo,1,0.328045,0.671955,0,1.0000
169,unconstrained_ppo,2,0.408119,0.591881,0,1.0000
169,unconstrained_ppo,3,0.438451,0.561549,0,1.0000
169,unconstrained_ppo,4,0.437503,0.562497,0,1.0000
169,unconstrained_ppo,5,0.431115,0.568885,0,1.0000
169,unconstrained_ppo,6,0.431091,0.568909,0,1.0000
169,unconstrained_ppo,7,0.629483,0.370517,0,1.0000
170,unconstrained_ppo,0,0.284287,0.715713,0,1.0000
170,unconstrained_ppo,1,0.380802,0.619198,0,1.0000
170,unconstrained_ppo,2,0.430553,0.569447,0,1.0000
170,unconstrained_ppo,3,0.445673,0.554327,0,1.0000
170,unconstrained_ppo,4,0.446680,0.553320,0,1.0000
170,unconstrained_ppo,5,0.442969,0.557031,0,1.0000
170,unconstrained_ppo,6,0.441796,0.558204,0,1.0000
170,unconstrained_ppo,7,0.594770,0.405230,0,1.0000
171,unconstrained_ppo,0,0.216276,0.783724,0,1.0000
171,unconstrained_ppo,1,0.278433,0.721567,0,1.0000
171,unconstrained_ppo,2,0.356687,0.643313,0,1.0000
171,unconstrained_ppo,3,0.383822,0.616178,0,1.0000
171,unconstrained_ppo,4,0.389948,0.610052,0,1.0000
171,unconstrained_ppo,5,0.391994,0.608006,0,1.0000
171,unconstrained_ppo,6,0.391670,0.608330,0,1.0000
171,unconstrained_ppo,7,0.595807,0.404193,0,1.0000
172,unconstrained_ppo,0,0.295438,0.704562,0,1.0000
172,unconstrained_ppo,1,0.359455,0.640545,0,1.0000
172,unconstrained_ppo,2,0.417446,0.582554,0,1.0000
172,unconstrained_ppo,3,0.465291,0.534709,0,1.0000
172,unconstrained_ppo,4,0.474470,0.525530,0,1.0000
172,unconstrained_ppo,5,0.472063,0.527937,0,1.0000
172,unconstrained_ppo,6,0.471561,0.528439,0,1.0000
172,unconstrained_ppo,7,0.591928,0.408072,0,1.0000
173,unconstrained_ppo,0,0.304419,0.695581,0,1.0000
173,unconstrained_ppo,1,0.375488,0.624512,0,1.0000
173,unconstrained_ppo,2,0.448247,0.551753,0,1.0000
173,unconstrained_ppo,3,0.478289,0.521711,0,1.0000
173,unconstrained_ppo,4,0.451634,0.548366,0,1.0000
173,unconstrained_ppo,5,0.452483,0.547517,0,1.0000
173,unconstrained_ppo,6,0.451673,0.548327,0,1.0000
173,unconstrained_ppo,7,0.616619,0.383381,0,1.0000
174,unconstrained_ppo,0,0.188867,0.811133,0,1.0000
174,unconstrained_ppo,1,0.265259,0.734741,0,1.0000
174,unconstrained_ppo,2,0.320985,0.679015,0,1.0000
174,unconstrained_ppo,3,0.353330,0.646670,0,1.0000
174,unconstrained_ppo,4,0.362019,0.637981,0,1.0000
174,unconstrained_ppo,5,0.362931,0.637069,0,1.0000
174,unconstrained_ppo,6,0.362753,0.637247,0,1.0000
174,unconstrained_ppo,7,0.562772,0.437228,0,1.0000
175,unconstrained_ppo,0,0.276273,0.723727,0,1.0000
175,unconstrained_ppo,1,0.315320,0.684680,0,1.0000
175,unconstrained_ppo,2,0.427191,0.572809,0,1.0000
175,unconstrained_ppo,3,0.474862,0.525138,0,1.0000
175,unconstrained_ppo,4,0.479015,0.520985,0,1.0000
175,unconstrained_ppo,5,0.467922,0.532078,0,1.0000
175,unconstrained_ppo,6,0.464925,0.535075,0,1.0000
175,unconstrained_ppo,7,0.605270,0.394730,0,1.0000
176,unconstrained_ppo,0,0.133048,0.866952,0,1.0000
176,unconstrained_ppo,1,0.215734,0.784266,0,1.0000
176,unconstrained_ppo,2,0.312355,0.687645,0,1.0000
176,unconstrained_ppo,3,0.377643,0.622357,0,1.0000
176,unconstrained_ppo,4,0.391156,0.608844,0,1.0000
176,unconstrained_ppo,5,0.380499,0.619501,0,1.0000
176,unconstrained_ppo,6,0.380411,0.619589,0,1.0000
176,unconstrained_ppo,7,0.566123,0.433877,0,1.0000
177,unconstrained_ppo,0,0.245629,0.754371,0,1.0000
177,unconstrained_ppo,1,0.322622,0.677378,0,1.0000
177,unconstrained_ppo,2,0.416366,0.583634,0,1.0000
177,unconstrained_ppo,3,0.443731,0.556269,0,1.0000
177,unconstrained_ppo,4,0.443220,0.556780,0,1.0000
177,unconstrained_ppo,5,0.437966,0.562034,0,1.0000
177,unconstrained_ppo,6,0.436567,0.563433,0,1.0000
177,unconstrained_ppo,7,0.614500,0.385500,0,1.0000
178,unconstrained_ppo,0,0.225566,0.774434,0,1.0000
178,unconstrained_ppo,1,0.344760,0.655240,0,1.0000
178,unconstrained_ppo,2,0.389902,0.610098,0,1.0000
178,unconstrained_ppo,3,0.449422,0.550578,0,1.0000
178,unconstrained_ppo,4,0.452865,0.547135,0,1.0000
178,unconstrained_ppo,5,0.451195,0.548805,0,1.0000
178,unconstrained_ppo,6,0.450449,0.549551,0,1.0000
178,unconstrained_ppo,7,0.640884,0.359116,0,1.0000
179,unconstrained_ppo,0,0.283403,0.716597,0,1.0000
179,unconstrained_ppo,1,0.359604,0.640396,0,1.0000
179,unconstrained_ppo,2,0.420117,0.579883,0,1.0000
179,unconstrained_ppo,3,0.476057,0.523943,0,1.0000
179,unconstrained_ppo,4,0.478817,0.521183,0,1.0000
179,unconstrained_ppo,5,0.479604,0.520396,0,1.0000
179,unconstrained_ppo,6,0.479463,0.520537,0,1.0000
179,unconstrained_ppo,7,0.622853,0.377147,0,1.0000
180,unconstrained_ppo,0,0.202526,0.797474,0,1.0000
180,unconstrained_ppo,1,0.295725,0.704275,0,1.0000
180,unconstrained_ppo,2,0.374660,0.625340,0,1.0000
180,unconstrained_ppo,3,0.412362,0.587638,0,1.0000
180,unconstrained_ppo,4,0.413152,0.586848,0,1.0000
180,unconstrained_ppo,5,0.411734,0.588266,0,1.0000
180,unconstrained_ppo,6,0.411387,0.588613,0,1.0000
180,unconstrained_ppo,7,0.610372,0.389628,0,1.0000
181,unconstrained_ppo,0,0.312769,0.687231,0,1.0000
181,unconstrained_ppo,1,0.387587,0.612413,0,1.0000
181,unconstrained_ppo,2,0.454148,0.545852,0,1.0000
181,unconstrained_ppo,3,0.500671,0.499329,0,1.0000
181,unconstrained_ppo,4,0.502753,0.497247,0,1.0000
181,unconstrained_ppo,5,0.501718,0.498282,0,1.0000
181,unconstrained_ppo,6,0.501702,0.498298,0,1.0000
181,unconstrained_ppo,7,0.669059,0.330941,0,1.0000
182,unconstrained_ppo,0,0.227335,0.772665,0,1.0000
182,unconstrained_ppo,1,0.318172,0.681828,0,1.0000
182,unconstrained_ppo,2,0.393572,0.606428,0,1.0000
182,unconstrained_ppo,3,0.433028,0.566972,0,1.0000
182,unconstrained_ppo,4,0.438251,0.561749,0,1.0000
182,unconstrained_ppo,5,0.432636,0.567364,0,1.0000
182,unconstrained_ppo,6,0.430758,0.569242,0,1.0000
182,unconstrained_ppo,7,0.621865,0.378135,0,1.0000
183,unconstrained_ppo,0,0.157018,0.842982,0,1.0000
183,unconstrained_ppo,1,0.261279,0.738721,0,1.0000
183,unconstrained_ppo,2,0.327233,0.672767,0,1.0000
183,unconstrained_ppo,3,0.353625,0.646375,0,1.0000
183,unconstrained_ppo,4,0.360970,0.639030,0,1.0000
183,unconstrained_ppo,5,0.362731,0.637269,0,1.0000
183,unconstrained_ppo,6,0.357411,0.642589,0,1.0000
183,unconstrained_ppo,7,0.580214,0.419786,0,1.0000
184,unconstrained_ppo,0,0.285348,0.714652,0,1.0000
184,unconstrained_ppo,1,0.400058,0.599942,0,1.0000
184,unconstrained_ppo,2,0.442027,0.557973,0,1.0000
184,unconstrained_ppo,3,0.421864,0.578136,0,1.0000
184,unconstrained_ppo,4,0.430849,0.569151,0,1.0000
184,unconstrained_ppo,5,0.432387,0.567613,0,1.0000
184,unconstrained_ppo,6,0.430842,0.569158,0,1.0000
184,unconstrained_ppo,7,0.628347,0.371653,0,1.0000
185,unconstrained_ppo,0,0.244157,0.755843,0,1.0000
185,unconstrained_ppo,1,0.319551,0.680449,0,1.0000
185,unconstrained_ppo,2,0.427921,0.572079,0,1.0000
185,unconstrained_ppo,3,0.459275,0.540725,0,1.0000
185,unconstrained_ppo,4,0.461793,0.538207,0,1.0000
185,unconstrained_ppo,5,0.464207,0.535793,0,1.0000
185,unconstrained_ppo,6,0.464195,0.535805,0,1.0000
185,unconstrained_ppo,7,0.602520,0.397480,0,1.0000
186,unconstrained_ppo,0,0.220500,0.779500,0,1.0000
186,unconstrained_ppo,1,0.243924,0.756076,0,1.0000
186,unconstrained_ppo,2,0.351596,0.648404,0,1.0000
186,unconstrained_ppo,3,0.409707,0.590293,0,1.0000
186,unconstrained_ppo,4,0.420806,0.579194,0,1.0000
186,unconstrained_ppo,5,0.409886,0.590114,0,1.0000
186,unconstrained_ppo,6,0.404098,0.595902,0,1.0000
186,unconstrained_ppo,7,0.600460,0.399540,0,1.0000
187,unconstrained_ppo,0,0.242924,0.757076,0,1.0000
187,unconstrained_ppo,1,0.306497,0.693503,0,1.0000
187,unconstrained_ppo,2,0.378541,0.621459,0,1.0000
187,unconstrained_ppo,3,0.421085,0.578915,0,1.0000
187,unconstrained_ppo,4,0.404196,0.595804,0,1.0000
187,unconstrained_ppo,5,0.403774,0.596226,0,1.0000
187,unconstrained_ppo,6,0.403712,0.596288,0,1.0000
187,unconstrained_ppo,7,0.564962,0.435038,0,1.0000
188,unconstrained_ppo,0,0.155962,0.844038,0,1.0000
188,unconstrained_ppo,1,0.223873,0.776127,0,1.0000
188,unconstrained_ppo,2,0.309342,0.690658,0,1.0000
188,unconstrained_ppo,3,0.343534,0.656466,0,1.0000
188,unconstrained_ppo,4,0.341936,0.658064,0,1.0000
188,unconstrained_ppo,5,0.337426,0.662574,0,1.0000
188,unconstrained_ppo,6,0.337429,0.662571,0,1.0000
188,unconstrained_ppo,7,0.572557,0.427443,0,1.0000
189,unconstrained_ppo,0,0.299464,0.700536,0,1.0000
189,unconstrained_ppo,1,0.396667,0.603333,0,1.0000
189,unconstrained_ppo,2,0.474672,0.525328,0,1.0000
189,unconstrained_ppo,3,0.512338,0.487662,0,1.0000
189,unconstrained_ppo,4,0.519242,0.480758,0,1.0000
189,unconstrained_ppo,5,0.515469,0.484531,0,1.0000
189,unconstrained_ppo,6,0.511998,0.488002,0,1.0000
189,unconstrained_ppo,7,0.633149,0.366851,0,1.0000
190,unconstrained_ppo,0,0.284239,0.715761,0,1.0000
190,unconstrained_ppo,1,0.346752,0.653248,0,1.0000
190,unconstrained_ppo,2,0.433367,0.566633,0,1.0000
190,unconstrained_ppo,3,0.467750,0.532250,0,1.0000
190,unconstrained_ppo,4,0.464441,0.535559,0,1.0000
190,unconstrained_ppo,5,0.466783,0.533217,0,1.0000
190,unconstrained_ppo,6,0.466372,0.533628,0,1.0000
190,unconstrained_ppo,7,0.618441,0.381559,0,1.0000
191,unconstrained_ppo,0,0.221351,0.778649,0,1.0000
191,unconstrained_ppo,1,0.307181,0.692819,0,1.0000
191,unconstrained_ppo,2,0.421957,0.578043,0,1.0000
191,unconstrained_ppo,3,0.448670,0.551330,0,1.0000
191,unconstrained_ppo,4,0.450678,0.549322,0,1.0000
191,unconstrained_ppo,5,0.452755,0.547245,0,1.0000
191,unconstrained_ppo,6,0.452766,0.547234,0,1.0000
191,unconstrained_ppo,7,0.614931,0.385069,0,1.0000
192,unconstrained_ppo,0,0.262360,0.737640,0,1.0000
192,unconstrained_ppo,1,0.317663,0.682337,0,1.0000
192,unconstrained_ppo,2,0.433789,0.566211,0,1.0000
192,unconstrained_ppo,3,0.487253,0.512747,0,1.0000
192,unconstrained_ppo,4,0.490655,0.509345,0,1.0000
192,unconstrained_ppo,5,0.489729,0.510271,0,1.0000
192,unconstrained_ppo,6,0.485482,0.514518,0,1.0000
192,unconstrained_ppo,7,0.642284,0.357716,0,1.0000
193,unconstrained_ppo,0,0.215813,0.784187,0,1.0000
193,unconstrained_ppo,1,0.351185,0.648815,0,1.0000
193,unconstrained_ppo,2,0.392177,0.607823,0,1.0000
193,unconstrained_ppo,3,0.413642,0.586358,0,1.0000
193,unconstrained_ppo,4,0.419816,0.580184,0,1.0000
193,unconstrained_ppo,5,0.415806,0.584194,0,1.0000
193,unconstrained_ppo,6,0.415039,0.584961,0,1.0000
193,unconstrained_ppo,7,0.626606,0.373394,0,1.0000
194,unconstrained_ppo,0,0.293538,0.706462,0,1.0000
194,unconstrained_ppo,1,0.378077,0.621923,0,1.0000
194,unconstrained_ppo,2,0.482341,0.517659,0,1.0000
194,unconstrained_ppo,3,0.493202,0.506798,0,1.0000
194,unconstrained_ppo,4,0.497189,0.502811,0,1.0000
194,unconstrained_ppo,5,0.498725,0.501275,0,1.0000
194,unconstrained_ppo,6,0.498370,0.501630,0,1.0000
194,unconstrained_ppo,7,0.655071,0.344929,0,1.0000
195,unconstrained_ppo,0,0.260638,0.739362,0,1.0000
195,unconstrained_ppo,1,0.361693,0.638307,0,1.0000
195,unconstrained_ppo,2,0.407533,0.592467,0,1.0000
195,unconstrained_ppo,3,0.429338,0.570662,0,1.0000
195,unconstrained_ppo,4,0.425404,0.574596,0,1.0000
195,unconstrained_ppo,5,0.424294,0.575706,0,1.0000
195,unconstrained_ppo,6,0.423069,0.576931,0,1.0000
195,unconstrained_ppo,7,0.596342,0.403658,0,1.0000
196,unconstrained_ppo,0,0.224357,0.775643,0,1.0000
196,unconstrained_ppo,1,0.283641,0.716359,0,1.0000
196,unconstrained_ppo,2,0.356560,0.643440,0,1.0000
196,unconstrained_ppo,3,0.409088,0.590912,0,1.0000
196,unconstrained_ppo,4,0.403572,0.596428,0,1.0000
196,unconstrained_ppo,5,0.398688,0.601312,0,1.0000
196,unconstrained_ppo,6,0.398250,0.601750,0,1.0000
196,unconstrained_ppo,7,0.611195,0.388805,0,1.0000
197,unconstrained_ppo,0,0.294483,0.705517,0,1.0000
197,unconstrained_ppo,1,0.375053,0.624947,0,1.0000
197,unconstrained_ppo,2,0.393388,0.606612,0,1.0000
197,unconstrained_ppo,3,0.448015,0.551985,0,1.0000
197,unconstrained_ppo,4,0.450855,0.549145,0,1.0000
197,unconstrained_ppo,5,0.453055,0.546945,0,1.0000
197,unconstrained_ppo,6,0.452170,0.547830,0,1.0000
197,unconstrained_ppo,7,0.596540,0.403460,0,1.0000
198,unconstrained_ppo,0,0.233654,0.766346,0,1.0000
198,unconstrained_ppo,1,0.331857,0.668143,0,1.0000
198,unconstrained_ppo,2,0.389074,0.610926,0,1.0000
198,unconstrained_ppo,3,0.421370,0.578630,0,1.0000
198,unconstrained_ppo,4,0.431014,0.568986,0,1.0000
198,unconstrained_ppo,5,0.433024,0.566976,0,1.0000
198,unconstrained_ppo,6,0.432921,0.567079,0,1.0000
198,unconstrained_ppo,7,0.611487,0.388513,0,1.0000
199,unconstrained_ppo,0,0.271010,0.728990,0,1.0000
199,unconstrained_ppo,1,0.328531,0.671469,0,1.0000
199,unconstrained_ppo,2,0.425412,0.574588,0,1.0000
199,unconstrained_ppo,3,0.461393,0.538607,0,1.0000
199,unconstrained_ppo,4,0.446734,0.553266,0,1.0000
199,unconstrained_ppo,5,0.448314,0.551686,0,1.0000
199,unconstrained_ppo,6,0.447881,0.552119,0,1.0000
199,unconstrained_ppo,7,0.625772,0.374228,0,1.0000
0,random,0,0.004206,0.995794,0,1.0000
0,random,1,0.068304,0.931696,0,1.0000
0,random,2,0.314484,0.685516,0,1.0000
0,random,3,0.482392,0.517608,0,1.0000
0,random,4,0.000000,1.000000,0,1.0000
0,random,5,0.000000,1.000000,0,1.0000
0,random,6,0.000000,1.000000,0,1.0000
0,random,7,0.000000,1.000000,0,0.0030
1,random,0,0.060102,0.939898,0,1.0000
1,random,1,0.116678,0.883322,0,1.0000
1,random,2,0.000000,1.000000,0,0.5304
1,random,3,0.000000,1.000000,0,1.0000
1,random,4,0.000000,1.000000,0,1.0000
1,random,5,0.000000,1.000000,0,0.7951
1,random,6,0.000000,1.000000,0,0.5335
1,random,7,0.000000,1.000000,0,1.0000
2,random,0,0.010651,0.989349,0,1.0000
2,random,1,0.000000,1.000000,0,1.0000
2,random,2,0.000000,1.000000,0,0.7928
2,random,3,0.000000,1.000000,0,1.0000
2,random,4,0.000000,1.000000,0,1.0000
2,random,5,0.000000,1.000000,0,0.3150
2,random,6,0.000000,1.000000,0,0.8026
2,random,7,0.000000,1.000000,0,0.3150
3,random,0,0.118530,0.881470,0,1.0000
3,random,1,0.143334,0.856666,0,0.6579
3,random,2,0.149005,0.850995,0,0.9561
3,random,3,0.000000,1.000000,0,0.1280
3,random,4,0.000000,1.000000,0,1.0000
3,random,5,0.000000,1.000000,0,0.5299
3,random,6,0.000000,1.000000,0,1.0000
3,random,7,0.000000,1.000000,0,0.4464
4,random,0,0.048972,0.951028,0,0.0732
4,random,1,0.285554,0.714446,0,1.0000
4,random,2,0.358541,0.641459,0,1.0000
4,random,3,0.523123,0.476877,0,1.0000
4,random,4,0.000000,1.000000,0,0.3172
4,random,5,0.000000,1.000000,0,1.0000
4,random,6,0.000000,1.000000,0,0.2966
4,random,7,0.000000,1.000000,0,0.2966
5,random,0,0.075486,0.924514,0,1.0000
5,random,1,0.120593,0.879407,0,1.0000
5,random,2,0.311220,0.688780,0,1.0000
5,random,3,0.000000,1.000000,0,1.0000
5,random,4,0.000000,1.000000,0,1.0000
5,random,5,0.000000,1.000000,0,0.4854
5,random,6,0.000000,1.000000,0,1.0000
5,random,7,0.000000,1.000000,0,1.0000
6,random,0,0.000000,1.000000,0,1.0000
6,random,1,0.126240,0.873760,0,1.0000
6,random,2,0.132596,0.867404,0,1.0000
6,random,3,0.148404,0.851596,0,1.0000
6,random,4,0.000000,1.000000,0,1.0000
6,random,5,0.000000,1.000000,0,1.0000
6,random,6,0.000000,1.000000,0,0.0941
6,random,7,0.000000,1.000000,0,0.8811
7,random,0,0.030833,0.969167,0,1.0000
7,random,1,0.000000,1.000000,0,0.7871
7,random,2,0.000000,1.000000,0,1.0000
7,random,3,0.000000,1.000000,0,0.8151
7,random,4,0.000000,1.000000,0,1.0000
7,random,5,0.000000,1.000000,0,1.0000
7,random,6,0.000000,1.000000,0,0.0391
7,random,7,0.000000,1.000000,0,1.0000
8,random,0,0.044413,0.955587,0,0.0732
8,random,1,0.092257,0.907743,0,1.0000
8,random,2,0.161922,0.838078,0,1.0000
8,random,3,0.000000,1.000000,0,1.0000
8,random,4,0.000000,1.000000,0,0.0441
8,random,5,0.000000,1.000000,0,0.5896
8,random,6,0.000000,1.000000,0,1.0000
8,random,7,0.000000,1.000000,0,0.0079
9,random,0,0.021365,0.978635,0,0.0732
9,random,1,0.053919,0.946081,0,1.0000
9,random,2,0.057943,0.942057,0,1.0000
9,random,3,0.288172,0.711828,0,1.0000
9,random,4,0.291677,0.708323,0,1.0000
9,random,5,0.000000,1.000000,0,0.9789
9,random,6,0.000000,1.000000,0,0.9789
9,random,7,0.000000,1.000000,0,0.6801
10,random,0,0.009110,0.990890,0,1.0000
10,random,1,0.033233,0.966767,0,1.0000
10,random,2,0.040380,0.959620,0,1.0000
10,random,3,0.000000,1.000000,0,0.7969
10,random,4,0.000000,1.000000,0,0.7695
10,random,5,0.000000,1.000000,0,0.6658
10,random,6,0.000000,1.000000,0,0.4672
10,random,7,0.000000,1.000000,0,1.0000
11,random,0,0.026774,0.973226,0,1.0000
11,random,1,0.108292,0.891708,0,1.0000
11,random,2,0.330243,0.669757,0,1.0000
11,random,3,0.000000,1.000000,0,0.6595
11,random,4,0.000000,1.000000,0,0.6595
11,random,5,0.000000,1.000000,0,1.0000
11,random,6,0.000000,1.000000,0,0.0536
11,random,7,0.000000,1.000000,0,1.0000
12,random,0,0.004564,0.995436,0,1.0000
12,random,1,0.254400,0.745600,0,1.0000
12,random,2,0.263236,0.736764,0,0.3938
12,random,3,0.348372,0.651628,0,1.0000
12,random,4,0.360706,0.639294,0,1.0000
12,random,5,0.468221,0.531779,0,1.0000
12,random,6,0.000000,1.000000,0,1.0000
12,random,7,0.000000,1.000000,0,1.0000
13,random,0,0.121819,0.878181,0,1.0000
13,random,1,0.329402,0.670598,0,1.0000
13,random,2,0.000000,1.000000,0,0.0433
13,random,3,0.000000,1.000000,0,0.3409
13,random,4,0.000000,1.000000,0,1.0000
13,random,5,0.000000,1.000000,0,1.0000
13,random,6,0.000000,1.000000,0,0.8725
13,random,7,0.000000,1.000000,0,1.0000
14,random,0,0.102380,0.897620,0,1.0000
14,random,1,0.351496,0.648504,0,1.0000
14,random,2,0.000000,1.000000,0,0.0557
14,random,3,0.000000,1.000000,0,1.0000
14,random,4,0.000000,1.000000,0,0.0582
14,random,5,0.000000,1.000000,0,0.0582
14,random,6,0.000000,1.000000,0,1.0000
14,random,7,0.000000,1.000000,0,1.0000
15,random,0,0.022268,0.977732,0,1.0000
15,random,1,0.028638,0.971362,0,1.0000
15,random,2,0.105003,0.894997,0,1.0000
15,random,3,0.000000,1.000000,0,0.0357
15,random,4,0.000000,1.000000,0,0.0357
15,random,5,0.000000,1.000000,0,1.0000
15,random,6,0.000000,1.000000,0,1.0000
15,random,7,0.000000,1.000000,0,1.0000
16,random,0,0.053313,0.946687,0,1.0000
16,random,1,0.260840,0.739160,0,1.0000
16,random,2,0.288768,0.711232,0,1.0000
16,random,3,0.369761,0.630239,0,1.0000
16,random,4,0.566147,0.433853,0,1.0000
16,random,5,0.000000,1.000000,0,0.7120
16,random,6,0.000000,1.000000,0,0.3738
16,random,7,0.000000,1.000000,0,0.0424
17,random,0,0.000000,1.000000,0,1.0000
17,random,1,0.029335,0.970665,0,1.0000
17,random,2,0.028310,0.971690,0,1.0000
17,random,3,0.000000,1.000000,0,0.7969
17,random,4,0.000000,1.000000,0,0.7695
17,random,5,0.000000,1.000000,0,1.0000
17,random,6,0.000000,1.000000,0,0.2746
17,random,7,0.000000,1.000000,0,0.0201
18,random,0,0.001985,0.998015,0,1.0000
18,random,1,0.022418,0.977582,0,1.0000
18,random,2,0.000000,1.000000,0,0.8151
18,random,3,0.000000,1.000000,0,1.0000
18,random,4,0.000000,1.000000,0,1.0000
18,random,5,0.000000,1.000000,0,1.0000
18,random,6,0.000000,1.000000,0,1.0000
18,random,7,0.000000,1.000000,0,0.0812
19,random,0,0.030540,0.969460,0,1.0000
19,random,1,0.085857,0.914143,0,1.0000
19,random,2,0.118910,0.881090,0,1.0000
19,random,3,0.160667,0.839333,0,1.0000
19,random,4,0.000000,1.000000,0,0.1858
19,random,5,0.000000,1.000000,0,1.0000
19,random,6,0.000000,1.000000,0,1.0000
19,random,7,0.000000,1.000000,0,0.9717
20,random,0,0.024868,0.975132,0,1.0000
20,random,1,0.051205,0.948795,0,1.0000
20,random,2,0.276910,0.723090,0,1.0000
20,random,3,0.000000,1.000000,0,0.0100
20,random,4,0.000000,1.000000,0,1.0000
20,random,5,0.000000,1.000000,0,1.0000
20,random,6,0.000000,1.000000,0,0.9100
20,random,7,0.000000,1.000000,0,0.4366
21,random,0,0.024277,0.975723,0,1.0000
21,random,1,0.125675,0.874325,0,1.0000
21,random,2,0.394460,0.605540,0,1.0000
21,random,3,0.000000,1.000000,0,0.0051
21,random,4,0.000000,1.000000,0,1.0000
21,random,5,0.000000,1.000000,0,0.2740
21,random,6,0.000000,1.000000,0,1.0000
21,random,7,0.000000,1.000000,0,1.0000
22,random,0,0.061499,0.938501,0,1.0000
22,random,1,0.070343,0.929657,0,1.0000
22,random,2,0.181928,0.818072,0,1.0000
22,random,3,0.358316,0.641684,0,1.0000
22,random,4,0.000000,1.000000,0,0.2551
22,random,5,0.000000,1.000000,0,0.2551
22,random,6,0.000000,1.000000,0,0.2393
22,random,7,0.000000,1.000000,0,0.2287
23,random,0,0.000000,1.000000,0,1.0000
23,random,1,0.002545,0.997455,0,1.0000
23,random,2,0.114300,0.885700,0,1.0000
23,random,3,0.307740,0.692260,0,1.0000
23,random,4,0.560007,0.439993,0,1.0000
23,random,5,0.587253,0.412747,0,0.9416
23,random,6,0.000000,1.000000,0,0.0620
23,random,7,0.000000,1.000000,0,0.0620
24,random,0,0.024049,0.975951,0,1.0000
24,random,1,0.311329,0.688671,0,1.0000
24,random,2,0.399454,0.600546,0,1.0000
24,random,3,0.000000,1.000000,0,0.4440
24,random,4,0.000000,1.000000,0,0.2750
24,random,5,0.000000,1.000000,0,1.0000
24,random,6,0.000000,1.000000,0,1.0000
24,random,7,0.000000,1.000000,0,1.0000
25,random,0,0.019038,0.980962,0,1.0000
25,random,1,0.108099,0.891901,0,1.0000
25,random,2,0.000000,1.000000,0,1.0000
25,random,3,0.000000,1.000000,0,1.0000
25,random,4,0.000000,1.000000,0,0.9387
25,random,5,0.000000,1.000000,0,1.0000
25,random,6,0.000000,1.000000,0,1.0000
25,random,7,0.000000,1.000000,0,0.0336
26,random,0,0.005299,0.994701,0,1.0000
26,random,1,0.018051,0.981949,0,1.0000
26,random,2,0.122916,0.877084,0,1.0000
26,random,3,0.133454,0.866546,0,0.1720
26,random,4,0.000000,1.000000,0,0.0412
26,random,5,0.000000,1.000000,0,1.0000
26,random,6,0.000000,1.000000,0,0.1922
26,random,7,0.000000,1.000000,0,1.0000
27,random,0,0.000000,1.000000,0,1.0000
27,random,1,0.098113,0.901887,0,1.0000
27,random,2,0.174321,0.825679,0,1.0000
27,random,3,0.000000,1.000000,0,1.0000
27,random,4,0.000000,1.000000,0,0.4012
27,random,5,0.000000,1.000000,0,1.0000
27,random,6,0.000000,1.000000,0,1.0000
27,random,7,0.000000,1.000000,0,1.0000
28,random,0,0.007873,0.992127,0,1.0000
28,random,1,0.033062,0.966938,0,1.0000
28,random,2,0.159518,0.840482,0,1.0000
28,random,3,0.000000,1.000000,0,1.0000
28,random,4,0.000000,1.000000,0,1.0000
28,random,5,0.000000,1.000000,0,0.5212
28,random,6,0.000000,1.000000,0,1.0000
28,random,7,0.000000,1.000000,0,0.5707
29,random,0,0.033828,0.966172,0,1.0000
29,random,1,0.051611,0.948389,0,1.0000
29,random,2,0.169924,0.830076,0,1.0000
29,random,3,0.357075,0.642925,0,1.0000
29,random,4,0.000000,1.000000,0,0.5472
29,random,5,0.000000,1.000000,0,0.5209
29,random,6,0.000000,1.000000,0,1.0000
29,random,7,0.000000,1.000000,0,0.9100
30,random,0,0.039804,0.960196,0,1.0000
30,random,1,0.168257,0.831743,0,1.0000
30,random,2,0.338328,0.661672,0,1.0000
30,random,3,0.371846,0.628154,0,1.0000
30,random,4,0.000000,1.000000,0,0.0447
30,random,5,0.000000,1.000000,0,1.0000
30,random,6,0.000000,1.000000,0,1.0000
30,random,7,0.000000,1.000000,0,0.0212
31,random,0,0.137381,0.862619,0,1.0000
31,random,1,0.125932,0.874068,0,1.0000
31,random,2,0.295341,0.704659,0,1.0000
31,random,3,0.457109,0.542891,0,1.0000
31,random,4,0.000000,1.000000,0,0.2551
31,random,5,0.000000,1.000000,0,1.0000
31,random,6,0.000000,1.000000,0,0.9171
31,random,7,0.000000,1.000000,0,0.2302
32,random,0,0.105954,0.894046,0,1.0000
32,random,1,0.128159,0.871841,0,1.0000
32,random,2,0.258941,0.741059,0,1.0000
32,random,3,0.275737,0.724263,0,1.0000
32,random,4,0.320771,0.679229,0,1.0000
32,random,5,0.000000,1.000000,0,0.0535
32,random,6,0.000000,1.000000,0,0.8121
32,random,7,0.000000,1.000000,0,0.8121
33,random,0,0.068801,0.931199,0,1.0000
33,random,1,0.152029,0.847971,0,1.0000
33,random,2,0.000000,1.000000,0,0.2650
33,random,3,0.000000,1.000000,0,1.0000
33,random,4,0.000000,1.000000,0,0.1119
33,random,5,0.000000,1.000000,0,1.0000
33,random,6,0.000000,1.000000,0,0.0037
33,random,7,0.000000,1.000000,0,0.1924
34,random,0,0.145564,0.854436,0,0.3211
34,random,1,0.313175,0.686825,0,1.0000
34,random,2,0.337678,0.662322,0,1.0000
34,random,3,0.000000,1.000000,0,1.0000
34,random,4,0.000000,1.000000,0,1.0000
34,random,5,0.000000,1.000000,0,1.0000
34,random,6,0.000000,1.000000,0,0.4933
34,random,7,0.000000,1.000000,0,0.4933
35,random,0,0.099021,0.900979,0,1.0000
35,random,1,0.141293,0.858707,0,1.0000
35,random,2,0.254133,0.745867,0,0.4764
35,random,3,0.363433,0.636567,0,0.3722
35,random,4,0.454073,0.545927,0,1.0000
35,random,5,0.000000,1.000000,0,0.0441
35,random,6,0.000000,1.000000,0,1.0000
35,random,7,0.000000,1.000000,0,0.2302
36,random,0,0.217556,0.782444,0,1.0000
36,random,1,0.215786,0.784214,0,0.1156
36,random,2,0.000000,1.000000,0,0.2749
36,random,3,0.000000,1.000000,0,1.0000
36,random,4,0.000000,1.000000,0,1.0000
36,random,5,0.000000,1.000000,0,1.0000
36,random,6,0.000000,1.000000,0,0.2648
36,random,7,0.000000,1.000000,0,0.6183
37,random,0,0.034884,0.965116,0,1.0000
37,random,1,0.041553,0.958447,0,1.0000
37,random,2,0.000000,1.000000,0,0.7928
37,random,3,0.000000,1.000000,0,1.0000
37,random,4,0.000000,1.000000,0,0.2357
37,random,5,0.000000,1.000000,0,1.0000
37,random,6,0.000000,1.000000,0,0.7628
37,random,7,0.000000,1.000000,0,0.0309
38,random,0,0.175545,0.824455,0,0.3211
38,random,1,0.000000,1.000000,0,0.3142
38,random,2,0.000000,1.000000,0,1.0000
38,random,3,0.000000,1.000000,0,1.0000
38,random,4,0.000000,1.000000,0,0.7105
38,random,5,0.000000,1.000000,0,1.0000
38,random,6,0.000000,1.000000,0,1.0000
38,random,7,0.000000,1.000000,0,0.4318
39,random,0,0.034448,0.965552,0,1.0000
39,random,1,0.235236,0.764764,0,1.0000
39,random,2,0.315620,0.684380,0,1.0000
39,random,3,0.498175,0.501825,0,1.0000
39,random,4,0.000000,1.000000,0,0.1447
39,random,5,0.000000,1.000000,0,1.0000
39,random,6,0.000000,1.000000,0,0.1249
39,random,7,0.000000,1.000000,0,1.0000
40,random,0,0.202847,0.797153,0,1.0000
40,random,1,0.255168,0.744832,0,1.0000
40,random,2,0.355087,0.644913,0,1.0000
40,random,3,0.493144,0.506856,0,1.0000
40,random,4,0.000000,1.000000,0,0.7800
40,random,5,0.000000,1.000000,0,0.9403
40,random,6,0.000000,1.000000,0,0.2749
40,random,7,0.000000,1.000000,0,0.4406
41,random,0,0.018046,0.981954,0,0.0732
41,random,1,0.135233,0.864767,0,1.0000
41,random,2,0.336223,0.663777,0,1.0000
41,random,3,0.399192,0.600808,0,1.0000
41,random,4,0.449246,0.550754,0,1.0000
41,random,5,0.000000,1.000000,0,0.4969
41,random,6,0.000000,1.000000,0,0.1513
41,random,7,0.000000,1.000000,0,0.5682
42,random,0,0.024644,0.975356,0,1.0000
42,random,1,0.000000,1.000000,0,1.0000
42,random,2,0.000000,1.000000,0,1.0000
42,random,3,0.000000,1.000000,0,1.0000
42,random,4,0.000000,1.000000,0,1.0000
42,random,5,0.000000,1.000000,0,1.0000
42,random,6,0.000000,1.000000,0,1.0000
42,random,7,0.000000,1.000000,0,0.0805
43,random,0,0.000000,1.000000,0,1.0000
43,random,1,0.002995,0.997005,0,1.0000
43,random,2,0.000000,1.000000,0,0.7928
43,random,3,0.000000,1.000000,0,1.0000
43,random,4,0.000000,1.000000,0,1.0000
43,random,5,0.000000,1.000000,0,1.0000
43,random,6,0.000000,1.000000,0,1.0000
43,random,7,0.000000,1.000000,0,1.0000
44,random,0,0.016571,0.983429,0,1.0000
44,random,1,0.030068,0.969932,0,1.0000
44,random,2,0.000000,1.000000,0,0.7928
44,random,3,0.000000,1.000000,0,1.0000
44,random,4,0.000000,1.000000,0,1.0000
44,random,5,0.000000,1.000000,0,1.0000
44,random,6,0.000000,1.000000,0,0.8014
44,random,7,0.000000,1.000000,0,1.0000
45,random,0,0.182418,0.817582,0,1.0000
45,random,1,0.300478,0.699522,0,1.0000
45,random,2,0.000000,1.000000,0,0.2747
45,random,3,0.000000,1.000000,0,0.1999
45,random,4,0.000000,1.000000,0,1.0000
45,random,5,0.000000,1.000000,0,1.0000
45,random,6,0.000000,1.000000,0,0.2748
45,random,7,0.000000,1.000000,0,0.1789
46,random,0,0.158650,0.841350,0,0.3211
46,random,1,0.148663,0.851337,0,1.0000
46,random,2,0.000000,1.000000,0,0.4379
46,random,3,0.000000,1.000000,0,1.0000
46,random,4,0.000000,1.000000,0,0.3116
46,random,5,0.000000,1.000000,0,0.4391
46,random,6,0.000000,1.000000,0,1.0000
46,random,7,0.000000,1.000000,0,1.0000
47,random,0,0.027002,0.972998,0,0.0732
47,random,1,0.256923,0.743077,0,1.0000
47,random,2,0.402393,0.597607,0,1.0000
47,random,3,0.000000,1.000000,0,0.0411
47,random,4,0.000000,1.000000,0,0.0467
47,random,5,0.000000,1.000000,0,1.0000
47,random,6,0.000000,1.000000,0,1.0000
47,random,7,0.000000,1.000000,0,1.0000
48,random,0,0.000000,1.000000,0,1.0000
48,random,1,0.011023,0.988977,0,1.0000
48,random,2,0.289062,0.710938,0,1.0000
48,random,3,0.000000,1.000000,0,0.0099
48,random,4,0.000000,1.000000,0,1.0000
48,random,5,0.000000,1.000000,0,1.0000
48,random,6,0.000000,1.000000,0,1.0000
48,random,7,0.000000,1.000000,0,0.2535
49,random,0,0.300472,0.699528,0,1.0000
49,random,1,0.414080,0.585920,0,1.0000
49,random,2,0.413691,0.586309,0,1.0000
49,random,3,0.417543,0.582457,0,0.0425
49,random,4,0.000000,1.000000,0,1.0000
49,random,5,0.000000,1.000000,0,0.2708
49,random,6,0.000000,1.000000,0,1.0000
49,random,7,0.000000,1.000000,0,1.0000
50,random,0,0.092050,0.907950,0,1.0000
50,random,1,0.080659,0.919341,0,1.0000
50,random,2,0.211725,0.788275,0,1.0000
50,random,3,0.000000,1.000000,0,0.6595
50,random,4,0.000000,1.000000,0,1.0000
50,random,5,0.000000,1.000000,0,1.0000
50,random,6,0.000000,1.000000,0,0.3114
50,random,7,0.000000,1.000000,0,0.0169
51,random,0,0.025144,0.974856,0,1.0000
51,random,1,0.033270,0.966730,0,1.0000
51,random,2,0.020372,0.979628,0,1.0000
51,random,3,0.300065,0.699935,0,1.0000
51,random,4,0.319796,0.680204,0,1.0000
51,random,5,0.000000,1.000000,0,0.8151
51,random,6,0.000000,1.000000,0,1.0000
51,random,7,0.000000,1.000000,0,1.0000
52,random,0,0.000000,1.000000,0,1.0000
52,random,1,0.211171,0.788829,0,1.0000
52,random,2,0.000000,1.000000,0,0.7234
52,random,3,0.000000,1.000000,0,0.1441
52,random,4,0.000000,1.000000,0,1.0000
52,random,5,0.000000,1.000000,0,0.9388
52,random,6,0.000000,1.000000,0,1.0000
52,random,7,0.000000,1.000000,0,1.0000
53,random,0,0.006798,0.993202,0,1.0000
53,random,1,0.165736,0.834264,0,1.0000
53,random,2,0.169812,0.830188,0,1.0000
53,random,3,0.000000,1.000000,0,0.6355
53,random,4,0.000000,1.000000,0,1.0000
53,random,5,0.000000,1.000000,0,0.1371
53,random,6,0.000000,1.000000,0,0.2620
53,random,7,0.000000,1.000000,0,0.0079
54,random,0,0.027480,0.972520,0,1.0000
54,random,1,0.035307,0.964693,0,1.0000
54,random,2,0.132678,0.867322,0,1.0000
54,random,3,0.139201,0.860799,0,0.1720
54,random,4,0.141310,0.858690,0,1.0000
54,random,5,0.000000,1.000000,0,0.5085
54,random,6,0.000000,1.000000,0,1.0000
54,random,7,0.000000,1.000000,0,1.0000
55,random,0,0.011360,0.988640,0,1.0000
55,random,1,0.000000,1.000000,0,0.3237
55,random,2,0.000000,1.000000,0,1.0000
55,random,3,0.000000,1.000000,0,0.7705
55,random,4,0.000000,1.000000,0,1.0000
55,random,5,0.000000,1.000000,0,1.0000
55,random,6,0.000000,1.000000,0,0.4469
55,random,7,0.000000,1.000000,0,1.0000
56,random,0,0.079793,0.920207,0,1.0000
56,random,1,0.123841,0.876159,0,1.0000
56,random,2,0.164874,0.835126,0,0.5456
56,random,3,0.223279,0.776721,0,1.0000
56,random,4,0.000000,1.000000,0,0.0474
56,random,5,0.000000,1.000000,0,1.0000
56,random,6,0.000000,1.000000,0,1.0000
56,random,7,0.000000,1.000000,0,0.6183
57,random,0,0.018546,0.981454,0,1.0000
57,random,1,0.000000,1.000000,0,0.3237
57,random,2,0.000000,1.000000,0,1.0000
57,random,3,0.000000,1.000000,0,0.0058
57,random,4,0.000000,1.000000,0,1.0000
57,random,5,0.000000,1.000000,0,0.0480
57,random,6,0.000000,1.000000,0,1.0000
57,random,7,0.000000,1.000000,0,0.2700
58,random,0,0.089908,0.910092,0,1.0000
58,random,1,0.105149,0.894851,0,0.6579
58,random,2,0.135129,0.864871,0,1.0000
58,random,3,0.138551,0.861449,0,0.2518
58,random,4,0.000000,1.000000,0,1.0000
58,random,5,0.000000,1.000000,0,1.0000
58,random,6,0.000000,1.000000,0,0.2821
58,random,7,0.000000,1.000000,0,0.2821
59,random,0,0.111024,0.888976,0,0.3211
59,random,1,0.000000,1.000000,0,0.3142
59,random,2,0.000000,1.000000,0,1.0000
59,random,3,0.000000,1.000000,0,1.0000
59,random,4,0.000000,1.000000,0,1.0000
59,random,5,0.000000,1.000000,0,1.0000
59,random,6,0.000000,1.000000,0,1.0000
59,random,7,0.000000,1.000000,0,0.7708
60,random,0,0.095928,0.904072,0,1.0000
60,random,1,0.137708,0.862292,0,0.3360
60,random,2,0.363368,0.636632,0,1.0000
60,random,3,0.336194,0.663806,0,1.0000
60,random,4,0.445242,0.554758,0,1.0000
60,random,5,0.000000,1.000000,0,0.8375
60,random,6,0.000000,1.000000,0,0.8152
60,random,7,0.000000,1.000000,0,0.2648
61,random,0,0.161310,0.838690,0,0.3211
61,random,1,0.314768,0.685232,0,1.0000
61,random,2,0.000000,1.000000,0,0.0502
61,random,3,0.000000,1.000000,0,0.8308
61,random,4,0.000000,1.000000,0,0.0411
61,random,5,0.000000,1.000000,0,0.4200
61,random,6,0.000000,1.000000,0,1.0000
61,random,7,0.000000,1.000000,0,0.2912
62,random,0,0.042731,0.957269,0,1.0000
62,random,1,0.112282,0.887718,0,1.0000
62,random,2,0.317035,0.682965,0,1.0000
62,random,3,0.000000,1.000000,0,0.0438
62,random,4,0.000000,1.000000,0,0.8708
62,random,5,0.000000,1.000000,0,1.0000
62,random,6,0.000000,1.000000,0,0.5299
62,random,7,0.000000,1.000000,0,0.0211
63,random,0,0.082922,0.917078,0,1.0000
63,random,1,0.089041,0.910959,0,1.0000
63,random,2,0.095761,0.904239,0,1.0000
63,random,3,0.000000,1.000000,0,0.5956
63,random,4,0.000000,1.000000,0,1.0000
63,random,5,0.000000,1.000000,0,0.7521
63,random,6,0.000000,1.000000,0,1.0000
63,random,7,0.000000,1.000000,0,1.0000
64,random,0,0.066998,0.933002,0,0.3211
64,random,1,0.161591,0.838409,0,1.0000
64,random,2,0.153223,0.846777,0,0.1999
64,random,3,0.157374,0.842626,0,1.0000
64,random,4,0.000000,1.000000,0,0.2655
64,random,5,0.000000,1.000000,0,0.2283
64,random,6,0.000000,1.000000,0,1.0000
64,random,7,0.000000,1.000000,0,0.4514
65,random,0,0.015876,0.984124,0,0.0732
65,random,1,0.021770,0.978230,0,1.0000
65,random,2,0.019571,0.980429,0,1.0000
65,random,3,0.253003,0.746997,0,0.3383
65,random,4,0.433734,0.566266,0,1.0000
65,random,5,0.000000,1.000000,0,0.1514
65,random,6,0.000000,1.000000,0,0.1789
65,random,7,0.000000,1.000000,0,0.1789
66,random,0,0.269272,0.730728,0,1.0000
66,random,1,0.269582,0.730418,0,0.1156
66,random,2,0.000000,1.000000,0,0.0285
66,random,3,0.000000,1.000000,0,1.0000
66,random,4,0.000000,1.000000,0,1.0000
66,random,5,0.000000,1.000000,0,1.0000
66,random,6,0.000000,1.000000,0,0.5642
66,random,7,0.000000,1.000000,0,1.0000
67,random,0,0.036461,0.963539,0,1.0000
67,random,1,0.147491,0.852509,0,1.0000
67,random,2,0.154000,0.846000,0,1.0000
67,random,3,0.313173,0.686827,0,1.0000
67,random,4,0.000000,1.000000,0,1.0000
67,random,5,0.000000,1.000000,0,1.0000
67,random,6,0.000000,1.000000,0,1.0000
67,random,7,0.000000,1.000000,0,0.2373
68,random,0,0.228539,0.771461,0,1.0000
68,random,1,0.243934,0.756066,0,1.0000
68,random,2,0.000000,1.000000,0,1.0000
68,random,3,0.000000,1.000000,0,0.3938
68,random,4,0.000000,1.000000,0,0.0820
68,random,5,0.000000,1.000000,0,1.0000
68,random,6,0.000000,1.000000,0,0.2655
68,random,7,0.000000,1.000000,0,1.0000
69,random,0,0.098722,0.901278,0,1.0000
69,random,1,0.275949,0.724051,0,1.0000
69,random,2,0.317895,0.682105,0,1.0000
69,random,3,0.379976,0.620024,0,1.0000
69,random,4,0.427884,0.572116,0,1.0000
69,random,5,0.525522,0.474478,0,1.0000
69,random,6,0.000000,1.000000,0,0.1153
69,random,7,0.000000,1.000000,0,0.0361
70,random,0,0.000000,1.000000,0,1.0000
70,random,1,0.022457,0.977543,0,1.0000
70,random,2,0.298187,0.701813,0,1.0000
70,random,3,0.331938,0.668062,0,1.0000
70,random,4,0.000000,1.000000,0,0.2744
70,random,5,0.000000,1.000000,0,0.2744
70,random,6,0.000000,1.000000,0,1.0000
70,random,7,0.000000,1.000000,0,0.0213
71,random,0,0.018264,0.981736,0,1.0000
71,random,1,0.131268,0.868732,0,1.0000
71,random,2,0.270781,0.729219,0,0.8167
71,random,3,0.000000,1.000000,0,0.0582
71,random,4,0.000000,1.000000,0,1.0000
71,random,5,0.000000,1.000000,0,1.0000
71,random,6,0.000000,1.000000,0,1.0000
71,random,7,0.000000,1.000000,0,0.9723
72,random,0,0.000000,1.000000,0,1.0000
72,random,1,0.056238,0.943762,0,1.0000
72,random,2,0.230434,0.769566,0,1.0000
72,random,3,0.000000,1.000000,0,0.9387
72,random,4,0.000000,1.000000,0,1.0000
72,random,5,0.000000,1.000000,0,0.0523
72,random,6,0.000000,1.000000,0,1.0000
72,random,7,0.000000,1.000000,0,0.0528
73,random,0,0.245081,0.754919,0,1.0000
73,random,1,0.000000,1.000000,0,0.2738
73,random,2,0.000000,1.000000,0,1.0000
73,random,3,0.000000,1.000000,0,0.0557
73,random,4,0.000000,1.000000,0,1.0000
73,random,5,0.000000,1.000000,0,0.5180
73,random,6,0.000000,1.000000,0,0.5180
73,random,7,0.000000,1.000000,0,1.0000
74,random,0,0.035677,0.964323,0,1.0000
74,random,1,0.041142,0.958858,0,1.0000
74,random,2,0.201007,0.798993,0,0.4837
74,random,3,0.000000,1.000000,0,0.7159
74,random,4,0.000000,1.000000,0,1.0000
74,random,5,0.000000,1.000000,0,0.1634
74,random,6,0.000000,1.000000,0,1.0000
74,random,7,0.000000,1.000000,0,1.0000
75,random,0,0.071517,0.928483,0,1.0000
75,random,1,0.065118,0.934882,0,1.0000
75,random,2,0.316508,0.683492,0,1.0000
75,random,3,0.000000,1.000000,0,1.0000
75,random,4,0.000000,1.000000,0,1.0000
75,random,5,0.000000,1.000000,0,0.0881
75,random,6,0.000000,1.000000,0,1.0000
75,random,7,0.000000,1.000000,0,0.1075
76,random,0,0.097792,0.902208,0,1.0000
76,random,1,0.127044,0.872956,0,1.0000
76,random,2,0.000000,1.000000,0,0.7244
76,random,3,0.000000,1.000000,0,1.0000
76,random,4,0.000000,1.000000,0,1.0000
76,random,5,0.000000,1.000000,0,0.6658
76,random,6,0.000000,1.000000,0,0.6658
76,random,7,0.000000,1.000000,0,1.0000
77,random,0,0.027882,0.972118,0,1.0000
77,random,1,0.056414,0.943586,0,1.0000
77,random,2,0.000000,1.000000,0,0.1424
77,random,3,0.000000,1.000000,0,1.0000
77,random,4,0.000000,1.000000,0,0.6619
77,random,5,0.000000,1.000000,0,0.2012
77,random,6,0.000000,1.000000,0,0.3150
77,random,7,0.000000,1.000000,0,1.0000
78,random,0,0.021345,0.978655,0,0.0732
78,random,1,0.045388,0.954612,0,1.0000
78,random,2,0.244067,0.755933,0,1.0000
78,random,3,0.000000,1.000000,0,0.3678
78,random,4,0.000000,1.000000,0,0.7465
78,random,5,0.000000,1.000000,0,0.3678
78,random,6,0.000000,1.000000,0,1.0000
78,random,7,0.000000,1.000000,0,0.8139
79,random,0,0.033562,0.966438,0,0.0732
79,random,1,0.000000,1.000000,0,0.1204
79,random,2,0.000000,1.000000,0,1.0000
79,random,3,0.000000,1.000000,0,0.6000
79,random,4,0.000000,1.000000,0,1.0000
79,random,5,0.000000,1.000000,0,1.0000
79,random,6,0.000000,1.000000,0,1.0000
79,random,7,0.000000,1.000000,0,1.0000
80,random,0,0.085286,0.914714,0,0.3211
80,random,1,0.092172,0.907828,0,1.0000
80,random,2,0.306755,0.693245,0,1.0000
80,random,3,0.440417,0.559583,0,1.0000
80,random,4,0.542378,0.457622,0,1.0000
80,random,5,0.541707,0.458293,0,1.0000
80,random,6,0.553430,0.446570,0,0.0609
80,random,7,0.000000,1.000000,0,0.2840
81,random,0,0.033750,0.966250,0,0.0732
81,random,1,0.150975,0.849025,0,1.0000
81,random,2,0.000000,1.000000,0,0.6000
81,random,3,0.000000,1.000000,0,0.6000
81,random,4,0.000000,1.000000,0,1.0000
81,random,5,0.000000,1.000000,0,0.4200
81,random,6,0.000000,1.000000,0,1.0000
81,random,7,0.000000,1.000000,0,1.0000
82,random,0,0.011229,0.988771,0,1.0000
82,random,1,0.004794,0.995206,0,1.0000
82,random,2,0.390067,0.609933,0,1.0000
82,random,3,0.000000,1.000000,0,0.4440
82,random,4,0.000000,1.000000,0,1.0000
82,random,5,0.000000,1.000000,0,0.9074
82,random,6,0.000000,1.000000,0,0.6096
82,random,7,0.000000,1.000000,0,1.0000
83,random,0,0.031932,0.968068,0,0.0732
83,random,1,0.016671,0.983329,0,1.0000
83,random,2,0.132269,0.867731,0,1.0000
83,random,3,0.298320,0.701680,0,1.0000
83,random,4,0.000000,1.000000,0,1.0000
83,random,5,0.000000,1.000000,0,0.8596
83,random,6,0.000000,1.000000,0,1.0000
83,random,7,0.000000,1.000000,0,0.0734
84,random,0,0.000000,1.000000,0,1.0000
84,random,1,0.000000,1.000000,0,0.3237
84,random,2,0.000000,1.000000,0,1.0000
84,random,3,0.000000,1.000000,0,1.0000
84,random,4,0.000000,1.000000,0,0.9771
84,random,5,0.000000,1.000000,0,0.9771
84,random,6,0.000000,1.000000,0,1.0000
84,random,7,0.000000,1.000000,0,0.0070
85,random,0,0.235039,0.764961,0,1.0000
85,random,1,0.233229,0.766771,0,0.2358
85,random,2,0.367695,0.632305,0,1.0000
85,random,3,0.370288,0.629712,0,1.0000
85,random,4,0.441661,0.558339,0,1.0000
85,random,5,0.449456,0.550544,0,1.0000
85,random,6,0.000000,1.000000,0,0.9879
85,random,7,0.000000,1.000000,0,0.7980
86,random,0,0.002114,0.997886,0,1.0000
86,random,1,0.030966,0.969034,0,1.0000
86,random,2,0.000000,1.000000,0,0.6955
86,random,3,0.000000,1.000000,0,1.0000
86,random,4,0.000000,1.000000,0,1.0000
86,random,5,0.000000,1.000000,0,0.9388
86,random,6,0.000000,1.000000,0,0.9388
86,random,7,0.000000,1.000000,0,0.9388
87,random,0,0.025710,0.974290,0,1.0000
87,random,1,0.056343,0.943657,0,1.0000
87,random,2,0.087966,0.912034,0,1.0000
87,random,3,0.189165,0.810835,0,1.0000
87,random,4,0.284510,0.715490,0,1.0000
87,random,5,0.000000,1.000000,0,0.6801
87,random,6,0.000000,1.000000,0,1.0000
87,random,7,0.000000,1.000000,0,0.6491
88,random,0,0.000000,1.000000,0,1.0000
88,random,1,0.110369,0.889631,0,1.0000
88,random,2,0.317603,0.682397,0,1.0000
88,random,3,0.337557,0.662443,0,1.0000
88,random,4,0.000000,1.000000,0,0.5239
88,random,5,0.000000,1.000000,0,0.4003
88,random,6,0.000000,1.000000,0,0.4003
88,random,7,0.000000,1.000000,0,0.5239
89,random,0,0.112538,0.887462,0,1.0000
89,random,1,0.177206,0.822794,0,1.0000
89,random,2,0.208061,0.791939,0,1.0000
89,random,3,0.000000,1.000000,0,0.1347
89,random,4,0.000000,1.000000,0,0.0366
89,random,5,0.000000,1.000000,0,0.4854
89,random,6,0.000000,1.000000,0,1.0000
89,random,7,0.000000,1.000000,0,0.7699
90,random,0,0.065845,0.934155,0,1.0000
90,random,1,0.178213,0.821787,0,1.0000
90,random,2,0.234216,0.765784,0,0.4764
90,random,3,0.000000,1.000000,0,0.9226
90,random,4,0.000000,1.000000,0,1.0000
90,random,5,0.000000,1.000000,0,1.0000
90,random,6,0.000000,1.000000,0,0.7522
90,random,7,0.000000,1.000000,0,1.0000
91,random,0,0.107966,0.892034,0,1.0000
91,random,1,0.180065,0.819935,0,1.0000
91,random,2,0.000000,1.000000,0,0.5304
91,random,3,0.000000,1.000000,0,0.8167
91,random,4,0.000000,1.000000,0,1.0000
91,random,5,0.000000,1.000000,0,1.0000
91,random,6,0.000000,1.000000,0,0.2853
91,random,7,0.000000,1.000000,0,1.0000
92,random,0,0.102479,0.897521,0,1.0000
92,random,1,0.143271,0.856729,0,0.3360
92,random,2,0.269437,0.730563,0,1.0000
92,random,3,0.332090,0.667910,0,1.0000
92,random,4,0.000000,1.000000,0,0.0545
92,random,5,0.000000,1.000000,0,0.8806
92,random,6,0.000000,1.000000,0,0.7093
92,random,7,0.000000,1.000000,0,0.7093
93,random,0,0.087501,0.912499,0,1.0000
93,random,1,0.000000,1.000000,0,0.2738
93,random,2,0.000000,1.000000,0,0.1156
93,random,3,0.000000,1.000000,0,0.0285
93,random,4,0.000000,1.000000,0,0.2749
93,random,5,0.000000,1.000000,0,0.2749
93,random,6,0.000000,1.000000,0,1.0000
93,random,7,0.000000,1.000000,0,1.0000
94,random,0,0.031679,0.968321,0,1.0000
94,random,1,0.050183,0.949817,0,1.0000
94,random,2,0.062938,0.937062,0,1.0000
94,random,3,0.161041,0.838959,0,0.9688
94,random,4,0.463995,0.536005,0,1.0000
94,random,5,0.484834,0.515166,0,1.0000
94,random,6,0.000000,1.000000,0,1.0000
94,random,7,0.000000,1.000000,0,1.0000
95,random,0,0.000000,1.000000,0,1.0000
95,random,1,0.044526,0.955474,0,1.0000
95,random,2,0.193679,0.806321,0,0.5456
95,random,3,0.223289,0.776711,0,1.0000
95,random,4,0.000000,1.000000,0,0.6499
95,random,5,0.000000,1.000000,0,0.6499
95,random,6,0.000000,1.000000,0,1.0000
95,random,7,0.000000,1.000000,0,0.2877
96,random,0,0.021762,0.978238,0,0.0732
96,random,1,0.004372,0.995628,0,1.0000
96,random,2,0.204936,0.795064,0,1.0000
96,random,3,0.309104,0.690896,0,1.0000
96,random,4,0.000000,1.000000,0,1.0000
96,random,5,0.000000,1.000000,0,0.4581
96,random,6,0.000000,1.000000,0,0.2581
96,random,7,0.000000,1.000000,0,0.2581
97,random,0,0.212827,0.787173,0,0.3211
97,random,1,0.249767,0.750233,0,1.0000
97,random,2,0.251894,0.748106,0,1.0000
97,random,3,0.395055,0.604945,0,1.0000
97,random,4,0.000000,1.000000,0,1.0000
97,random,5,0.000000,1.000000,0,1.0000
97,random,6,0.000000,1.000000,0,1.0000
97,random,7,0.000000,1.000000,0,1.0000
98,random,0,0.019828,0.980172,0,1.0000
98,random,1,0.197158,0.802842,0,1.0000
98,random,2,0.000000,1.000000,0,0.5304
98,random,3,0.000000,1.000000,0,1.0000
98,random,4,0.000000,1.000000,0,0.0366
98,random,5,0.000000,1.000000,0,0.4290
98,random,6,0.000000,1.000000,0,1.0000
98,random,7,0.000000,1.000000,0,1.0000
99,random,0,0.035363,0.964637,0,1.0000
99,random,1,0.047741,0.952259,0,1.0000
99,random,2,0.000000,1.000000,0,0.5356
99,random,3,0.000000,1.000000,0,1.0000
99,random,4,0.000000,1.000000,0,1.0000
99,random,5,0.000000,1.000000,0,0.0820
99,random,6,0.000000,1.000000,0,1.0000
99,random,7,0.000000,1.000000,0,0.0874
100,random,0,0.000000,1.000000,0,1.0000
100,random,1,0.000000,1.000000,0,0.7871
100,random,2,0.000000,1.000000,0,1.0000
100,random,3,0.000000,1.000000,0,0.8165
100,random,4,0.000000,1.000000,0,0.8165
100,random,5,0.000000,1.000000,0,0.5456
100,random,6,0.000000,1.000000,0,1.0000
100,random,7,0.000000,1.000000,0,1.0000
101,random,0,0.000000,1.000000,0,1.0000
101,random,1,0.144582,0.855418,0,1.0000
101,random,2,0.170006,0.829994,0,1.0000
101,random,3,0.279131,0.720869,0,0.6467
101,random,4,0.285737,0.714263,0,1.0000
101,random,5,0.473111,0.526889,0,1.0000
101,random,6,0.000000,1.000000,0,0.4545
101,random,7,0.000000,1.000000,0,0.2704
102,random,0,0.008375,0.991625,0,1.0000
102,random,1,0.131057,0.868943,0,1.0000
102,random,2,0.387195,0.612805,0,1.0000
102,random,3,0.000000,1.000000,0,0.2978
102,random,4,0.000000,1.000000,0,1.0000
102,random,5,0.000000,1.000000,0,1.0000
102,random,6,0.000000,1.000000,0,0.4616
102,random,7,0.000000,1.000000,0,1.0000
103,random,0,0.032823,0.967177,0,1.0000
103,random,1,0.074542,0.925458,0,1.0000
103,random,2,0.000000,1.000000,0,0.5356
103,random,3,0.000000,1.000000,0,0.4837
103,random,4,0.000000,1.000000,0,1.0000
103,random,5,0.000000,1.000000,0,1.0000
103,random,6,0.000000,1.000000,0,1.0000
103,random,7,0.000000,1.000000,0,1.0000
104,random,0,0.000000,1.000000,0,1.0000
104,random,1,0.000381,0.999619,0,1.0000
104,random,2,0.127114,0.872886,0,1.0000
104,random,3,0.000000,1.000000,0,1.0000
104,random,4,0.000000,1.000000,0,0.0357
104,random,5,0.000000,1.000000,0,0.0380
104,random,6,0.000000,1.000000,0,1.0000
104,random,7,0.000000,1.000000,0,1.0000
105,random,0,0.031580,0.968420,0,1.0000
105,random,1,0.053111,0.946889,0,1.0000
105,random,2,0.326085,0.673915,0,1.0000
105,random,3,0.446233,0.553767,0,1.0000
105,random,4,0.562263,0.437737,0,1.0000
105,random,5,0.000000,1.000000,0,0.2741
105,random,6,0.000000,1.000000,0,0.0528
105,random,7,0.000000,1.000000,0,1.0000
106,random,0,0.263740,0.736260,0,1.0000
106,random,1,0.312681,0.687319,0,1.0000
106,random,2,0.000000,1.000000,0,0.2749
106,random,3,0.000000,1.000000,0,0.8005
106,random,4,0.000000,1.000000,0,1.0000
106,random,5,0.000000,1.000000,0,0.6962
106,random,6,0.000000,1.000000,0,0.8506
106,random,7,0.000000,1.000000,0,0.3663
107,random,0,0.032918,0.967082,0,1.0000
107,random,1,0.022900,0.977100,0,1.0000
107,random,2,0.296844,0.703156,0,1.0000
107,random,3,0.310333,0.689667,0,0.8760
107,random,4,0.354531,0.645469,0,1.0000
107,random,5,0.000000,1.000000,0,0.1494
107,random,6,0.000000,1.000000,0,0.7790
107,random,7,0.000000,1.000000,0,0.2718
108,random,0,0.014230,0.985770,0,1.0000
108,random,1,0.146059,0.853941,0,1.0000
108,random,2,0.000000,1.000000,0,0.5304
108,random,3,0.000000,1.000000,0,1.0000
108,random,4,0.000000,1.000000,0,0.5368
108,random,5,0.000000,1.000000,0,1.0000
108,random,6,0.000000,1.000000,0,1.0000
108,random,7,0.000000,1.000000,0,0.7354
109,random,0,0.113444,0.886556,0,1.0000
109,random,1,0.286523,0.713477,0,1.0000
109,random,2,0.259071,0.740929,0,1.0000
109,random,3,0.349774,0.650226,0,1.0000
109,random,4,0.381818,0.618182,0,1.0000
109,random,5,0.000000,1.000000,0,0.1928
109,random,6,0.000000,1.000000,0,1.0000
109,random,7,0.000000,1.000000,0,0.0347
110,random,0,0.171400,0.828600,0,1.0000
110,random,1,0.274610,0.725390,0,1.0000
110,random,2,0.275245,0.724755,0,1.0000
110,random,3,0.000000,1.000000,0,0.1838
110,random,4,0.000000,1.000000,0,0.1838
110,random,5,0.000000,1.000000,0,1.0000
110,random,6,0.000000,1.000000,0,0.2287
110,random,7,0.000000,1.000000,0,0.1199
111,random,0,0.038129,0.961871,0,1.0000
111,random,1,0.056508,0.943492,0,1.0000
111,random,2,0.000000,1.000000,0,0.7928
111,random,3,0.000000,1.000000,0,1.0000
111,random,4,0.000000,1.000000,0,0.7769
111,random,5,0.000000,1.000000,0,1.0000
111,random,6,0.000000,1.000000,0,0.1615
111,random,7,0.000000,1.000000,0,0.1685
112,random,0,0.015455,0.984545,0,0.0732
112,random,1,0.000000,1.000000,0,0.1204
112,random,2,0.000000,1.000000,0,1.0000
112,random,3,0.000000,1.000000,0,1.0000
112,random,4,0.000000,1.000000,0,1.0000
112,random,5,0.000000,1.000000,0,0.8334
112,random,6,0.000000,1.000000,0,1.0000
112,random,7,0.000000,1.000000,0,1.0000
113,random,0,0.000000,1.000000,0,1.0000
113,random,1,0.191171,0.808829,0,1.0000
113,random,2,0.000000,1.000000,0,0.0475
113,random,3,0.000000,1.000000,0,0.4238
113,random,4,0.000000,1.000000,0,1.0000
113,random,5,0.000000,1.000000,0,0.0347
113,random,6,0.000000,1.000000,0,0.1663
113,random,7,0.000000,1.000000,0,0.0480
114,random,0,0.070613,0.929387,0,0.3211
114,random,1,0.348342,0.651658,0,1.0000
114,random,2,0.468793,0.531207,0,1.0000
114,random,3,0.472702,0.527298,0,0.3101
114,random,4,0.466611,0.533389,0,0.1669
114,random,5,0.468646,0.531354,0,1.0000
114,random,6,0.627495,0.372505,0,1.0000
114,random,7,0.000000,1.000000,0,0.7171
115,random,0,0.043189,0.956811,0,0.0732
115,random,1,0.048552,0.951448,0,1.0000
115,random,2,0.000000,1.000000,0,0.6955
115,random,3,0.000000,1.000000,0,1.0000
115,random,4,0.000000,1.000000,0,1.0000
115,random,5,0.000000,1.000000,0,1.0000
115,random,6,0.000000,1.000000,0,0.5096
115,random,7,0.000000,1.000000,0,1.0000
116,random,0,0.101778,0.898222,0,1.0000
116,random,1,0.101240,0.898760,0,1.0000
116,random,2,0.119794,0.880206,0,0.6444
116,random,3,0.160576,0.839424,0,1.0000
116,random,4,0.301564,0.698436,0,1.0000
116,random,5,0.000000,1.000000,0,0.4933
116,random,6,0.000000,1.000000,0,1.0000
116,random,7,0.000000,1.000000,0,0.0424
117,random,0,0.017468,0.982532,0,1.0000
117,random,1,0.018071,0.981929,0,1.0000
117,random,2,0.123088,0.876912,0,1.0000
117,random,3,0.149744,0.850256,0,1.0000
117,random,4,0.000000,1.000000,0,1.0000
117,random,5,0.000000,1.000000,0,0.9277
117,random,6,0.000000,1.000000,0,1.0000
117,random,7,0.000000,1.000000,0,1.0000
118,random,0,0.029392,0.970608,0,1.0000
118,random,1,0.094213,0.905787,0,1.0000
118,random,2,0.081005,0.918995,0,1.0000
118,random,3,0.161358,0.838642,0,1.0000
118,random,4,0.000000,1.000000,0,0.2325
118,random,5,0.000000,1.000000,0,1.0000
118,random,6,0.000000,1.000000,0,0.1658
118,random,7,0.000000,1.000000,0,0.3154
119,random,0,0.215268,0.784732,0,1.0000
119,random,1,0.340103,0.659897,0,1.0000
119,random,2,0.343398,0.656602,0,0.7213
119,random,3,0.334397,0.665603,0,1.0000
119,random,4,0.000000,1.000000,0,0.5327
119,random,5,0.000000,1.000000,0,0.2708
119,random,6,0.000000,1.000000,0,1.0000
119,random,7,0.000000,1.000000,0,0.2708
120,random,0,0.015302,0.984698,0,1.0000
120,random,1,0.025714,0.974286,0,1.0000
120,random,2,0.213625,0.786375,0,1.0000
120,random,3,0.346157,0.653843,0,1.0000
120,random,4,0.000000,1.000000,0,0.7420
120,random,5,0.000000,1.000000,0,1.0000
120,random,6,0.000000,1.000000,0,0.0246
120,random,7,0.000000,1.000000,0,1.0000
121,random,0,0.021313,0.978687,0,1.0000
121,random,1,0.083740,0.916260,0,1.0000
121,random,2,0.106106,0.893894,0,1.0000
121,random,3,0.000000,1.000000,0,0.1347
121,random,4,0.000000,1.000000,0,0.1347
121,random,5,0.000000,1.000000,0,1.0000
121,random,6,0.000000,1.000000,0,1.0000
121,random,7,0.000000,1.000000,0,1.0000
122,random,0,0.065909,0.934091,0,1.0000
122,random,1,0.166759,0.833241,0,1.0000
122,random,2,0.333888,0.666112,0,1.0000
122,random,3,0.000000,1.000000,0,0.8708
122,random,4,0.000000,1.000000,0,0.5044
122,random,5,0.000000,1.000000,0,1.0000
122,random,6,0.000000,1.000000,0,1.0000
122,random,7,0.000000,1.000000,0,1.0000
123,random,0,0.017758,0.982242,0,0.0732
123,random,1,0.181955,0.818045,0,1.0000
123,random,2,0.180261,0.819739,0,1.0000
123,random,3,0.000000,1.000000,0,0.9455
123,random,4,0.000000,1.000000,0,1.0000
123,random,5,0.000000,1.000000,0,1.0000
123,random,6,0.000000,1.000000,0,0.2912
123,random,7,0.000000,1.000000,0,1.0000
124,random,0,0.009480,0.990520,0,1.0000
124,random,1,0.027834,0.972166,0,1.0000
124,random,2,0.000000,1.000000,0,1.0000
124,random,3,0.000000,1.000000,0,1.0000
124,random,4,0.000000,1.000000,0,0.3229
124,random,5,0.000000,1.000000,0,1.0000
124,random,6,0.000000,1.000000,0,1.0000
124,random,7,0.000000,1.000000,0,0.2935
125,random,0,0.020296,0.979704,0,0.0732
125,random,1,0.062135,0.937865,0,1.0000
125,random,2,0.062892,0.937108,0,1.0000
125,random,3,0.000000,1.000000,0,0.7456
125,random,4,0.000000,1.000000,0,0.7456
125,random,5,0.000000,1.000000,0,0.2357
125,random,6,0.000000,1.000000,0,1.0000
125,random,7,0.000000,1.000000,0,1.0000
126,random,0,0.000000,1.000000,0,1.0000
126,random,1,0.084645,0.915355,0,1.0000
126,random,2,0.410206,0.589794,0,1.0000
126,random,3,0.493003,0.506997,0,0.3600
126,random,4,0.000000,1.000000,0,0.5355
126,random,5,0.000000,1.000000,0,0.0536
126,random,6,0.000000,1.000000,0,0.5847
126,random,7,0.000000,1.000000,0,0.5847
127,random,0,0.007551,0.992449,0,1.0000
127,random,1,0.021112,0.978888,0,1.0000
127,random,2,0.285761,0.714239,0,1.0000
127,random,3,0.000000,1.000000,0,0.2742
127,random,4,0.000000,1.000000,0,1.0000
127,random,5,0.000000,1.000000,0,1.0000
127,random,6,0.000000,1.000000,0,0.3429
127,random,7,0.000000,1.000000,0,0.2750
128,random,0,0.117097,0.882903,0,0.3211
128,random,1,0.324097,0.675903,0,1.0000
128,random,2,0.365973,0.634027,0,0.8308
128,random,3,0.380047,0.619953,0,1.0000
128,random,4,0.000000,1.000000,0,1.0000
128,random,5,0.000000,1.000000,0,1.0000
128,random,6,0.000000,1.000000,0,1.0000
128,random,7,0.000000,1.000000,0,0.2852
129,random,0,0.026642,0.973358,0,1.0000
129,random,1,0.056443,0.943557,0,1.0000
129,random,2,0.159338,0.840662,0,1.0000
129,random,3,0.000000,1.000000,0,0.8165
129,random,4,0.000000,1.000000,0,0.8165
129,random,5,0.000000,1.000000,0,1.0000
129,random,6,0.000000,1.000000,0,1.0000
129,random,7,0.000000,1.000000,0,0.1058
130,random,0,0.019985,0.980015,0,1.0000
130,random,1,0.000000,1.000000,0,1.0000
130,random,2,0.044052,0.955948,0,1.0000
130,random,3,0.129704,0.870296,0,0.2357
130,random,4,0.436174,0.563826,0,1.0000
130,random,5,0.000000,1.000000,0,0.5335
130,random,6,0.000000,1.000000,0,1.0000
130,random,7,0.000000,1.000000,0,1.0000
131,random,0,0.073714,0.926286,0,1.0000
131,random,1,0.000000,1.000000,0,0.4046
131,random,2,0.000000,1.000000,0,0.4046
131,random,3,0.000000,1.000000,0,0.3360
131,random,4,0.000000,1.000000,0,1.0000
131,random,5,0.000000,1.000000,0,1.0000
131,random,6,0.000000,1.000000,0,1.0000
131,random,7,0.000000,1.000000,0,1.0000
132,random,0,0.047644,0.952356,0,1.0000
132,random,1,0.130374,0.869626,0,1.0000
132,random,2,0.290754,0.709246,0,1.0000
132,random,3,0.338723,0.661277,0,1.0000
132,random,4,0.387799,0.612201,0,0.1371
132,random,5,0.000000,1.000000,0,0.4464
132,random,6,0.000000,1.000000,0,0.5161
132,random,7,0.000000,1.000000,0,1.0000
133,random,0,0.127034,0.872966,0,1.0000
133,random,1,0.179230,0.820770,0,1.0000
133,random,2,0.206036,0.793964,0,1.0000
133,random,3,0.206011,0.793989,0,1.0000
133,random,4,0.000000,1.000000,0,1.0000
133,random,5,0.000000,1.000000,0,0.5456
133,random,6,0.000000,1.000000,0,1.0000
133,random,7,0.000000,1.000000,0,1.0000
134,random,0,0.000000,1.000000,0,1.0000
134,random,1,0.125578,0.874422,0,1.0000
134,random,2,0.000000,1.000000,0,0.0034
134,random,3,0.000000,1.000000,0,1.0000
134,random,4,0.000000,1.000000,0,1.0000
134,random,5,0.000000,1.000000,0,0.4003
134,random,6,0.000000,1.000000,0,1.0000
134,random,7,0.000000,1.000000,0,0.0805
135,random,0,0.019408,0.980592,0,1.0000
135,random,1,0.107178,0.892822,0,1.0000
135,random,2,0.272274,0.727726,0,0.6405
135,random,3,0.274536,0.725464,0,1.0000
135,random,4,0.350459,0.649541,0,1.0000
135,random,5,0.645990,0.354010,0,1.0000
135,random,6,0.000000,1.000000,0,0.8286
135,random,7,0.000000,1.000000,0,0.0057
136,random,0,0.122197,0.877803,0,0.3211
136,random,1,0.184764,0.815236,0,1.0000
136,random,2,0.277745,0.722255,0,0.1441
136,random,3,0.351990,0.648010,0,1.0000
136,random,4,0.000000,1.000000,0,0.3269
136,random,5,0.000000,1.000000,0,0.3269
136,random,6,0.000000,1.000000,0,0.3269
136,random,7,0.000000,1.000000,0,0.9388
137,random,0,0.112808,0.887192,0,0.3211
137,random,1,0.332428,0.667572,0,1.0000
137,random,2,0.000000,1.000000,0,0.2747
137,random,3,0.000000,1.000000,0,0.2747
137,random,4,0.000000,1.000000,0,1.0000
137,random,5,0.000000,1.000000,0,0.1913
137,random,6,0.000000,1.000000,0,1.0000
137,random,7,0.000000,1.000000,0,1.0000
138,random,0,0.005547,0.994453,0,1.0000
138,random,1,0.038153,0.961847,0,1.0000
138,random,2,0.062031,0.937969,0,0.5456
138,random,3,0.000000,1.000000,0,0.8057
138,random,4,0.000000,1.000000,0,0.2410
138,random,5,0.000000,1.000000,0,0.2410
138,random,6,0.000000,1.000000,0,1.0000
138,random,7,0.000000,1.000000,0,0.8082
139,random,0,0.243818,0.756182,0,1.0000
139,random,1,0.237987,0.762013,0,1.0000
139,random,2,0.319181,0.680819,0,1.0000
139,random,3,0.316928,0.683072,0,1.0000
139,random,4,0.444160,0.555840,0,1.0000
139,random,5,0.556924,0.443076,0,1.0000
139,random,6,0.000000,1.000000,0,0.1109
139,random,7,0.000000,1.000000,0,1.0000
140,random,0,0.010044,0.989956,0,1.0000
140,random,1,0.253058,0.746942,0,1.0000
140,random,2,0.398741,0.601259,0,1.0000
140,random,3,0.486277,0.513723,0,1.0000
140,random,4,0.513008,0.486992,0,1.0000
140,random,5,0.000000,1.000000,0,0.0354
140,random,6,0.000000,1.000000,0,0.0213
140,random,7,0.000000,1.000000,0,0.0213
141,random,0,0.099972,0.900028,0,0.3211
141,random,1,0.000000,1.000000,0,0.3142
141,random,2,0.000000,1.000000,0,1.0000
141,random,3,0.000000,1.000000,0,1.0000
141,random,4,0.000000,1.000000,0,1.0000
141,random,5,0.000000,1.000000,0,1.0000
141,random,6,0.000000,1.000000,0,0.2748
141,random,7,0.000000,1.000000,0,1.0000
142,random,0,0.008078,0.991922,0,1.0000
142,random,1,0.170409,0.829591,0,1.0000
142,random,2,0.175947,0.824053,0,1.0000
142,random,3,0.211268,0.788732,0,1.0000
142,random,4,0.000000,1.000000,0,0.0949
142,random,5,0.000000,1.000000,0,0.5684
142,random,6,0.000000,1.000000,0,0.8110
142,random,7,0.000000,1.000000,0,0.9881
143,random,0,0.106639,0.893361,0,1.0000
143,random,1,0.133275,0.866725,0,0.6579
143,random,2,0.149744,0.850256,0,1.0000
143,random,3,0.000000,1.000000,0,0.5956
143,random,4,0.000000,1.000000,0,1.0000
143,random,5,0.000000,1.000000,0,0.4672
143,random,6,0.000000,1.000000,0,0.5110
143,random,7,0.000000,1.000000,0,1.0000
144,random,0,0.017764,0.982236,0,1.0000
144,random,1,0.186507,0.813493,0,1.0000
144,random,2,0.000000,1.000000,0,0.5304
144,random,3,0.000000,1.000000,0,0.8476
144,random,4,0.000000,1.000000,0,1.0000
144,random,5,0.000000,1.000000,0,1.0000
144,random,6,0.000000,1.000000,0,1.0000
144,random,7,0.000000,1.000000,0,1.0000
145,random,0,0.000000,1.000000,0,1.0000
145,random,1,0.018116,0.981884,0,1.0000
145,random,2,0.249089,0.750911,0,0.5453
145,random,3,0.262806,0.737194,0,1.0000
145,random,4,0.338075,0.661925,0,1.0000
145,random,5,0.506080,0.493920,0,1.0000
145,random,6,0.000000,1.000000,0,0.0158
145,random,7,0.000000,1.000000,0,0.4153
146,random,0,0.000000,1.000000,0,1.0000
146,random,1,0.070795,0.929205,0,1.0000
146,random,2,0.182174,0.817826,0,1.0000
146,random,3,0.000000,1.000000,0,0.8212
146,random,4,0.000000,1.000000,0,1.0000
146,random,5,0.000000,1.000000,0,1.0000
146,random,6,0.000000,1.000000,0,0.2023
146,random,7,0.000000,1.000000,0,1.0000
147,random,0,0.082850,0.917150,0,0.3211
147,random,1,0.097257,0.902743,0,1.0000
147,random,2,0.114110,0.885890,0,1.0000
147,random,3,0.258901,0.741099,0,1.0000
147,random,4,0.000000,1.000000,0,0.7024
147,random,5,0.000000,1.000000,0,0.3554
147,random,6,0.000000,1.000000,0,0.7024
147,random,7,0.000000,1.000000,0,1.0000
148,random,0,0.130305,0.869695,0,1.0000
148,random,1,0.145714,0.854286,0,1.0000
148,random,2,0.338328,0.661672,0,1.0000
148,random,3,0.342727,0.657273,0,1.0000
148,random,4,0.448902,0.551098,0,0.9323
148,random,5,0.000000,1.000000,0,0.8139
148,random,6,0.000000,1.000000,0,0.1552
148,random,7,0.000000,1.000000,0,0.0003
149,random,0,0.109366,0.890634,0,1.0000
149,random,1,0.269176,0.730824,0,1.0000
149,random,2,0.287168,0.712832,0,1.0000
149,random,3,0.316400,0.683600,0,1.0000
149,random,4,0.414171,0.585829,0,1.0000
149,random,5,0.508102,0.491898,0,1.0000
149,random,6,0.000000,1.000000,0,0.1109
149,random,7,0.000000,1.000000,0,0.8807
150,random,0,0.048030,0.951970,0,1.0000
150,random,1,0.076533,0.923467,0,1.0000
150,random,2,0.313541,0.686459,0,1.0000
150,random,3,0.369186,0.630814,0,1.0000
150,random,4,0.000000,1.000000,0,1.0000
150,random,5,0.000000,1.000000,0,1.0000
150,random,6,0.000000,1.000000,0,0.0208
150,random,7,0.000000,1.000000,0,0.0874
151,random,0,0.038467,0.961533,0,1.0000
151,random,1,0.157714,0.842286,0,1.0000
151,random,2,0.158210,0.841790,0,1.0000
151,random,3,0.000000,1.000000,0,0.0441
151,random,4,0.000000,1.000000,0,0.0441
151,random,5,0.000000,1.000000,0,1.0000
151,random,6,0.000000,1.000000,0,0.8982
151,random,7,0.000000,1.000000,0,1.0000
152,random,0,0.029767,0.970233,0,1.0000
152,random,1,0.124891,0.875109,0,1.0000
152,random,2,0.308281,0.691719,0,1.0000
152,random,3,0.000000,1.000000,0,0.0498
152,random,4,0.000000,1.000000,0,1.0000
152,random,5,0.000000,1.000000,0,1.0000
152,random,6,0.000000,1.000000,0,1.0000
152,random,7,0.000000,1.000000,0,0.7354
153,random,0,0.022610,0.977390,0,1.0000
153,random,1,0.032423,0.967577,0,1.0000
153,random,2,0.084429,0.915571,0,1.0000
153,random,3,0.335102,0.664898,0,1.0000
153,random,4,0.000000,1.000000,0,0.1058
153,random,5,0.000000,1.000000,0,0.0447
153,random,6,0.000000,1.000000,0,0.7912
153,random,7,0.000000,1.000000,0,0.7951
154,random,0,0.218323,0.781677,0,1.0000
154,random,1,0.000000,1.000000,0,0.2738
154,random,2,0.000000,1.000000,0,1.0000
154,random,3,0.000000,1.000000,0,0.7213
154,random,4,0.000000,1.000000,0,0.2750
154,random,5,0.000000,1.000000,0,1.0000
154,random,6,0.000000,1.000000,0,1.0000
154,random,7,0.000000,1.000000,0,1.0000
155,random,0,0.025195,0.974805,0,1.0000
155,random,1,0.029238,0.970762,0,1.0000
155,random,2,0.039960,0.960040,0,0.1181
155,random,3,0.250411,0.749589,0,1.0000
155,random,4,0.000000,1.000000,0,0.5684
155,random,5,0.000000,1.000000,0,0.9881
155,random,6,0.000000,1.000000,0,0.7874
155,random,7,0.000000,1.000000,0,0.3154
156,random,0,0.090653,0.909347,0,1.0000
156,random,1,0.096379,0.903621,0,1.0000
156,random,2,0.000000,1.000000,0,0.7244
156,random,3,0.000000,1.000000,0,1.0000
156,random,4,0.000000,1.000000,0,0.5891
156,random,5,0.000000,1.000000,0,0.7991
156,random,6,0.000000,1.000000,0,1.0000
156,random,7,0.000000,1.000000,0,1.0000
157,random,0,0.048189,0.951811,0,0.0732
157,random,1,0.248229,0.751771,0,1.0000
157,random,2,0.315626,0.684374,0,1.0000
157,random,3,0.313994,0.686006,0,1.0000
157,random,4,0.000000,1.000000,0,1.0000
157,random,5,0.000000,1.000000,0,0.2668
157,random,6,0.000000,1.000000,0,1.0000
157,random,7,0.000000,1.000000,0,0.4351
158,random,0,0.064054,0.935946,0,1.0000
158,random,1,0.091696,0.908304,0,1.0000
158,random,2,0.000000,1.000000,0,0.0264
158,random,3,0.000000,1.000000,0,0.7244
158,random,4,0.000000,1.000000,0,0.7244
158,random,5,0.000000,1.000000,0,0.7244
158,random,6,0.000000,1.000000,0,1.0000
158,random,7,0.000000,1.000000,0,1.0000
159,random,0,0.092333,0.907667,0,1.0000
159,random,1,0.000000,1.000000,0,0.0114
159,random,2,0.000000,1.000000,0,0.6579
159,random,3,0.000000,1.000000,0,1.0000
159,random,4,0.000000,1.000000,0,1.0000
159,random,5,0.000000,1.000000,0,0.0393
159,random,6,0.000000,1.000000,0,0.0393
159,random,7,0.000000,1.000000,0,0.5472
160,random,0,0.000000,1.000000,0,1.0000
160,random,1,0.188748,0.811252,0,1.0000
160,random,2,0.000000,1.000000,0,0.2749
160,random,3,0.000000,1.000000,0,0.0285
160,random,4,0.000000,1.000000,0,1.0000
160,random,5,0.000000,1.000000,0,0.2978
160,random,6,0.000000,1.000000,0,1.0000
160,random,7,0.000000,1.000000,0,0.0161
161,random,0,0.000000,1.000000,0,1.0000
161,random,1,0.238620,0.761380,0,1.0000
161,random,2,0.238279,0.761721,0,1.0000
161,random,3,0.321190,0.678810,0,1.0000
161,random,4,0.000000,1.000000,0,0.2737
161,random,5,0.000000,1.000000,0,0.5997
161,random,6,0.000000,1.000000,0,0.6280
161,random,7,0.000000,1.000000,0,0.5150
162,random,0,0.122852,0.877148,0,1.0000
162,random,1,0.119817,0.880183,0,0.9170
162,random,2,0.368536,0.631464,0,1.0000
162,random,3,0.362617,0.637383,0,1.0000
162,random,4,0.000000,1.000000,0,0.0447
162,random,5,0.000000,1.000000,0,1.0000
162,random,6,0.000000,1.000000,0,1.0000
162,random,7,0.000000,1.000000,0,1.0000
163,random,0,0.099434,0.900566,0,1.0000
163,random,1,0.000000,1.000000,0,0.4046
163,random,2,0.000000,1.000000,0,1.0000
163,random,3,0.000000,1.000000,0,0.4238
163,random,4,0.000000,1.000000,0,1.0000
163,random,5,0.000000,1.000000,0,1.0000
163,random,6,0.000000,1.000000,0,1.0000
163,random,7,0.000000,1.000000,0,0.1249
164,random,0,0.019862,0.980138,0,0.0732
164,random,1,0.000000,1.000000,0,0.1204
164,random,2,0.000000,1.000000,0,1.0000
164,random,3,0.000000,1.000000,0,1.0000
164,random,4,0.000000,1.000000,0,0.4200
164,random,5,0.000000,1.000000,0,1.0000
164,random,6,0.000000,1.000000,0,1.0000
164,random,7,0.000000,1.000000,0,0.0463
165,random,0,0.184928,0.815072,0,1.0000
165,random,1,0.258274,0.741726,0,1.0000
165,random,2,0.353898,0.646102,0,0.8975
165,random,3,0.353325,0.646675,0,1.0000
165,random,4,0.359364,0.640636,0,1.0000
165,random,5,0.526077,0.473923,0,1.0000
165,random,6,0.590414,0.409586,0,1.0000
165,random,7,0.000000,1.000000,0,0.3538
166,random,0,0.000000,1.000000,0,0.0732
166,random,1,0.000000,1.000000,0,1.0000
166,random,2,0.184711,0.815289,0,1.0000
166,random,3,0.000000,1.000000,0,0.2747
166,random,4,0.000000,1.000000,0,1.0000
166,random,5,0.000000,1.000000,0,0.2749
166,random,6,0.000000,1.000000,0,0.7942
166,random,7,0.000000,1.000000,0,0.0793
167,random,0,0.022905,0.977095,0,0.0732
167,random,1,0.038520,0.961480,0,1.0000
167,random,2,0.272667,0.727333,0,1.0000
167,random,3,0.417381,0.582619,0,1.0000
167,random,4,0.576294,0.423706,0,1.0000
167,random,5,0.000000,1.000000,0,0.4366
167,random,6,0.000000,1.000000,0,1.0000
167,random,7,0.000000,1.000000,0,0.1153
168,random,0,0.046891,0.953109,0,1.0000
168,random,1,0.065332,0.934668,0,1.0000
168,random,2,0.069609,0.930391,0,1.0000
168,random,3,0.144362,0.855638,0,0.2012
168,random,4,0.149078,0.850922,0,1.0000
168,random,5,0.000000,1.000000,0,0.0309
168,random,6,0.000000,1.000000,0,0.5085
168,random,7,0.000000,1.000000,0,1.0000
169,random,0,0.041331,0.958669,0,1.0000
169,random,1,0.247807,0.752193,0,1.0000
169,random,2,0.355239,0.644761,0,1.0000
169,random,3,0.356634,0.643366,0,0.3229
169,random,4,0.583722,0.416278,0,0.6392
169,random,5,0.000000,1.000000,0,0.2134
169,random,6,0.000000,1.000000,0,0.8725
169,random,7,0.000000,1.000000,0,0.0389
170,random,0,0.284287,0.715713,0,1.0000
170,random,1,0.298133,0.701867,0,1.0000
170,random,2,0.336533,0.663467,0,1.0000
170,random,3,0.389459,0.610541,0,1.0000
170,random,4,0.400486,0.599514,0,1.0000
170,random,5,0.402375,0.597625,0,1.0000
170,random,6,0.000000,1.000000,0,0.1910
170,random,7,0.000000,1.000000,0,1.0000
171,random,0,0.000874,0.999126,0,1.0000
171,random,1,0.026529,0.973471,0,1.0000
171,random,2,0.226748,0.773252,0,1.0000
171,random,3,0.000000,1.000000,0,0.0582
171,random,4,0.000000,1.000000,0,1.0000
171,random,5,0.000000,1.000000,0,0.2283
171,random,6,0.000000,1.000000,0,1.0000
171,random,7,0.000000,1.000000,0,1.0000
172,random,0,0.011455,0.988545,0,0.0732
172,random,1,0.104187,0.895813,0,1.0000
172,random,2,0.000000,1.000000,0,0.0147
172,random,3,0.000000,1.000000,0,1.0000
172,random,4,0.000000,1.000000,0,1.0000
172,random,5,0.000000,1.000000,0,1.0000
172,random,6,0.000000,1.000000,0,1.0000
172,random,7,0.000000,1.000000,0,0.0274
173,random,0,0.009400,0.990600,0,1.0000
173,random,1,0.082339,0.917661,0,1.0000
173,random,2,0.258959,0.741041,0,1.0000
173,random,3,0.276861,0.723139,0,1.0000
173,random,4,0.319502,0.680498,0,1.0000
173,random,5,0.346460,0.653540,0,1.0000
173,random,6,0.562257,0.437743,0,0.9871
173,random,7,0.000000,1.000000,0,0.0218
174,random,0,0.129579,0.870421,0,1.0000
174,random,1,0.245747,0.754253,0,1.0000
174,random,2,0.268916,0.731084,0,1.0000
174,random,3,0.283872,0.716128,0,1.0000
174,random,4,0.000000,1.000000,0,0.0274
174,random,5,0.000000,1.000000,0,0.7024
174,random,6,0.000000,1.000000,0,1.0000
174,random,7,0.000000,1.000000,0,0.0127
175,random,0,0.000000,1.000000,0,1.0000
175,random,1,0.009314,0.990686,0,1.0000
175,random,2,0.007250,0.992750,0,1.0000
175,random,3,0.096902,0.903098,0,0.2012
175,random,4,0.000000,1.000000,0,0.8026
175,random,5,0.000000,1.000000,0,1.0000
175,random,6,0.000000,1.000000,0,0.7785
175,random,7,0.000000,1.000000,0,1.0000
176,random,0,0.168882,0.831118,0,0.3211
176,random,1,0.000000,1.000000,0,0.3142
176,random,2,0.000000,1.000000,0,0.3142
176,random,3,0.000000,1.000000,0,1.0000
176,random,4,0.000000,1.000000,0,1.0000
176,random,5,0.000000,1.000000,0,1.0000
176,random,6,0.000000,1.000000,0,0.7371
176,random,7,0.000000,1.000000,0,1.0000
177,random,0,0.106679,0.893321,0,0.3211
177,random,1,0.119409,0.880591,0,1.0000
177,random,2,0.267044,0.732956,0,1.0000
177,random,3,0.000000,1.000000,0,0.9387
177,random,4,0.000000,1.000000,0,1.0000
177,random,5,0.000000,1.000000,0,1.0000
177,random,6,0.000000,1.000000,0,0.1199
177,random,7,0.000000,1.000000,0,0.6990
178,random,0,0.082499,0.917501,0,1.0000
178,random,1,0.161651,0.838349,0,1.0000
178,random,2,0.177790,0.822210,0,1.0000
178,random,3,0.000000,1.000000,0,0.2410
178,random,4,0.000000,1.000000,0,0.8057
178,random,5,0.000000,1.000000,0,0.4110
178,random,6,0.000000,1.000000,0,0.3359
178,random,7,0.000000,1.000000,0,0.4905
179,random,0,0.082630,0.917370,0,1.0000
179,random,1,0.268952,0.731048,0,0.5226
179,random,2,0.000000,1.000000,0,0.0502
179,random,3,0.000000,1.000000,0,1.0000
179,random,4,0.000000,1.000000,0,1.0000
179,random,5,0.000000,1.000000,0,1.0000
179,random,6,0.000000,1.000000,0,1.0000
179,random,7,0.000000,1.000000,0,0.2173
180,random,0,0.010642,0.989358,0,1.0000
180,random,1,0.050704,0.949296,0,1.0000
180,random,2,0.059660,0.940340,0,1.0000
180,random,3,0.000000,1.000000,0,0.8170
180,random,4,0.000000,1.000000,0,1.0000
180,random,5,0.000000,1.000000,0,1.0000
180,random,6,0.000000,1.000000,0,0.9012
180,random,7,0.000000,1.000000,0,0.2969
181,random,0,0.008546,0.991454,0,0.0732
181,random,1,0.219744,0.780256,0,1.0000
181,random,2,0.000000,1.000000,0,0.4803
181,random,3,0.000000,1.000000,0,0.4803
181,random,4,0.000000,1.000000,0,1.0000
181,random,5,0.000000,1.000000,0,1.0000
181,random,6,0.000000,1.000000,0,0.3756
181,random,7,0.000000,1.000000,0,0.3756
182,random,0,0.021678,0.978322,0,0.0732
182,random,1,0.000000,1.000000,0,0.1204
182,random,2,0.000000,1.000000,0,1.0000
182,random,3,0.000000,1.000000,0,1.0000
182,random,4,0.000000,1.000000,0,0.0042
182,random,5,0.000000,1.000000,0,1.0000
182,random,6,0.000000,1.000000,0,0.0114
182,random,7,0.000000,1.000000,0,1.0000
183,random,0,0.057559,0.942441,0,1.0000
183,random,1,0.142987,0.857013,0,1.0000
183,random,2,0.255760,0.744240,0,1.0000
183,random,3,0.255375,0.744625,0,1.0000
183,random,4,0.292877,0.707123,0,1.0000
183,random,5,0.501037,0.498963,0,1.0000
183,random,6,0.000000,1.000000,0,0.4539
183,random,7,0.000000,1.000000,0,0.3319
184,random,0,0.033591,0.966409,0,1.0000
184,random,1,0.044027,0.955973,0,1.0000
184,random,2,0.213070,0.786930,0,1.0000
184,random,3,0.307168,0.692832,0,1.0000
184,random,4,0.327014,0.672986,0,1.0000
184,random,5,0.000000,1.000000,0,0.7318
184,random,6,0.000000,1.000000,0,0.7964
184,random,7,0.000000,1.000000,0,1.0000
185,random,0,0.080311,0.919689,0,1.0000
185,random,1,0.273077,0.726923,0,0.5226
185,random,2,0.466723,0.533277,0,1.0000
185,random,3,0.000000,1.000000,0,0.5535
185,random,4,0.000000,1.000000,0,0.5535
185,random,5,0.000000,1.000000,0,0.3101
185,random,6,0.000000,1.000000,0,1.0000
185,random,7,0.000000,1.000000,0,1.0000
186,random,0,0.177141,0.822859,0,0.3211
186,random,1,0.385105,0.614895,0,1.0000
186,random,2,0.385313,0.614687,0,0.1999
186,random,3,0.391883,0.608117,0,1.0000
186,random,4,0.558718,0.441282,0,1.0000
186,random,5,0.000000,1.000000,0,0.0463
186,random,6,0.000000,1.000000,0,0.0463
186,random,7,0.000000,1.000000,0,0.0441
187,random,0,0.064744,0.935256,0,1.0000
187,random,1,0.239365,0.760635,0,1.0000
187,random,2,0.434985,0.565015,0,0.8216
187,random,3,0.459495,0.540505,0,1.0000
187,random,4,0.000000,1.000000,0,0.0357
187,random,5,0.000000,1.000000,0,1.0000
187,random,6,0.000000,1.000000,0,1.0000
187,random,7,0.000000,1.000000,0,0.5503
188,random,0,0.000000,1.000000,0,0.0732
188,random,1,0.113716,0.886284,0,1.0000
188,random,2,0.131765,0.868235,0,1.0000
188,random,3,0.367807,0.632193,0,1.0000
188,random,4,0.000000,1.000000,0,0.2672
188,random,5,0.000000,1.000000,0,1.0000
188,random,6,0.000000,1.000000,0,0.3737
188,random,7,0.000000,1.000000,0,1.0000
189,random,0,0.046648,0.953352,0,1.0000
189,random,1,0.114576,0.885424,0,1.0000
189,random,2,0.000000,1.000000,0,0.5356
189,random,3,0.000000,1.000000,0,1.0000
189,random,4,0.000000,1.000000,0,0.2357
189,random,5,0.000000,1.000000,0,0.0114
189,random,6,0.000000,1.000000,0,1.0000
189,random,7,0.000000,1.000000,0,1.0000
190,random,0,0.029930,0.970070,0,0.0732
190,random,1,0.041787,0.958213,0,1.0000
190,random,2,0.232898,0.767102,0,1.0000
190,random,3,0.241584,0.758416,0,1.0000
190,random,4,0.448956,0.551044,0,1.0000
190,random,5,0.000000,1.000000,0,0.2748
190,random,6,0.000000,1.000000,0,0.7481
190,random,7,0.000000,1.000000,0,0.1514
191,random,0,0.221351,0.778649,0,1.0000
191,random,1,0.235409,0.764591,0,1.0000
191,random,2,0.255771,0.744229,0,0.0829
191,random,3,0.426714,0.573286,0,1.0000
191,random,4,0.444953,0.555047,0,0.2368
191,random,5,0.000000,1.000000,0,0.7980
191,random,6,0.000000,1.000000,0,0.3912
191,random,7,0.000000,1.000000,0,0.2746
192,random,0,0.000000,1.000000,0,1.0000
192,random,1,0.061927,0.938073,0,1.0000
192,random,2,0.374866,0.625134,0,1.0000
192,random,3,0.000000,1.000000,0,0.0051
192,random,4,0.000000,1.000000,0,0.2552
192,random,5,0.000000,1.000000,0,1.0000
192,random,6,0.000000,1.000000,0,1.0000
192,random,7,0.000000,1.000000,0,1.0000
193,random,0,0.015281,0.984719,0,0.0732
193,random,1,0.038281,0.961719,0,1.0000
193,random,2,0.354400,0.645600,0,1.0000
193,random,3,0.412916,0.587084,0,1.0000
193,random,4,0.421975,0.578025,0,1.0000
193,random,5,0.416796,0.583204,0,1.0000
193,random,6,0.000000,1.000000,0,0.3864
193,random,7,0.000000,1.000000,0,0.3864
194,random,0,0.033170,0.966830,0,1.0000
194,random,1,0.124297,0.875703,0,1.0000
194,random,2,0.388239,0.611761,0,1.0000
194,random,3,0.000000,1.000000,0,0.4313
194,random,4,0.000000,1.000000,0,0.2728
194,random,5,0.000000,1.000000,0,0.2728
194,random,6,0.000000,1.000000,0,1.0000
194,random,7,0.000000,1.000000,0,1.0000
195,random,0,0.043540,0.956460,0,1.0000
195,random,1,0.000000,1.000000,0,0.4046
195,random,2,0.000000,1.000000,0,1.0000
195,random,3,0.000000,1.000000,0,1.0000
195,random,4,0.000000,1.000000,0,0.1850
195,random,5,0.000000,1.000000,0,0.9074
195,random,6,0.000000,1.000000,0,0.2877
195,random,7,0.000000,1.000000,0,0.8105
196,random,0,0.028473,0.971527,0,1.0000
196,random,1,0.232145,0.767855,0,1.0000
196,random,2,0.294359,0.705641,0,1.0000
196,random,3,0.443936,0.556064,0,1.0000
196,random,4,0.483636,0.516364,0,1.0000
196,random,5,0.564603,0.435397,0,0.9171
196,random,6,0.585861,0.414139,0,1.0000
196,random,7,0.000000,1.000000,0,0.2300
197,random,0,0.086176,0.913824,0,1.0000
197,random,1,0.097979,0.902021,0,1.0000
197,random,2,0.110669,0.889331,0,1.0000
197,random,3,0.000000,1.000000,0,0.1042
197,random,4,0.000000,1.000000,0,0.3623
197,random,5,0.000000,1.000000,0,0.8082
197,random,6,0.000000,1.000000,0,0.8082
197,random,7,0.000000,1.000000,0,0.0655
198,random,0,0.039437,0.960563,0,0.0732
198,random,1,0.053775,0.946225,0,1.0000
198,random,2,0.000000,1.000000,0,0.5493
198,random,3,0.000000,1.000000,0,1.0000
198,random,4,0.000000,1.000000,0,1.0000
198,random,5,0.000000,1.000000,0,0.4685
198,random,6,0.000000,1.000000,0,1.0000
198,random,7,0.000000,1.000000,0,0.2201
199,random,0,0.044687,0.955313,0,0.0732
199,random,1,0.047551,0.952449,0,1.0000
199,random,2,0.000000,1.000000,0,0.5493
199,random,3,0.000000,1.000000,0,1.0000
199,random,4,0.000000,1.000000,0,0.7456
199,random,5,0.000000,1.000000,0,1.0000
199,random,6,0.000000,1.000000,0,0.4196
199,random,7,0.000000,1.000000,0,0.4196
0,round_robin,0,0.234280,0.765720,0,1.0000
0,round_robin,1,0.340793,0.659207,0,1.0000
0,round_robin,2,0.394985,0.605015,0,1.0000
0,round_robin,3,0.398657,0.601343,0,1.0000
0,round_robin,4,0.410968,0.589032,0,1.0000
0,round_robin,5,0.411077,0.588923,0,1.0000
0,round_robin,6,0.411026,0.588974,0,1.0000
0,round_robin,7,0.620937,0.379063,0,1.0000
1,round_robin,0,0.215392,0.784608,0,1.0000
1,round_robin,1,0.338226,0.661774,0,1.0000
1,round_robin,2,0.396541,0.603459,0,1.0000
1,round_robin,3,0.430410,0.569590,0,1.0000
1,round_robin,4,0.438140,0.561860,0,1.0000
1,round_robin,5,0.436653,0.563347,0,1.0000
1,round_robin,6,0.430610,0.569390,0,1.0000
1,round_robin,7,0.615264,0.384736,0,1.0000
2,round_robin,0,0.243987,0.756013,0,1.0000
2,round_robin,1,0.275427,0.724573,0,1.0000
2,round_robin,2,0.358677,0.641323,0,1.0000
2,round_robin,3,0.423661,0.576339,0,1.0000
2,round_robin,4,0.421350,0.578650,0,1.0000
2,round_robin,5,0.422840,0.577160,0,1.0000
2,round_robin,6,0.420767,0.579233,0,1.0000
2,round_robin,7,0.574176,0.425824,0,1.0000
3,round_robin,0,0.204088,0.795912,0,1.0000
3,round_robin,1,0.307285,0.692715,0,1.0000
3,round_robin,2,0.366948,0.633052,0,1.0000
3,round_robin,3,0.408855,0.591145,0,1.0000
3,round_robin,4,0.418636,0.581364,0,1.0000
3,round_robin,5,0.420921,0.579079,0,1.0000
3,round_robin,6,0.420922,0.579078,0,1.0000
3,round_robin,7,0.583150,0.416850,0,1.0000
4,round_robin,0,0.277602,0.722398,0,1.0000
4,round_robin,1,0.405808,0.594192,0,1.0000
4,round_robin,2,0.471186,0.528814,0,1.0000
4,round_robin,3,0.484876,0.515124,0,1.0000
4,round_robin,4,0.488806,0.511194,0,1.0000
4,round_robin,5,0.490304,0.509696,0,1.0000
4,round_robin,6,0.489635,0.510365,0,1.0000
4,round_robin,7,0.668467,0.331533,0,1.0000
5,round_robin,0,0.223976,0.776024,0,1.0000
5,round_robin,1,0.270734,0.729266,0,1.0000
5,round_robin,2,0.351774,0.648226,0,1.0000
5,round_robin,3,0.394127,0.605873,0,1.0000
5,round_robin,4,0.387950,0.612050,0,1.0000
5,round_robin,5,0.390443,0.609557,0,1.0000
5,round_robin,6,0.390192,0.609808,0,1.0000
5,round_robin,7,0.579001,0.420999,0,1.0000
6,round_robin,0,0.217512,0.782488,0,1.0000
6,round_robin,1,0.301338,0.698662,0,1.0000
6,round_robin,2,0.428113,0.571887,0,1.0000
6,round_robin,3,0.478530,0.521470,0,1.0000
6,round_robin,4,0.479254,0.520746,0,1.0000
6,round_robin,5,0.481909,0.518091,0,1.0000
6,round_robin,6,0.481473,0.518527,0,1.0000
6,round_robin,7,0.609990,0.390010,0,1.0000
7,round_robin,0,0.254023,0.745977,0,1.0000
7,round_robin,1,0.370894,0.629106,0,1.0000
7,round_robin,2,0.438581,0.561419,0,1.0000
7,round_robin,3,0.465841,0.534159,0,1.0000
7,round_robin,4,0.472240,0.527760,0,1.0000
7,round_robin,5,0.473466,0.526534,0,1.0000
7,round_robin,6,0.473002,0.526998,0,1.0000
7,round_robin,7,0.640864,0.359136,0,1.0000
8,round_robin,0,0.213640,0.786360,0,1.0000
8,round_robin,1,0.295124,0.704876,0,1.0000
8,round_robin,2,0.399203,0.600797,0,1.0000
8,round_robin,3,0.416764,0.583236,0,1.0000
8,round_robin,4,0.427820,0.572180,0,1.0000
8,round_robin,5,0.429633,0.570367,0,1.0000
8,round_robin,6,0.429258,0.570742,0,1.0000
8,round_robin,7,0.591549,0.408451,0,1.0000
9,round_robin,0,0.261150,0.738850,0,1.0000
9,round_robin,1,0.313356,0.686644,0,1.0000
9,round_robin,2,0.389147,0.610853,0,1.0000
9,round_robin,3,0.408892,0.591108,0,1.0000
9,round_robin,4,0.407289,0.592711,0,1.0000
9,round_robin,5,0.409082,0.590918,0,1.0000
9,round_robin,6,0.406636,0.593364,0,1.0000
9,round_robin,7,0.560030,0.439970,0,1.0000
10,round_robin,0,0.201354,0.798646,0,1.0000
10,round_robin,1,0.283725,0.716275,0,1.0000
10,round_robin,2,0.348005,0.651995,0,1.0000
10,round_robin,3,0.366207,0.633793,0,1.0000
10,round_robin,4,0.354270,0.645730,0,1.0000
10,round_robin,5,0.356075,0.643925,0,1.0000
10,round_robin,6,0.355825,0.644175,0,1.0000
10,round_robin,7,0.516966,0.483034,0,1.0000
11,round_robin,0,0.149502,0.850498,0,1.0000
11,round_robin,1,0.258820,0.741180,0,1.0000
11,round_robin,2,0.298957,0.701043,0,1.0000
11,round_robin,3,0.369611,0.630389,0,1.0000
11,round_robin,4,0.383159,0.616841,0,1.0000
11,round_robin,5,0.380843,0.619157,0,1.0000
11,round_robin,6,0.380784,0.619216,0,1.0000
11,round_robin,7,0.563017,0.436983,0,1.0000
12,round_robin,0,0.251689,0.748311,0,1.0000
12,round_robin,1,0.301655,0.698345,0,1.0000
12,round_robin,2,0.367606,0.632394,0,1.0000
12,round_robin,3,0.383190,0.616810,0,1.0000
12,round_robin,4,0.384955,0.615045,0,1.0000
12,round_robin,5,0.387025,0.612975,0,1.0000
12,round_robin,6,0.386626,0.613374,0,1.0000
12,round_robin,7,0.527592,0.472408,0,1.0000
13,round_robin,0,0.236755,0.763245,0,1.0000
13,round_robin,1,0.321924,0.678076,0,1.0000
13,round_robin,2,0.421008,0.578992,0,1.0000
13,round_robin,3,0.462263,0.537737,0,1.0000
13,round_robin,4,0.473393,0.526607,0,1.0000
13,round_robin,5,0.475335,0.524665,0,1.0000
13,round_robin,6,0.475343,0.524657,0,1.0000
13,round_robin,7,0.646126,0.353874,0,1.0000
14,round_robin,0,0.275081,0.724919,0,1.0000
14,round_robin,1,0.375169,0.624831,0,1.0000
14,round_robin,2,0.427182,0.572818,0,1.0000
14,round_robin,3,0.480141,0.519859,0,1.0000
14,round_robin,4,0.479640,0.520360,0,1.0000
14,round_robin,5,0.481876,0.518124,0,1.0000
14,round_robin,6,0.480867,0.519133,0,1.0000
14,round_robin,7,0.606483,0.393517,0,1.0000
15,round_robin,0,0.263371,0.736629,0,1.0000
15,round_robin,1,0.393036,0.606964,0,1.0000
15,round_robin,2,0.439194,0.560806,0,1.0000
15,round_robin,3,0.497451,0.502549,0,1.0000
15,round_robin,4,0.498454,0.501546,0,1.0000
15,round_robin,5,0.500533,0.499467,0,1.0000
15,round_robin,6,0.500241,0.499759,0,1.0000
15,round_robin,7,0.637500,0.362500,0,1.0000
16,round_robin,0,0.224289,0.775711,0,1.0000
16,round_robin,1,0.315635,0.684365,0,1.0000
16,round_robin,2,0.374986,0.625014,0,1.0000
16,round_robin,3,0.394643,0.605357,0,1.0000
16,round_robin,4,0.392206,0.607794,0,1.0000
16,round_robin,5,0.393244,0.606756,0,1.0000
16,round_robin,6,0.393137,0.606863,0,1.0000
16,round_robin,7,0.600838,0.399162,0,1.0000
17,round_robin,0,0.243535,0.756465,0,1.0000
17,round_robin,1,0.298979,0.701021,0,1.0000
17,round_robin,2,0.393899,0.606101,0,1.0000
17,round_robin,3,0.446244,0.553756,0,1.0000
17,round_robin,4,0.440889,0.559111,0,1.0000
17,round_robin,5,0.442862,0.557138,0,1.0000
17,round_robin,6,0.438731,0.561269,0,1.0000
17,round_robin,7,0.591984,0.408016,0,1.0000
18,round_robin,0,0.230461,0.769539,0,1.0000
18,round_robin,1,0.331041,0.668959,0,1.0000
18,round_robin,2,0.414570,0.585430,0,1.0000
18,round_robin,3,0.465098,0.534902,0,1.0000
18,round_robin,4,0.468965,0.531035,0,1.0000
18,round_robin,5,0.468950,0.531050,0,1.0000
18,round_robin,6,0.468657,0.531343,0,1.0000
18,round_robin,7,0.621845,0.378155,0,1.0000
19,round_robin,0,0.333147,0.666853,0,1.0000
19,round_robin,1,0.466726,0.533274,0,1.0000
19,round_robin,2,0.498286,0.501714,0,1.0000
19,round_robin,3,0.531874,0.468126,0,1.0000
19,round_robin,4,0.544317,0.455683,0,1.0000
19,round_robin,5,0.545856,0.454144,0,1.0000
19,round_robin,6,0.544206,0.455794,0,1.0000
19,round_robin,7,0.634431,0.365569,0,1.0000
20,round_robin,0,0.251640,0.748360,0,1.0000
20,round_robin,1,0.340322,0.659678,0,1.0000
20,round_robin,2,0.383759,0.616241,0,1.0000
20,round_robin,3,0.436303,0.563697,0,1.0000
20,round_robin,4,0.442798,0.557202,0,1.0000
20,round_robin,5,0.443077,0.556923,0,1.0000
20,round_robin,6,0.442906,0.557094,0,1.0000
20,round_robin,7,0.600766,0.399234,0,1.0000
21,round_robin,0,0.277703,0.722297,0,1.0000
21,round_robin,1,0.385516,0.614484,0,1.0000
21,round_robin,2,0.458442,0.541558,0,1.0000
21,round_robin,3,0.472816,0.527184,0,1.0000
21,round_robin,4,0.481130,0.518870,0,1.0000
21,round_robin,5,0.478314,0.521686,0,1.0000
21,round_robin,6,0.475164,0.524836,0,1.0000
21,round_robin,7,0.640928,0.359072,0,1.0000
22,round_robin,0,0.061499,0.938501,0,1.0000
22,round_robin,1,0.134053,0.865947,0,1.0000
22,round_robin,2,0.252637,0.747363,0,1.0000
22,round_robin,3,0.311629,0.688371,0,1.0000
22,round_robin,4,0.312423,0.687577,0,1.0000
22,round_robin,5,0.314971,0.685029,0,1.0000
22,round_robin,6,0.314909,0.685091,0,1.0000
22,round_robin,7,0.494962,0.505038,0,1.0000
23,round_robin,0,0.291321,0.708679,0,1.0000
23,round_robin,1,0.331174,0.668826,0,1.0000
23,round_robin,2,0.417377,0.582623,0,1.0000
23,round_robin,3,0.466720,0.533280,0,1.0000
23,round_robin,4,0.472790,0.527210,0,1.0000
23,round_robin,5,0.472876,0.527124,0,1.0000
23,round_robin,6,0.472875,0.527125,0,1.0000
23,round_robin,7,0.619149,0.380851,0,1.0000
24,round_robin,0,0.317440,0.682560,0,1.0000
24,round_robin,1,0.368934,0.631066,0,1.0000
24,round_robin,2,0.399454,0.600546,0,1.0000
24,round_robin,3,0.437035,0.562965,0,1.0000
24,round_robin,4,0.447942,0.552058,0,1.0000
24,round_robin,5,0.442006,0.557994,0,1.0000
24,round_robin,6,0.441761,0.558239,0,1.0000
24,round_robin,7,0.576049,0.423951,0,1.0000
25,round_robin,0,0.271459,0.728541,0,1.0000
25,round_robin,1,0.398585,0.601415,0,1.0000
25,round_robin,2,0.422099,0.577901,0,1.0000
25,round_robin,3,0.459912,0.540088,0,1.0000
25,round_robin,4,0.461329,0.538671,0,1.0000
25,round_robin,5,0.462909,0.537091,0,1.0000
25,round_robin,6,0.462864,0.537136,0,1.0000
25,round_robin,7,0.539897,0.460103,0,1.0000
26,round_robin,0,0.269042,0.730958,0,1.0000
26,round_robin,1,0.342076,0.657924,0,1.0000
26,round_robin,2,0.438453,0.561547,0,1.0000
26,round_robin,3,0.482493,0.517507,0,1.0000
26,round_robin,4,0.475828,0.524172,0,1.0000
26,round_robin,5,0.478024,0.521976,0,1.0000
26,round_robin,6,0.477685,0.522315,0,1.0000
26,round_robin,7,0.639974,0.360026,0,1.0000
27,round_robin,0,0.256055,0.743945,0,1.0000
27,round_robin,1,0.308929,0.691071,0,1.0000
27,round_robin,2,0.377315,0.622685,0,1.0000
27,round_robin,3,0.434316,0.565684,0,1.0000
27,round_robin,4,0.440048,0.559952,0,1.0000
27,round_robin,5,0.442306,0.557694,0,1.0000
27,round_robin,6,0.439521,0.560479,0,1.0000
27,round_robin,7,0.594028,0.405972,0,1.0000
28,round_robin,0,0.283494,0.716506,0,1.0000
28,round_robin,1,0.352193,0.647807,0,1.0000
28,round_robin,2,0.359571,0.640429,0,1.0000
28,round_robin,3,0.393520,0.606480,0,1.0000
28,round_robin,4,0.403919,0.596081,0,1.0000
28,round_robin,5,0.405853,0.594147,0,1.0000
28,round_robin,6,0.404017,0.595983,0,1.0000
28,round_robin,7,0.558685,0.441315,0,1.0000
29,round_robin,0,0.215370,0.784630,0,1.0000
29,round_robin,1,0.218115,0.781885,0,1.0000
29,round_robin,2,0.308918,0.691082,0,1.0000
29,round_robin,3,0.335047,0.664953,0,1.0000
29,round_robin,4,0.349274,0.650726,0,1.0000
29,round_robin,5,0.350993,0.649007,0,1.0000
29,round_robin,6,0.345595,0.654405,0,1.0000
29,round_robin,7,0.511362,0.488638,0,1.0000
30,round_robin,0,0.221128,0.778872,0,1.0000
30,round_robin,1,0.349738,0.650262,0,1.0000
30,round_robin,2,0.428098,0.571902,0,1.0000
30,round_robin,3,0.474071,0.525929,0,1.0000
30,round_robin,4,0.477597,0.522403,0,1.0000
30,round_robin,5,0.479271,0.520729,0,1.0000
30,round_robin,6,0.479170,0.520830,0,1.0000
30,round_robin,7,0.675318,0.324682,0,1.0000
31,round_robin,0,0.195674,0.804326,0,1.0000
31,round_robin,1,0.236727,0.763273,0,1.0000
31,round_robin,2,0.331022,0.668978,0,1.0000
31,round_robin,3,0.372161,0.627839,0,1.0000
31,round_robin,4,0.374947,0.625053,0,1.0000
31,round_robin,5,0.377306,0.622694,0,1.0000
31,round_robin,6,0.377197,0.622803,0,1.0000
31,round_robin,7,0.573513,0.426487,0,1.0000
32,round_robin,0,0.118974,0.881026,0,1.0000
32,round_robin,1,0.210237,0.789763,0,1.0000
32,round_robin,2,0.283279,0.716721,0,1.0000
32,round_robin,3,0.333811,0.666189,0,1.0000
32,round_robin,4,0.337102,0.662898,0,1.0000
32,round_robin,5,0.319934,0.680066,0,1.0000
32,round_robin,6,0.318100,0.681900,0,1.0000
32,round_robin,7,0.505223,0.494777,0,1.0000
33,round_robin,0,0.233122,0.766878,0,1.0000
33,round_robin,1,0.372678,0.627322,0,1.0000
33,round_robin,2,0.453288,0.546712,0,1.0000
33,round_robin,3,0.477983,0.522017,0,1.0000
33,round_robin,4,0.486779,0.513221,0,1.0000
33,round_robin,5,0.487603,0.512397,0,1.0000
33,round_robin,6,0.486999,0.513001,0,1.0000
33,round_robin,7,0.576880,0.423120,0,1.0000
34,round_robin,0,0.204022,0.795978,0,1.0000
34,round_robin,1,0.296767,0.703233,0,1.0000
34,round_robin,2,0.354462,0.645538,0,1.0000
34,round_robin,3,0.361322,0.638678,0,1.0000
34,round_robin,4,0.359084,0.640916,0,1.0000
34,round_robin,5,0.357371,0.642629,0,1.0000
34,round_robin,6,0.355950,0.644050,0,1.0000
34,round_robin,7,0.570527,0.429473,0,1.0000
35,round_robin,0,0.252620,0.747380,0,1.0000
35,round_robin,1,0.383960,0.616040,0,1.0000
35,round_robin,2,0.445188,0.554812,0,1.0000
35,round_robin,3,0.472071,0.527929,0,1.0000
35,round_robin,4,0.455307,0.544693,0,1.0000
35,round_robin,5,0.454567,0.545433,0,1.0000
35,round_robin,6,0.454540,0.545460,0,1.0000
35,round_robin,7,0.553804,0.446196,0,1.0000
36,round_robin,0,0.217556,0.782444,0,1.0000
36,round_robin,1,0.336977,0.663023,0,1.0000
36,round_robin,2,0.403780,0.596220,0,1.0000
36,round_robin,3,0.446887,0.553113,0,1.0000
36,round_robin,4,0.452880,0.547120,0,1.0000
36,round_robin,5,0.454571,0.545429,0,1.0000
36,round_robin,6,0.454119,0.545881,0,1.0000
36,round_robin,7,0.587107,0.412893,0,1.0000
37,round_robin,0,0.232760,0.767240,0,1.0000
37,round_robin,1,0.337287,0.662713,0,1.0000
37,round_robin,2,0.435641,0.564359,0,1.0000
37,round_robin,3,0.438446,0.561554,0,1.0000
37,round_robin,4,0.439368,0.560632,0,1.0000
37,round_robin,5,0.439369,0.560631,0,1.0000
37,round_robin,6,0.439176,0.560824,0,1.0000
37,round_robin,7,0.602210,0.397790,0,1.0000
38,round_robin,0,0.215962,0.784038,0,1.0000
38,round_robin,1,0.255515,0.744485,0,1.0000
38,round_robin,2,0.347353,0.652647,0,1.0000
38,round_robin,3,0.384291,0.615709,0,1.0000
38,round_robin,4,0.392548,0.607452,0,1.0000
38,round_robin,5,0.391240,0.608760,0,1.0000
38,round_robin,6,0.389402,0.610598,0,1.0000
38,round_robin,7,0.541256,0.458744,0,1.0000
39,round_robin,0,0.211413,0.788587,0,1.0000
39,round_robin,1,0.285913,0.714087,0,1.0000
39,round_robin,2,0.415124,0.584876,0,1.0000
39,round_robin,3,0.456470,0.543530,0,1.0000
39,round_robin,4,0.451814,0.548186,0,1.0000
39,round_robin,5,0.451024,0.548976,0,1.0000
39,round_robin,6,0.450652,0.549348,0,1.0000
39,round_robin,7,0.625618,0.374382,0,1.0000
40,round_robin,0,0.202847,0.797153,0,1.0000
40,round_robin,1,0.255168,0.744832,0,1.0000
40,round_robin,2,0.355087,0.644913,0,1.0000
40,round_robin,3,0.413520,0.586480,0,1.0000
40,round_robin,4,0.425665,0.574335,0,1.0000
40,round_robin,5,0.420988,0.579012,0,1.0000
40,round_robin,6,0.420595,0.579405,0,1.0000
40,round_robin,7,0.607025,0.392975,0,1.0000
41,round_robin,0,0.334062,0.665938,0,1.0000
41,round_robin,1,0.420762,0.579238,0,1.0000
41,round_robin,2,0.481523,0.518477,0,1.0000
41,round_robin,3,0.510764,0.489236,0,1.0000
41,round_robin,4,0.521001,0.478999,0,1.0000
41,round_robin,5,0.505628,0.494372,0,1.0000
41,round_robin,6,0.504259,0.495741,0,1.0000
41,round_robin,7,0.646518,0.353482,0,1.0000
42,round_robin,0,0.213765,0.786235,0,1.0000
42,round_robin,1,0.275262,0.724738,0,1.0000
42,round_robin,2,0.356410,0.643590,0,1.0000
42,round_robin,3,0.382124,0.617876,0,1.0000
42,round_robin,4,0.387234,0.612766,0,1.0000
42,round_robin,5,0.386867,0.613133,0,1.0000
42,round_robin,6,0.386180,0.613820,0,1.0000
42,round_robin,7,0.599078,0.400922,0,1.0000
43,round_robin,0,0.219277,0.780723,0,1.0000
43,round_robin,1,0.260671,0.739329,0,1.0000
43,round_robin,2,0.332335,0.667665,0,1.0000
43,round_robin,3,0.393984,0.606016,0,1.0000
43,round_robin,4,0.396883,0.603117,0,1.0000
43,round_robin,5,0.396286,0.603714,0,1.0000
43,round_robin,6,0.395800,0.604200,0,1.0000
43,round_robin,7,0.615159,0.384841,0,1.0000
44,round_robin,0,0.206931,0.793069,0,1.0000
44,round_robin,1,0.278773,0.721227,0,1.0000
44,round_robin,2,0.354700,0.645300,0,1.0000
44,round_robin,3,0.387068,0.612932,0,1.0000
44,round_robin,4,0.393635,0.606365,0,1.0000
44,round_robin,5,0.395820,0.604180,0,1.0000
44,round_robin,6,0.393521,0.606479,0,1.0000
44,round_robin,7,0.585577,0.414423,0,1.0000
45,round_robin,0,0.182418,0.817582,0,1.0000
45,round_robin,1,0.279517,0.720483,0,1.0000
45,round_robin,2,0.314430,0.685570,0,1.0000
45,round_robin,3,0.349291,0.650709,0,1.0000
45,round_robin,4,0.361626,0.638374,0,1.0000
45,round_robin,5,0.359133,0.640867,0,1.0000
45,round_robin,6,0.359124,0.640876,0,1.0000
45,round_robin,7,0.516663,0.483337,0,1.0000
46,round_robin,0,0.198055,0.801945,0,1.0000
46,round_robin,1,0.309810,0.690190,0,1.0000
46,round_robin,2,0.421197,0.578803,0,1.0000
46,round_robin,3,0.457923,0.542077,0,1.0000
46,round_robin,4,0.467343,0.532657,0,1.0000
46,round_robin,5,0.461381,0.538619,0,1.0000
46,round_robin,6,0.458456,0.541544,0,1.0000
46,round_robin,7,0.647998,0.352002,0,1.0000
47,round_robin,0,0.251756,0.748244,0,1.0000
47,round_robin,1,0.351832,0.648168,0,1.0000
47,round_robin,2,0.402562,0.597438,0,1.0000
47,round_robin,3,0.454766,0.545234,0,1.0000
47,round_robin,4,0.466295,0.533705,0,1.0000
47,round_robin,5,0.468074,0.531926,0,1.0000
47,round_robin,6,0.468079,0.531921,0,1.0000
47,round_robin,7,0.634345,0.365655,0,1.0000
48,round_robin,0,0.272511,0.727489,0,1.0000
48,round_robin,1,0.339621,0.660379,0,1.0000
48,round_robin,2,0.415368,0.584632,0,1.0000
48,round_robin,3,0.455138,0.544862,0,1.0000
48,round_robin,4,0.465948,0.534052,0,1.0000
48,round_robin,5,0.465161,0.534839,0,1.0000
48,round_robin,6,0.465162,0.534838,0,1.0000
48,round_robin,7,0.658224,0.341776,0,1.0000
49,round_robin,0,0.300472,0.699528,0,1.0000
49,round_robin,1,0.409589,0.590411,0,1.0000
49,round_robin,2,0.498831,0.501169,0,1.0000
49,round_robin,3,0.528752,0.471248,0,1.0000
49,round_robin,4,0.532306,0.467694,0,1.0000
49,round_robin,5,0.533573,0.466427,0,1.0000
49,round_robin,6,0.533015,0.466985,0,1.0000
49,round_robin,7,0.692605,0.307395,0,1.0000
50,round_robin,0,0.236495,0.763505,0,1.0000
50,round_robin,1,0.280687,0.719313,0,1.0000
50,round_robin,2,0.303406,0.696594,0,1.0000
50,round_robin,3,0.331368,0.668632,0,1.0000
50,round_robin,4,0.337880,0.662120,0,1.0000
50,round_robin,5,0.340581,0.659419,0,1.0000
50,round_robin,6,0.339913,0.660087,0,1.0000
50,round_robin,7,0.472696,0.527304,0,1.0000
51,round_robin,0,0.218129,0.781871,0,1.0000
51,round_robin,1,0.325618,0.674382,0,1.0000
51,round_robin,2,0.346848,0.653152,0,1.0000
51,round_robin,3,0.421259,0.578741,0,1.0000
51,round_robin,4,0.430867,0.569133,0,1.0000
51,round_robin,5,0.429940,0.570060,0,1.0000
51,round_robin,6,0.429348,0.570652,0,1.0000
51,round_robin,7,0.544118,0.455882,0,1.0000
52,round_robin,0,0.298521,0.701479,0,1.0000
52,round_robin,1,0.287803,0.712197,0,1.0000
52,round_robin,2,0.333636,0.666364,0,1.0000
52,round_robin,3,0.368946,0.631054,0,1.0000
52,round_robin,4,0.383659,0.616341,0,1.0000
52,round_robin,5,0.385401,0.614599,0,1.0000
52,round_robin,6,0.385158,0.614842,0,1.0000
52,round_robin,7,0.564811,0.435189,0,1.0000
53,round_robin,0,0.212099,0.787901,0,1.0000
53,round_robin,1,0.319639,0.680361,0,1.0000
53,round_robin,2,0.414750,0.585250,0,1.0000
53,round_robin,3,0.449840,0.550160,0,1.0000
53,round_robin,4,0.445259,0.554741,0,1.0000
53,round_robin,5,0.445561,0.554439,0,1.0000
53,round_robin,6,0.444914,0.555086,0,1.0000
53,round_robin,7,0.659213,0.340787,0,1.0000
54,round_robin,0,0.225533,0.774467,0,1.0000
54,round_robin,1,0.305020,0.694980,0,1.0000
54,round_robin,2,0.353799,0.646201,0,1.0000
54,round_robin,3,0.420652,0.579348,0,1.0000
54,round_robin,4,0.426398,0.573602,0,1.0000
54,round_robin,5,0.426130,0.573870,0,1.0000
54,round_robin,6,0.424726,0.575274,0,1.0000
54,round_robin,7,0.585115,0.414885,0,1.0000
55,round_robin,0,0.287109,0.712891,0,1.0000
55,round_robin,1,0.372787,0.627213,0,1.0000
55,round_robin,2,0.435059,0.564941,0,1.0000
55,round_robin,3,0.479833,0.520167,0,1.0000
55,round_robin,4,0.489128,0.510872,0,1.0000
55,round_robin,5,0.491360,0.508640,0,1.0000
55,round_robin,6,0.491369,0.508631,0,1.0000
55,round_robin,7,0.656914,0.343086,0,1.0000
56,round_robin,0,0.244359,0.755641,0,1.0000
56,round_robin,1,0.351520,0.648480,0,1.0000
56,round_robin,2,0.425779,0.574221,0,1.0000
56,round_robin,3,0.468645,0.531355,0,1.0000
56,round_robin,4,0.478558,0.521442,0,1.0000
56,round_robin,5,0.473770,0.526230,0,1.0000
56,round_robin,6,0.472502,0.527498,0,1.0000
56,round_robin,7,0.608651,0.391349,0,1.0000
57,round_robin,0,0.225714,0.774286,0,1.0000
57,round_robin,1,0.299194,0.700806,0,1.0000
57,round_robin,2,0.363232,0.636768,0,1.0000
57,round_robin,3,0.393289,0.606711,0,1.0000
57,round_robin,4,0.404258,0.595742,0,1.0000
57,round_robin,5,0.405356,0.594644,0,1.0000
57,round_robin,6,0.403929,0.596071,0,1.0000
57,round_robin,7,0.565932,0.434068,0,1.0000
58,round_robin,0,0.259655,0.740345,0,1.0000
58,round_robin,1,0.359410,0.640590,0,1.0000
58,round_robin,2,0.441069,0.558931,0,1.0000
58,round_robin,3,0.476704,0.523296,0,1.0000
58,round_robin,4,0.471948,0.528052,0,1.0000
58,round_robin,5,0.468492,0.531508,0,1.0000
58,round_robin,6,0.468410,0.531590,0,1.0000
58,round_robin,7,0.603480,0.396520,0,1.0000
59,round_robin,0,0.116899,0.883101,0,1.0000
59,round_robin,1,0.223955,0.776045,0,1.0000
59,round_robin,2,0.373459,0.626541,0,1.0000
59,round_robin,3,0.413209,0.586791,0,1.0000
59,round_robin,4,0.408836,0.591164,0,1.0000
59,round_robin,5,0.395805,0.604195,0,1.0000
59,round_robin,6,0.395389,0.604611,0,1.0000
59,round_robin,7,0.557569,0.442431,0,1.0000
60,round_robin,0,0.290113,0.709887,0,1.0000
60,round_robin,1,0.356152,0.643848,0,1.0000
60,round_robin,2,0.426077,0.573923,0,1.0000
60,round_robin,3,0.467323,0.532677,0,1.0000
60,round_robin,4,0.445242,0.554758,0,1.0000
60,round_robin,5,0.442534,0.557466,0,1.0000
60,round_robin,6,0.442407,0.557593,0,1.0000
60,round_robin,7,0.586244,0.413756,0,1.0000
61,round_robin,0,0.291036,0.708964,0,1.0000
61,round_robin,1,0.336767,0.663233,0,1.0000
61,round_robin,2,0.385588,0.614412,0,1.0000
61,round_robin,3,0.430394,0.569606,0,1.0000
61,round_robin,4,0.443222,0.556778,0,1.0000
61,round_robin,5,0.445311,0.554689,0,1.0000
61,round_robin,6,0.442669,0.557331,0,1.0000
61,round_robin,7,0.606829,0.393171,0,1.0000
62,round_robin,0,0.283581,0.716419,0,1.0000
62,round_robin,1,0.365281,0.634719,0,1.0000
62,round_robin,2,0.428224,0.571776,0,1.0000
62,round_robin,3,0.459874,0.540126,0,1.0000
62,round_robin,4,0.470351,0.529649,0,1.0000
62,round_robin,5,0.466322,0.533678,0,1.0000
62,round_robin,6,0.462393,0.537607,0,1.0000
62,round_robin,7,0.644467,0.355533,0,1.0000
63,round_robin,0,0.300187,0.699813,0,1.0000
63,round_robin,1,0.379204,0.620796,0,1.0000
63,round_robin,2,0.453871,0.546129,0,1.0000
63,round_robin,3,0.482719,0.517281,0,1.0000
63,round_robin,4,0.488609,0.511391,0,1.0000
63,round_robin,5,0.490819,0.509181,0,1.0000
63,round_robin,6,0.490604,0.509396,0,1.0000
63,round_robin,7,0.666956,0.333044,0,1.0000
64,round_robin,0,0.024916,0.975084,0,1.0000
64,round_robin,1,0.093372,0.906628,0,1.0000
64,round_robin,2,0.157717,0.842283,0,1.0000
64,round_robin,3,0.218399,0.781601,0,1.0000
64,round_robin,4,0.226605,0.773395,0,1.0000
64,round_robin,5,0.219174,0.780826,0,1.0000
64,round_robin,6,0.219114,0.780886,0,1.0000
64,round_robin,7,0.461185,0.538815,0,1.0000
65,round_robin,0,0.271941,0.728059,0,1.0000
65,round_robin,1,0.333500,0.666500,0,1.0000
65,round_robin,2,0.419481,0.580519,0,1.0000
65,round_robin,3,0.462372,0.537628,0,1.0000
65,round_robin,4,0.458414,0.541586,0,1.0000
65,round_robin,5,0.460811,0.539189,0,1.0000
65,round_robin,6,0.460805,0.539195,0,1.0000
65,round_robin,7,0.640873,0.359127,0,1.0000
66,round_robin,0,0.269272,0.730728,0,1.0000
66,round_robin,1,0.346261,0.653739,0,1.0000
66,round_robin,2,0.406673,0.593327,0,1.0000
66,round_robin,3,0.438557,0.561443,0,1.0000
66,round_robin,4,0.436983,0.563017,0,1.0000
66,round_robin,5,0.438253,0.561747,0,1.0000
66,round_robin,6,0.438240,0.561760,0,1.0000
66,round_robin,7,0.639866,0.360134,0,1.0000
67,round_robin,0,0.309740,0.690260,0,1.0000
67,round_robin,1,0.392410,0.607590,0,1.0000
67,round_robin,2,0.452146,0.547854,0,1.0000
67,round_robin,3,0.482085,0.517915,0,1.0000
67,round_robin,4,0.484616,0.515384,0,1.0000
67,round_robin,5,0.484656,0.515344,0,1.0000
67,round_robin,6,0.482139,0.517861,0,1.0000
67,round_robin,7,0.635507,0.364493,0,1.0000
68,round_robin,0,0.228539,0.771461,0,1.0000
68,round_robin,1,0.325397,0.674603,0,1.0000
68,round_robin,2,0.412401,0.587599,0,1.0000
68,round_robin,3,0.452157,0.547843,0,1.0000
68,round_robin,4,0.458154,0.541846,0,1.0000
68,round_robin,5,0.458868,0.541132,0,1.0000
68,round_robin,6,0.457880,0.542120,0,1.0000
68,round_robin,7,0.616220,0.383780,0,1.0000
69,round_robin,0,0.216108,0.783892,0,1.0000
69,round_robin,1,0.287686,0.712314,0,1.0000
69,round_robin,2,0.369778,0.630222,0,1.0000
69,round_robin,3,0.425708,0.574292,0,1.0000
69,round_robin,4,0.432749,0.567251,0,1.0000
69,round_robin,5,0.429603,0.570397,0,1.0000
69,round_robin,6,0.427957,0.572043,0,1.0000
69,round_robin,7,0.589621,0.410379,0,1.0000
70,round_robin,0,0.171722,0.828278,0,1.0000
70,round_robin,1,0.267569,0.732431,0,1.0000
70,round_robin,2,0.343464,0.656536,0,1.0000
70,round_robin,3,0.405074,0.594926,0,1.0000
70,round_robin,4,0.404392,0.595608,0,1.0000
70,round_robin,5,0.406833,0.593167,0,1.0000
70,round_robin,6,0.400082,0.599918,0,1.0000
70,round_robin,7,0.569075,0.430925,0,1.0000
71,round_robin,0,0.211397,0.788603,0,1.0000
71,round_robin,1,0.288959,0.711041,0,1.0000
71,round_robin,2,0.367539,0.632461,0,1.0000
71,round_robin,3,0.380157,0.619843,0,1.0000
71,round_robin,4,0.387253,0.612747,0,1.0000
71,round_robin,5,0.382220,0.617780,0,1.0000
71,round_robin,6,0.381060,0.618940,0,1.0000
71,round_robin,7,0.610864,0.389136,0,1.0000
72,round_robin,0,0.188063,0.811937,0,1.0000
72,round_robin,1,0.266705,0.733295,0,1.0000
72,round_robin,2,0.370144,0.629856,0,1.0000
72,round_robin,3,0.413353,0.586647,0,1.0000
72,round_robin,4,0.399507,0.600493,0,1.0000
72,round_robin,5,0.402013,0.597987,0,1.0000
72,round_robin,6,0.399922,0.600078,0,1.0000
72,round_robin,7,0.596718,0.403282,0,1.0000
73,round_robin,0,0.245081,0.754919,0,1.0000
73,round_robin,1,0.308184,0.691816,0,1.0000
73,round_robin,2,0.392483,0.607517,0,1.0000
73,round_robin,3,0.421919,0.578081,0,1.0000
73,round_robin,4,0.425765,0.574235,0,1.0000
73,round_robin,5,0.425833,0.574167,0,1.0000
73,round_robin,6,0.425781,0.574219,0,1.0000
73,round_robin,7,0.614398,0.385602,0,1.0000
74,round_robin,0,0.268928,0.731072,0,1.0000
74,round_robin,1,0.343706,0.656294,0,1.0000
74,round_robin,2,0.430895,0.569105,0,1.0000
74,round_robin,3,0.489010,0.510990,0,1.0000
74,round_robin,4,0.497940,0.502060,0,1.0000
74,round_robin,5,0.493406,0.506594,0,1.0000
74,round_robin,6,0.492432,0.507568,0,1.0000
74,round_robin,7,0.597495,0.402505,0,1.0000
75,round_robin,0,0.209934,0.790066,0,1.0000
75,round_robin,1,0.284175,0.715825,0,1.0000
75,round_robin,2,0.363436,0.636564,0,1.0000
75,round_robin,3,0.384426,0.615574,0,1.0000
75,round_robin,4,0.383466,0.616534,0,1.0000
75,round_robin,5,0.386085,0.613915,0,1.0000
75,round_robin,6,0.385997,0.614003,0,1.0000
75,round_robin,7,0.601913,0.398087,0,1.0000
76,round_robin,0,0.226086,0.773914,0,1.0000
76,round_robin,1,0.289909,0.710091,0,1.0000
76,round_robin,2,0.372434,0.627566,0,1.0000
76,round_robin,3,0.433489,0.566511,0,1.0000
76,round_robin,4,0.442875,0.557125,0,1.0000
76,round_robin,5,0.442792,0.557208,0,1.0000
76,round_robin,6,0.437487,0.562513,0,1.0000
76,round_robin,7,0.618265,0.381735,0,1.0000
77,round_robin,0,0.321100,0.678900,0,1.0000
77,round_robin,1,0.437400,0.562600,0,1.0000
77,round_robin,2,0.464252,0.535748,0,1.0000
77,round_robin,3,0.527188,0.472812,0,1.0000
77,round_robin,4,0.535465,0.464535,0,1.0000
77,round_robin,5,0.536456,0.463544,0,1.0000
77,round_robin,6,0.536457,0.463543,0,1.0000
77,round_robin,7,0.650978,0.349022,0,1.0000
78,round_robin,0,0.295510,0.704490,0,1.0000
78,round_robin,1,0.397099,0.602901,0,1.0000
78,round_robin,2,0.417504,0.582496,0,1.0000
78,round_robin,3,0.431977,0.568023,0,1.0000
78,round_robin,4,0.436620,0.563380,0,1.0000
78,round_robin,5,0.435164,0.564836,0,1.0000
78,round_robin,6,0.434563,0.565437,0,1.0000
78,round_robin,7,0.616164,0.383836,0,1.0000
79,round_robin,0,0.227204,0.772796,0,1.0000
79,round_robin,1,0.321825,0.678175,0,1.0000
79,round_robin,2,0.421100,0.578900,0,1.0000
79,round_robin,3,0.452602,0.547398,0,1.0000
79,round_robin,4,0.459026,0.540974,0,1.0000
79,round_robin,5,0.457388,0.542612,0,1.0000
79,round_robin,6,0.456739,0.543261,0,1.0000
79,round_robin,7,0.628904,0.371096,0,1.0000
80,round_robin,0,0.201258,0.798742,0,1.0000
80,round_robin,1,0.263123,0.736877,0,1.0000
80,round_robin,2,0.351986,0.648014,0,1.0000
80,round_robin,3,0.385354,0.614646,0,1.0000
80,round_robin,4,0.393628,0.606372,0,1.0000
80,round_robin,5,0.390662,0.609338,0,1.0000
80,round_robin,6,0.390439,0.609561,0,1.0000
80,round_robin,7,0.549378,0.450622,0,1.0000
81,round_robin,0,0.272000,0.728000,0,1.0000
81,round_robin,1,0.367540,0.632460,0,1.0000
81,round_robin,2,0.425890,0.574110,0,1.0000
81,round_robin,3,0.447096,0.552904,0,1.0000
81,round_robin,4,0.453208,0.546792,0,1.0000
81,round_robin,5,0.454170,0.545830,0,1.0000
81,round_robin,6,0.454081,0.545919,0,1.0000
81,round_robin,7,0.592600,0.407400,0,1.0000
82,round_robin,0,0.220284,0.779716,0,1.0000
82,round_robin,1,0.275418,0.724582,0,1.0000
82,round_robin,2,0.390067,0.609933,0,1.0000
82,round_robin,3,0.448216,0.551784,0,1.0000
82,round_robin,4,0.450687,0.549313,0,1.0000
82,round_robin,5,0.441551,0.558449,0,1.0000
82,round_robin,6,0.439160,0.560840,0,1.0000
82,round_robin,7,0.597417,0.402583,0,1.0000
83,round_robin,0,0.175775,0.824225,0,1.0000
83,round_robin,1,0.267642,0.732358,0,1.0000
83,round_robin,2,0.357236,0.642764,0,1.0000
83,round_robin,3,0.375428,0.624572,0,1.0000
83,round_robin,4,0.367561,0.632439,0,1.0000
83,round_robin,5,0.354130,0.645870,0,1.0000
83,round_robin,6,0.352887,0.647113,0,1.0000
83,round_robin,7,0.604078,0.395922,0,1.0000
84,round_robin,0,0.200895,0.799105,0,1.0000
84,round_robin,1,0.299979,0.700021,0,1.0000
84,round_robin,2,0.391686,0.608314,0,1.0000
84,round_robin,3,0.399774,0.600226,0,1.0000
84,round_robin,4,0.405644,0.594356,0,1.0000
84,round_robin,5,0.402653,0.597347,0,1.0000
84,round_robin,6,0.402452,0.597548,0,1.0000
84,round_robin,7,0.592910,0.407090,0,1.0000
85,round_robin,0,0.235039,0.764961,0,1.0000
85,round_robin,1,0.331732,0.668268,0,1.0000
85,round_robin,2,0.405387,0.594613,0,1.0000
85,round_robin,3,0.442838,0.557162,0,1.0000
85,round_robin,4,0.450740,0.549260,0,1.0000
85,round_robin,5,0.448449,0.551551,0,1.0000
85,round_robin,6,0.448386,0.551614,0,1.0000
85,round_robin,7,0.604351,0.395649,0,1.0000
86,round_robin,0,0.247277,0.752723,0,1.0000
86,round_robin,1,0.338669,0.661331,0,1.0000
86,round_robin,2,0.432705,0.567295,0,1.0000
86,round_robin,3,0.437154,0.562846,0,1.0000
86,round_robin,4,0.439912,0.560088,0,1.0000
86,round_robin,5,0.440230,0.559770,0,1.0000
86,round_robin,6,0.436240,0.563760,0,1.0000
86,round_robin,7,0.558759,0.441241,0,1.0000
87,round_robin,0,0.226994,0.773006,0,1.0000
87,round_robin,1,0.274127,0.725873,0,1.0000
87,round_robin,2,0.329909,0.670091,0,1.0000
87,round_robin,3,0.349865,0.650135,0,1.0000
87,round_robin,4,0.363023,0.636977,0,1.0000
87,round_robin,5,0.362431,0.637569,0,1.0000
87,round_robin,6,0.361774,0.638226,0,1.0000
87,round_robin,7,0.573720,0.426280,0,1.0000
88,round_robin,0,0.200858,0.799142,0,1.0000
88,round_robin,1,0.280962,0.719038,0,1.0000
88,round_robin,2,0.361441,0.638559,0,1.0000
88,round_robin,3,0.375576,0.624424,0,1.0000
88,round_robin,4,0.374609,0.625391,0,1.0000
88,round_robin,5,0.377365,0.622635,0,1.0000
88,round_robin,6,0.376181,0.623819,0,1.0000
88,round_robin,7,0.550230,0.449770,0,1.0000
89,round_robin,0,0.218523,0.781477,0,1.0000
89,round_robin,1,0.276713,0.723287,0,1.0000
89,round_robin,2,0.362332,0.637668,0,1.0000
89,round_robin,3,0.407199,0.592801,0,1.0000
89,round_robin,4,0.411302,0.588698,0,1.0000
89,round_robin,5,0.408496,0.591504,0,1.0000
89,round_robin,6,0.406558,0.593442,0,1.0000
89,round_robin,7,0.604804,0.395196,0,1.0000
90,round_robin,0,0.229666,0.770334,0,1.0000
90,round_robin,1,0.303751,0.696249,0,1.0000
90,round_robin,2,0.392285,0.607715,0,1.0000
90,round_robin,3,0.411628,0.588372,0,1.0000
90,round_robin,4,0.417445,0.582555,0,1.0000
90,round_robin,5,0.419802,0.580198,0,1.0000
90,round_robin,6,0.414753,0.585247,0,1.0000
90,round_robin,7,0.568561,0.431439,0,1.0000
91,round_robin,0,0.267285,0.732715,0,1.0000
91,round_robin,1,0.387787,0.612213,0,1.0000
91,round_robin,2,0.450631,0.549369,0,1.0000
91,round_robin,3,0.497709,0.502291,0,1.0000
91,round_robin,4,0.489347,0.510653,0,1.0000
91,round_robin,5,0.481699,0.518301,0,1.0000
91,round_robin,6,0.480929,0.519071,0,1.0000
91,round_robin,7,0.629379,0.370621,0,1.0000
92,round_robin,0,0.255531,0.744469,0,1.0000
92,round_robin,1,0.360278,0.639722,0,1.0000
92,round_robin,2,0.433737,0.566263,0,1.0000
92,round_robin,3,0.488630,0.511370,0,1.0000
92,round_robin,4,0.489966,0.510034,0,1.0000
92,round_robin,5,0.490478,0.509522,0,1.0000
92,round_robin,6,0.490260,0.509740,0,1.0000
92,round_robin,7,0.623013,0.376987,0,1.0000
93,round_robin,0,0.087501,0.912499,0,1.0000
93,round_robin,1,0.173496,0.826504,0,1.0000
93,round_robin,2,0.307882,0.692118,0,1.0000
93,round_robin,3,0.358268,0.641732,0,1.0000
93,round_robin,4,0.364210,0.635790,0,1.0000
93,round_robin,5,0.366332,0.633668,0,1.0000
93,round_robin,6,0.365266,0.634734,0,1.0000
93,round_robin,7,0.589967,0.410033,0,1.0000
94,round_robin,0,0.268782,0.731218,0,1.0000
94,round_robin,1,0.304112,0.695888,0,1.0000
94,round_robin,2,0.348171,0.651829,0,1.0000
94,round_robin,3,0.383065,0.616935,0,1.0000
94,round_robin,4,0.388993,0.611007,0,1.0000
94,round_robin,5,0.387383,0.612617,0,1.0000
94,round_robin,6,0.385576,0.614424,0,1.0000
94,round_robin,7,0.556697,0.443303,0,1.0000
95,round_robin,0,0.223414,0.776586,0,1.0000
95,round_robin,1,0.299108,0.700892,0,1.0000
95,round_robin,2,0.383277,0.616723,0,1.0000
95,round_robin,3,0.419815,0.580185,0,1.0000
95,round_robin,4,0.430778,0.569222,0,1.0000
95,round_robin,5,0.433553,0.566447,0,1.0000
95,round_robin,6,0.429699,0.570301,0,1.0000
95,round_robin,7,0.623347,0.376653,0,1.0000
96,round_robin,0,0.174828,0.825172,0,1.0000
96,round_robin,1,0.259260,0.740740,0,1.0000
96,round_robin,2,0.369979,0.630021,0,1.0000
96,round_robin,3,0.400584,0.599416,0,1.0000
96,round_robin,4,0.402175,0.597825,0,1.0000
96,round_robin,5,0.404484,0.595516,0,1.0000
96,round_robin,6,0.404381,0.595619,0,1.0000
96,round_robin,7,0.644706,0.355294,0,1.0000
97,round_robin,0,0.199448,0.800552,0,1.0000
97,round_robin,1,0.250889,0.749111,0,1.0000
97,round_robin,2,0.339188,0.660812,0,1.0000
97,round_robin,3,0.394501,0.605499,0,1.0000
97,round_robin,4,0.405221,0.594779,0,1.0000
97,round_robin,5,0.406057,0.593943,0,1.0000
97,round_robin,6,0.405406,0.594594,0,1.0000
97,round_robin,7,0.576466,0.423534,0,1.0000
98,round_robin,0,0.209696,0.790304,0,1.0000
98,round_robin,1,0.302247,0.697753,0,1.0000
98,round_robin,2,0.386448,0.613552,0,1.0000
98,round_robin,3,0.457329,0.542671,0,1.0000
98,round_robin,4,0.464004,0.535996,0,1.0000
98,round_robin,5,0.462937,0.537063,0,1.0000
98,round_robin,6,0.461096,0.538904,0,1.0000
98,round_robin,7,0.622741,0.377259,0,1.0000
99,round_robin,0,0.256886,0.743114,0,1.0000
99,round_robin,1,0.292611,0.707389,0,1.0000
99,round_robin,2,0.378624,0.621376,0,1.0000
99,round_robin,3,0.414601,0.585399,0,1.0000
99,round_robin,4,0.426897,0.573103,0,1.0000
99,round_robin,5,0.428853,0.571147,0,1.0000
99,round_robin,6,0.428314,0.571686,0,1.0000
99,round_robin,7,0.571814,0.428186,0,1.0000
100,round_robin,0,0.274721,0.725279,0,1.0000
100,round_robin,1,0.276628,0.723372,0,1.0000
100,round_robin,2,0.363062,0.636938,0,1.0000
100,round_robin,3,0.374077,0.625923,0,1.0000
100,round_robin,4,0.375691,0.624309,0,1.0000
100,round_robin,5,0.376112,0.623888,0,1.0000
100,round_robin,6,0.375738,0.624262,0,1.0000
100,round_robin,7,0.575984,0.424016,0,1.0000
101,round_robin,0,0.221581,0.778419,0,1.0000
101,round_robin,1,0.336587,0.663413,0,1.0000
101,round_robin,2,0.401018,0.598982,0,1.0000
101,round_robin,3,0.462810,0.537190,0,1.0000
101,round_robin,4,0.472287,0.527713,0,1.0000
101,round_robin,5,0.473111,0.526889,0,1.0000
101,round_robin,6,0.472992,0.527008,0,1.0000
101,round_robin,7,0.603481,0.396519,0,1.0000
102,round_robin,0,0.333609,0.666391,0,1.0000
102,round_robin,1,0.407293,0.592707,0,1.0000
102,round_robin,2,0.475023,0.524977,0,1.0000
102,round_robin,3,0.505944,0.494056,0,1.0000
102,round_robin,4,0.510037,0.489963,0,1.0000
102,round_robin,5,0.508032,0.491968,0,1.0000
102,round_robin,6,0.505760,0.494240,0,1.0000
102,round_robin,7,0.665878,0.334122,0,1.0000
103,round_robin,0,0.258790,0.741210,0,1.0000
103,round_robin,1,0.344370,0.655630,0,1.0000
103,round_robin,2,0.407395,0.592605,0,1.0000
103,round_robin,3,0.447397,0.552603,0,1.0000
103,round_robin,4,0.440314,0.559686,0,1.0000
103,round_robin,5,0.440558,0.559442,0,1.0000
103,round_robin,6,0.440366,0.559634,0,1.0000
103,round_robin,7,0.580508,0.419492,0,1.0000
104,round_robin,0,0.275230,0.724770,0,1.0000
104,round_robin,1,0.319541,0.680459,0,1.0000
104,round_robin,2,0.425905,0.574095,0,1.0000
104,round_robin,3,0.464405,0.535595,0,1.0000
104,round_robin,4,0.470637,0.529363,0,1.0000
104,round_robin,5,0.470717,0.529283,0,1.0000
104,round_robin,6,0.462525,0.537475,0,1.0000
104,round_robin,7,0.649321,0.350679,0,1.0000
105,round_robin,0,0.193409,0.806591,0,1.0000
105,round_robin,1,0.325216,0.674784,0,1.0000
105,round_robin,2,0.418547,0.581453,0,1.0000
105,round_robin,3,0.463618,0.536382,0,1.0000
105,round_robin,4,0.470645,0.529355,0,1.0000
105,round_robin,5,0.470166,0.529834,0,1.0000
105,round_robin,6,0.469580,0.530420,0,1.0000
105,round_robin,7,0.612775,0.387225,0,1.0000
106,round_robin,0,0.263740,0.736260,0,1.0000
106,round_robin,1,0.312681,0.687319,0,1.0000
106,round_robin,2,0.415603,0.584397,0,1.0000
106,round_robin,3,0.453772,0.546228,0,1.0000
106,round_robin,4,0.463791,0.536209,0,1.0000
106,round_robin,5,0.454966,0.545034,0,1.0000
106,round_robin,6,0.454857,0.545143,0,1.0000
106,round_robin,7,0.566248,0.433752,0,1.0000
107,round_robin,0,0.257750,0.742250,0,1.0000
107,round_robin,1,0.309003,0.690997,0,1.0000
107,round_robin,2,0.427191,0.572809,0,1.0000
107,round_robin,3,0.447943,0.552057,0,1.0000
107,round_robin,4,0.438299,0.561701,0,1.0000
107,round_robin,5,0.439058,0.560942,0,1.0000
107,round_robin,6,0.437711,0.562289,0,1.0000
107,round_robin,7,0.641300,0.358700,0,1.0000
108,round_robin,0,0.163345,0.836655,0,1.0000
108,round_robin,1,0.226926,0.773074,0,1.0000
108,round_robin,2,0.327938,0.672062,0,1.0000
108,round_robin,3,0.384584,0.615416,0,1.0000
108,round_robin,4,0.392368,0.607632,0,1.0000
108,round_robin,5,0.393383,0.606617,0,1.0000
108,round_robin,6,0.393045,0.606955,0,1.0000
108,round_robin,7,0.633805,0.366195,0,1.0000
109,round_robin,0,0.117095,0.882905,0,1.0000
109,round_robin,1,0.207006,0.792994,0,1.0000
109,round_robin,2,0.286482,0.713518,0,1.0000
109,round_robin,3,0.380396,0.619604,0,1.0000
109,round_robin,4,0.384600,0.615400,0,1.0000
109,round_robin,5,0.386127,0.613873,0,1.0000
109,round_robin,6,0.383434,0.616566,0,1.0000
109,round_robin,7,0.593187,0.406813,0,1.0000
110,round_robin,0,0.171400,0.828600,0,1.0000
110,round_robin,1,0.285689,0.714311,0,1.0000
110,round_robin,2,0.376390,0.623610,0,1.0000
110,round_robin,3,0.420949,0.579051,0,1.0000
110,round_robin,4,0.409561,0.590439,0,1.0000
110,round_robin,5,0.412097,0.587903,0,1.0000
110,round_robin,6,0.411852,0.588148,0,1.0000
110,round_robin,7,0.580578,0.419422,0,1.0000
111,round_robin,0,0.262783,0.737217,0,1.0000
111,round_robin,1,0.376375,0.623625,0,1.0000
111,round_robin,2,0.413835,0.586165,0,1.0000
111,round_robin,3,0.438518,0.561482,0,1.0000
111,round_robin,4,0.437595,0.562405,0,1.0000
111,round_robin,5,0.432781,0.567219,0,1.0000
111,round_robin,6,0.428802,0.571198,0,1.0000
111,round_robin,7,0.590496,0.409504,0,1.0000
112,round_robin,0,0.142980,0.857020,0,1.0000
112,round_robin,1,0.213798,0.786202,0,1.0000
112,round_robin,2,0.312343,0.687657,0,1.0000
112,round_robin,3,0.358059,0.641941,0,1.0000
112,round_robin,4,0.356264,0.643736,0,1.0000
112,round_robin,5,0.358897,0.641103,0,1.0000
112,round_robin,6,0.355538,0.644462,0,1.0000
112,round_robin,7,0.567833,0.432167,0,1.0000
113,round_robin,0,0.293491,0.706509,0,1.0000
113,round_robin,1,0.388696,0.611304,0,1.0000
113,round_robin,2,0.481265,0.518735,0,1.0000
113,round_robin,3,0.456975,0.543025,0,1.0000
113,round_robin,4,0.460260,0.539740,0,1.0000
113,round_robin,5,0.458493,0.541507,0,1.0000
113,round_robin,6,0.458467,0.541533,0,1.0000
113,round_robin,7,0.624178,0.375822,0,1.0000
114,round_robin,0,0.268231,0.731769,0,1.0000
114,round_robin,1,0.350628,0.649372,0,1.0000
114,round_robin,2,0.433009,0.566991,0,1.0000
114,round_robin,3,0.472828,0.527172,0,1.0000
114,round_robin,4,0.468069,0.531931,0,1.0000
114,round_robin,5,0.465116,0.534884,0,1.0000
114,round_robin,6,0.464740,0.535260,0,1.0000
114,round_robin,7,0.635753,0.364247,0,1.0000
115,round_robin,0,0.257722,0.742278,0,1.0000
115,round_robin,1,0.352948,0.647052,0,1.0000
115,round_robin,2,0.413960,0.586040,0,1.0000
115,round_robin,3,0.466561,0.533439,0,1.0000
115,round_robin,4,0.473946,0.526054,0,1.0000
115,round_robin,5,0.470737,0.529263,0,1.0000
115,round_robin,6,0.470742,0.529258,0,1.0000
115,round_robin,7,0.635786,0.364214,0,1.0000
116,round_robin,0,0.296164,0.703836,0,1.0000
116,round_robin,1,0.354010,0.645990,0,1.0000
116,round_robin,2,0.465966,0.534034,0,1.0000
116,round_robin,3,0.505729,0.494271,0,1.0000
116,round_robin,4,0.506633,0.493367,0,1.0000
116,round_robin,5,0.505898,0.494102,0,1.0000
116,round_robin,6,0.505070,0.494930,0,1.0000
116,round_robin,7,0.629725,0.370275,0,1.0000
117,round_robin,0,0.195677,0.804323,0,1.0000
117,round_robin,1,0.283589,0.716411,0,1.0000
117,round_robin,2,0.365877,0.634123,0,1.0000
117,round_robin,3,0.401360,0.598640,0,1.0000
117,round_robin,4,0.411273,0.588727,0,1.0000
117,round_robin,5,0.411108,0.588892,0,1.0000
117,round_robin,6,0.410984,0.589016,0,1.0000
117,round_robin,7,0.588007,0.411993,0,1.0000
118,round_robin,0,0.256674,0.743326,0,1.0000
118,round_robin,1,0.296164,0.703836,0,1.0000
118,round_robin,2,0.351690,0.648310,0,1.0000
118,round_robin,3,0.383410,0.616590,0,1.0000
118,round_robin,4,0.375702,0.624298,0,1.0000
118,round_robin,5,0.378309,0.621691,0,1.0000
118,round_robin,6,0.376903,0.623097,0,1.0000
118,round_robin,7,0.542110,0.457890,0,1.0000
119,round_robin,0,0.215268,0.784732,0,1.0000
119,round_robin,1,0.312132,0.687868,0,1.0000
119,round_robin,2,0.405608,0.594392,0,1.0000
119,round_robin,3,0.430184,0.569816,0,1.0000
119,round_robin,4,0.441087,0.558913,0,1.0000
119,round_robin,5,0.433794,0.566206,0,1.0000
119,round_robin,6,0.433255,0.566745,0,1.0000
119,round_robin,7,0.635789,0.364211,0,1.0000
120,round_robin,0,0.212694,0.787306,0,1.0000
120,round_robin,1,0.271223,0.728777,0,1.0000
120,round_robin,2,0.328751,0.671249,0,1.0000
120,round_robin,3,0.403139,0.596861,0,1.0000
120,round_robin,4,0.413122,0.586878,0,1.0000
120,round_robin,5,0.411971,0.588029,0,1.0000
120,round_robin,6,0.411973,0.588027,0,1.0000
120,round_robin,7,0.598682,0.401318,0,1.0000
121,round_robin,0,0.153790,0.846210,0,1.0000
121,round_robin,1,0.224881,0.775119,0,1.0000
121,round_robin,2,0.316150,0.683850,0,1.0000
121,round_robin,3,0.344091,0.655909,0,1.0000
121,round_robin,4,0.354052,0.645948,0,1.0000
121,round_robin,5,0.350227,0.649773,0,1.0000
121,round_robin,6,0.350227,0.649773,0,1.0000
121,round_robin,7,0.536431,0.463569,0,1.0000
122,round_robin,0,0.217063,0.782937,0,1.0000
122,round_robin,1,0.264272,0.735728,0,1.0000
122,round_robin,2,0.313947,0.686053,0,1.0000
122,round_robin,3,0.358297,0.641703,0,1.0000
122,round_robin,4,0.370734,0.629266,0,1.0000
122,round_robin,5,0.370049,0.629951,0,1.0000
122,round_robin,6,0.365512,0.634488,0,1.0000
122,round_robin,7,0.555552,0.444448,0,1.0000
123,round_robin,0,0.256408,0.743592,0,1.0000
123,round_robin,1,0.327728,0.672272,0,1.0000
123,round_robin,2,0.380702,0.619298,0,1.0000
123,round_robin,3,0.401066,0.598934,0,1.0000
123,round_robin,4,0.404793,0.595207,0,1.0000
123,round_robin,5,0.407482,0.592518,0,1.0000
123,round_robin,6,0.406226,0.593774,0,1.0000
123,round_robin,7,0.624595,0.375405,0,1.0000
124,round_robin,0,0.179081,0.820919,0,1.0000
124,round_robin,1,0.235663,0.764337,0,1.0000
124,round_robin,2,0.319383,0.680617,0,1.0000
124,round_robin,3,0.398691,0.601309,0,1.0000
124,round_robin,4,0.401313,0.598687,0,1.0000
124,round_robin,5,0.390228,0.609772,0,1.0000
124,round_robin,6,0.390228,0.609772,0,1.0000
124,round_robin,7,0.499451,0.500549,0,1.0000
125,round_robin,0,0.256699,0.743301,0,1.0000
125,round_robin,1,0.321090,0.678910,0,1.0000
125,round_robin,2,0.412129,0.587871,0,1.0000
125,round_robin,3,0.449277,0.550723,0,1.0000
125,round_robin,4,0.462506,0.537494,0,1.0000
125,round_robin,5,0.464231,0.535769,0,1.0000
125,round_robin,6,0.460881,0.539119,0,1.0000
125,round_robin,7,0.614814,0.385186,0,1.0000
126,round_robin,0,0.281392,0.718608,0,1.0000
126,round_robin,1,0.326190,0.673810,0,1.0000
126,round_robin,2,0.404470,0.595530,0,1.0000
126,round_robin,3,0.454806,0.545194,0,1.0000
126,round_robin,4,0.441276,0.558724,0,1.0000
126,round_robin,5,0.442809,0.557191,0,1.0000
126,round_robin,6,0.442338,0.557662,0,1.0000
126,round_robin,7,0.584625,0.415375,0,1.0000
127,round_robin,0,0.270169,0.729831,0,1.0000
127,round_robin,1,0.342892,0.657108,0,1.0000
127,round_robin,2,0.419496,0.580504,0,1.0000
127,round_robin,3,0.460862,0.539138,0,1.0000
127,round_robin,4,0.471132,0.528868,0,1.0000
127,round_robin,5,0.472770,0.527230,0,1.0000
127,round_robin,6,0.468062,0.531938,0,1.0000
127,round_robin,7,0.562060,0.437940,0,1.0000
128,round_robin,0,0.163159,0.836841,0,1.0000
128,round_robin,1,0.264910,0.735090,0,1.0000
128,round_robin,2,0.342485,0.657515,0,1.0000
128,round_robin,3,0.331302,0.668698,0,1.0000
128,round_robin,4,0.335781,0.664219,0,1.0000
128,round_robin,5,0.338570,0.661430,0,1.0000
128,round_robin,6,0.337432,0.662568,0,1.0000
128,round_robin,7,0.551127,0.448873,0,1.0000
129,round_robin,0,0.191019,0.808981,0,1.0000
129,round_robin,1,0.297896,0.702104,0,1.0000
129,round_robin,2,0.363045,0.636955,0,1.0000
129,round_robin,3,0.403745,0.596255,0,1.0000
129,round_robin,4,0.410319,0.589681,0,1.0000
129,round_robin,5,0.398400,0.601600,0,1.0000
129,round_robin,6,0.396801,0.603199,0,1.0000
129,round_robin,7,0.617387,0.382613,0,1.0000
130,round_robin,0,0.169327,0.830673,0,1.0000
130,round_robin,1,0.265563,0.734437,0,1.0000
130,round_robin,2,0.357718,0.642282,0,1.0000
130,round_robin,3,0.409660,0.590340,0,1.0000
130,round_robin,4,0.411852,0.588148,0,1.0000
130,round_robin,5,0.414185,0.585815,0,1.0000
130,round_robin,6,0.413534,0.586466,0,1.0000
130,round_robin,7,0.590521,0.409479,0,1.0000
131,round_robin,0,0.179194,0.820806,0,1.0000
131,round_robin,1,0.240657,0.759343,0,1.0000
131,round_robin,2,0.320332,0.679668,0,1.0000
131,round_robin,3,0.378088,0.621912,0,1.0000
131,round_robin,4,0.387565,0.612435,0,1.0000
131,round_robin,5,0.389821,0.610179,0,1.0000
131,round_robin,6,0.389674,0.610326,0,1.0000
131,round_robin,7,0.573754,0.426246,0,1.0000
132,round_robin,0,0.287330,0.712670,0,1.0000
132,round_robin,1,0.370148,0.629852,0,1.0000
132,round_robin,2,0.409307,0.590693,0,1.0000
132,round_robin,3,0.399285,0.600715,0,1.0000
132,round_robin,4,0.413447,0.586553,0,1.0000
132,round_robin,5,0.412067,0.587933,0,1.0000
132,round_robin,6,0.412062,0.587938,0,1.0000
132,round_robin,7,0.566058,0.433942,0,1.0000
133,round_robin,0,0.127034,0.872966,0,1.0000
133,round_robin,1,0.225213,0.774787,0,1.0000
133,round_robin,2,0.321575,0.678425,0,1.0000
133,round_robin,3,0.331536,0.668464,0,1.0000
133,round_robin,4,0.338582,0.661418,0,1.0000
133,round_robin,5,0.339966,0.660034,0,1.0000
133,round_robin,6,0.339366,0.660634,0,1.0000
133,round_robin,7,0.525055,0.474945,0,1.0000
134,round_robin,0,0.213877,0.786123,0,1.0000
134,round_robin,1,0.288284,0.711716,0,1.0000
134,round_robin,2,0.344730,0.655270,0,1.0000
134,round_robin,3,0.384298,0.615702,0,1.0000
134,round_robin,4,0.396929,0.603071,0,1.0000
134,round_robin,5,0.396429,0.603571,0,1.0000
134,round_robin,6,0.394624,0.605376,0,1.0000
134,round_robin,7,0.610208,0.389792,0,1.0000
135,round_robin,0,0.222054,0.777946,0,1.0000
135,round_robin,1,0.337145,0.662855,0,1.0000
135,round_robin,2,0.419321,0.580679,0,1.0000
135,round_robin,3,0.473986,0.526014,0,1.0000
135,round_robin,4,0.480642,0.519358,0,1.0000
135,round_robin,5,0.475051,0.524949,0,1.0000
135,round_robin,6,0.474918,0.525082,0,1.0000
135,round_robin,7,0.648390,0.351610,0,1.0000
136,round_robin,0,0.227172,0.772828,0,1.0000
136,round_robin,1,0.332123,0.667877,0,1.0000
136,round_robin,2,0.397878,0.602122,0,1.0000
136,round_robin,3,0.442726,0.557274,0,1.0000
136,round_robin,4,0.436588,0.563412,0,1.0000
136,round_robin,5,0.439034,0.560966,0,1.0000
136,round_robin,6,0.437101,0.562899,0,1.0000
136,round_robin,7,0.607183,0.392817,0,1.0000
137,round_robin,0,0.246631,0.753369,0,1.0000
137,round_robin,1,0.269650,0.730350,0,1.0000
137,round_robin,2,0.375918,0.624082,0,1.0000
137,round_robin,3,0.386657,0.613343,0,1.0000
137,round_robin,4,0.396467,0.603533,0,1.0000
137,round_robin,5,0.398629,0.601371,0,1.0000
137,round_robin,6,0.394869,0.605131,0,1.0000
137,round_robin,7,0.559312,0.440688,0,1.0000
138,round_robin,0,0.211377,0.788623,0,1.0000
138,round_robin,1,0.254499,0.745501,0,1.0000
138,round_robin,2,0.335579,0.664421,0,1.0000
138,round_robin,3,0.358962,0.641038,0,1.0000
138,round_robin,4,0.368693,0.631307,0,1.0000
138,round_robin,5,0.367748,0.632252,0,1.0000
138,round_robin,6,0.359660,0.640340,0,1.0000
138,round_robin,7,0.566057,0.433943,0,1.0000
139,round_robin,0,0.243818,0.756182,0,1.0000
139,round_robin,1,0.355937,0.644063,0,1.0000
139,round_robin,2,0.427084,0.572916,0,1.0000
139,round_robin,3,0.476483,0.523517,0,1.0000
139,round_robin,4,0.482183,0.517817,0,1.0000
139,round_robin,5,0.484224,0.515776,0,1.0000
139,round_robin,6,0.484227,0.515773,0,1.0000
139,round_robin,7,0.606594,0.393406,0,1.0000
140,round_robin,0,0.264236,0.735764,0,1.0000
140,round_robin,1,0.342676,0.657324,0,1.0000
140,round_robin,2,0.421985,0.578015,0,1.0000
140,round_robin,3,0.483413,0.516587,0,1.0000
140,round_robin,4,0.487043,0.512957,0,1.0000
140,round_robin,5,0.488955,0.511045,0,1.0000
140,round_robin,6,0.487241,0.512759,0,1.0000
140,round_robin,7,0.628300,0.371700,0,1.0000
141,round_robin,0,0.264800,0.735200,0,1.0000
141,round_robin,1,0.312352,0.687648,0,1.0000
141,round_robin,2,0.397148,0.602852,0,1.0000
141,round_robin,3,0.424577,0.575423,0,1.0000
141,round_robin,4,0.422947,0.577053,0,1.0000
141,round_robin,5,0.417686,0.582314,0,1.0000
141,round_robin,6,0.414461,0.585539,0,1.0000
141,round_robin,7,0.623496,0.376504,0,1.0000
142,round_robin,0,0.252419,0.747581,0,1.0000
142,round_robin,1,0.337480,0.662520,0,1.0000
142,round_robin,2,0.372556,0.627444,0,1.0000
142,round_robin,3,0.395010,0.604990,0,1.0000
142,round_robin,4,0.398249,0.601751,0,1.0000
142,round_robin,5,0.400309,0.599691,0,1.0000
142,round_robin,6,0.399561,0.600439,0,1.0000
142,round_robin,7,0.593679,0.406321,0,1.0000
143,round_robin,0,0.310190,0.689810,0,1.0000
143,round_robin,1,0.407580,0.592420,0,1.0000
143,round_robin,2,0.488029,0.511971,0,1.0000
143,round_robin,3,0.520632,0.479368,0,1.0000
143,round_robin,4,0.514934,0.485066,0,1.0000
143,round_robin,5,0.516617,0.483383,0,1.0000
143,round_robin,6,0.515457,0.484543,0,1.0000
143,round_robin,7,0.697726,0.302274,0,1.0000
144,round_robin,0,0.237394,0.762606,0,1.0000
144,round_robin,1,0.256565,0.743435,0,1.0000
144,round_robin,2,0.346190,0.653810,0,1.0000
144,round_robin,3,0.410216,0.589784,0,1.0000
144,round_robin,4,0.423103,0.576897,0,1.0000
144,round_robin,5,0.425231,0.574769,0,1.0000
144,round_robin,6,0.425065,0.574935,0,1.0000
144,round_robin,7,0.588289,0.411711,0,1.0000
145,round_robin,0,0.183249,0.816751,0,1.0000
145,round_robin,1,0.280319,0.719681,0,1.0000
145,round_robin,2,0.372301,0.627699,0,1.0000
145,round_robin,3,0.438027,0.561973,0,1.0000
145,round_robin,4,0.445350,0.554650,0,1.0000
145,round_robin,5,0.447588,0.552412,0,1.0000
145,round_robin,6,0.447571,0.552429,0,1.0000
145,round_robin,7,0.640024,0.359976,0,1.0000
146,round_robin,0,0.194530,0.805470,0,1.0000
146,round_robin,1,0.315834,0.684166,0,1.0000
146,round_robin,2,0.405438,0.594562,0,1.0000
146,round_robin,3,0.424065,0.575935,0,1.0000
146,round_robin,4,0.429584,0.570416,0,1.0000
146,round_robin,5,0.429881,0.570119,0,1.0000
146,round_robin,6,0.429830,0.570170,0,1.0000
146,round_robin,7,0.647813,0.352187,0,1.0000
147,round_robin,0,0.330817,0.669183,0,1.0000
147,round_robin,1,0.421887,0.578113,0,1.0000
147,round_robin,2,0.452654,0.547346,0,1.0000
147,round_robin,3,0.488039,0.511961,0,1.0000
147,round_robin,4,0.479659,0.520341,0,1.0000
147,round_robin,5,0.481382,0.518618,0,1.0000
147,round_robin,6,0.481353,0.518647,0,1.0000
147,round_robin,7,0.599062,0.400938,0,1.0000
148,round_robin,0,0.228614,0.771386,0,1.0000
148,round_robin,1,0.269993,0.730007,0,1.0000
148,round_robin,2,0.325503,0.674497,0,1.0000
148,round_robin,3,0.354118,0.645882,0,1.0000
148,round_robin,4,0.364284,0.635716,0,1.0000
148,round_robin,5,0.362813,0.637187,0,1.0000
148,round_robin,6,0.362453,0.637547,0,1.0000
148,round_robin,7,0.589277,0.410723,0,1.0000
149,round_robin,0,0.176635,0.823365,0,1.0000
149,round_robin,1,0.229379,0.770621,0,1.0000
149,round_robin,2,0.323273,0.676727,0,1.0000
149,round_robin,3,0.331062,0.668938,0,1.0000
149,round_robin,4,0.342107,0.657893,0,1.0000
149,round_robin,5,0.343059,0.656941,0,1.0000
149,round_robin,6,0.342999,0.657001,0,1.0000
149,round_robin,7,0.540434,0.459566,0,1.0000
150,round_robin,0,0.282427,0.717573,0,1.0000
150,round_robin,1,0.331791,0.668209,0,1.0000
150,round_robin,2,0.414476,0.585524,0,1.0000
150,round_robin,3,0.425560,0.574440,0,1.0000
150,round_robin,4,0.426418,0.573582,0,1.0000
150,round_robin,5,0.426587,0.573413,0,1.0000
150,round_robin,6,0.424507,0.575493,0,1.0000
150,round_robin,7,0.559654,0.440346,0,1.0000
151,round_robin,0,0.243140,0.756860,0,1.0000
151,round_robin,1,0.343287,0.656713,0,1.0000
151,round_robin,2,0.455675,0.544325,0,1.0000
151,round_robin,3,0.506118,0.493882,0,1.0000
151,round_robin,4,0.506880,0.493120,0,1.0000
151,round_robin,5,0.504269,0.495731,0,1.0000
151,round_robin,6,0.503573,0.496427,0,1.0000
151,round_robin,7,0.653772,0.346228,0,1.0000
152,round_robin,0,0.270052,0.729948,0,1.0000
152,round_robin,1,0.364106,0.635894,0,1.0000
152,round_robin,2,0.453579,0.546421,0,1.0000
152,round_robin,3,0.462686,0.537314,0,1.0000
152,round_robin,4,0.451486,0.548514,0,1.0000
152,round_robin,5,0.438250,0.561750,0,1.0000
152,round_robin,6,0.436882,0.563118,0,1.0000
152,round_robin,7,0.609635,0.390365,0,1.0000
153,round_robin,0,0.232483,0.767517,0,1.0000
153,round_robin,1,0.334898,0.665102,0,1.0000
153,round_robin,2,0.422106,0.577894,0,1.0000
153,round_robin,3,0.423811,0.576189,0,1.0000
153,round_robin,4,0.429171,0.570829,0,1.0000
153,round_robin,5,0.431142,0.568858,0,1.0000
153,round_robin,6,0.427186,0.572814,0,1.0000
153,round_robin,7,0.626467,0.373533,0,1.0000
154,round_robin,0,0.218323,0.781677,0,1.0000
154,round_robin,1,0.332579,0.667421,0,1.0000
154,round_robin,2,0.419605,0.580395,0,1.0000
154,round_robin,3,0.456448,0.543552,0,1.0000
154,round_robin,4,0.465069,0.534931,0,1.0000
154,round_robin,5,0.466824,0.533176,0,1.0000
154,round_robin,6,0.466537,0.533463,0,1.0000
154,round_robin,7,0.634637,0.365363,0,1.0000
155,round_robin,0,0.251556,0.748444,0,1.0000
155,round_robin,1,0.316581,0.683419,0,1.0000
155,round_robin,2,0.400250,0.599750,0,1.0000
155,round_robin,3,0.446563,0.553437,0,1.0000
155,round_robin,4,0.448965,0.551035,0,1.0000
155,round_robin,5,0.451177,0.548823,0,1.0000
155,round_robin,6,0.451173,0.548827,0,1.0000
155,round_robin,7,0.625805,0.374195,0,1.0000
156,round_robin,0,0.214224,0.785776,0,1.0000
156,round_robin,1,0.306090,0.693910,0,1.0000
156,round_robin,2,0.387415,0.612585,0,1.0000
156,round_robin,3,0.424866,0.575134,0,1.0000
156,round_robin,4,0.417111,0.582889,0,1.0000
156,round_robin,5,0.418013,0.581987,0,1.0000
156,round_robin,6,0.417971,0.582029,0,1.0000
156,round_robin,7,0.574982,0.425018,0,1.0000
157,round_robin,0,0.238797,0.761203,0,1.0000
157,round_robin,1,0.325580,0.674420,0,1.0000
157,round_robin,2,0.407915,0.592085,0,1.0000
157,round_robin,3,0.432276,0.567724,0,1.0000
157,round_robin,4,0.440621,0.559379,0,1.0000
157,round_robin,5,0.441519,0.558481,0,1.0000
157,round_robin,6,0.437152,0.562848,0,1.0000
157,round_robin,7,0.638690,0.361310,0,1.0000
158,round_robin,0,0.254178,0.745822,0,1.0000
158,round_robin,1,0.359401,0.640599,0,1.0000
158,round_robin,2,0.450870,0.549130,0,1.0000
158,round_robin,3,0.498615,0.501385,0,1.0000
158,round_robin,4,0.490654,0.509346,0,1.0000
158,round_robin,5,0.481404,0.518596,0,1.0000
158,round_robin,6,0.481355,0.518645,0,1.0000
158,round_robin,7,0.601831,0.398169,0,1.0000
159,round_robin,0,0.245935,0.754065,0,1.0000
159,round_robin,1,0.334684,0.665316,0,1.0000
159,round_robin,2,0.394972,0.605028,0,1.0000
159,round_robin,3,0.440500,0.559500,0,1.0000
159,round_robin,4,0.446634,0.553366,0,1.0000
159,round_robin,5,0.447667,0.552333,0,1.0000
159,round_robin,6,0.446585,0.553415,0,1.0000
159,round_robin,7,0.616200,0.383800,0,1.0000
160,round_robin,0,0.184778,0.815222,0,1.0000
160,round_robin,1,0.284523,0.715477,0,1.0000
160,round_robin,2,0.362479,0.637521,0,1.0000
160,round_robin,3,0.424773,0.575227,0,1.0000
160,round_robin,4,0.419230,0.580770,0,1.0000
160,round_robin,5,0.418532,0.581468,0,1.0000
160,round_robin,6,0.418283,0.581717,0,1.0000
160,round_robin,7,0.610317,0.389683,0,1.0000
161,round_robin,0,0.251734,0.748266,0,1.0000
161,round_robin,1,0.238620,0.761380,0,1.0000
161,round_robin,2,0.373347,0.626653,0,1.0000
161,round_robin,3,0.433623,0.566377,0,1.0000
161,round_robin,4,0.430767,0.569233,0,1.0000
161,round_robin,5,0.432991,0.567009,0,1.0000
161,round_robin,6,0.429358,0.570642,0,1.0000
161,round_robin,7,0.596640,0.403360,0,1.0000
162,round_robin,0,0.258604,0.741396,0,1.0000
162,round_robin,1,0.300235,0.699765,0,1.0000
162,round_robin,2,0.402938,0.597062,0,1.0000
162,round_robin,3,0.466304,0.533696,0,1.0000
162,round_robin,4,0.467501,0.532499,0,1.0000
162,round_robin,5,0.468590,0.531410,0,1.0000
162,round_robin,6,0.468186,0.531814,0,1.0000
162,round_robin,7,0.639867,0.360133,0,1.0000
163,round_robin,0,0.138525,0.861475,0,1.0000
163,round_robin,1,0.223830,0.776170,0,1.0000
163,round_robin,2,0.322074,0.677926,0,1.0000
163,round_robin,3,0.378847,0.621153,0,1.0000
163,round_robin,4,0.381101,0.618899,0,1.0000
163,round_robin,5,0.380418,0.619582,0,1.0000
163,round_robin,6,0.380072,0.619928,0,1.0000
163,round_robin,7,0.559627,0.440373,0,1.0000
164,round_robin,0,0.232035,0.767965,0,1.0000
164,round_robin,1,0.321061,0.678939,0,1.0000
164,round_robin,2,0.375201,0.624799,0,1.0000
164,round_robin,3,0.414547,0.585453,0,1.0000
164,round_robin,4,0.427658,0.572342,0,1.0000
164,round_robin,5,0.429859,0.570141,0,1.0000
164,round_robin,6,0.429293,0.570707,0,1.0000
164,round_robin,7,0.587458,0.412542,0,1.0000
165,round_robin,0,0.184928,0.815072,0,1.0000
165,round_robin,1,0.258274,0.741726,0,1.0000
165,round_robin,2,0.330895,0.669105,0,1.0000
165,round_robin,3,0.395752,0.604248,0,1.0000
165,round_robin,4,0.394990,0.605010,0,1.0000
165,round_robin,5,0.396486,0.603514,0,1.0000
165,round_robin,6,0.396479,0.603521,0,1.0000
165,round_robin,7,0.596361,0.403639,0,1.0000
166,round_robin,0,0.169531,0.830469,0,1.0000
166,round_robin,1,0.240995,0.759005,0,1.0000
166,round_robin,2,0.319990,0.680010,0,1.0000
166,round_robin,3,0.349409,0.650591,0,1.0000
166,round_robin,4,0.364048,0.635952,0,1.0000
166,round_robin,5,0.361084,0.638916,0,1.0000
166,round_robin,6,0.359687,0.640313,0,1.0000
166,round_robin,7,0.556609,0.443391,0,1.0000
167,round_robin,0,0.273133,0.726867,0,1.0000
167,round_robin,1,0.379689,0.620311,0,1.0000
167,round_robin,2,0.461828,0.538172,0,1.0000
167,round_robin,3,0.492826,0.507174,0,1.0000
167,round_robin,4,0.492370,0.507630,0,1.0000
167,round_robin,5,0.494968,0.505032,0,1.0000
167,round_robin,6,0.494970,0.505030,0,1.0000
167,round_robin,7,0.649943,0.350057,0,1.0000
168,round_robin,0,0.226535,0.773465,0,1.0000
168,round_robin,1,0.327166,0.672834,0,1.0000
168,round_robin,2,0.339994,0.660006,0,1.0000
168,round_robin,3,0.394346,0.605654,0,1.0000
168,round_robin,4,0.402141,0.597859,0,1.0000
168,round_robin,5,0.402087,0.597913,0,1.0000
168,round_robin,6,0.398256,0.601744,0,1.0000
168,round_robin,7,0.583001,0.416999,0,1.0000
169,round_robin,0,0.225261,0.774739,0,1.0000
169,round_robin,1,0.328045,0.671955,0,1.0000
169,round_robin,2,0.408119,0.591881,0,1.0000
169,round_robin,3,0.438451,0.561549,0,1.0000
169,round_robin,4,0.437503,0.562497,0,1.0000
169,round_robin,5,0.431115,0.568885,0,1.0000
169,round_robin,6,0.431091,0.568909,0,1.0000
169,round_robin,7,0.629483,0.370517,0,1.0000
170,round_robin,0,0.284287,0.715713,0,1.0000
170,round_robin,1,0.380802,0.619198,0,1.0000
170,round_robin,2,0.430553,0.569447,0,1.0000
170,round_robin,3,0.445673,0.554327,0,1.0000
170,round_robin,4,0.446680,0.553320,0,1.0000
170,round_robin,5,0.442969,0.557031,0,1.0000
170,round_robin,6,0.441796,0.558204,0,1.0000
170,round_robin,7,0.594770,0.405230,0,1.0000
171,round_robin,0,0.216276,0.783724,0,1.0000
171,round_robin,1,0.278433,0.721567,0,1.0000
171,round_robin,2,0.356687,0.643313,0,1.0000
171,round_robin,3,0.383822,0.616178,0,1.0000
171,round_robin,4,0.389948,0.610052,0,1.0000
171,round_robin,5,0.391994,0.608006,0,1.0000
171,round_robin,6,0.391670,0.608330,0,1.0000
171,round_robin,7,0.595807,0.404193,0,1.0000
172,round_robin,0,0.295438,0.704562,0,1.0000
172,round_robin,1,0.359455,0.640545,0,1.0000
172,round_robin,2,0.417446,0.582554,0,1.0000
172,round_robin,3,0.465291,0.534709,0,1.0000
172,round_robin,4,0.474470,0.525530,0,1.0000
172,round_robin,5,0.472063,0.527937,0,1.0000
172,round_robin,6,0.471561,0.528439,0,1.0000
172,round_robin,7,0.591928,0.408072,0,1.0000
173,round_robin,0,0.304419,0.695581,0,1.0000
173,round_robin,1,0.375488,0.624512,0,1.0000
173,round_robin,2,0.448247,0.551753,0,1.0000
173,round_robin,3,0.478289,0.521711,0,1.0000
173,round_robin,4,0.451634,0.548366,0,1.0000
173,round_robin,5,0.452483,0.547517,0,1.0000
173,round_robin,6,0.451673,0.548327,0,1.0000
173,round_robin,7,0.616619,0.383381,0,1.0000
174,round_robin,0,0.188867,0.811133,0,1.0000
174,round_robin,1,0.265259,0.734741,0,1.0000
174,round_robin,2,0.320985,0.679015,0,1.0000
174,round_robin,3,0.353330,0.646670,0,1.0000
174,round_robin,4,0.362019,0.637981,0,1.0000
174,round_robin,5,0.362931,0.637069,0,1.0000
174,round_robin,6,0.362753,0.637247,0,1.0000
174,round_robin,7,0.562772,0.437228,0,1.0000
175,round_robin,0,0.276273,0.723727,0,1.0000
175,round_robin,1,0.315320,0.684680,0,1.0000
175,round_robin,2,0.427191,0.572809,0,1.0000
175,round_robin,3,0.474862,0.525138,0,1.0000
175,round_robin,4,0.479015,0.520985,0,1.0000
175,round_robin,5,0.467922,0.532078,0,1.0000
175,round_robin,6,0.464925,0.535075,0,1.0000
175,round_robin,7,0.605270,0.394730,0,1.0000
176,round_robin,0,0.133048,0.866952,0,1.0000
176,round_robin,1,0.215734,0.784266,0,1.0000
176,round_robin,2,0.312355,0.687645,0,1.0000
176,round_robin,3,0.377643,0.622357,0,1.0000
176,round_robin,4,0.391156,0.608844,0,1.0000
176,round_robin,5,0.380499,0.619501,0,1.0000
176,round_robin,6,0.380411,0.619589,0,1.0000
176,round_robin,7,0.566123,0.433877,0,1.0000
177,round_robin,0,0.245629,0.754371,0,1.0000
177,round_robin,1,0.322622,0.677378,0,1.0000
177,round_robin,2,0.416366,0.583634,0,1.0000
177,round_robin,3,0.443731,0.556269,0,1.0000
177,round_robin,4,0.443220,0.556780,0,1.0000
177,round_robin,5,0.437966,0.562034,0,1.0000
177,round_robin,6,0.436567,0.563433,0,1.0000
177,round_robin,7,0.614500,0.385500,0,1.0000
178,round_robin,0,0.225566,0.774434,0,1.0000
178,round_robin,1,0.344760,0.655240,0,1.0000
178,round_robin,2,0.389902,0.610098,0,1.0000
178,round_robin,3,0.449422,0.550578,0,1.0000
178,round_robin,4,0.452865,0.547135,0,1.0000
178,round_robin,5,0.451195,0.548805,0,1.0000
178,round_robin,6,0.450449,0.549551,0,1.0000
178,round_robin,7,0.640884,0.359116,0,1.0000
179,round_robin,0,0.283403,0.716597,0,1.0000
179,round_robin,1,0.359604,0.640396,0,1.0000
179,round_robin,2,0.420117,0.579883,0,1.0000
179,round_robin,3,0.476057,0.523943,0,1.0000
179,round_robin,4,0.478817,0.521183,0,1.0000
179,round_robin,5,0.479604,0.520396,0,1.0000
179,round_robin,6,0.479463,0.520537,0,1.0000
179,round_robin,7,0.622853,0.377147,0,1.0000
180,round_robin,0,0.202526,0.797474,0,1.0000
180,round_robin,1,0.295725,0.704275,0,1.0000
180,round_robin,2,0.374660,0.625340,0,1.0000
180,round_robin,3,0.412362,0.587638,0,1.0000
180,round_robin,4,0.413152,0.586848,0,1.0000
180,round_robin,5,0.411734,0.588266,0,1.0000
180,round_robin,6,0.411387,0.588613,0,1.0000
180,round_robin,7,0.610372,0.389628,0,1.0000
181,round_robin,0,0.312769,0.687231,0,1.0000
181,round_robin,1,0.387587,0.612413,0,1.0000
181,round_robin,2,0.454148,0.545852,0,1.0000
181,round_robin,3,0.500671,0.499329,0,1.0000
181,round_robin,4,0.502753,0.497247,0,1.0000
181,round_robin,5,0.501718,0.498282,0,1.0000
181,round_robin,6,0.501702,0.498298,0,1.0000
181,round_robin,7,0.669059,0.330941,0,1.0000
182,round_robin,0,0.227335,0.772665,0,1.0000
182,round_robin,1,0.318172,0.681828,0,1.0000
182,round_robin,2,0.393572,0.606428,0,1.0000
182,round_robin,3,0.433028,0.566972,0,1.0000
182,round_robin,4,0.438251,0.561749,0,1.0000
182,round_robin,5,0.432636,0.567364,0,1.0000
182,round_robin,6,0.430758,0.569242,0,1.0000
182,round_robin,7,0.621865,0.378135,0,1.0000
183,round_robin,0,0.157018,0.842982,0,1.0000
183,round_robin,1,0.261279,0.738721,0,1.0000
183,round_robin,2,0.327233,0.672767,0,1.0000
183,round_robin,3,0.353625,0.646375,0,1.0000
183,round_robin,4,0.360970,0.639030,0,1.0000
183,round_robin,5,0.362731,0.637269,0,1.0000
183,round_robin,6,0.357411,0.642589,0,1.0000
183,round_robin,7,0.580214,0.419786,0,1.0000
184,round_robin,0,0.285348,0.714652,0,1.0000
184,round_robin,1,0.400058,0.599942,0,1.0000
184,round_robin,2,0.442027,0.557973,0,1.0000
184,round_robin,3,0.421864,0.578136,0,1.0000
184,round_robin,4,0.430849,0.569151,0,1.0000
184,round_robin,5,0.432387,0.567613,0,1.0000
184,round_robin,6,0.430842,0.569158,0,1.0000
184,round_robin,7,0.628347,0.371653,0,1.0000
185,round_robin,0,0.244157,0.755843,0,1.0000
185,round_robin,1,0.319551,0.680449,0,1.0000
185,round_robin,2,0.427921,0.572079,0,1.0000
185,round_robin,3,0.459275,0.540725,0,1.0000
185,round_robin,4,0.461793,0.538207,0,1.0000
185,round_robin,5,0.464207,0.535793,0,1.0000
185,round_robin,6,0.464195,0.535805,0,1.0000
185,round_robin,7,0.602520,0.397480,0,1.0000
186,round_robin,0,0.220500,0.779500,0,1.0000
186,round_robin,1,0.243924,0.756076,0,1.0000
186,round_robin,2,0.351596,0.648404,0,1.0000
186,round_robin,3,0.409707,0.590293,0,1.0000
186,round_robin,4,0.420806,0.579194,0,1.0000
186,round_robin,5,0.409886,0.590114,0,1.0000
186,round_robin,6,0.404098,0.595902,0,1.0000
186,round_robin,7,0.600460,0.399540,0,1.0000
187,round_robin,0,0.242924,0.757076,0,1.0000
187,round_robin,1,0.306497,0.693503,0,1.0000
187,round_robin,2,0.378541,0.621459,0,1.0000
187,round_robin,3,0.421085,0.578915,0,1.0000
187,round_robin,4,0.404196,0.595804,0,1.0000
187,round_robin,5,0.403774,0.596226,0,1.0000
187,round_robin,6,0.403712,0.596288,0,1.0000
187,round_robin,7,0.564962,0.435038,0,1.0000
188,round_robin,0,0.155962,0.844038,0,1.0000
188,round_robin,1,0.223873,0.776127,0,1.0000
188,round_robin,2,0.309342,0.690658,0,1.0000
188,round_robin,3,0.343534,0.656466,0,1.0000
188,round_robin,4,0.341936,0.658064,0,1.0000
188,round_robin,5,0.337426,0.662574,0,1.0000
188,round_robin,6,0.337429,0.662571,0,1.0000
188,round_robin,7,0.572557,0.427443,0,1.0000
189,round_robin,0,0.299464,0.700536,0,1.0000
189,round_robin,1,0.396667,0.603333,0,1.0000
189,round_robin,2,0.474672,0.525328,0,1.0000
189,round_robin,3,0.512338,0.487662,0,1.0000
189,round_robin,4,0.519242,0.480758,0,1.0000
189,round_robin,5,0.515469,0.484531,0,1.0000
189,round_robin,6,0.511998,0.488002,0,1.0000
189,round_robin,7,0.633149,0.366851,0,1.0000
190,round_robin,0,0.284239,0.715761,0,1.0000
190,round_robin,1,0.346752,0.653248,0,1.0000
190,round_robin,2,0.433367,0.566633,0,1.0000
190,round_robin,3,0.467750,0.532250,0,1.0000
190,round_robin,4,0.464441,0.535559,0,1.0000
190,round_robin,5,0.466783,0.533217,0,1.0000
190,round_robin,6,0.466372,0.533628,0,1.0000
190,round_robin,7,0.618441,0.381559,0,1.0000
191,round_robin,0,0.221351,0.778649,0,1.0000
191,round_robin,1,0.307181,0.692819,0,1.0000
191,round_robin,2,0.421957,0.578043,0,1.0000
191,round_robin,3,0.448670,0.551330,0,1.0000
191,round_robin,4,0.450678,0.549322,0,1.0000
191,round_robin,5,0.452755,0.547245,0,1.0000
191,round_robin,6,0.452766,0.547234,0,1.0000
191,round_robin,7,0.614931,0.385069,0,1.0000
192,round_robin,0,0.262360,0.737640,0,1.0000
192,round_robin,1,0.317663,0.682337,0,1.0000
192,round_robin,2,0.433789,0.566211,0,1.0000
192,round_robin,3,0.487253,0.512747,0,1.0000
192,round_robin,4,0.490655,0.509345,0,1.0000
192,round_robin,5,0.489729,0.510271,0,1.0000
192,round_robin,6,0.485482,0.514518,0,1.0000
192,round_robin,7,0.642284,0.357716,0,1.0000
193,round_robin,0,0.215813,0.784187,0,1.0000
193,round_robin,1,0.351185,0.648815,0,1.0000
193,round_robin,2,0.392177,0.607823,0,1.0000
193,round_robin,3,0.413642,0.586358,0,1.0000
193,round_robin,4,0.419816,0.580184,0,1.0000
193,round_robin,5,0.415806,0.584194,0,1.0000
193,round_robin,6,0.415039,0.584961,0,1.0000
193,round_robin,7,0.626606,0.373394,0,1.0000
194,round_robin,0,0.293538,0.706462,0,1.0000
194,round_robin,1,0.378077,0.621923,0,1.0000
194,round_robin,2,0.482341,0.517659,0,1.0000
194,round_robin,3,0.493202,0.506798,0,1.0000
194,round_robin,4,0.497189,0.502811,0,1.0000
194,round_robin,5,0.498725,0.501275,0,1.0000
194,round_robin,6,0.498370,0.501630,0,1.0000
194,round_robin,7,0.655071,0.344929,0,1.0000
195,round_robin,0,0.260638,0.739362,0,1.0000
195,round_robin,1,0.361693,0.638307,0,1.0000
195,round_robin,2,0.407533,0.592467,0,1.0000
195,round_robin,3,0.429338,0.570662,0,1.0000
195,round_robin,4,0.425404,0.574596,0,1.0000
195,round_robin,5,0.424294,0.575706,0,1.0000
195,round_robin,6,0.423069,0.576931,0,1.0000
195,round_robin,7,0.596342,0.403658,0,1.0000
196,round_robin,0,0.224357,0.775643,0,1.0000
196,round_robin,1,0.283641,0.716359,0,1.0000
196,round_robin,2,0.356560,0.643440,0,1.0000
196,round_robin,3,0.409088,0.590912,0,1.0000
196,round_robin,4,0.403572,0.596428,0,1.0000
196,round_robin,5,0.398688,0.601312,0,1.0000
196,round_robin,6,0.398250,0.601750,0,1.0000
196,round_robin,7,0.611195,0.388805,0,1.0000
197,round_robin,0,0.294483,0.705517,0,1.0000
197,round_robin,1,0.375053,0.624947,0,1.0000
197,round_robin,2,0.393388,0.606612,0,1.0000
197,round_robin,3,0.448015,0.551985,0,1.0000
197,round_robin,4,0.450855,0.549145,0,1.0000
197,round_robin,5,0.453055,0.546945,0,1.0000
197,round_robin,6,0.452170,0.547830,0,1.0000
197,round_robin,7,0.596540,0.403460,0,1.0000
198,round_robin,0,0.233654,0.766346,0,1.0000
198,round_robin,1,0.331857,0.668143,0,1.0000
198,round_robin,2,0.389074,0.610926,0,1.0000
198,round_robin,3,0.421370,0.578630,0,1.0000
198,round_robin,4,0.431014,0.568986,0,1.0000
198,round_robin,5,0.433024,0.566976,0,1.0000
198,round_robin,6,0.432921,0.567079,0,1.0000
198,round_robin,7,0.611487,0.388513,0,1.0000
199,round_robin,0,0.271010,0.728990,0,1.0000
199,round_robin,1,0.328531,0.671469,0,1.0000
199,round_robin,2,0.425412,0.574588,0,1.0000
199,round_robin,3,0.461393,0.538607,0,1.0000
199,round_robin,4,0.446734,0.553266,0,1.0000
199,round_robin,5,0.448314,0.551686,0,1.0000
199,round_robin,6,0.447881,0.552119,0,1.0000
199,round_robin,7,0.625772,0.374228,0,1.0000
