cement,slag,fly_ash,water,superplasticizer,coarse_agg,fine_agg,age,strength,source,temperature,humidity
360.0,0.0,0.0,180.0,0.0,1086.0,724.0,1.0,13.35,D3,23.5,0.44
360.0,0.0,0.0,180.0,0.0,1086.0,724.0,2.0,23.2,D3,20.9,0.41
360.0,0.0,0.0,180.0,0.0,1086.0,724.0,7.0,32.07,D3,22.1,0.36
360.0,0.0,0.0,180.0,0.0,1086.0,724.0,28.0,39.72,D3,21.8,0.56
360.0,0.0,0.0,180.0,0.0,1086.0,724.0,28.0,46.64,D3,24.1,0.43
360.0,0.0,0.0,180.0,0.0,1086.0,724.0,1.0,43.55,D3,19.4,0.51
360.0,0.0,0.0,180.0,0.0,1086.0,724.0,28.0,54.8,D3,17.4,0.41
360.0,0.0,0.0,180.0,0.0,1086.0,724.0,28.0,58.23,D3,21.6,0.53
360.0,0.0,0.0,180.0,0.0,1086.0,724.0,28.0,54.31,D3,22.9,0.41
360.0,0.0,0.0,180.0,0.0,1086.0,724.0,28.0,37.6,D3,22.3,0.39
360.0,0.0,0.0,180.0,0.0,1086.0,724.0,28.0,60.39,D3,24.5,0.44
360.0,0.0,0.0,180.0,0.0,1086.0,724.0,28.0,58.23,D3,22.9,0.42
360.0,0.0,0.0,180.0,0.0,1086.0,724.0,28.0,65.2,D3,20.9,0.48
360.0,0.0,0.0,180.0,0.0,1086.0,724.0,28.0,53.88,D3,17.3,0.45
360.0,0.0,0.0,180.0,0.0,1086.0,724.0,1.0,43.38,D3,21.5,0.48
360.0,0.0,0.0,180.0,0.0,1086.0,724.0,7.0,51.36,D3,24.1,0.44
360.0,0.0,0.0,180.0,0.0,1086.0,724.0,28.0,57.74,D3,21.2,0.42
360.0,0.0,0.0,180.0,0.0,1086.0,724.0,28.0,54.31,D3,22.1,0.42
360.0,0.0,0.0,180.0,0.0,1086.0,724.0,7.0,23.52,D3,22.8,0.55
360.0,0.0,0.0,180.0,0.0,1086.0,724.0,28.0,52.09,D3,20.0,0.46
360.0,0.0,0.0,180.0,0.0,1086.0,724.0,28.0,54.7,D3,23.2,0.35
360.0,0.0,0.0,180.0,0.0,1086.0,724.0,30.0,53.72,D3,25.3,0.42
360.0,0.0,0.0,180.0,0.0,1086.0,724.0,28.0,48.43,D3,21.7,0.45
360.0,0.0,0.0,180.0,0.0,1086.0,724.0,28.0,50.47,D3,19.7,0.54
360.0,0.0,0.0,180.0,0.0,1086.0,724.0,28.0,44.2,D3,21.9,0.5
360.0,0.0,0.0,180.0,0.0,1086.0,724.0,28.0,50.87,D3,17.6,0.4
360.0,0.0,0.0,180.0,0.0,1086.0,724.0,28.0,39.72,D3,22.7,0.57
360.0,0.0,0.0,180.0,0.0,1086.0,724.0,28.0,42.9,D3,22.9,0.45
360.0,0.0,0.0,180.0,0.0,1086.0,724.0,28.0,42.9,D3,25.4,0.51
360.0,0.0,0.0,180.0,0.0,1086.0,724.0,28.0,31.09,D3,21.6,0.39
360.0,0.0,0.0,180.0,0.0,1086.0,724.0,28.0,41.67,D3,22.8,0.33
360.0,0.0,0.0,180.0,0.0,1086.0,724.0,28.0,41.02,D3,20.3,0.38
360.0,0.0,0.0,180.0,0.0,1086.0,724.0,28.0,42.9,D3,21.3,0.29
360.0,0.0,0.0,180.0,0.0,1086.0,724.0,28.0,41.67,D3,18.9,0.56
360.0,0.0,0.0,180.0,0.0,1086.0,724.0,28.0,38.74,D3,21.6,0.46
360.0,0.0,0.0,180.0,0.0,1086.0,724.0,7.0,44.52,D3,21.4,0.4
360.0,0.0,0.0,180.0,0.0,1086.0,724.0,28.0,49.9,D3,22.6,0.47
360.0,0.0,0.0,180.0,0.0,1086.0,724.0,28.0,44.85,D3,20.8,0.46
360.0,0.0,0.0,180.0,0.0,1086.0,724.0,28.0,44.2,D3,22.2,0.48
360.0,0.0,0.0,180.0,0.0,1086.0,724.0,28.0,49.24,D3,21.3,0.51
360.0,0.0,0.0,180.0,0.0,1086.0,724.0,28.0,42.9,D3,21.3,0.44
360.0,0.0,0.0,180.0,0.0,1086.0,724.0,28.0,49.16,D3,22.2,0.41
360.0,0.0,0.0,180.0,0.0,1086.0,724.0,28.0,52.74,D3,22.1,0.49
360.0,0.0,0.0,180.0,0.0,1086.0,724.0,28.0,35.57,D3,23.5,0.49
360.0,0.0,0.0,180.0,0.0,1086.0,724.0,1.0,17.5,D3,21.8,0.46
360.0,0.0,0.0,180.0,0.0,1086.0,724.0,4.0,36.55,D3,21.3,0.56
360.0,0.0,0.0,180.0,0.0,1086.0,724.0,7.0,37.85,D3,21.6,0.43
360.0,0.0,0.0,180.0,0.0,1086.0,724.0,28.0,44.85,D3,20.6,0.41
360.0,0.0,0.0,180.0,0.0,1086.0,724.0,28.0,46.07,D3,21.3,0.47
360.0,0.0,0.0,180.0,0.0,1086.0,724.0,28.0,48.35,D3,26.1,0.42
360.0,0.0,0.0,180.0,0.0,1086.0,724.0,28.0,59.8,D3,20.2,0.47
360.0,0.0,0.0,180.0,0.0,1086.0,724.0,28.0,42.0,D3,21.4,0.41
360.0,0.0,0.0,180.0,0.0,1086.0,724.0,28.0,47.05,D3,21.2,0.43
360.0,0.0,0.0,180.0,0.0,1086.0,724.0,7.0,36.87,D3,21.5,0.54
360.0,0.0,0.0,180.0,0.0,1086.0,724.0,28.0,45.74,D3,21.3,0.43
360.0,0.0,0.0,180.0,0.0,1086.0,724.0,28.0,35.0,D3,22.6,0.41
360.0,0.0,0.0,180.0,0.0,1086.0,724.0,28.0,42.9,D3,18.6,0.51
360.0,0.0,0.0,180.0,0.0,1086.0,724.0,28.0,52.17,D3,24.1,0.4
360.0,0.0,0.0,180.0,0.0,1086.0,724.0,28.0,36.87,D3,23.3,0.42
360.0,0.0,0.0,180.0,0.0,1086.0,724.0,28.0,41.67,D3,19.5,0.48
360.0,0.0,0.0,180.0,0.0,1086.0,724.0,28.0,48.35,D3,17.5,0.5
360.0,0.0,0.0,180.0,0.0,1086.0,724.0,28.0,46.07,D3,20.0,0.51
360.0,0.0,0.0,180.0,0.0,1086.0,724.0,28.0,46.72,D3,21.5,0.41
360.0,0.0,0.0,180.0,0.0,1086.0,724.0,2.0,20.67,D3,27.2,0.48
360.0,0.0,0.0,180.0,0.0,1086.0,724.0,28.0,44.2,D3,23.1,0.43
360.0,0.0,0.0,180.0,0.0,1086.0,724.0,2.0,29.22,D3,18.4,0.42
360.0,0.0,0.0,180.0,0.0,1086.0,724.0,9.0,39.07,D3,20.6,0.51
360.0,0.0,0.0,180.0,0.0,1086.0,724.0,30.0,41.02,D3,21.9,0.42
360.0,0.0,0.0,180.0,0.0,1086.0,724.0,28.0,35.73,D3,22.5,0.46
360.0,0.0,0.0,180.0,0.0,1086.0,724.0,28.0,46.07,D3,19.4,0.46
360.0,0.0,0.0,180.0,0.0,1086.0,724.0,28.0,33.7,D3,21.7,0.4
360.0,0.0,0.0,180.0,0.0,1086.0,724.0,28.0,28.81,D3,20.6,0.5
360.0,0.0,0.0,180.0,0.0,1086.0,724.0,28.0,41.35,D3,19.8,0.48
360.0,0.0,0.0,180.0,0.0,1086.0,724.0,7.0,29.55,D3,22.5,0.35
360.0,0.0,0.0,180.0,0.0,1086.0,724.0,28.0,37.2,D3,23.5,0.46
360.0,0.0,0.0,180.0,0.0,1086.0,724.0,28.0,38.17,D3,23.7,0.41
360.0,0.0,0.0,180.0,0.0,1086.0,724.0,28.0,41.35,D3,23.1,0.5
360.0,0.0,0.0,180.0,0.0,1086.0,724.0,28.0,47.7,D3,21.0,0.38
360.0,0.0,0.0,180.0,0.0,1086.0,724.0,7.0,25.15,D3,23.4,0.43
360.0,0.0,0.0,180.0,0.0,1086.0,724.0,28.0,33.7,D3,22.6,0.47
360.0,0.0,0.0,180.0,0.0,1086.0,724.0,28.0,46.72,D3,22.3,0.45
360.0,0.0,0.0,180.0,0.0,1086.0,724.0,28.0,45.42,D3,20.8,0.49
360.0,0.0,0.0,180.0,0.0,1086.0,724.0,28.0,27.02,D3,21.0,0.37
360.0,0.0,0.0,180.0,0.0,1086.0,724.0,28.0,24.5,D3,22.1,0.53
360.0,0.0,0.0,180.0,0.0,1086.0,724.0,28.0,34.02,D3,26.9,0.48
360.0,0.0,0.0,180.0,0.0,1086.0,724.0,28.0,27.02,D3,22.6,0.52
360.0,0.0,0.0,180.0,0.0,1086.0,724.0,28.0,36.55,D3,20.8,0.49
360.0,0.0,0.0,180.0,0.0,1086.0,724.0,28.0,17.17,D3,20.3,0.45
360.0,0.0,0.0,180.0,0.0,1086.0,724.0,28.0,23.12,D3,21.0,0.39
360.0,0.0,0.0,180.0,0.0,1086.0,724.0,28.0,17.17,D3,26.4,0.42
360.0,0.0,0.0,180.0,0.0,1086.0,724.0,28.0,33.37,D3,21.2,0.53
360.0,0.0,0.0,180.0,0.0,1086.0,724.0,28.0,18.72,D3,23.8,0.52
360.0,0.0,0.0,180.0,0.0,1086.0,724.0,28.0,10.74,D3,21.2,0.42
360.0,0.0,0.0,180.0,0.0,1086.0,724.0,28.0,11.15,D3,22.5,0.31
360.0,0.0,0.0,180.0,0.0,1086.0,724.0,28.0,12.78,D3,23.6,0.44
360.0,0.0,0.0,180.0,0.0,1086.0,724.0,28.0,8.87,D3,20.9,0.44
360.0,0.0,0.0,180.0,0.0,1086.0,724.0,28.0,24.17,D3,20.7,0.44
428.5714285714286,0.0,0.0,180.0,0.0,1044.857142857143,696.5714285714286,28.0,24.18,D3,25.3,0.48
428.5714285714286,0.0,0.0,180.0,0.0,1044.857142857143,696.5714285714286,28.0,22.88,D3,24.0,0.49
428.5714285714286,0.0,0.0,180.0,0.0,1044.857142857143,696.5714285714286,28.0,23.75,D3,23.6,0.5
400.0,0.0,0.0,180.0,0.0,1062.0,708.0,28.0,22.66,D3,23.6,0.47
400.0,0.0,0.0,180.0,0.0,1062.0,708.0,28.0,24.18,D3,22.9,0.36
400.0,0.0,0.0,180.0,0.0,1062.0,708.0,28.0,24.62,D3,26.0,0.43
400.0,0.0,0.0,180.0,0.0,1062.0,708.0,28.0,25.49,D3,22.1,0.57
400.0,0.0,0.0,180.0,0.0,1062.0,708.0,28.0,25.49,D3,23.2,0.47
400.0,0.0,0.0,180.0,0.0,1062.0,708.0,28.0,26.36,D3,19.1,0.47
400.0,0.0,0.0,180.0,0.0,1062.0,708.0,28.0,24.4,D3,20.4,0.47
400.0,0.0,0.0,180.0,0.0,1062.0,708.0,28.0,25.06,D3,19.6,0.47
400.0,0.0,0.0,180.0,0.0,1062.0,708.0,28.0,26.58,D3,24.5,0.33
400.0,0.0,0.0,180.0,0.0,1062.0,708.0,28.0,24.84,D3,16.9,0.44
400.0,0.0,0.0,180.0,0.0,1062.0,708.0,28.0,24.4,D3,21.2,0.45
400.0,0.0,0.0,180.0,0.0,1062.0,708.0,28.0,23.97,D3,16.0,0.51
400.0,0.0,0.0,180.0,0.0,1062.0,708.0,28.0,27.23,D3,20.3,0.45
400.0,0.0,0.0,180.0,0.0,1062.0,708.0,28.0,28.76,D3,21.0,0.37
400.0,0.0,0.0,180.0,0.0,1062.0,708.0,28.0,27.02,D3,24.8,0.47
400.0,0.0,0.0,180.0,0.0,1062.0,708.0,28.0,24.84,D3,22.8,0.41
400.0,0.0,0.0,180.0,0.0,1062.0,708.0,28.0,26.58,D3,20.3,0.39
400.0,0.0,0.0,180.0,0.0,1062.0,708.0,28.0,26.15,D3,24.1,0.41
400.0,0.0,0.0,180.0,0.0,1062.0,708.0,28.0,27.45,D3,22.0,0.48
400.0,0.0,0.0,180.0,0.0,1062.0,708.0,28.0,27.89,D3,22.1,0.51
400.0,0.0,0.0,180.0,0.0,1062.0,708.0,28.0,29.2,D3,19.6,0.47
400.0,0.0,0.0,180.0,0.0,1062.0,708.0,28.0,26.15,D3,20.0,0.48
400.0,0.0,0.0,180.0,0.0,1062.0,708.0,28.0,28.11,D3,20.3,0.47
400.0,0.0,0.0,180.0,0.0,1062.0,708.0,28.0,26.58,D3,22.1,0.46
400.0,0.0,0.0,180.0,0.0,1062.0,708.0,28.0,27.02,D3,22.2,0.48
400.0,0.0,0.0,180.0,0.0,1062.0,708.0,28.0,26.36,D3,25.1,0.33
400.0,0.0,0.0,180.0,0.0,1062.0,708.0,28.0,25.71,D3,22.8,0.46
400.0,0.0,0.0,180.0,0.0,1062.0,708.0,28.0,23.75,D3,16.6,0.4
400.0,0.0,0.0,180.0,0.0,1062.0,708.0,28.0,25.06,D3,22.5,0.51
400.0,0.0,0.0,180.0,0.0,1062.0,708.0,28.0,27.89,D3,19.1,0.44
400.0,0.0,0.0,180.0,0.0,1062.0,708.0,28.0,23.75,D3,20.1,0.45
400.0,0.0,0.0,180.0,0.0,1062.0,708.0,28.0,25.93,D3,20.4,0.37
400.0,0.0,0.0,180.0,0.0,1062.0,708.0,28.0,24.62,D3,20.7,0.5
400.0,0.0,0.0,180.0,0.0,1062.0,708.0,28.0,26.58,D3,19.2,0.48
400.0,0.0,0.0,180.0,0.0,1062.0,708.0,28.0,25.93,D3,22.4,0.48
400.0,0.0,0.0,180.0,0.0,1062.0,708.0,28.0,24.62,D3,19.2,0.41
382.97872340425533,0.0,0.0,180.0,0.0,1072.212765957447,714.8085106382979,28.0,20.48,D3,22.7,0.41
382.97872340425533,0.0,0.0,180.0,0.0,1072.212765957447,714.8085106382979,28.0,20.92,D3,26.5,0.46
382.97872340425533,0.0,0.0,180.0,0.0,1072.212765957447,714.8085106382979,28.0,19.61,D3,19.3,0.42
360.0,0.0,0.0,180.0,0.0,1086.0,724.0,28.0,17.65,D3,21.4,0.47
360.0,0.0,0.0,180.0,0.0,1086.0,724.0,28.0,16.78,D3,17.0,0.34
360.0,0.0,0.0,180.0,0.0,1086.0,724.0,28.0,15.69,D3,21.4,0.43
461.53846153846155,0.0,0.0,180.0,0.0,1025.076923076923,683.3846153846155,28.0,25.71,D3,23.3,0.54
461.53846153846155,0.0,0.0,180.0,0.0,1025.076923076923,683.3846153846155,28.0,28.76,D3,23.4,0.47
461.53846153846155,0.0,0.0,180.0,0.0,1025.076923076923,683.3846153846155,28.0,27.89,D3,22.2,0.46
486.4864864864865,0.0,0.0,180.0,0.0,1010.108108108108,673.4054054054054,28.0,26.8,D3,23.8,0.55
486.4864864864865,0.0,0.0,180.0,0.0,1010.108108108108,673.4054054054054,28.0,30.94,D3,27.1,0.33
486.4864864864865,0.0,0.0,180.0,0.0,1010.108108108108,673.4054054054054,28.0,29.85,D3,25.4,0.41
339.62264150943395,0.0,0.0,180.0,0.0,1098.2264150943397,732.1509433962265,28.0,18.3,D3,21.0,0.43
339.62264150943395,0.0,0.0,180.0,0.0,1098.2264150943397,732.1509433962265,28.0,16.56,D3,19.1,0.49
339.62264150943395,0.0,0.0,180.0,0.0,1098.2264150943397,732.1509433962265,28.0,18.52,D3,21.2,0.49
339.62264150943395,0.0,0.0,180.0,0.0,1098.2264150943397,732.1509433962265,28.0,16.56,D3,20.1,0.41
339.62264150943395,0.0,0.0,180.0,0.0,1098.2264150943397,732.1509433962265,28.0,18.52,D3,22.9,0.5
339.62264150943395,0.0,0.0,180.0,0.0,1098.2264150943397,732.1509433962265,28.0,17.43,D3,19.6,0.43
339.62264150943395,0.0,0.0,180.0,0.0,1098.2264150943397,732.1509433962265,28.0,18.3,D3,21.9,0.51
339.62264150943395,0.0,0.0,180.0,0.0,1098.2264150943397,732.1509433962265,28.0,16.78,D3,23.7,0.4
339.62264150943395,0.0,0.0,180.0,0.0,1098.2264150943397,732.1509433962265,28.0,16.56,D3,21.8,0.44
339.62264150943395,0.0,0.0,180.0,0.0,1098.2264150943397,732.1509433962265,28.0,16.12,D3,20.1,0.43
339.62264150943395,0.0,0.0,180.0,0.0,1098.2264150943397,732.1509433962265,28.0,17.65,D3,24.3,0.5
339.62264150943395,0.0,0.0,180.0,0.0,1098.2264150943397,732.1509433962265,28.0,17.43,D3,18.2,0.42
500.0,0.0,0.0,180.0,0.0,1002.0,668.0,3.0,37.85,D3,21.3,0.45
500.0,0.0,0.0,180.0,0.0,1002.0,668.0,7.0,42.83,D3,21.9,0.48
500.0,0.0,0.0,180.0,0.0,1002.0,668.0,28.0,56.1,D3,22.0,0.48
500.0,0.0,0.0,180.0,0.0,1002.0,668.0,90.0,65.9,D3,22.4,0.49
500.0,0.0,0.0,180.0,0.0,1002.0,668.0,180.0,70.2,D3,23.2,0.46
500.0,0.0,0.0,180.0,0.0,1002.0,668.0,365.0,77.4,D3,21.9,0.43
750.0,0.0,0.0,180.0,0.0,852.0,568.0,3.0,52.95,D3,21.3,0.43
750.0,0.0,0.0,180.0,0.0,852.0,568.0,7.0,62.6,D3,21.2,0.45
750.0,0.0,0.0,180.0,0.0,852.0,568.0,28.0,72.6,D3,20.8,0.46
750.0,0.0,0.0,180.0,0.0,852.0,568.0,90.0,75.9,D3,23.6,0.44
750.0,0.0,0.0,180.0,0.0,852.0,568.0,180.0,83.4,D3,20.7,0.45
750.0,0.0,0.0,180.0,0.0,852.0,568.0,365.0,94.1,D3,23.7,0.37
720.0,0.0,0.0,180.0,0.0,870.0,580.0,3.0,63.7,D3,22.0,0.48
720.0,0.0,0.0,180.0,0.0,870.0,580.0,7.0,77.3,D3,21.0,0.46
720.0,0.0,0.0,180.0,0.0,870.0,580.0,28.0,95.1,D3,23.2,0.5
720.0,0.0,0.0,180.0,0.0,870.0,580.0,90.0,99.8,D3,20.5,0.45
720.0,0.0,0.0,180.0,0.0,870.0,580.0,180.0,105.1,D3,23.3,0.36
720.0,0.0,0.0,180.0,0.0,870.0,580.0,365.0,109.2,D3,22.4,0.43
750.0,0.0,0.0,180.0,0.0,852.0,568.0,3.0,61.0,D3,20.8,0.44
750.0,0.0,0.0,180.0,0.0,852.0,568.0,7.0,75.2,D3,23.1,0.49
750.0,0.0,0.0,180.0,0.0,852.0,568.0,28.0,94.3,D3,23.1,0.35
750.0,0.0,0.0,180.0,0.0,852.0,568.0,90.0,98.0,D3,24.3,0.45
750.0,0.0,0.0,180.0,0.0,852.0,568.0,180.0,100.1,D3,23.9,0.48
750.0,0.0,0.0,180.0,0.0,852.0,568.0,365.0,108.2,D3,23.0,0.42
428.5714285714286,0.0,0.0,180.0,0.0,1044.857142857143,696.5714285714286,3.0,35.52,D3,19.7,0.45
428.5714285714286,0.0,0.0,180.0,0.0,1044.857142857143,696.5714285714286,7.0,46.56,D3,26.9,0.42
428.5714285714286,0.0,0.0,180.0,0.0,1044.857142857143,696.5714285714286,28.0,63.8,D3,19.2,0.41
428.5714285714286,0.0,0.0,180.0,0.0,1044.857142857143,696.5714285714286,90.0,68.6,D3,23.9,0.43
428.5714285714286,0.0,0.0,180.0,0.0,1044.857142857143,696.5714285714286,180.0,67.0,D3,22.9,0.41
428.5714285714286,0.0,0.0,180.0,0.0,1044.857142857143,696.5714285714286,365.0,78.5,D3,19.7,0.48
428.5714285714286,0.0,0.0,180.0,0.0,1044.857142857143,696.5714285714286,3.0,33.86,D3,21.8,0.41
428.5714285714286,0.0,0.0,180.0,0.0,1044.857142857143,696.5714285714286,7.0,41.09,D3,21.8,0.4
428.5714285714286,0.0,0.0,180.0,0.0,1044.857142857143,696.5714285714286,28.0,61.3,D3,24.6,0.54
428.5714285714286,0.0,0.0,180.0,0.0,1044.857142857143,696.5714285714286,90.0,68.0,D3,20.6,0.5
428.5714285714286,0.0,0.0,180.0,0.0,1044.857142857143,696.5714285714286,180.0,70.9,D3,21.5,0.36
428.5714285714286,0.0,0.0,180.0,0.0,1044.857142857143,696.5714285714286,365.0,75.4,D3,17.3,0.41
750.0,0.0,0.0,180.0,0.0,852.0,568.0,3.0,55.7,D3,25.5,0.46
750.0,0.0,0.0,180.0,0.0,852.0,568.0,7.0,62.6,D3,19.9,0.47
750.0,0.0,0.0,180.0,0.0,852.0,568.0,28.0,75.6,D3,22.7,0.38
750.0,0.0,0.0,180.0,0.0,852.0,568.0,90.0,80.7,D3,21.8,0.51
750.0,0.0,0.0,180.0,0.0,852.0,568.0,180.0,81.8,D3,21.8,0.49
750.0,0.0,0.0,180.0,0.0,852.0,568.0,365.0,87.0,D3,23.6,0.47
720.0,0.0,0.0,180.0,0.0,870.0,580.0,3.0,59.8,D3,25.3,0.52
720.0,0.0,0.0,180.0,0.0,870.0,580.0,7.0,67.7,D3,22.5,0.47
720.0,0.0,0.0,180.0,0.0,870.0,580.0,28.0,79.6,D3,23.3,0.47
720.0,0.0,0.0,180.0,0.0,870.0,580.0,90.0,82.7,D3,22.7,0.53
720.0,0.0,0.0,180.0,0.0,870.0,580.0,180.0,83.4,D3,24.0,0.51
720.0,0.0,0.0,180.0,0.0,870.0,580.0,365.0,85.1,D3,21.1,0.41
500.0,0.0,0.0,180.0,0.0,1002.0,668.0,3.0,36.35,D3,24.2,0.48
500.0,0.0,0.0,180.0,0.0,1002.0,668.0,7.0,45.57,D3,24.2,0.42
500.0,0.0,0.0,180.0,0.0,1002.0,668.0,28.0,54.9,D3,24.2,0.48
500.0,0.0,0.0,180.0,0.0,1002.0,668.0,90.0,67.2,D3,20.7,0.47
500.0,0.0,0.0,180.0,0.0,1002.0,668.0,180.0,68.0,D3,21.7,0.38
500.0,0.0,0.0,180.0,0.0,1002.0,668.0,365.0,74.1,D3,22.5,0.44
450.0,0.0,0.0,180.0,0.0,1032.0,688.0,3.0,33.28,D3,19.3,0.46
450.0,0.0,0.0,180.0,0.0,1032.0,688.0,7.0,38.43,D3,25.2,0.43
450.0,0.0,0.0,180.0,0.0,1032.0,688.0,28.0,50.8,D3,22.0,0.47
450.0,0.0,0.0,180.0,0.0,1032.0,688.0,90.0,51.63,D3,22.6,0.49
450.0,0.0,0.0,180.0,0.0,1032.0,688.0,180.0,53.37,D3,20.8,0.45
450.0,0.0,0.0,180.0,0.0,1032.0,688.0,365.0,56.3,D3,19.3,0.46
360.0,0.0,0.0,180.0,0.0,1086.0,724.0,28.0,11.19,D3,20.8,0.52
360.0,0.0,0.0,180.0,0.0,1086.0,724.0,28.0,11.33,D3,22.4,0.47
360.0,0.0,0.0,180.0,0.0,1086.0,724.0,28.0,12.22,D3,23.3,0.46
360.0,0.0,0.0,180.0,0.0,1086.0,724.0,28.0,13.38,D3,22.3,0.4
360.0,0.0,0.0,180.0,0.0,1086.0,724.0,28.0,13.66,D3,22.7,0.48
360.0,0.0,0.0,180.0,0.0,1086.0,724.0,28.0,13.79,D3,21.3,0.47
360.0,0.0,0.0,180.0,0.0,1086.0,724.0,28.0,14.14,D3,23.0,0.51
360.0,0.0,0.0,180.0,0.0,1086.0,724.0,28.0,14.2,D3,25.0,0.45
360.0,0.0,0.0,180.0,0.0,1086.0,724.0,28.0,14.27,D3,23.4,0.36
360.0,0.0,0.0,180.0,0.0,1086.0,724.0,28.0,14.68,D3,23.6,0.36
360.0,0.0,0.0,180.0,0.0,1086.0,724.0,28.0,14.96,D3,22.6,0.49
360.0,0.0,0.0,180.0,0.0,1086.0,724.0,28.0,15.16,D3,19.0,0.42
360.0,0.0,0.0,180.0,0.0,1086.0,724.0,28.0,15.16,D3,19.9,0.47
360.0,0.0,0.0,180.0,0.0,1086.0,724.0,28.0,15.57,D3,22.9,0.46
360.0,0.0,0.0,180.0,0.0,1086.0,724.0,28.0,15.57,D3,22.0,0.44
360.0,0.0,0.0,180.0,0.0,1086.0,724.0,28.0,15.71,D3,22.9,0.45
360.0,0.0,0.0,180.0,0.0,1086.0,724.0,28.0,15.78,D3,25.4,0.41
360.0,0.0,0.0,180.0,0.0,1086.0,724.0,28.0,15.85,D3,23.5,0.45
360.0,0.0,0.0,180.0,0.0,1086.0,724.0,28.0,15.98,D3,24.5,0.42
360.0,0.0,0.0,180.0,0.0,1086.0,724.0,28.0,16.05,D3,22.2,0.43
360.0,0.0,0.0,180.0,0.0,1086.0,724.0,28.0,16.12,D3,20.4,0.43
360.0,0.0,0.0,180.0,0.0,1086.0,724.0,28.0,16.19,D3,21.9,0.44
360.0,0.0,0.0,180.0,0.0,1086.0,724.0,28.0,16.26,D3,20.4,0.5
360.0,0.0,0.0,180.0,0.0,1086.0,724.0,28.0,16.26,D3,25.1,0.44
360.0,0.0,0.0,180.0,0.0,1086.0,724.0,28.0,16.26,D3,23.6,0.5
360.0,0.0,0.0,180.0,0.0,1086.0,724.0,28.0,16.39,D3,23.0,0.53
360.0,0.0,0.0,180.0,0.0,1086.0,724.0,28.0,16.39,D3,24.5,0.49
360.0,0.0,0.0,180.0,0.0,1086.0,724.0,28.0,16.46,D3,18.0,0.48
360.0,0.0,0.0,180.0,0.0,1086.0,724.0,28.0,16.53,D3,23.2,0.47
360.0,0.0,0.0,180.0,0.0,1086.0,724.0,28.0,16.53,D3,19.4,0.49
360.0,0.0,0.0,180.0,0.0,1086.0,724.0,28.0,16.53,D3,22.0,0.45
360.0,0.0,0.0,180.0,0.0,1086.0,724.0,28.0,16.53,D3,21.4,0.5
360.0,0.0,0.0,180.0,0.0,1086.0,724.0,28.0,16.6,D3,23.3,0.48
360.0,0.0,0.0,180.0,0.0,1086.0,724.0,28.0,16.74,D3,22.5,0.43
360.0,0.0,0.0,180.0,0.0,1086.0,724.0,28.0,17.01,D3,24.7,0.49
360.0,0.0,0.0,180.0,0.0,1086.0,724.0,28.0,17.22,D3,20.8,0.45
360.0,0.0,0.0,180.0,0.0,1086.0,724.0,28.0,17.35,D3,23.4,0.44
360.0,0.0,0.0,180.0,0.0,1086.0,724.0,28.0,17.42,D3,22.3,0.43
360.0,0.0,0.0,180.0,0.0,1086.0,724.0,28.0,17.49,D3,18.7,0.46
360.0,0.0,0.0,180.0,0.0,1086.0,724.0,28.0,17.56,D3,20.2,0.5
360.0,0.0,0.0,180.0,0.0,1086.0,724.0,28.0,17.7,D3,21.7,0.49
360.0,0.0,0.0,180.0,0.0,1086.0,724.0,28.0,17.7,D3,24.2,0.47
360.0,0.0,0.0,180.0,0.0,1086.0,724.0,28.0,17.76,D3,22.9,0.48
360.0,0.0,0.0,180.0,0.0,1086.0,724.0,28.0,17.76,D3,19.7,0.51
360.0,0.0,0.0,180.0,0.0,1086.0,724.0,28.0,17.9,D3,21.7,0.44
360.0,0.0,0.0,180.0,0.0,1086.0,724.0,28.0,17.9,D3,26.0,0.39
360.0,0.0,0.0,180.0,0.0,1086.0,724.0,28.0,17.9,D3,22.2,0.52
360.0,0.0,0.0,180.0,0.0,1086.0,724.0,28.0,17.97,D3,21.3,0.42
360.0,0.0,0.0,180.0,0.0,1086.0,724.0,28.0,18.04,D3,23.0,0.42
360.0,0.0,0.0,180.0,0.0,1086.0,724.0,28.0,18.04,D3,23.5,0.36
360.0,0.0,0.0,180.0,0.0,1086.0,724.0,28.0,18.17,D3,21.1,0.48
360.0,0.0,0.0,180.0,0.0,1086.0,724.0,28.0,18.17,D3,23.0,0.37
360.0,0.0,0.0,180.0,0.0,1086.0,724.0,28.0,18.17,D3,21.3,0.41
360.0,0.0,0.0,180.0,0.0,1086.0,724.0,28.0,18.24,D3,23.4,0.48
360.0,0.0,0.0,180.0,0.0,1086.0,724.0,28.0,18.38,D3,22.3,0.49
360.0,0.0,0.0,180.0,0.0,1086.0,724.0,28.0,18.45,D3,23.0,0.42
360.0,0.0,0.0,180.0,0.0,1086.0,724.0,28.0,18.52,D3,20.5,0.44
360.0,0.0,0.0,180.0,0.0,1086.0,724.0,28.0,18.59,D3,20.4,0.41
360.0,0.0,0.0,180.0,0.0,1086.0,724.0,28.0,18.59,D3,23.9,0.42
360.0,0.0,0.0,180.0,0.0,1086.0,724.0,28.0,18.72,D3,21.8,0.46
360.0,0.0,0.0,180.0,0.0,1086.0,724.0,28.0,18.86,D3,22.6,0.42
360.0,0.0,0.0,180.0,0.0,1086.0,724.0,28.0,18.93,D3,21.4,0.44
360.0,0.0,0.0,180.0,0.0,1086.0,724.0,28.0,18.93,D3,23.8,0.38
360.0,0.0,0.0,180.0,0.0,1086.0,724.0,28.0,19.06,D3,20.8,0.51
360.0,0.0,0.0,180.0,0.0,1086.0,724.0,28.0,19.06,D3,21.7,0.48
360.0,0.0,0.0,180.0,0.0,1086.0,724.0,28.0,19.06,D3,23.6,0.49
360.0,0.0,0.0,180.0,0.0,1086.0,724.0,28.0,19.13,D3,24.3,0.51
360.0,0.0,0.0,180.0,0.0,1086.0,724.0,28.0,19.2,D3,21.0,0.41
360.0,0.0,0.0,180.0,0.0,1086.0,724.0,28.0,19.2,D3,25.9,0.43
360.0,0.0,0.0,180.0,0.0,1086.0,724.0,28.0,19.27,D3,22.6,0.36
360.0,0.0,0.0,180.0,0.0,1086.0,724.0,28.0,19.34,D3,19.9,0.61
360.0,0.0,0.0,180.0,0.0,1086.0,724.0,28.0,19.54,D3,22.7,0.44
360.0,0.0,0.0,180.0,0.0,1086.0,724.0,28.0,19.75,D3,21.2,0.5
360.0,0.0,0.0,180.0,0.0,1086.0,724.0,28.0,19.75,D3,22.9,0.39
360.0,0.0,0.0,180.0,0.0,1086.0,724.0,28.0,19.75,D3,21.9,0.5
360.0,0.0,0.0,180.0,0.0,1086.0,724.0,28.0,19.82,D3,22.1,0.54
360.0,0.0,0.0,180.0,0.0,1086.0,724.0,28.0,19.89,D3,20.2,0.45
360.0,0.0,0.0,180.0,0.0,1086.0,724.0,28.0,20.09,D3,24.0,0.4
360.0,0.0,0.0,180.0,0.0,1086.0,724.0,28.0,20.09,D3,19.7,0.44
360.0,0.0,0.0,180.0,0.0,1086.0,724.0,28.0,20.16,D3,19.8,0.34
360.0,0.0,0.0,180.0,0.0,1086.0,724.0,28.0,20.16,D3,22.7,0.45
360.0,0.0,0.0,180.0,0.0,1086.0,724.0,28.0,20.23,D3,25.2,0.49
360.0,0.0,0.0,180.0,0.0,1086.0,724.0,28.0,20.43,D3,21.3,0.45
360.0,0.0,0.0,180.0,0.0,1086.0,724.0,28.0,20.43,D3,23.4,0.44
360.0,0.0,0.0,180.0,0.0,1086.0,724.0,28.0,20.57,D3,24.1,0.48
360.0,0.0,0.0,180.0,0.0,1086.0,724.0,28.0,20.57,D3,23.6,0.48
360.0,0.0,0.0,180.0,0.0,1086.0,724.0,28.0,20.71,D3,21.4,0.37
360.0,0.0,0.0,180.0,0.0,1086.0,724.0,28.0,20.71,D3,19.8,0.45
360.0,0.0,0.0,180.0,0.0,1086.0,724.0,28.0,20.78,D3,17.6,0.57
360.0,0.0,0.0,180.0,0.0,1086.0,724.0,28.0,20.91,D3,21.5,0.38
360.0,0.0,0.0,180.0,0.0,1086.0,724.0,28.0,21.05,D3,24.4,0.45
360.0,0.0,0.0,180.0,0.0,1086.0,724.0,28.0,21.12,D3,19.8,0.55
360.0,0.0,0.0,180.0,0.0,1086.0,724.0,28.0,21.12,D3,23.4,0.51
360.0,0.0,0.0,180.0,0.0,1086.0,724.0,28.0,21.12,D3,20.1,0.42
360.0,0.0,0.0,180.0,0.0,1086.0,724.0,28.0,21.46,D3,22.2,0.46
360.0,0.0,0.0,180.0,0.0,1086.0,724.0,28.0,21.67,D3,23.4,0.45
360.0,0.0,0.0,180.0,0.0,1086.0,724.0,28.0,21.67,D3,20.7,0.41
360.0,0.0,0.0,180.0,0.0,1086.0,724.0,28.0,21.73,D3,22.3,0.45
360.0,0.0,0.0,180.0,0.0,1086.0,724.0,28.0,21.87,D3,21.2,0.44
360.0,0.0,0.0,180.0,0.0,1086.0,724.0,28.0,21.94,D3,23.4,0.46
360.0,0.0,0.0,180.0,0.0,1086.0,724.0,28.0,21.94,D3,22.5,0.41
360.0,0.0,0.0,180.0,0.0,1086.0,724.0,28.0,22.08,D3,22.1,0.39
360.0,0.0,0.0,180.0,0.0,1086.0,724.0,28.0,22.08,D3,25.1,0.45
360.0,0.0,0.0,180.0,0.0,1086.0,724.0,28.0,22.14,D3,23.3,0.54
360.0,0.0,0.0,180.0,0.0,1086.0,724.0,28.0,22.21,D3,20.6,0.45
360.0,0.0,0.0,180.0,0.0,1086.0,724.0,28.0,22.42,D3,21.8,0.43
360.0,0.0,0.0,180.0,0.0,1086.0,724.0,28.0,22.49,D3,21.8,0.49
360.0,0.0,0.0,180.0,0.0,1086.0,724.0,28.0,22.62,D3,22.2,0.44
360.0,0.0,0.0,180.0,0.0,1086.0,724.0,28.0,22.69,D3,27.0,0.54
360.0,0.0,0.0,180.0,0.0,1086.0,724.0,28.0,22.69,D3,22.7,0.45
360.0,0.0,0.0,180.0,0.0,1086.0,724.0,28.0,22.69,D3,17.9,0.49
360.0,0.0,0.0,180.0,0.0,1086.0,724.0,28.0,22.97,D3,20.9,0.41
360.0,0.0,0.0,180.0,0.0,1086.0,724.0,28.0,23.45,D3,18.1,0.48
360.0,0.0,0.0,180.0,0.0,1086.0,724.0,28.0,23.51,D3,21.3,0.46
360.0,0.0,0.0,180.0,0.0,1086.0,724.0,28.0,23.51,D3,18.0,0.45
360.0,0.0,0.0,180.0,0.0,1086.0,724.0,28.0,23.51,D3,20.3,0.42
360.0,0.0,0.0,180.0,0.0,1086.0,724.0,28.0,23.51,D3,19.0,0.42
360.0,0.0,0.0,180.0,0.0,1086.0,724.0,28.0,24.06,D3,22.8,0.46
360.0,0.0,0.0,180.0,0.0,1086.0,724.0,28.0,24.06,D3,22.0,0.48
360.0,0.0,0.0,180.0,0.0,1086.0,724.0,28.0,24.2,D3,22.6,0.44
360.0,0.0,0.0,180.0,0.0,1086.0,724.0,28.0,24.34,D3,21.8,0.46
360.0,0.0,0.0,180.0,0.0,1086.0,724.0,28.0,24.34,D3,19.2,0.45
360.0,0.0,0.0,180.0,0.0,1086.0,724.0,28.0,24.34,D3,23.0,0.45
360.0,0.0,0.0,180.0,0.0,1086.0,724.0,28.0,24.61,D3,25.8,0.44
360.0,0.0,0.0,180.0,0.0,1086.0,724.0,28.0,24.68,D3,22.8,0.45
360.0,0.0,0.0,180.0,0.0,1086.0,724.0,28.0,24.75,D3,21.1,0.58
360.0,0.0,0.0,180.0,0.0,1086.0,724.0,28.0,24.75,D3,19.1,0.47
360.0,0.0,0.0,180.0,0.0,1086.0,724.0,28.0,24.88,D3,20.2,0.48
360.0,0.0,0.0,180.0,0.0,1086.0,724.0,28.0,24.95,D3,22.9,0.47
360.0,0.0,0.0,180.0,0.0,1086.0,724.0,28.0,25.02,D3,24.1,0.44
360.0,0.0,0.0,180.0,0.0,1086.0,724.0,28.0,25.09,D3,22.5,0.51
360.0,0.0,0.0,180.0,0.0,1086.0,724.0,28.0,25.29,D3,23.6,0.44
360.0,0.0,0.0,180.0,0.0,1086.0,724.0,28.0,25.29,D3,23.4,0.5
360.0,0.0,0.0,180.0,0.0,1086.0,724.0,28.0,25.43,D3,23.0,0.43
360.0,0.0,0.0,180.0,0.0,1086.0,724.0,28.0,25.57,D3,20.7,0.4
360.0,0.0,0.0,180.0,0.0,1086.0,724.0,28.0,25.57,D3,22.3,0.47
360.0,0.0,0.0,180.0,0.0,1086.0,724.0,28.0,25.64,D3,20.3,0.39
360.0,0.0,0.0,180.0,0.0,1086.0,724.0,28.0,25.64,D3,22.0,0.48
360.0,0.0,0.0,180.0,0.0,1086.0,724.0,28.0,25.64,D3,22.7,0.39
360.0,0.0,0.0,180.0,0.0,1086.0,724.0,28.0,25.64,D3,25.4,0.43
360.0,0.0,0.0,180.0,0.0,1086.0,724.0,28.0,25.64,D3,19.4,0.38
360.0,0.0,0.0,180.0,0.0,1086.0,724.0,28.0,25.64,D3,23.0,0.59
360.0,0.0,0.0,180.0,0.0,1086.0,724.0,28.0,25.91,D3,25.0,0.37
360.0,0.0,0.0,180.0,0.0,1086.0,724.0,28.0,25.91,D3,23.5,0.45
360.0,0.0,0.0,180.0,0.0,1086.0,724.0,28.0,25.91,D3,23.7,0.51
360.0,0.0,0.0,180.0,0.0,1086.0,724.0,28.0,26.12,D3,23.2,0.5
360.0,0.0,0.0,180.0,0.0,1086.0,724.0,28.0,26.18,D3,24.6,0.49
360.0,0.0,0.0,180.0,0.0,1086.0,724.0,28.0,26.39,D3,19.8,0.43
360.0,0.0,0.0,180.0,0.0,1086.0,724.0,28.0,26.39,D3,19.2,0.52
360.0,0.0,0.0,180.0,0.0,1086.0,724.0,28.0,26.53,D3,22.0,0.5
360.0,0.0,0.0,180.0,0.0,1086.0,724.0,28.0,26.53,D3,17.7,0.46
360.0,0.0,0.0,180.0,0.0,1086.0,724.0,28.0,26.53,D3,24.5,0.46
360.0,0.0,0.0,180.0,0.0,1086.0,724.0,28.0,26.59,D3,24.4,0.43
360.0,0.0,0.0,180.0,0.0,1086.0,724.0,28.0,26.66,D3,21.1,0.4
360.0,0.0,0.0,180.0,0.0,1086.0,724.0,28.0,26.8,D3,21.3,0.51
360.0,0.0,0.0,180.0,0.0,1086.0,724.0,28.0,26.87,D3,21.9,0.52
360.0,0.0,0.0,180.0,0.0,1086.0,724.0,28.0,26.87,D3,22.1,0.41
360.0,0.0,0.0,180.0,0.0,1086.0,724.0,28.0,27.07,D3,22.3,0.44
360.0,0.0,0.0,180.0,0.0,1086.0,724.0,28.0,27.14,D3,23.1,0.44
360.0,0.0,0.0,180.0,0.0,1086.0,724.0,28.0,27.21,D3,21.7,0.45
360.0,0.0,0.0,180.0,0.0,1086.0,724.0,28.0,27.35,D3,23.9,0.45
360.0,0.0,0.0,180.0,0.0,1086.0,724.0,28.0,27.35,D3,22.9,0.5
360.0,0.0,0.0,180.0,0.0,1086.0,724.0,28.0,27.35,D3,20.8,0.41
360.0,0.0,0.0,180.0,0.0,1086.0,724.0,28.0,27.48,D3,24.7,0.41
360.0,0.0,0.0,180.0,0.0,1086.0,724.0,28.0,27.55,D3,19.3,0.51
360.0,0.0,0.0,180.0,0.0,1086.0,724.0,28.0,27.69,D3,21.8,0.43
360.0,0.0,0.0,180.0,0.0,1086.0,724.0,28.0,27.76,D3,23.9,0.39
360.0,0.0,0.0,180.0,0.0,1086.0,724.0,28.0,27.76,D3,20.6,0.43
360.0,0.0,0.0,180.0,0.0,1086.0,724.0,28.0,27.89,D3,22.6,0.43
360.0,0.0,0.0,180.0,0.0,1086.0,724.0,28.0,28.03,D3,23.1,0.53
360.0,0.0,0.0,180.0,0.0,1086.0,724.0,28.0,28.03,D3,20.3,0.5
360.0,0.0,0.0,180.0,0.0,1086.0,724.0,28.0,28.1,D3,21.9,0.51
360.0,0.0,0.0,180.0,0.0,1086.0,724.0,28.0,28.17,D3,21.7,0.49
360.0,0.0,0.0,180.0,0.0,1086.0,724.0,28.0,28.58,D3,20.9,0.5
360.0,0.0,0.0,180.0,0.0,1086.0,724.0,28.0,28.58,D3,26.6,0.42
360.0,0.0,0.0,180.0,0.0,1086.0,724.0,28.0,28.58,D3,20.5,0.44
360.0,0.0,0.0,180.0,0.0,1086.0,724.0,28.0,28.58,D3,24.0,0.4
360.0,0.0,0.0,180.0,0.0,1086.0,724.0,28.0,28.58,D3,21.2,0.44
360.0,0.0,0.0,180.0,0.0,1086.0,724.0,28.0,28.72,D3,19.8,0.48
360.0,0.0,0.0,180.0,0.0,1086.0,724.0,28.0,28.72,D3,22.2,0.46
360.0,0.0,0.0,180.0,0.0,1086.0,724.0,28.0,28.92,D3,23.3,0.52
360.0,0.0,0.0,180.0,0.0,1086.0,724.0,28.0,28.92,D3,23.8,0.39
360.0,0.0,0.0,180.0,0.0,1086.0,724.0,28.0,29.13,D3,25.1,0.48
360.0,0.0,0.0,180.0,0.0,1086.0,724.0,28.0,29.26,D3,27.9,0.39
360.0,0.0,0.0,180.0,0.0,1086.0,724.0,28.0,29.47,D3,22.5,0.45
360.0,0.0,0.0,180.0,0.0,1086.0,724.0,28.0,29.47,D3,20.7,0.49
360.0,0.0,0.0,180.0,0.0,1086.0,724.0,28.0,29.47,D3,22.9,0.44
360.0,0.0,0.0,180.0,0.0,1086.0,724.0,28.0,29.54,D3,21.5,0.48
360.0,0.0,0.0,180.0,0.0,1086.0,724.0,28.0,29.67,D3,23.9,0.4
360.0,0.0,0.0,180.0,0.0,1086.0,724.0,28.0,29.74,D3,19.4,0.37
360.0,0.0,0.0,180.0,0.0,1086.0,724.0,28.0,29.95,D3,26.7,0.48
360.0,0.0,0.0,180.0,0.0,1086.0,724.0,28.0,30.02,D3,23.7,0.54
360.0,0.0,0.0,180.0,0.0,1086.0,724.0,28.0,30.02,D3,18.6,0.4
360.0,0.0,0.0,180.0,0.0,1086.0,724.0,28.0,30.7,D3,20.6,0.51
360.0,0.0,0.0,180.0,0.0,1086.0,724.0,28.0,30.7,D3,23.6,0.45
360.0,0.0,0.0,180.0,0.0,1086.0,724.0,28.0,30.91,D3,24.4,0.38
360.0,0.0,0.0,180.0,0.0,1086.0,724.0,28.0,30.98,D3,19.5,0.39
360.0,0.0,0.0,180.0,0.0,1086.0,724.0,28.0,31.11,D3,23.4,0.45
360.0,0.0,0.0,180.0,0.0,1086.0,724.0,28.0,31.32,D3,18.1,0.43
360.0,0.0,0.0,180.0,0.0,1086.0,724.0,28.0,31.32,D3,21.8,0.38
360.0,0.0,0.0,180.0,0.0,1086.0,724.0,28.0,31.32,D3,24.2,0.37
360.0,0.0,0.0,180.0,0.0,1086.0,724.0,28.0,31.32,D3,20.9,0.41
360.0,0.0,0.0,180.0,0.0,1086.0,724.0,28.0,31.59,D3,19.0,0.46
360.0,0.0,0.0,180.0,0.0,1086.0,724.0,28.0,31.59,D3,22.3,0.45
360.0,0.0,0.0,180.0,0.0,1086.0,724.0,28.0,31.66,D3,20.8,0.42
360.0,0.0,0.0,180.0,0.0,1086.0,724.0,28.0,31.66,D3,23.3,0.46
360.0,0.0,0.0,180.0,0.0,1086.0,724.0,28.0,31.87,D3,20.2,0.5
360.0,0.0,0.0,180.0,0.0,1086.0,724.0,28.0,31.87,D3,20.5,0.47
360.0,0.0,0.0,180.0,0.0,1086.0,724.0,28.0,32.0,D3,18.0,0.44
360.0,0.0,0.0,180.0,0.0,1086.0,724.0,28.0,32.07,D3,22.3,0.5
360.0,0.0,0.0,180.0,0.0,1086.0,724.0,28.0,32.21,D3,21.7,0.4
360.0,0.0,0.0,180.0,0.0,1086.0,724.0,28.0,32.21,D3,19.6,0.44
360.0,0.0,0.0,180.0,0.0,1086.0,724.0,28.0,32.21,D3,22.4,0.44
360.0,0.0,0.0,180.0,0.0,1086.0,724.0,28.0,32.21,D3,24.1,0.39
360.0,0.0,0.0,180.0,0.0,1086.0,724.0,28.0,32.28,D3,21.6,0.43
360.0,0.0,0.0,180.0,0.0,1086.0,724.0,28.0,32.28,D3,22.5,0.35
360.0,0.0,0.0,180.0,0.0,1086.0,724.0,28.0,32.62,D3,22.5,0.55
360.0,0.0,0.0,180.0,0.0,1086.0,724.0,28.0,32.69,D3,19.6,0.4
360.0,0.0,0.0,180.0,0.0,1086.0,724.0,28.0,33.1,D3,26.1,0.53
360.0,0.0,0.0,180.0,0.0,1086.0,724.0,28.0,33.1,D3,21.1,0.45
360.0,0.0,0.0,180.0,0.0,1086.0,724.0,28.0,33.1,D3,23.3,0.48
360.0,0.0,0.0,180.0,0.0,1086.0,724.0,28.0,33.1,D3,23.5,0.43
360.0,0.0,0.0,180.0,0.0,1086.0,724.0,28.0,33.3,D3,21.7,0.46
360.0,0.0,0.0,180.0,0.0,1086.0,724.0,28.0,33.3,D3,23.2,0.48
360.0,0.0,0.0,180.0,0.0,1086.0,724.0,28.0,33.51,D3,22.5,0.48
360.0,0.0,0.0,180.0,0.0,1086.0,724.0,28.0,33.71,D3,19.2,0.49
360.0,0.0,0.0,180.0,0.0,1086.0,724.0,28.0,33.92,D3,21.3,0.43
360.0,0.0,0.0,180.0,0.0,1086.0,724.0,28.0,34.06,D3,20.8,0.43
360.0,0.0,0.0,180.0,0.0,1086.0,724.0,28.0,34.12,D3,21.1,0.37
360.0,0.0,0.0,180.0,0.0,1086.0,724.0,28.0,34.33,D3,19.4,0.48
360.0,0.0,0.0,180.0,0.0,1086.0,724.0,28.0,34.33,D3,24.3,0.5
360.0,0.0,0.0,180.0,0.0,1086.0,724.0,28.0,34.33,D3,25.2,0.53
360.0,0.0,0.0,180.0,0.0,1086.0,724.0,28.0,34.33,D3,24.0,0.47
360.0,0.0,0.0,180.0,0.0,1086.0,724.0,28.0,34.67,D3,24.5,0.41
360.0,0.0,0.0,180.0,0.0,1086.0,724.0,28.0,34.81,D3,21.3,0.37
360.0,0.0,0.0,180.0,0.0,1086.0,724.0,28.0,35.29,D3,20.7,0.5
360.0,0.0,0.0,180.0,0.0,1086.0,724.0,28.0,35.42,D3,20.4,0.36
360.0,0.0,0.0,180.0,0.0,1086.0,724.0,28.0,35.7,D3,23.3,0.43
360.0,0.0,0.0,180.0,0.0,1086.0,724.0,28.0,35.97,D3,22.5,0.44
360.0,0.0,0.0,180.0,0.0,1086.0,724.0,28.0,36.45,D3,21.8,0.45
360.0,0.0,0.0,180.0,0.0,1086.0,724.0,28.0,36.59,D3,24.6,0.45
360.0,0.0,0.0,180.0,0.0,1086.0,724.0,28.0,36.66,D3,22.8,0.46
360.0,0.0,0.0,180.0,0.0,1086.0,724.0,28.0,36.79,D3,20.3,0.33
360.0,0.0,0.0,180.0,0.0,1086.0,724.0,28.0,37.2,D3,20.6,0.45
360.0,0.0,0.0,180.0,0.0,1086.0,724.0,28.0,37.41,D3,23.4,0.34
360.0,0.0,0.0,180.0,0.0,1086.0,724.0,28.0,37.82,D3,24.1,0.49
360.0,0.0,0.0,180.0,0.0,1086.0,724.0,28.0,38.09,D3,23.1,0.42
360.0,0.0,0.0,180.0,0.0,1086.0,724.0,28.0,38.23,D3,25.8,0.34
360.0,0.0,0.0,180.0,0.0,1086.0,724.0,28.0,38.57,D3,25.3,0.41
360.0,0.0,0.0,180.0,0.0,1086.0,724.0,28.0,39.05,D3,22.9,0.42
360.0,0.0,0.0,180.0,0.0,1086.0,724.0,28.0,39.33,D3,20.3,0.51
360.0,0.0,0.0,180.0,0.0,1086.0,724.0,28.0,39.46,D3,19.4,0.46
360.0,0.0,0.0,180.0,0.0,1086.0,724.0,28.0,39.6,D3,21.2,0.47
360.0,0.0,0.0,180.0,0.0,1086.0,724.0,28.0,40.01,D3,23.5,0.51
360.0,0.0,0.0,180.0,0.0,1086.0,724.0,28.0,40.28,D3,25.7,0.45
360.0,0.0,0.0,180.0,0.0,1086.0,724.0,28.0,40.9,D3,22.8,0.49
360.0,0.0,0.0,180.0,0.0,1086.0,724.0,28.0,41.24,D3,24.3,0.48
360.0,0.0,0.0,180.0,0.0,1086.0,724.0,28.0,43.64,D3,21.5,0.39
295.08196721311475,0.0,0.0,180.0,0.0,1124.950819672131,749.9672131147541,28.0,26.49,D3,23.2,0.52
333.3333333333333,0.0,0.0,180.0,0.0,1102.0,734.6666666666667,28.0,28.59,D3,23.6,0.38
290.3225806451613,0.0,0.0,180.0,0.0,1127.8064516129032,751.8709677419355,28.0,23.09,D3,18.0,0.5
310.3448275862069,0.0,0.0,180.0,0.0,1115.7931034482758,743.8620689655172,28.0,23.09,D3,21.2,0.37
339.62264150943395,0.0,0.0,180.0,0.0,1098.2264150943397,732.1509433962265,28.0,23.36,D3,23.9,0.48
352.94117647058823,0.0,0.0,180.0,0.0,1090.235294117647,726.8235294117648,28.0,26.58,D3,22.5,0.54
382.97872340425533,0.0,0.0,180.0,0.0,1072.212765957447,714.8085106382979,28.0,36.78,D3,19.6,0.44
305.08474576271186,0.0,0.0,180.0,0.0,1118.9491525423728,745.9661016949153,28.0,31.98,D3,17.1,0.44
315.7894736842106,0.0,0.0,180.0,0.0,1112.5263157894735,741.6842105263158,28.0,26.06,D3,21.3,0.48
409.09090909090907,0.0,0.0,180.0,0.0,1056.5454545454545,704.3636363636365,28.0,30.5,D3,21.9,0.43
315.7894736842106,0.0,0.0,180.0,0.0,1112.5263157894735,741.6842105263158,28.0,25.27,D3,20.2,0.54
305.08474576271186,0.0,0.0,180.0,0.0,1118.9491525423728,745.9661016949153,28.0,20.22,D3,22.3,0.46
6000.0,0.0,0.0,180.0,0.0,-2298.0,-1532.0,28.0,22.31,D3,23.0,0.43
300.0,0.0,0.0,180.0,0.0,1122.0,748.0,28.0,18.65,D3,23.3,0.42
391.30434782608694,0.0,0.0,180.0,0.0,1067.2173913043478,711.4782608695652,28.0,31.46,D3,17.3,0.4
400.0,0.0,0.0,180.0,0.0,1062.0,708.0,28.0,29.02,D3,19.4,0.42
272.7272727272727,0.0,0.0,180.0,0.0,1138.3636363636365,758.909090909091,28.0,13.16,D3,21.4,0.43
450.0,0.0,0.0,180.0,0.0,1032.0,688.0,28.0,29.02,D3,23.1,0.43
375.0,0.0,0.0,180.0,0.0,1077.0,718.0,28.0,25.53,D3,23.0,0.42
375.0,0.0,0.0,180.0,0.0,1077.0,718.0,28.0,24.92,D3,22.9,0.55
418.60465116279073,0.0,0.0,180.0,0.0,1050.8372093023254,700.5581395348837,28.0,35.38,D3,21.2,0.4
285.7142857142857,0.0,0.0,180.0,0.0,1130.5714285714284,753.7142857142858,28.0,14.9,D3,21.3,0.46
264.70588235294116,0.0,0.0,180.0,0.0,1143.1764705882354,762.1176470588236,28.0,14.9,D3,20.5,0.48
450.0,0.0,0.0,180.0,0.0,1032.0,688.0,28.0,31.29,D3,23.5,0.48
3600.0,0.0,0.0,180.0,0.0,-858.0,-572.0,28.0,23.44,D3,20.2,0.45
339.62264150943395,0.0,0.0,180.0,0.0,1098.2264150943397,732.1509433962265,28.0,16.56,D3,23.7,0.44
276.9230769230769,0.0,0.0,180.0,0.0,1135.8461538461536,757.2307692307692,28.0,22.05,D3,22.4,0.47
276.9230769230769,0.0,0.0,180.0,0.0,1135.8461538461536,757.2307692307692,28.0,19.0,D3,21.9,0.46
400.0,0.0,0.0,180.0,0.0,1062.0,708.0,28.0,28.67,D3,20.7,0.44
300.0,0.0,0.0,180.0,0.0,1122.0,748.0,28.0,19.17,D3,19.3,0.37
360.0,0.0,0.0,180.0,0.0,1086.0,724.0,28.0,24.49,D3,20.7,0.43
300.0,0.0,0.0,180.0,0.0,1122.0,748.0,28.0,14.73,D3,21.3,0.39
327.27272727272725,0.0,0.0,180.0,0.0,1105.6363636363635,737.0909090909091,28.0,20.31,D3,17.3,0.42
276.9230769230769,0.0,0.0,180.0,0.0,1135.8461538461536,757.2307692307692,28.0,16.04,D3,21.6,0.45
253.5211267605634,0.0,0.0,180.0,0.0,1149.887323943662,766.5915492957747,28.0,11.42,D3,23.8,0.47
240.0,0.0,0.0,180.0,0.0,1158.0,772.0,28.0,11.16,D3,23.1,0.54
264.70588235294116,0.0,0.0,180.0,0.0,1143.1764705882354,762.1176470588236,28.0,14.21,D3,21.0,0.42
290.3225806451613,0.0,0.0,180.0,0.0,1127.8064516129032,751.8709677419355,28.0,21.18,D3,22.1,0.49
339.62264150943395,0.0,0.0,180.0,0.0,1098.2264150943397,732.1509433962265,28.0,21.35,D3,20.9,0.47
360.0,0.0,0.0,180.0,0.0,1086.0,724.0,28.0,15.6,D3,22.3,0.51
240.0,0.0,0.0,180.0,0.0,1158.0,772.0,28.0,12.38,D3,25.1,0.48
290.3225806451613,0.0,0.0,180.0,0.0,1127.8064516129032,751.8709677419355,28.0,21.53,D3,23.9,0.4
268.65671641791045,0.0,0.0,180.0,0.0,1140.8059701492537,760.5373134328358,28.0,13.51,D3,23.0,0.36
333.3333333333333,0.0,0.0,180.0,0.0,1102.0,734.6666666666667,28.0,19.87,D3,21.0,0.47
272.7272727272727,0.0,0.0,180.0,0.0,1138.3636363636365,758.909090909091,28.0,15.77,D3,23.5,0.42
257.14285714285717,0.0,0.0,180.0,0.0,1147.7142857142856,765.1428571428571,28.0,11.5,D3,18.6,0.4
327.27272727272725,0.0,0.0,180.0,0.0,1105.6363636363635,737.0909090909091,28.0,14.73,D3,21.5,0.39
276.9230769230769,0.0,0.0,180.0,0.0,1135.8461538461536,757.2307692307692,28.0,15.43,D3,23.2,0.46
300.0,0.0,0.0,180.0,0.0,1122.0,748.0,28.0,18.91,D3,23.5,0.53
240.0,0.0,0.0,180.0,0.0,1158.0,772.0,28.0,15.86,D3,23.3,0.43
290.3225806451613,0.0,0.0,180.0,0.0,1127.8064516129032,751.8709677419355,28.0,20.65,D3,22.6,0.48
327.27272727272725,0.0,0.0,180.0,0.0,1105.6363636363635,737.0909090909091,28.0,28.5,D3,21.6,0.44
264.70588235294116,0.0,0.0,180.0,0.0,1143.1764705882354,762.1176470588236,28.0,18.65,D3,23.1,0.39
276.9230769230769,0.0,0.0,180.0,0.0,1135.8461538461536,757.2307692307692,28.0,16.38,D3,20.1,0.49
240.0,0.0,0.0,180.0,0.0,1158.0,772.0,28.0,12.46,D3,20.3,0.4
290.3225806451613,0.0,0.0,180.0,0.0,1127.8064516129032,751.8709677419355,28.0,12.11,D3,22.1,0.45
310.3448275862069,0.0,0.0,180.0,0.0,1115.7931034482758,743.8620689655172,28.0,18.82,D3,22.3,0.43
264.70588235294116,0.0,0.0,180.0,0.0,1143.1764705882354,762.1176470588236,28.0,13.68,D3,18.3,0.49
253.5211267605634,0.0,0.0,180.0,0.0,1149.887323943662,766.5915492957747,28.0,15.34,D3,22.9,0.4
200.0,0.0,0.0,180.0,0.0,1182.0,788.0,28.0,6.54,D3,23.5,0.47
400.0,0.0,0.0,180.0,0.0,1062.0,708.0,28.0,9.24,D3,21.8,0.41
400.0,0.0,0.0,180.0,0.0,1062.0,708.0,28.0,14.25,D3,26.7,0.42
400.0,0.0,0.0,180.0,0.0,1062.0,708.0,28.0,9.66,D3,20.6,0.27
400.0,0.0,0.0,180.0,0.0,1062.0,708.0,28.0,11.16,D3,21.3,0.55
400.0,0.0,0.0,180.0,0.0,1062.0,708.0,28.0,10.33,D3,21.2,0.48
400.0,0.0,0.0,180.0,0.0,1062.0,708.0,28.0,16.01,D3,21.8,0.41
400.0,0.0,0.0,180.0,0.0,1062.0,708.0,28.0,14.09,D3,21.3,0.39
400.0,0.0,0.0,180.0,0.0,1062.0,708.0,28.0,11.41,D3,19.2,0.43
400.0,0.0,0.0,180.0,0.0,1062.0,708.0,28.0,12.92,D3,20.9,0.49
400.0,0.0,0.0,180.0,0.0,1062.0,708.0,28.0,15.67,D3,21.8,0.36
400.0,0.0,0.0,180.0,0.0,1062.0,708.0,28.0,19.26,D3,24.5,0.44
400.0,0.0,0.0,180.0,0.0,1062.0,708.0,28.0,20.18,D3,26.4,0.54
400.0,0.0,0.0,180.0,0.0,1062.0,708.0,28.0,20.68,D3,24.7,0.39
400.0,0.0,0.0,180.0,0.0,1062.0,708.0,28.0,21.18,D3,20.4,0.45
400.0,0.0,0.0,180.0,0.0,1062.0,708.0,28.0,21.27,D3,20.6,0.56
400.0,0.0,0.0,180.0,0.0,1062.0,708.0,28.0,22.1,D3,21.7,0.48
400.0,0.0,0.0,180.0,0.0,1062.0,708.0,28.0,21.18,D3,25.6,0.46
400.0,0.0,0.0,180.0,0.0,1062.0,708.0,28.0,18.43,D3,21.7,0.48
400.0,0.0,0.0,180.0,0.0,1062.0,708.0,28.0,17.93,D3,19.3,0.43
400.0,0.0,0.0,180.0,0.0,1062.0,708.0,28.0,15.17,D3,21.0,0.51
400.0,0.0,0.0,180.0,0.0,1062.0,708.0,28.0,25.19,D3,23.5,0.43
400.0,0.0,0.0,180.0,0.0,1062.0,708.0,28.0,30.7,D3,23.4,0.35
400.0,0.0,0.0,180.0,0.0,1062.0,708.0,28.0,21.1,D3,21.6,0.43
400.0,0.0,0.0,180.0,0.0,1062.0,708.0,28.0,18.43,D3,23.4,0.4
400.0,0.0,0.0,180.0,0.0,1062.0,708.0,28.0,21.1,D3,17.5,0.44
400.0,0.0,0.0,180.0,0.0,1062.0,708.0,28.0,21.35,D3,22.2,0.44
400.0,0.0,0.0,180.0,0.0,1062.0,708.0,28.0,24.36,D3,23.7,0.51
400.0,0.0,0.0,180.0,0.0,1062.0,708.0,28.0,31.79,D3,20.3,0.48
400.0,0.0,0.0,180.0,0.0,1062.0,708.0,28.0,18.43,D3,20.3,0.46
400.0,0.0,0.0,180.0,0.0,1062.0,708.0,28.0,18.93,D3,18.3,0.45
400.0,0.0,0.0,180.0,0.0,1062.0,708.0,28.0,21.35,D3,25.2,0.4
400.0,0.0,0.0,180.0,0.0,1062.0,708.0,28.0,23.61,D3,20.6,0.34
400.0,0.0,0.0,180.0,0.0,1062.0,708.0,28.0,24.11,D3,22.5,0.46
400.0,0.0,0.0,180.0,0.0,1062.0,708.0,28.0,24.86,D3,23.2,0.49
400.0,0.0,0.0,180.0,0.0,1062.0,708.0,28.0,25.78,D3,25.0,0.44
400.0,0.0,0.0,180.0,0.0,1062.0,708.0,28.0,26.28,D3,21.7,0.42
400.0,0.0,0.0,180.0,0.0,1062.0,708.0,28.0,27.36,D3,20.9,0.47
400.0,0.0,0.0,180.0,0.0,1062.0,708.0,28.0,31.04,D3,22.3,0.45
400.0,0.0,0.0,180.0,0.0,1062.0,708.0,28.0,37.22,D3,24.6,0.53
400.0,0.0,0.0,180.0,0.0,1062.0,708.0,28.0,29.28,D3,21.7,0.51
400.0,0.0,0.0,180.0,0.0,1062.0,708.0,28.0,28.11,D3,20.1,0.5
400.0,0.0,0.0,180.0,0.0,1062.0,708.0,28.0,26.53,D3,18.9,0.49
400.0,0.0,0.0,180.0,0.0,1062.0,708.0,28.0,25.78,D3,19.6,0.39
400.0,0.0,0.0,180.0,0.0,1062.0,708.0,28.0,25.11,D3,23.7,0.48
400.0,0.0,0.0,180.0,0.0,1062.0,708.0,28.0,22.52,D3,21.4,0.47
400.0,0.0,0.0,180.0,0.0,1062.0,708.0,28.0,22.1,D3,20.8,0.48
400.0,0.0,0.0,180.0,0.0,1062.0,708.0,28.0,26.28,D3,20.6,0.47
400.0,0.0,0.0,180.0,0.0,1062.0,708.0,28.0,24.77,D3,22.2,0.47
400.0,0.0,0.0,180.0,0.0,1062.0,708.0,28.0,20.35,D3,21.5,0.59
400.0,0.0,0.0,180.0,0.0,1062.0,708.0,28.0,20.6,D3,21.5,0.45
400.0,0.0,0.0,180.0,0.0,1062.0,708.0,28.0,19.18,D3,24.7,0.5
400.0,0.0,0.0,180.0,0.0,1062.0,708.0,28.0,18.85,D3,25.1,0.43
400.0,0.0,0.0,180.0,0.0,1062.0,708.0,28.0,22.52,D3,18.8,0.49
400.0,0.0,0.0,180.0,0.0,1062.0,708.0,28.0,23.61,D3,22.7,0.5
400.0,0.0,0.0,180.0,0.0,1062.0,708.0,28.0,25.53,D3,20.4,0.47
400.0,0.0,0.0,180.0,0.0,1062.0,708.0,28.0,28.11,D3,21.5,0.53
400.0,0.0,0.0,180.0,0.0,1062.0,708.0,28.0,28.45,D3,22.6,0.41
400.0,0.0,0.0,180.0,0.0,1062.0,708.0,28.0,29.62,D3,21.6,0.43
400.0,0.0,0.0,180.0,0.0,1062.0,708.0,28.0,30.29,D3,22.5,0.46
400.0,0.0,0.0,180.0,0.0,1062.0,708.0,28.0,30.7,D3,23.3,0.49
400.0,0.0,0.0,180.0,0.0,1062.0,708.0,28.0,31.45,D3,22.6,0.46
400.0,0.0,0.0,180.0,0.0,1062.0,708.0,28.0,33.38,D3,20.7,0.51
400.0,0.0,0.0,180.0,0.0,1062.0,708.0,28.0,34.04,D3,20.7,0.42
400.0,0.0,0.0,180.0,0.0,1062.0,708.0,28.0,32.79,D3,19.1,0.39
400.0,0.0,0.0,180.0,0.0,1062.0,708.0,28.0,29.62,D3,20.3,0.47
400.0,0.0,0.0,180.0,0.0,1062.0,708.0,28.0,29.2,D3,25.9,0.45
400.0,0.0,0.0,180.0,0.0,1062.0,708.0,28.0,28.11,D3,20.4,0.48
400.0,0.0,0.0,180.0,0.0,1062.0,708.0,28.0,27.7,D3,19.6,0.45
400.0,0.0,0.0,180.0,0.0,1062.0,708.0,28.0,27.36,D3,22.6,0.43
400.0,0.0,0.0,180.0,0.0,1062.0,708.0,28.0,26.19,D3,21.8,0.45
400.0,0.0,0.0,180.0,0.0,1062.0,708.0,28.0,25.19,D3,21.6,0.45
400.0,0.0,0.0,180.0,0.0,1062.0,708.0,28.0,22.94,D3,24.8,0.43
400.0,0.0,0.0,180.0,0.0,1062.0,708.0,28.0,22.6,D3,23.1,0.44
400.0,0.0,0.0,180.0,0.0,1062.0,708.0,28.0,18.85,D3,20.9,0.43
400.0,0.0,0.0,180.0,0.0,1062.0,708.0,28.0,18.35,D3,21.2,0.49
400.0,0.0,0.0,180.0,0.0,1062.0,708.0,28.0,16.93,D3,21.0,0.46
400.0,0.0,0.0,180.0,0.0,1062.0,708.0,28.0,18.43,D3,23.7,0.56
400.0,0.0,0.0,180.0,0.0,1062.0,708.0,28.0,22.19,D3,21.4,0.46
400.0,0.0,0.0,180.0,0.0,1062.0,708.0,28.0,24.02,D3,18.4,0.42
400.0,0.0,0.0,180.0,0.0,1062.0,708.0,28.0,24.44,D3,21.9,0.58
400.0,0.0,0.0,180.0,0.0,1062.0,708.0,28.0,25.86,D3,18.9,0.47
400.0,0.0,0.0,180.0,0.0,1062.0,708.0,28.0,26.28,D3,26.4,0.5
400.0,0.0,0.0,180.0,0.0,1062.0,708.0,28.0,26.61,D3,20.1,0.48
400.0,0.0,0.0,180.0,0.0,1062.0,708.0,28.0,27.03,D3,21.7,0.48
400.0,0.0,0.0,180.0,0.0,1062.0,708.0,28.0,27.86,D3,22.5,0.48
400.0,0.0,0.0,180.0,0.0,1062.0,708.0,28.0,28.45,D3,21.4,0.39
400.0,0.0,0.0,180.0,0.0,1062.0,708.0,28.0,29.45,D3,21.4,0.47
400.0,0.0,0.0,180.0,0.0,1062.0,708.0,28.0,30.04,D3,22.8,0.38
400.0,0.0,0.0,180.0,0.0,1062.0,708.0,28.0,30.45,D3,25.1,0.44
400.0,0.0,0.0,180.0,0.0,1062.0,708.0,28.0,33.04,D3,23.5,0.41
400.0,0.0,0.0,180.0,0.0,1062.0,708.0,28.0,33.96,D3,25.0,0.47
400.0,0.0,0.0,180.0,0.0,1062.0,708.0,28.0,31.45,D3,19.9,0.47
400.0,0.0,0.0,180.0,0.0,1062.0,708.0,28.0,30.37,D3,22.6,0.47
400.0,0.0,0.0,180.0,0.0,1062.0,708.0,28.0,30.04,D3,22.3,0.46
400.0,0.0,0.0,180.0,0.0,1062.0,708.0,28.0,29.53,D3,22.7,0.42
400.0,0.0,0.0,180.0,0.0,1062.0,708.0,28.0,28.87,D3,24.8,0.44
400.0,0.0,0.0,180.0,0.0,1062.0,708.0,28.0,28.53,D3,21.6,0.5
400.0,0.0,0.0,180.0,0.0,1062.0,708.0,28.0,28.03,D3,21.2,0.5
400.0,0.0,0.0,180.0,0.0,1062.0,708.0,28.0,27.45,D3,23.1,0.39
400.0,0.0,0.0,180.0,0.0,1062.0,708.0,28.0,27.11,D3,18.4,0.37
400.0,0.0,0.0,180.0,0.0,1062.0,708.0,28.0,26.36,D3,21.5,0.41
400.0,0.0,0.0,180.0,0.0,1062.0,708.0,28.0,25.03,D3,21.7,0.5
400.0,0.0,0.0,180.0,0.0,1062.0,708.0,28.0,24.11,D3,20.2,0.51
400.0,0.0,0.0,180.0,0.0,1062.0,708.0,28.0,23.69,D3,24.1,0.4
400.0,0.0,0.0,180.0,0.0,1062.0,708.0,28.0,23.27,D3,19.9,0.47
400.0,0.0,0.0,180.0,0.0,1062.0,708.0,28.0,19.6,D3,21.7,0.54
400.0,0.0,0.0,180.0,0.0,1062.0,708.0,28.0,22.85,D3,22.6,0.47
400.0,0.0,0.0,180.0,0.0,1062.0,708.0,28.0,25.86,D3,24.7,0.52
400.0,0.0,0.0,180.0,0.0,1062.0,708.0,28.0,27.28,D3,22.0,0.5
400.0,0.0,0.0,180.0,0.0,1062.0,708.0,28.0,27.78,D3,23.9,0.4
400.0,0.0,0.0,180.0,0.0,1062.0,708.0,28.0,29.45,D3,23.4,0.44
400.0,0.0,0.0,180.0,0.0,1062.0,708.0,28.0,30.37,D3,22.2,0.45
400.0,0.0,0.0,180.0,0.0,1062.0,708.0,28.0,31.12,D3,19.8,0.46
400.0,0.0,0.0,180.0,0.0,1062.0,708.0,28.0,32.62,D3,19.1,0.5
400.0,0.0,0.0,180.0,0.0,1062.0,708.0,28.0,32.96,D3,22.2,0.47
400.0,0.0,0.0,180.0,0.0,1062.0,708.0,28.0,33.46,D3,20.9,0.3
400.0,0.0,0.0,180.0,0.0,1062.0,708.0,28.0,37.72,D3,23.8,0.38
400.0,0.0,0.0,180.0,0.0,1062.0,708.0,28.0,36.55,D3,23.5,0.34
400.0,0.0,0.0,180.0,0.0,1062.0,708.0,28.0,33.21,D3,21.6,0.46
400.0,0.0,0.0,180.0,0.0,1062.0,708.0,28.0,31.54,D3,19.7,0.46
400.0,0.0,0.0,180.0,0.0,1062.0,708.0,28.0,30.95,D3,23.0,0.46
400.0,0.0,0.0,180.0,0.0,1062.0,708.0,28.0,30.04,D3,20.0,0.4
400.0,0.0,0.0,180.0,0.0,1062.0,708.0,28.0,29.78,D3,20.5,0.48
400.0,0.0,0.0,180.0,0.0,1062.0,708.0,28.0,29.28,D3,20.0,0.49
400.0,0.0,0.0,180.0,0.0,1062.0,708.0,28.0,26.61,D3,21.7,0.39
400.0,0.0,0.0,180.0,0.0,1062.0,708.0,28.0,26.28,D3,24.3,0.38
400.0,0.0,0.0,180.0,0.0,1062.0,708.0,28.0,26.61,D3,22.0,0.45
400.0,0.0,0.0,180.0,0.0,1062.0,708.0,28.0,27.78,D3,21.1,0.54
400.0,0.0,0.0,180.0,0.0,1062.0,708.0,28.0,28.45,D3,18.9,0.53
400.0,0.0,0.0,180.0,0.0,1062.0,708.0,28.0,31.04,D3,23.1,0.48
400.0,0.0,0.0,180.0,0.0,1062.0,708.0,28.0,31.54,D3,20.4,0.41
400.0,0.0,0.0,180.0,0.0,1062.0,708.0,28.0,32.96,D3,22.2,0.49
400.0,0.0,0.0,180.0,0.0,1062.0,708.0,28.0,34.96,D3,21.3,0.43
400.0,0.0,0.0,180.0,0.0,1062.0,708.0,28.0,40.22,D3,23.7,0.41
400.0,0.0,0.0,180.0,0.0,1062.0,708.0,28.0,33.29,D3,21.7,0.34
400.0,0.0,0.0,180.0,0.0,1062.0,708.0,28.0,32.87,D3,21.9,0.46
400.0,0.0,0.0,180.0,0.0,1062.0,708.0,28.0,30.37,D3,23.0,0.42
400.0,0.0,0.0,180.0,0.0,1062.0,708.0,28.0,27.78,D3,26.2,0.45
400.0,0.0,0.0,180.0,0.0,1062.0,708.0,28.0,25.78,D3,23.8,0.34
400.0,0.0,0.0,180.0,0.0,1062.0,708.0,28.0,29.2,D3,21.8,0.46
400.0,0.0,0.0,180.0,0.0,1062.0,708.0,28.0,28.78,D3,22.0,0.33
400.0,0.0,0.0,180.0,0.0,1062.0,708.0,28.0,36.97,D3,21.0,0.5
400.0,0.0,0.0,180.0,0.0,1062.0,708.0,28.0,40.72,D3,20.1,0.48
400.0,0.0,0.0,180.0,0.0,1062.0,708.0,28.0,44.48,D3,20.9,0.44
360.0,0.0,0.0,180.0,0.0,1086.0,724.0,28.0,16.5,D3,20.5,0.48
360.0,0.0,0.0,180.0,0.0,1086.0,724.0,28.0,17.92,D3,23.3,0.4
360.0,0.0,0.0,180.0,0.0,1086.0,724.0,28.0,20.6,D3,19.9,0.45
360.0,0.0,0.0,180.0,0.0,1086.0,724.0,28.0,21.88,D3,24.7,0.49
360.0,0.0,0.0,180.0,0.0,1086.0,724.0,28.0,23.46,D3,23.5,0.3
360.0,0.0,0.0,180.0,0.0,1086.0,724.0,28.0,22.69,D3,22.0,0.43
360.0,0.0,0.0,180.0,0.0,1086.0,724.0,28.0,26.31,D3,22.0,0.45
360.0,0.0,0.0,180.0,0.0,1086.0,724.0,28.0,23.02,D3,20.9,0.44
360.0,0.0,0.0,180.0,0.0,1086.0,724.0,28.0,24.45,D3,22.5,0.52
360.0,0.0,0.0,180.0,0.0,1086.0,724.0,28.0,27.89,D3,24.2,0.39
360.0,0.0,0.0,180.0,0.0,1086.0,724.0,28.0,28.84,D3,20.6,0.42
360.0,0.0,0.0,180.0,0.0,1086.0,724.0,28.0,29.84,D3,18.9,0.35
360.0,0.0,0.0,180.0,0.0,1086.0,724.0,28.0,28.12,D3,23.4,0.53
360.0,0.0,0.0,180.0,0.0,1086.0,724.0,28.0,30.27,D3,22.6,0.44
360.0,0.0,0.0,180.0,0.0,1086.0,724.0,28.0,31.84,D3,19.8,0.43
360.0,0.0,0.0,180.0,0.0,1086.0,724.0,28.0,32.17,D3,20.5,0.45
360.0,0.0,0.0,180.0,0.0,1086.0,724.0,28.0,35.65,D3,20.3,0.48
360.0,0.0,0.0,180.0,0.0,1086.0,724.0,28.0,40.08,D3,20.6,0.47
360.0,0.0,0.0,180.0,0.0,1086.0,724.0,28.0,40.89,D3,21.4,0.58
360.0,0.0,0.0,180.0,0.0,1086.0,724.0,28.0,41.03,D3,21.5,0.47
360.0,0.0,0.0,180.0,0.0,1086.0,724.0,28.0,20.21,D3,20.7,0.43
360.0,0.0,0.0,180.0,0.0,1086.0,724.0,28.0,24.83,D3,20.5,0.42
360.0,0.0,0.0,180.0,0.0,1086.0,724.0,28.0,23.93,D3,21.5,0.43
360.0,0.0,0.0,180.0,0.0,1086.0,724.0,28.0,24.45,D3,22.3,0.37
360.0,0.0,0.0,180.0,0.0,1086.0,724.0,28.0,35.13,D3,21.4,0.45
360.0,0.0,0.0,180.0,0.0,1086.0,724.0,12053.0,26.2,D3,24.3,0.49
360.0,0.0,0.0,180.0,0.0,1086.0,724.0,12053.0,27.01,D3,23.0,0.42
360.0,0.0,0.0,180.0,0.0,1086.0,724.0,12053.0,24.11,D3,18.8,0.41
360.0,0.0,0.0,180.0,0.0,1086.0,724.0,12053.0,3.38,D3,23.0,0.53
360.0,0.0,0.0,180.0,0.0,1086.0,724.0,12053.0,4.66,D3,23.2,0.38
360.0,0.0,0.0,180.0,0.0,1086.0,724.0,12053.0,7.48,D3,21.1,0.35
360.0,0.0,0.0,180.0,0.0,1086.0,724.0,12053.0,11.17,D3,19.0,0.39
360.0,0.0,0.0,180.0,0.0,1086.0,724.0,12053.0,18.73,D3,22.0,0.37
360.0,0.0,0.0,180.0,0.0,1086.0,724.0,12053.0,13.34,D3,22.0,0.47
360.0,0.0,0.0,180.0,0.0,1086.0,724.0,12053.0,15.11,D3,19.8,0.43
360.0,0.0,0.0,180.0,0.0,1086.0,724.0,12053.0,9.81,D3,19.1,0.44
360.0,0.0,0.0,180.0,0.0,1086.0,724.0,12053.0,14.71,D3,21.8,0.51
360.0,0.0,0.0,180.0,0.0,1086.0,724.0,12053.0,12.62,D3,21.5,0.42
360.0,0.0,0.0,180.0,0.0,1086.0,724.0,12053.0,9.97,D3,21.2,0.49
360.0,0.0,0.0,180.0,0.0,1086.0,724.0,12053.0,9.57,D3,21.8,0.53
360.0,0.0,0.0,180.0,0.0,1086.0,724.0,12053.0,18.17,D3,19.8,0.43
360.0,0.0,0.0,180.0,0.0,1086.0,724.0,12053.0,18.89,D3,21.1,0.49
360.0,0.0,0.0,180.0,0.0,1086.0,724.0,12053.0,16.48,D3,23.1,0.44
300.0,0.0,0.0,180.0,0.0,1122.0,748.0,7.0,19.62,D3,21.3,0.5
300.0,0.0,0.0,180.0,0.0,1122.0,748.0,28.0,23.62,D3,18.7,0.37
300.0,0.0,0.0,180.0,0.0,1122.0,748.0,90.0,27.25,D3,21.1,0.37
300.0,0.0,0.0,180.0,0.0,1122.0,748.0,7.0,18.89,D3,19.9,0.43
300.0,0.0,0.0,180.0,0.0,1122.0,748.0,28.0,23.33,D3,22.5,0.41
300.0,0.0,0.0,180.0,0.0,1122.0,748.0,90.0,27.11,D3,22.6,0.42
300.0,0.0,0.0,180.0,0.0,1122.0,748.0,7.0,18.22,D3,18.7,0.44
300.0,0.0,0.0,180.0,0.0,1122.0,748.0,28.0,22.66,D3,23.5,0.49
300.0,0.0,0.0,180.0,0.0,1122.0,748.0,90.0,26.89,D3,19.8,0.43
300.0,0.0,0.0,180.0,0.0,1122.0,748.0,7.0,17.91,D3,25.1,0.41
300.0,0.0,0.0,180.0,0.0,1122.0,748.0,28.0,23.12,D3,21.9,0.43
300.0,0.0,0.0,180.0,0.0,1122.0,748.0,90.0,27.09,D3,19.5,0.41
327.27272727272725,0.0,0.0,180.0,0.0,1105.6363636363635,737.0909090909091,7.0,17.02,D3,19.7,0.4
327.27272727272725,0.0,0.0,180.0,0.0,1105.6363636363635,737.0909090909091,28.0,22.03,D3,22.7,0.37
327.27272727272725,0.0,0.0,180.0,0.0,1105.6363636363635,737.0909090909091,90.0,25.33,D3,21.2,0.45
327.27272727272725,0.0,0.0,180.0,0.0,1105.6363636363635,737.0909090909091,7.0,16.63,D3,21.8,0.42
327.27272727272725,0.0,0.0,180.0,0.0,1105.6363636363635,737.0909090909091,28.0,21.76,D3,25.2,0.5
327.27272727272725,0.0,0.0,180.0,0.0,1105.6363636363635,737.0909090909091,90.0,25.04,D3,20.6,0.38
327.27272727272725,0.0,0.0,180.0,0.0,1105.6363636363635,737.0909090909091,7.0,16.04,D3,22.1,0.42
327.27272727272725,0.0,0.0,180.0,0.0,1105.6363636363635,737.0909090909091,28.0,21.18,D3,24.8,0.54
327.27272727272725,0.0,0.0,180.0,0.0,1105.6363636363635,737.0909090909091,90.0,24.75,D3,22.5,0.4
327.27272727272725,0.0,0.0,180.0,0.0,1105.6363636363635,737.0909090909091,7.0,15.19,D3,18.8,0.44
327.27272727272725,0.0,0.0,180.0,0.0,1105.6363636363635,737.0909090909091,28.0,20.88,D3,23.0,0.39
327.27272727272725,0.0,0.0,180.0,0.0,1105.6363636363635,737.0909090909091,90.0,24.62,D3,19.7,0.38
367.34693877551024,0.0,0.0,180.0,0.0,1081.5918367346935,721.0612244897959,1.0,12.82,D3,24.8,0.53
400.0,0.0,0.0,180.0,0.0,1062.0,708.0,1.0,14.8,D3,20.4,0.46
439.0243902439025,0.0,0.0,180.0,0.0,1038.5853658536585,692.3902439024391,1.0,21.83,D3,27.9,0.46
367.34693877551024,0.0,0.0,180.0,0.0,1081.5918367346935,721.0612244897959,3.0,20.3,D3,24.9,0.37
400.0,0.0,0.0,180.0,0.0,1062.0,708.0,3.0,23.9,D3,20.4,0.47
439.0243902439025,0.0,0.0,180.0,0.0,1038.5853658536585,692.3902439024391,3.0,28.2,D3,22.0,0.51
367.34693877551024,0.0,0.0,180.0,0.0,1081.5918367346935,721.0612244897959,7.0,30.6,D3,23.5,0.51
400.0,0.0,0.0,180.0,0.0,1062.0,708.0,7.0,33.6,D3,23.6,0.48
439.0243902439025,0.0,0.0,180.0,0.0,1038.5853658536585,692.3902439024391,7.0,39.8,D3,22.9,0.39
367.34693877551024,0.0,0.0,180.0,0.0,1081.5918367346935,721.0612244897959,14.0,33.2,D3,24.5,0.47
400.0,0.0,0.0,180.0,0.0,1062.0,708.0,14.0,38.4,D3,21.8,0.48
439.0243902439025,0.0,0.0,180.0,0.0,1038.5853658536585,692.3902439024391,14.0,48.7,D3,21.3,0.36
600.0,0.0,0.0,180.0,0.0,942.0,628.0,3.0,38.35,D3,21.3,0.39
600.0,0.0,0.0,180.0,0.0,942.0,628.0,7.0,42.22,D3,23.7,0.49
600.0,0.0,0.0,180.0,0.0,942.0,628.0,14.0,50.94,D3,22.7,0.49
600.0,0.0,0.0,180.0,0.0,942.0,628.0,28.0,52.39,D3,22.6,0.37
600.0,0.0,0.0,180.0,0.0,942.0,628.0,90.0,54.33,D3,23.6,0.49
600.0,0.0,0.0,180.0,0.0,942.0,628.0,180.0,54.72,D3,17.9,0.45
600.0,0.0,0.0,180.0,0.0,942.0,628.0,365.0,55.1,D3,22.6,0.49
450.0,0.0,0.0,180.0,0.0,1032.0,688.0,3.0,18.88,D3,22.4,0.42
450.0,0.0,0.0,180.0,0.0,1032.0,688.0,7.0,31.96,D3,25.3,0.48
450.0,0.0,0.0,180.0,0.0,1032.0,688.0,14.0,38.64,D3,18.9,0.49
450.0,0.0,0.0,180.0,0.0,1032.0,688.0,28.0,39.32,D3,25.1,0.43
450.0,0.0,0.0,180.0,0.0,1032.0,688.0,90.0,46.1,D3,22.2,0.45
450.0,0.0,0.0,180.0,0.0,1032.0,688.0,180.0,46.77,D3,23.0,0.42
450.0,0.0,0.0,180.0,0.0,1032.0,688.0,365.0,47.65,D3,25.4,0.53
360.0,0.0,0.0,180.0,0.0,1086.0,724.0,3.0,16.17,D3,23.1,0.44
360.0,0.0,0.0,180.0,0.0,1086.0,724.0,7.0,18.88,D3,22.8,0.4
360.0,0.0,0.0,180.0,0.0,1086.0,724.0,14.0,29.15,D3,22.5,0.41
360.0,0.0,0.0,180.0,0.0,1086.0,724.0,28.0,38.16,D3,21.0,0.46
360.0,0.0,0.0,180.0,0.0,1086.0,724.0,90.0,40.19,D3,21.9,0.49
360.0,0.0,0.0,180.0,0.0,1086.0,724.0,180.0,40.58,D3,20.6,0.38
360.0,0.0,0.0,180.0,0.0,1086.0,724.0,365.0,41.84,D3,21.9,0.54
300.0,0.0,0.0,180.0,0.0,1122.0,748.0,3.0,8.62,D3,17.3,0.47
300.0,0.0,0.0,180.0,0.0,1122.0,748.0,7.0,13.56,D3,22.9,0.47
300.0,0.0,0.0,180.0,0.0,1122.0,748.0,14.0,30.02,D3,21.8,0.45
300.0,0.0,0.0,180.0,0.0,1122.0,748.0,28.0,31.86,D3,21.3,0.45
300.0,0.0,0.0,180.0,0.0,1122.0,748.0,90.0,31.96,D3,22.4,0.44
300.0,0.0,0.0,180.0,0.0,1122.0,748.0,180.0,32.64,D3,19.1,0.5
300.0,0.0,0.0,180.0,0.0,1122.0,748.0,365.0,33.6,D3,25.9,0.45
257.14285714285717,0.0,0.0,180.0,0.0,1147.7142857142856,765.1428571428571,3.0,5.04,D3,21.8,0.49
257.14285714285717,0.0,0.0,180.0,0.0,1147.7142857142856,765.1428571428571,7.0,5.91,D3,21.7,0.43
257.14285714285717,0.0,0.0,180.0,0.0,1147.7142857142856,765.1428571428571,14.0,15.49,D3,20.1,0.46
257.14285714285717,0.0,0.0,180.0,0.0,1147.7142857142856,765.1428571428571,28.0,19.76,D3,22.0,0.41
257.14285714285717,0.0,0.0,180.0,0.0,1147.7142857142856,765.1428571428571,90.0,22.56,D3,24.8,0.51
257.14285714285717,0.0,0.0,180.0,0.0,1147.7142857142856,765.1428571428571,180.0,23.44,D3,24.1,0.41
257.14285714285717,0.0,0.0,180.0,0.0,1147.7142857142856,765.1428571428571,365.0,26.15,D3,23.7,0.43
400.0,0.0,0.0,180.0,0.0,1062.0,708.0,28.0,8.02,D3,23.1,0.43
400.0,0.0,0.0,180.0,0.0,1062.0,708.0,28.0,9.15,D3,21.3,0.43
400.0,0.0,0.0,180.0,0.0,1062.0,708.0,28.0,10.23,D3,19.1,0.49
400.0,0.0,0.0,180.0,0.0,1062.0,708.0,28.0,11.54,D3,21.6,0.43
400.0,0.0,0.0,180.0,0.0,1062.0,708.0,28.0,12.9,D3,21.5,0.52
400.0,0.0,0.0,180.0,0.0,1062.0,708.0,28.0,12.51,D3,24.1,0.41
400.0,0.0,0.0,180.0,0.0,1062.0,708.0,28.0,10.69,D3,22.6,0.46
400.0,0.0,0.0,180.0,0.0,1062.0,708.0,28.0,14.27,D3,25.2,0.41
400.0,0.0,0.0,180.0,0.0,1062.0,708.0,28.0,14.44,D3,24.4,0.47
400.0,0.0,0.0,180.0,0.0,1062.0,708.0,28.0,16.37,D3,21.1,0.45
400.0,0.0,0.0,180.0,0.0,1062.0,708.0,28.0,17.0,D3,18.4,0.44
400.0,0.0,0.0,180.0,0.0,1062.0,708.0,28.0,15.86,D3,24.8,0.51
400.0,0.0,0.0,180.0,0.0,1062.0,708.0,28.0,14.5,D3,24.7,0.42
400.0,0.0,0.0,180.0,0.0,1062.0,708.0,28.0,13.36,D3,19.3,0.48
400.0,0.0,0.0,180.0,0.0,1062.0,708.0,28.0,15.41,D3,25.0,0.41
400.0,0.0,0.0,180.0,0.0,1062.0,708.0,28.0,18.36,D3,22.8,0.46
400.0,0.0,0.0,180.0,0.0,1062.0,708.0,28.0,17.96,D3,22.3,0.39
400.0,0.0,0.0,180.0,0.0,1062.0,708.0,28.0,21.15,D3,25.2,0.42
400.0,0.0,0.0,180.0,0.0,1062.0,708.0,28.0,21.77,D3,24.7,0.45
400.0,0.0,0.0,180.0,0.0,1062.0,708.0,28.0,20.52,D3,23.3,0.54
400.0,0.0,0.0,180.0,0.0,1062.0,708.0,28.0,4.84,D3,22.9,0.46
400.0,0.0,0.0,180.0,0.0,1062.0,708.0,28.0,5.32,D3,23.2,0.53
400.0,0.0,0.0,180.0,0.0,1062.0,708.0,28.0,7.18,D3,21.2,0.46
400.0,0.0,0.0,180.0,0.0,1062.0,708.0,28.0,8.98,D3,21.9,0.43
400.0,0.0,0.0,180.0,0.0,1062.0,708.0,28.0,7.52,D3,20.2,0.53
400.0,0.0,0.0,180.0,0.0,1062.0,708.0,28.0,6.84,D3,21.3,0.47
400.0,0.0,0.0,180.0,0.0,1062.0,708.0,28.0,6.1,D3,21.3,0.42
400.0,0.0,0.0,180.0,0.0,1062.0,708.0,28.0,8.54,D3,20.7,0.47
400.0,0.0,0.0,180.0,0.0,1062.0,708.0,28.0,9.52,D3,22.3,0.44
400.0,0.0,0.0,180.0,0.0,1062.0,708.0,28.0,8.4,D3,21.4,0.35
400.0,0.0,0.0,180.0,0.0,1062.0,708.0,28.0,9.15,D3,23.0,0.5
400.0,0.0,0.0,180.0,0.0,1062.0,708.0,28.0,11.32,D3,18.8,0.5
400.0,0.0,0.0,180.0,0.0,1062.0,708.0,28.0,11.21,D3,21.8,0.54
400.0,0.0,0.0,180.0,0.0,1062.0,708.0,28.0,10.87,D3,22.3,0.47
400.0,0.0,0.0,180.0,0.0,1062.0,708.0,28.0,10.03,D3,21.4,0.44
400.0,0.0,0.0,180.0,0.0,1062.0,708.0,28.0,14.4,D3,21.7,0.49
400.0,0.0,0.0,180.0,0.0,1062.0,708.0,28.0,14.57,D3,18.8,0.49
400.0,0.0,0.0,180.0,0.0,1062.0,708.0,28.0,15.45,D3,22.7,0.53
400.0,0.0,0.0,180.0,0.0,1062.0,708.0,28.0,15.75,D3,23.3,0.45
400.0,0.0,0.0,180.0,0.0,1062.0,708.0,28.0,14.97,D3,23.0,0.44
360.0,0.0,0.0,180.0,0.0,1086.0,724.0,28.0,34.85,D3,24.1,0.41
360.0,0.0,0.0,180.0,0.0,1086.0,724.0,28.0,34.34,D3,22.4,0.48
360.0,0.0,0.0,180.0,0.0,1086.0,724.0,28.0,34.34,D3,23.0,0.37
360.0,0.0,0.0,180.0,0.0,1086.0,724.0,28.0,36.36,D3,22.3,0.49
360.0,0.0,0.0,180.0,0.0,1086.0,724.0,28.0,36.36,D3,23.4,0.48
360.0,0.0,0.0,180.0,0.0,1086.0,724.0,28.0,33.33,D3,18.8,0.48
360.0,0.0,0.0,180.0,0.0,1086.0,724.0,28.0,37.37,D3,20.2,0.46
360.0,0.0,0.0,180.0,0.0,1086.0,724.0,28.0,35.86,D3,25.2,0.53
360.0,0.0,0.0,180.0,0.0,1086.0,724.0,28.0,34.34,D3,17.1,0.49
360.0,0.0,0.0,180.0,0.0,1086.0,724.0,28.0,38.89,D3,21.7,0.42
360.0,0.0,0.0,180.0,0.0,1086.0,724.0,28.0,37.88,D3,24.3,0.42
360.0,0.0,0.0,180.0,0.0,1086.0,724.0,28.0,36.87,D3,21.8,0.41
360.0,0.0,0.0,180.0,0.0,1086.0,724.0,28.0,35.35,D3,21.2,0.48
360.0,0.0,0.0,180.0,0.0,1086.0,724.0,28.0,37.37,D3,22.3,0.4
360.0,0.0,0.0,180.0,0.0,1086.0,724.0,28.0,36.36,D3,21.3,0.5
360.0,0.0,0.0,180.0,0.0,1086.0,724.0,28.0,25.76,D3,22.1,0.52
360.0,0.0,0.0,180.0,0.0,1086.0,724.0,28.0,27.27,D3,20.6,0.41
360.0,0.0,0.0,180.0,0.0,1086.0,724.0,28.0,26.77,D3,24.2,0.44
360.0,0.0,0.0,180.0,0.0,1086.0,724.0,28.0,10.18,D3,24.8,0.45
360.0,0.0,0.0,180.0,0.0,1086.0,724.0,28.0,9.79,D3,21.7,0.49
360.0,0.0,0.0,180.0,0.0,1086.0,724.0,28.0,11.43,D3,19.2,0.53
360.0,0.0,0.0,180.0,0.0,1086.0,724.0,28.0,12.37,D3,21.0,0.37
360.0,0.0,0.0,180.0,0.0,1086.0,724.0,28.0,9.94,D3,21.6,0.43
360.0,0.0,0.0,180.0,0.0,1086.0,724.0,28.0,10.57,D3,23.0,0.44
360.0,0.0,0.0,180.0,0.0,1086.0,724.0,28.0,7.2,D3,20.0,0.38
360.0,0.0,0.0,180.0,0.0,1086.0,724.0,28.0,7.52,D3,20.5,0.43
360.0,0.0,0.0,180.0,0.0,1086.0,724.0,28.0,11.51,D3,23.0,0.47
360.0,0.0,0.0,180.0,0.0,1086.0,724.0,28.0,12.92,D3,23.9,0.44
360.0,0.0,0.0,180.0,0.0,1086.0,724.0,28.0,13.78,D3,20.8,0.37
360.0,0.0,0.0,180.0,0.0,1086.0,724.0,28.0,10.18,D3,19.3,0.59
360.0,0.0,0.0,180.0,0.0,1086.0,724.0,28.0,9.79,D3,28.6,0.46
360.0,0.0,0.0,180.0,0.0,1086.0,724.0,28.0,9.71,D3,23.6,0.46
360.0,0.0,0.0,180.0,0.0,1086.0,724.0,28.0,9.24,D3,21.5,0.4
360.0,0.0,0.0,180.0,0.0,1086.0,724.0,28.0,10.18,D3,23.7,0.46
360.0,0.0,0.0,180.0,0.0,1086.0,724.0,28.0,11.9,D3,21.8,0.44
360.0,0.0,0.0,180.0,0.0,1086.0,724.0,28.0,10.73,D3,23.7,0.36
227.8481012658228,0.0,0.0,180.0,0.0,1165.2911392405065,776.860759493671,28.0,13.32,D3,22.3,0.4
227.8481012658228,0.0,0.0,180.0,0.0,1165.2911392405065,776.860759493671,28.0,13.73,D3,22.2,0.49
339.62264150943395,0.0,0.0,180.0,0.0,1098.2264150943397,732.1509433962265,28.0,22.41,D3,21.8,0.55
339.62264150943395,0.0,0.0,180.0,0.0,1098.2264150943397,732.1509433962265,28.0,22.47,D3,19.1,0.47
428.5714285714286,0.0,0.0,180.0,0.0,1044.857142857143,696.5714285714286,28.0,30.34,D3,25.9,0.51
428.5714285714286,0.0,0.0,180.0,0.0,1044.857142857143,696.5714285714286,28.0,30.39,D3,20.1,0.44
450.0,0.0,0.0,180.0,0.0,1032.0,688.0,28.0,35.08,D3,19.3,0.45
450.0,0.0,0.0,180.0,0.0,1032.0,688.0,28.0,35.09,D3,21.6,0.5
227.8481012658228,0.0,0.0,180.0,0.0,1165.2911392405065,776.860759493671,28.0,13.32,D3,20.1,0.53
227.8481012658228,0.0,0.0,180.0,0.0,1165.2911392405065,776.860759493671,28.0,13.73,D3,21.9,0.52
339.62264150943395,0.0,0.0,180.0,0.0,1098.2264150943397,732.1509433962265,28.0,22.41,D3,23.4,0.4
339.62264150943395,0.0,0.0,180.0,0.0,1098.2264150943397,732.1509433962265,28.0,22.47,D3,24.0,0.45
428.5714285714286,0.0,0.0,180.0,0.0,1044.857142857143,696.5714285714286,28.0,30.34,D3,23.6,0.46
428.5714285714286,0.0,0.0,180.0,0.0,1044.857142857143,696.5714285714286,28.0,30.39,D3,21.4,0.44
450.0,0.0,0.0,180.0,0.0,1032.0,688.0,28.0,35.08,D3,22.1,0.47
450.0,0.0,0.0,180.0,0.0,1032.0,688.0,28.0,35.09,D3,22.8,0.49
227.8481012658228,0.0,0.0,180.0,0.0,1165.2911392405065,776.860759493671,28.0,13.32,D3,18.5,0.5
227.8481012658228,0.0,0.0,180.0,0.0,1165.2911392405065,776.860759493671,28.0,13.73,D3,23.1,0.53
339.62264150943395,0.0,0.0,180.0,0.0,1098.2264150943397,732.1509433962265,28.0,22.41,D3,19.1,0.43
339.62264150943395,0.0,0.0,180.0,0.0,1098.2264150943397,732.1509433962265,28.0,22.47,D3,26.1,0.38
428.5714285714286,0.0,0.0,180.0,0.0,1044.857142857143,696.5714285714286,28.0,30.34,D3,21.2,0.47
428.5714285714286,0.0,0.0,180.0,0.0,1044.857142857143,696.5714285714286,28.0,30.39,D3,21.6,0.54
450.0,0.0,0.0,180.0,0.0,1032.0,688.0,28.0,35.08,D3,20.5,0.43
450.0,0.0,0.0,180.0,0.0,1032.0,688.0,28.0,35.09,D3,20.7,0.48
227.8481012658228,0.0,0.0,180.0,0.0,1165.2911392405065,776.860759493671,28.0,13.32,D3,26.5,0.48
227.8481012658228,0.0,0.0,180.0,0.0,1165.2911392405065,776.860759493671,28.0,13.73,D3,23.9,0.46
339.62264150943395,0.0,0.0,180.0,0.0,1098.2264150943397,732.1509433962265,28.0,22.41,D3,18.9,0.45
339.62264150943395,0.0,0.0,180.0,0.0,1098.2264150943397,732.1509433962265,28.0,22.47,D3,25.0,0.4
428.5714285714286,0.0,0.0,180.0,0.0,1044.857142857143,696.5714285714286,28.0,30.34,D3,24.4,0.34
428.5714285714286,0.0,0.0,180.0,0.0,1044.857142857143,696.5714285714286,28.0,30.39,D3,21.4,0.39
450.0,0.0,0.0,180.0,0.0,1032.0,688.0,28.0,35.08,D3,22.6,0.43
450.0,0.0,0.0,180.0,0.0,1032.0,688.0,28.0,35.09,D3,22.0,0.5
227.8481012658228,0.0,0.0,180.0,0.0,1165.2911392405065,776.860759493671,28.0,13.32,D3,25.9,0.44
227.8481012658228,0.0,0.0,180.0,0.0,1165.2911392405065,776.860759493671,28.0,13.73,D3,20.4,0.42
339.62264150943395,0.0,0.0,180.0,0.0,1098.2264150943397,732.1509433962265,28.0,22.41,D3,22.3,0.41
339.62264150943395,0.0,0.0,180.0,0.0,1098.2264150943397,732.1509433962265,28.0,22.47,D3,21.1,0.48
428.5714285714286,0.0,0.0,180.0,0.0,1044.857142857143,696.5714285714286,28.0,30.34,D3,19.1,0.52
428.5714285714286,0.0,0.0,180.0,0.0,1044.857142857143,696.5714285714286,28.0,30.39,D3,26.4,0.5
450.0,0.0,0.0,180.0,0.0,1032.0,688.0,28.0,35.08,D3,19.6,0.48
450.0,0.0,0.0,180.0,0.0,1032.0,688.0,28.0,35.09,D3,22.4,0.38
227.8481012658228,0.0,0.0,180.0,0.0,1165.2911392405065,776.860759493671,28.0,13.32,D3,18.5,0.43
227.8481012658228,0.0,0.0,180.0,0.0,1165.2911392405065,776.860759493671,28.0,13.73,D3,21.2,0.55
339.62264150943395,0.0,0.0,180.0,0.0,1098.2264150943397,732.1509433962265,28.0,22.41,D3,22.8,0.51
339.62264150943395,0.0,0.0,180.0,0.0,1098.2264150943397,732.1509433962265,28.0,22.47,D3,20.4,0.37
428.5714285714286,0.0,0.0,180.0,0.0,1044.857142857143,696.5714285714286,28.0,30.34,D3,23.2,0.45
428.5714285714286,0.0,0.0,180.0,0.0,1044.857142857143,696.5714285714286,28.0,30.39,D3,21.5,0.47
450.0,0.0,0.0,180.0,0.0,1032.0,688.0,28.0,35.08,D3,24.3,0.41
450.0,0.0,0.0,180.0,0.0,1032.0,688.0,28.0,35.09,D3,24.7,0.33
227.8481012658228,0.0,0.0,180.0,0.0,1165.2911392405065,776.860759493671,28.0,13.32,D3,20.8,0.45
227.8481012658228,0.0,0.0,180.0,0.0,1165.2911392405065,776.860759493671,28.0,13.73,D3,22.2,0.41
339.62264150943395,0.0,0.0,180.0,0.0,1098.2264150943397,732.1509433962265,28.0,22.41,D3,22.4,0.41
339.62264150943395,0.0,0.0,180.0,0.0,1098.2264150943397,732.1509433962265,28.0,22.47,D3,23.2,0.43
428.5714285714286,0.0,0.0,180.0,0.0,1044.857142857143,696.5714285714286,28.0,30.34,D3,22.0,0.44
428.5714285714286,0.0,0.0,180.0,0.0,1044.857142857143,696.5714285714286,28.0,30.39,D3,22.4,0.45
450.0,0.0,0.0,180.0,0.0,1032.0,688.0,28.0,35.08,D3,21.5,0.41
450.0,0.0,0.0,180.0,0.0,1032.0,688.0,28.0,35.09,D3,22.2,0.44
227.8481012658228,0.0,0.0,180.0,0.0,1165.2911392405065,776.860759493671,28.0,13.32,D3,24.6,0.36
227.8481012658228,0.0,0.0,180.0,0.0,1165.2911392405065,776.860759493671,28.0,13.73,D3,23.3,0.47
339.62264150943395,0.0,0.0,180.0,0.0,1098.2264150943397,732.1509433962265,28.0,22.41,D3,23.4,0.31
339.62264150943395,0.0,0.0,180.0,0.0,1098.2264150943397,732.1509433962265,28.0,22.47,D3,23.4,0.44
428.5714285714286,0.0,0.0,180.0,0.0,1044.857142857143,696.5714285714286,28.0,30.34,D3,21.7,0.5
428.5714285714286,0.0,0.0,180.0,0.0,1044.857142857143,696.5714285714286,28.0,30.39,D3,22.6,0.4
450.0,0.0,0.0,180.0,0.0,1032.0,688.0,28.0,35.08,D3,19.8,0.49
450.0,0.0,0.0,180.0,0.0,1032.0,688.0,28.0,35.09,D3,24.5,0.51
227.8481012658228,0.0,0.0,180.0,0.0,1165.2911392405065,776.860759493671,28.0,13.32,D3,16.4,0.28
227.8481012658228,0.0,0.0,180.0,0.0,1165.2911392405065,776.860759493671,28.0,13.73,D3,21.8,0.44
339.62264150943395,0.0,0.0,180.0,0.0,1098.2264150943397,732.1509433962265,28.0,22.41,D3,24.3,0.31
339.62264150943395,0.0,0.0,180.0,0.0,1098.2264150943397,732.1509433962265,28.0,22.47,D3,19.3,0.44
428.5714285714286,0.0,0.0,180.0,0.0,1044.857142857143,696.5714285714286,28.0,30.34,D3,22.8,0.45
428.5714285714286,0.0,0.0,180.0,0.0,1044.857142857143,696.5714285714286,28.0,30.39,D3,20.6,0.33
450.0,0.0,0.0,180.0,0.0,1032.0,688.0,28.0,35.08,D3,21.3,0.55
450.0,0.0,0.0,180.0,0.0,1032.0,688.0,28.0,35.09,D3,23.9,0.46
227.8481012658228,0.0,0.0,180.0,0.0,1165.2911392405065,776.860759493671,28.0,13.32,D3,22.4,0.41
227.8481012658228,0.0,0.0,180.0,0.0,1165.2911392405065,776.860759493671,28.0,13.73,D3,17.9,0.52
339.62264150943395,0.0,0.0,180.0,0.0,1098.2264150943397,732.1509433962265,28.0,22.41,D3,20.0,0.36
339.62264150943395,0.0,0.0,180.0,0.0,1098.2264150943397,732.1509433962265,28.0,22.47,D3,24.0,0.39
428.5714285714286,0.0,0.0,180.0,0.0,1044.857142857143,696.5714285714286,28.0,30.34,D3,22.9,0.34
428.5714285714286,0.0,0.0,180.0,0.0,1044.857142857143,696.5714285714286,28.0,30.39,D3,25.5,0.54
450.0,0.0,0.0,180.0,0.0,1032.0,688.0,28.0,35.08,D3,25.4,0.47
450.0,0.0,0.0,180.0,0.0,1032.0,688.0,28.0,35.09,D3,21.3,0.48
227.8481012658228,0.0,0.0,180.0,0.0,1165.2911392405065,776.860759493671,28.0,13.32,D3,27.0,0.47
227.8481012658228,0.0,0.0,180.0,0.0,1165.2911392405065,776.860759493671,28.0,13.73,D3,22.0,0.48
339.62264150943395,0.0,0.0,180.0,0.0,1098.2264150943397,732.1509433962265,28.0,22.41,D3,20.1,0.45
339.62264150943395,0.0,0.0,180.0,0.0,1098.2264150943397,732.1509433962265,28.0,22.47,D3,20.7,0.46
428.5714285714286,0.0,0.0,180.0,0.0,1044.857142857143,696.5714285714286,28.0,30.34,D3,17.5,0.46
428.5714285714286,0.0,0.0,180.0,0.0,1044.857142857143,696.5714285714286,28.0,30.39,D3,25.2,0.42
450.0,0.0,0.0,180.0,0.0,1032.0,688.0,28.0,35.08,D3,25.2,0.45
450.0,0.0,0.0,180.0,0.0,1032.0,688.0,28.0,35.09,D3,20.0,0.46
227.8481012658228,0.0,0.0,180.0,0.0,1165.2911392405065,776.860759493671,28.0,13.32,D3,21.5,0.46
227.8481012658228,0.0,0.0,180.0,0.0,1165.2911392405065,776.860759493671,28.0,13.73,D3,22.2,0.38
339.62264150943395,0.0,0.0,180.0,0.0,1098.2264150943397,732.1509433962265,28.0,22.41,D3,20.1,0.38
339.62264150943395,0.0,0.0,180.0,0.0,1098.2264150943397,732.1509433962265,28.0,22.47,D3,18.5,0.5
428.5714285714286,0.0,0.0,180.0,0.0,1044.857142857143,696.5714285714286,28.0,30.34,D3,21.6,0.43
428.5714285714286,0.0,0.0,180.0,0.0,1044.857142857143,696.5714285714286,28.0,30.39,D3,21.4,0.48
450.0,0.0,0.0,180.0,0.0,1032.0,688.0,28.0,35.08,D3,21.2,0.4
450.0,0.0,0.0,180.0,0.0,1032.0,688.0,28.0,35.09,D3,22.4,0.38
227.8481012658228,0.0,0.0,180.0,0.0,1165.2911392405065,776.860759493671,28.0,13.32,D3,24.9,0.41
227.8481012658228,0.0,0.0,180.0,0.0,1165.2911392405065,776.860759493671,28.0,13.73,D3,21.4,0.44
339.62264150943395,0.0,0.0,180.0,0.0,1098.2264150943397,732.1509433962265,28.0,22.41,D3,22.3,0.42
339.62264150943395,0.0,0.0,180.0,0.0,1098.2264150943397,732.1509433962265,28.0,22.47,D3,23.5,0.51
428.5714285714286,0.0,0.0,180.0,0.0,1044.857142857143,696.5714285714286,28.0,30.34,D3,23.1,0.46
428.5714285714286,0.0,0.0,180.0,0.0,1044.857142857143,696.5714285714286,28.0,30.39,D3,20.8,0.54
450.0,0.0,0.0,180.0,0.0,1032.0,688.0,28.0,35.08,D3,22.2,0.47
450.0,0.0,0.0,180.0,0.0,1032.0,688.0,28.0,35.09,D3,23.1,0.33
227.8481012658228,0.0,0.0,180.0,0.0,1165.2911392405065,776.860759493671,28.0,13.32,D3,19.7,0.5
227.8481012658228,0.0,0.0,180.0,0.0,1165.2911392405065,776.860759493671,28.0,13.73,D3,24.5,0.37
339.62264150943395,0.0,0.0,180.0,0.0,1098.2264150943397,732.1509433962265,28.0,22.41,D3,24.9,0.46
339.62264150943395,0.0,0.0,180.0,0.0,1098.2264150943397,732.1509433962265,28.0,22.47,D3,20.6,0.41
428.5714285714286,0.0,0.0,180.0,0.0,1044.857142857143,696.5714285714286,28.0,30.34,D3,22.4,0.56
428.5714285714286,0.0,0.0,180.0,0.0,1044.857142857143,696.5714285714286,28.0,30.39,D3,23.3,0.52
450.0,0.0,0.0,180.0,0.0,1032.0,688.0,28.0,35.08,D3,20.9,0.41
450.0,0.0,0.0,180.0,0.0,1032.0,688.0,28.0,35.09,D3,23.0,0.44
227.8481012658228,0.0,0.0,180.0,0.0,1165.2911392405065,776.860759493671,28.0,13.32,D3,22.3,0.46
227.8481012658228,0.0,0.0,180.0,0.0,1165.2911392405065,776.860759493671,28.0,13.73,D3,19.1,0.49
339.62264150943395,0.0,0.0,180.0,0.0,1098.2264150943397,732.1509433962265,28.0,22.41,D3,22.9,0.45
339.62264150943395,0.0,0.0,180.0,0.0,1098.2264150943397,732.1509433962265,28.0,22.47,D3,19.8,0.4
428.5714285714286,0.0,0.0,180.0,0.0,1044.857142857143,696.5714285714286,28.0,30.34,D3,23.9,0.41
428.5714285714286,0.0,0.0,180.0,0.0,1044.857142857143,696.5714285714286,28.0,30.39,D3,20.7,0.45
450.0,0.0,0.0,180.0,0.0,1032.0,688.0,28.0,35.08,D3,21.7,0.51
450.0,0.0,0.0,180.0,0.0,1032.0,688.0,28.0,35.09,D3,24.7,0.47
227.8481012658228,0.0,0.0,180.0,0.0,1165.2911392405065,776.860759493671,28.0,13.32,D3,23.0,0.41
227.8481012658228,0.0,0.0,180.0,0.0,1165.2911392405065,776.860759493671,28.0,13.73,D3,19.8,0.48
339.62264150943395,0.0,0.0,180.0,0.0,1098.2264150943397,732.1509433962265,28.0,22.41,D3,20.0,0.43
339.62264150943395,0.0,0.0,180.0,0.0,1098.2264150943397,732.1509433962265,28.0,22.47,D3,20.8,0.49
428.5714285714286,0.0,0.0,180.0,0.0,1044.857142857143,696.5714285714286,28.0,30.34,D3,22.8,0.58
428.5714285714286,0.0,0.0,180.0,0.0,1044.857142857143,696.5714285714286,28.0,30.39,D3,22.7,0.43
450.0,0.0,0.0,180.0,0.0,1032.0,688.0,28.0,35.08,D3,20.3,0.49
450.0,0.0,0.0,180.0,0.0,1032.0,688.0,28.0,35.09,D3,19.7,0.41
227.8481012658228,0.0,0.0,180.0,0.0,1165.2911392405065,776.860759493671,28.0,13.32,D3,22.6,0.44
227.8481012658228,0.0,0.0,180.0,0.0,1165.2911392405065,776.860759493671,28.0,13.73,D3,21.6,0.45
339.62264150943395,0.0,0.0,180.0,0.0,1098.2264150943397,732.1509433962265,28.0,22.41,D3,26.3,0.44
339.62264150943395,0.0,0.0,180.0,0.0,1098.2264150943397,732.1509433962265,28.0,22.47,D3,22.1,0.57
428.5714285714286,0.0,0.0,180.0,0.0,1044.857142857143,696.5714285714286,28.0,30.34,D3,25.6,0.43
428.5714285714286,0.0,0.0,180.0,0.0,1044.857142857143,696.5714285714286,28.0,30.39,D3,19.7,0.48
450.0,0.0,0.0,180.0,0.0,1032.0,688.0,28.0,35.08,D3,18.9,0.35
450.0,0.0,0.0,180.0,0.0,1032.0,688.0,28.0,35.09,D3,19.8,0.47
227.8481012658228,0.0,0.0,180.0,0.0,1165.2911392405065,776.860759493671,28.0,13.32,D3,24.4,0.51
227.8481012658228,0.0,0.0,180.0,0.0,1165.2911392405065,776.860759493671,28.0,13.73,D3,25.5,0.42
339.62264150943395,0.0,0.0,180.0,0.0,1098.2264150943397,732.1509433962265,28.0,22.41,D3,20.4,0.32
339.62264150943395,0.0,0.0,180.0,0.0,1098.2264150943397,732.1509433962265,28.0,22.47,D3,21.1,0.45
428.5714285714286,0.0,0.0,180.0,0.0,1044.857142857143,696.5714285714286,28.0,30.34,D3,19.7,0.45
428.5714285714286,0.0,0.0,180.0,0.0,1044.857142857143,696.5714285714286,28.0,30.39,D3,18.4,0.49
450.0,0.0,0.0,180.0,0.0,1032.0,688.0,28.0,35.08,D3,23.4,0.55
450.0,0.0,0.0,180.0,0.0,1032.0,688.0,28.0,35.09,D3,22.4,0.43
227.8481012658228,0.0,0.0,180.0,0.0,1165.2911392405065,776.860759493671,28.0,13.32,D3,22.0,0.41
227.8481012658228,0.0,0.0,180.0,0.0,1165.2911392405065,776.860759493671,28.0,13.73,D3,19.2,0.39
339.62264150943395,0.0,0.0,180.0,0.0,1098.2264150943397,732.1509433962265,28.0,22.41,D3,25.3,0.46
339.62264150943395,0.0,0.0,180.0,0.0,1098.2264150943397,732.1509433962265,28.0,22.47,D3,21.0,0.47
428.5714285714286,0.0,0.0,180.0,0.0,1044.857142857143,696.5714285714286,28.0,30.34,D3,23.1,0.42
428.5714285714286,0.0,0.0,180.0,0.0,1044.857142857143,696.5714285714286,28.0,30.39,D3,19.1,0.49
450.0,0.0,0.0,180.0,0.0,1032.0,688.0,28.0,35.08,D3,21.6,0.47
450.0,0.0,0.0,180.0,0.0,1032.0,688.0,28.0,35.09,D3,22.6,0.45
227.8481012658228,0.0,0.0,180.0,0.0,1165.2911392405065,776.860759493671,28.0,13.32,D3,22.7,0.4
227.8481012658228,0.0,0.0,180.0,0.0,1165.2911392405065,776.860759493671,28.0,13.73,D3,22.3,0.43
339.62264150943395,0.0,0.0,180.0,0.0,1098.2264150943397,732.1509433962265,28.0,22.41,D3,23.0,0.33
339.62264150943395,0.0,0.0,180.0,0.0,1098.2264150943397,732.1509433962265,28.0,22.47,D3,19.7,0.46
428.5714285714286,0.0,0.0,180.0,0.0,1044.857142857143,696.5714285714286,28.0,30.34,D3,22.4,0.45
428.5714285714286,0.0,0.0,180.0,0.0,1044.857142857143,696.5714285714286,28.0,30.39,D3,22.2,0.46
450.0,0.0,0.0,180.0,0.0,1032.0,688.0,28.0,35.08,D3,22.5,0.48
450.0,0.0,0.0,180.0,0.0,1032.0,688.0,28.0,35.09,D3,22.1,0.47
227.8481012658228,0.0,0.0,180.0,0.0,1165.2911392405065,776.860759493671,28.0,13.32,D3,19.5,0.44
227.8481012658228,0.0,0.0,180.0,0.0,1165.2911392405065,776.860759493671,28.0,13.73,D3,19.4,0.45
339.62264150943395,0.0,0.0,180.0,0.0,1098.2264150943397,732.1509433962265,28.0,22.41,D3,17.6,0.38
339.62264150943395,0.0,0.0,180.0,0.0,1098.2264150943397,732.1509433962265,28.0,22.47,D3,23.6,0.42
428.5714285714286,0.0,0.0,180.0,0.0,1044.857142857143,696.5714285714286,28.0,30.34,D3,23.7,0.45
428.5714285714286,0.0,0.0,180.0,0.0,1044.857142857143,696.5714285714286,28.0,30.39,D3,23.7,0.41
450.0,0.0,0.0,180.0,0.0,1032.0,688.0,28.0,35.08,D3,22.6,0.49
450.0,0.0,0.0,180.0,0.0,1032.0,688.0,28.0,35.09,D3,17.7,0.42
227.8481012658228,0.0,0.0,180.0,0.0,1165.2911392405065,776.860759493671,28.0,13.32,D3,19.9,0.46
227.8481012658228,0.0,0.0,180.0,0.0,1165.2911392405065,776.860759493671,28.0,13.73,D3,22.3,0.46
339.62264150943395,0.0,0.0,180.0,0.0,1098.2264150943397,732.1509433962265,28.0,22.41,D3,22.3,0.49
339.62264150943395,0.0,0.0,180.0,0.0,1098.2264150943397,732.1509433962265,28.0,22.47,D3,21.6,0.5
428.5714285714286,0.0,0.0,180.0,0.0,1044.857142857143,696.5714285714286,28.0,30.34,D3,22.7,0.48
428.5714285714286,0.0,0.0,180.0,0.0,1044.857142857143,696.5714285714286,28.0,30.39,D3,22.0,0.34
450.0,0.0,0.0,180.0,0.0,1032.0,688.0,28.0,35.08,D3,22.2,0.51
450.0,0.0,0.0,180.0,0.0,1032.0,688.0,28.0,35.09,D3,20.7,0.53
227.8481012658228,0.0,0.0,180.0,0.0,1165.2911392405065,776.860759493671,28.0,13.32,D3,24.0,0.43
227.8481012658228,0.0,0.0,180.0,0.0,1165.2911392405065,776.860759493671,28.0,13.73,D3,21.1,0.46
339.62264150943395,0.0,0.0,180.0,0.0,1098.2264150943397,732.1509433962265,28.0,22.41,D3,19.3,0.41
339.62264150943395,0.0,0.0,180.0,0.0,1098.2264150943397,732.1509433962265,28.0,22.47,D3,20.5,0.35
428.5714285714286,0.0,0.0,180.0,0.0,1044.857142857143,696.5714285714286,28.0,30.34,D3,21.3,0.41
428.5714285714286,0.0,0.0,180.0,0.0,1044.857142857143,696.5714285714286,28.0,30.39,D3,24.0,0.42
450.0,0.0,0.0,180.0,0.0,1032.0,688.0,28.0,35.08,D3,21.9,0.43
450.0,0.0,0.0,180.0,0.0,1032.0,688.0,28.0,35.09,D3,21.6,0.4
227.8481012658228,0.0,0.0,180.0,0.0,1165.2911392405065,776.860759493671,28.0,13.32,D3,19.5,0.41
227.8481012658228,0.0,0.0,180.0,0.0,1165.2911392405065,776.860759493671,28.0,13.73,D3,23.6,0.45
339.62264150943395,0.0,0.0,180.0,0.0,1098.2264150943397,732.1509433962265,28.0,22.41,D3,20.7,0.41
339.62264150943395,0.0,0.0,180.0,0.0,1098.2264150943397,732.1509433962265,28.0,22.47,D3,21.8,0.48
428.5714285714286,0.0,0.0,180.0,0.0,1044.857142857143,696.5714285714286,28.0,30.34,D3,25.0,0.48
428.5714285714286,0.0,0.0,180.0,0.0,1044.857142857143,696.5714285714286,28.0,30.39,D3,23.0,0.57
450.0,0.0,0.0,180.0,0.0,1032.0,688.0,28.0,35.08,D3,18.7,0.51
450.0,0.0,0.0,180.0,0.0,1032.0,688.0,28.0,35.09,D3,18.5,0.46
227.8481012658228,0.0,0.0,180.0,0.0,1165.2911392405065,776.860759493671,28.0,13.32,D3,21.9,0.42
227.8481012658228,0.0,0.0,180.0,0.0,1165.2911392405065,776.860759493671,28.0,13.73,D3,19.6,0.46
339.62264150943395,0.0,0.0,180.0,0.0,1098.2264150943397,732.1509433962265,28.0,22.41,D3,23.3,0.47
339.62264150943395,0.0,0.0,180.0,0.0,1098.2264150943397,732.1509433962265,28.0,22.47,D3,22.1,0.42
428.5714285714286,0.0,0.0,180.0,0.0,1044.857142857143,696.5714285714286,28.0,30.34,D3,22.3,0.49
428.5714285714286,0.0,0.0,180.0,0.0,1044.857142857143,696.5714285714286,28.0,30.39,D3,20.6,0.38
450.0,0.0,0.0,180.0,0.0,1032.0,688.0,28.0,35.08,D3,25.5,0.44
450.0,0.0,0.0,180.0,0.0,1032.0,688.0,28.0,35.09,D3,27.7,0.48
227.8481012658228,0.0,0.0,180.0,0.0,1165.2911392405065,776.860759493671,28.0,13.32,D3,21.4,0.44
227.8481012658228,0.0,0.0,180.0,0.0,1165.2911392405065,776.860759493671,28.0,13.73,D3,22.7,0.44
339.62264150943395,0.0,0.0,180.0,0.0,1098.2264150943397,732.1509433962265,28.0,22.41,D3,22.2,0.44
339.62264150943395,0.0,0.0,180.0,0.0,1098.2264150943397,732.1509433962265,28.0,22.47,D3,21.5,0.41
428.5714285714286,0.0,0.0,180.0,0.0,1044.857142857143,696.5714285714286,28.0,30.34,D3,20.3,0.51
428.5714285714286,0.0,0.0,180.0,0.0,1044.857142857143,696.5714285714286,28.0,30.39,D3,19.8,0.4
450.0,0.0,0.0,180.0,0.0,1032.0,688.0,28.0,35.08,D3,19.7,0.47
450.0,0.0,0.0,180.0,0.0,1032.0,688.0,28.0,35.09,D3,22.8,0.47
227.8481012658228,0.0,0.0,180.0,0.0,1165.2911392405065,776.860759493671,28.0,13.32,D3,21.0,0.4
227.8481012658228,0.0,0.0,180.0,0.0,1165.2911392405065,776.860759493671,28.0,13.73,D3,16.8,0.45
339.62264150943395,0.0,0.0,180.0,0.0,1098.2264150943397,732.1509433962265,28.0,22.41,D3,22.9,0.4
339.62264150943395,0.0,0.0,180.0,0.0,1098.2264150943397,732.1509433962265,28.0,22.47,D3,21.9,0.52
428.5714285714286,0.0,0.0,180.0,0.0,1044.857142857143,696.5714285714286,28.0,30.34,D3,24.7,0.39
428.5714285714286,0.0,0.0,180.0,0.0,1044.857142857143,696.5714285714286,28.0,30.39,D3,22.7,0.42
450.0,0.0,0.0,180.0,0.0,1032.0,688.0,28.0,35.08,D3,19.0,0.39
450.0,0.0,0.0,180.0,0.0,1032.0,688.0,28.0,35.09,D3,17.5,0.38
227.8481012658228,0.0,0.0,180.0,0.0,1165.2911392405065,776.860759493671,28.0,13.32,D3,20.6,0.53
227.8481012658228,0.0,0.0,180.0,0.0,1165.2911392405065,776.860759493671,28.0,13.73,D3,20.7,0.48
339.62264150943395,0.0,0.0,180.0,0.0,1098.2264150943397,732.1509433962265,28.0,22.41,D3,23.9,0.46
339.62264150943395,0.0,0.0,180.0,0.0,1098.2264150943397,732.1509433962265,28.0,22.47,D3,22.0,0.42
428.5714285714286,0.0,0.0,180.0,0.0,1044.857142857143,696.5714285714286,28.0,30.34,D3,24.3,0.5
428.5714285714286,0.0,0.0,180.0,0.0,1044.857142857143,696.5714285714286,28.0,30.39,D3,19.4,0.41
450.0,0.0,0.0,180.0,0.0,1032.0,688.0,28.0,35.08,D3,23.9,0.49
450.0,0.0,0.0,180.0,0.0,1032.0,688.0,28.0,35.09,D3,23.4,0.41
360.0,0.0,0.0,180.0,0.0,1086.0,724.0,7.0,14.78,D3,18.0,0.42
360.0,0.0,0.0,180.0,0.0,1086.0,724.0,28.0,19.3,D3,24.6,0.49
360.0,0.0,0.0,180.0,0.0,1086.0,724.0,56.0,24.34,D3,22.2,0.49
360.0,0.0,0.0,180.0,0.0,1086.0,724.0,28.0,21.32,D3,22.8,0.48
360.0,0.0,0.0,180.0,0.0,1086.0,724.0,56.0,25.22,D3,20.3,0.4
400.0,0.0,0.0,180.0,0.0,1062.0,708.0,7.0,17.51,D3,24.6,0.43
400.0,0.0,0.0,180.0,0.0,1062.0,708.0,28.0,26.78,D3,19.6,0.46
400.0,0.0,0.0,180.0,0.0,1062.0,708.0,56.0,30.0,D3,23.7,0.41
400.0,0.0,0.0,180.0,0.0,1062.0,708.0,28.0,27.79,D3,23.6,0.52
400.0,0.0,0.0,180.0,0.0,1062.0,708.0,56.0,31.25,D3,20.1,0.33
486.4864864864865,0.0,0.0,180.0,0.0,1010.108108108108,673.4054054054054,7.0,27.97,D3,26.0,0.41
486.4864864864865,0.0,0.0,180.0,0.0,1010.108108108108,673.4054054054054,28.0,35.5,D3,22.5,0.42
486.4864864864865,0.0,0.0,180.0,0.0,1010.108108108108,673.4054054054054,56.0,38.02,D3,23.3,0.31
486.4864864864865,0.0,0.0,180.0,0.0,1010.108108108108,673.4054054054054,28.0,36.25,D3,18.9,0.38
486.4864864864865,0.0,0.0,180.0,0.0,1010.108108108108,673.4054054054054,56.0,38.99,D3,26.2,0.48
514.2857142857143,0.0,0.0,180.0,0.0,993.4285714285714,662.2857142857143,7.0,36.29,D3,19.6,0.45
514.2857142857143,0.0,0.0,180.0,0.0,993.4285714285714,662.2857142857143,28.0,43.7,D3,24.0,0.53
514.2857142857143,0.0,0.0,180.0,0.0,993.4285714285714,662.2857142857143,56.0,46.33,D3,20.0,0.53
514.2857142857143,0.0,0.0,180.0,0.0,993.4285714285714,662.2857142857143,28.0,45.0,D3,20.8,0.47
514.2857142857143,0.0,0.0,180.0,0.0,993.4285714285714,662.2857142857143,56.0,48.91,D3,23.6,0.47
360.0,0.0,0.0,180.0,0.0,1086.0,724.0,7.0,13.46,D3,24.1,0.45
360.0,0.0,0.0,180.0,0.0,1086.0,724.0,28.0,18.98,D3,19.5,0.32
360.0,0.0,0.0,180.0,0.0,1086.0,724.0,56.0,23.17,D3,24.2,0.38
360.0,0.0,0.0,180.0,0.0,1086.0,724.0,28.0,19.34,D3,24.1,0.46
360.0,0.0,0.0,180.0,0.0,1086.0,724.0,56.0,23.66,D3,20.1,0.48
400.0,0.0,0.0,180.0,0.0,1062.0,708.0,7.0,16.71,D3,25.2,0.46
400.0,0.0,0.0,180.0,0.0,1062.0,708.0,28.0,25.92,D3,19.1,0.41
400.0,0.0,0.0,180.0,0.0,1062.0,708.0,56.0,28.13,D3,20.8,0.5
400.0,0.0,0.0,180.0,0.0,1062.0,708.0,28.0,26.66,D3,23.0,0.52
400.0,0.0,0.0,180.0,0.0,1062.0,708.0,56.0,30.94,D3,20.3,0.5
486.4864864864865,0.0,0.0,180.0,0.0,1010.108108108108,673.4054054054054,7.0,26.42,D3,22.5,0.5
486.4864864864865,0.0,0.0,180.0,0.0,1010.108108108108,673.4054054054054,28.0,35.3,D3,22.5,0.42
486.4864864864865,0.0,0.0,180.0,0.0,1010.108108108108,673.4054054054054,56.0,37.14,D3,21.6,0.5
486.4864864864865,0.0,0.0,180.0,0.0,1010.108108108108,673.4054054054054,28.0,35.88,D3,23.7,0.46
486.4864864864865,0.0,0.0,180.0,0.0,1010.108108108108,673.4054054054054,56.0,37.96,D3,21.5,0.48
514.2857142857143,0.0,0.0,180.0,0.0,993.4285714285714,662.2857142857143,7.0,34.08,D3,22.5,0.47
514.2857142857143,0.0,0.0,180.0,0.0,993.4285714285714,662.2857142857143,28.0,43.26,D3,24.3,0.44
514.2857142857143,0.0,0.0,180.0,0.0,993.4285714285714,662.2857142857143,56.0,45.62,D3,23.6,0.41
514.2857142857143,0.0,0.0,180.0,0.0,993.4285714285714,662.2857142857143,28.0,44.65,D3,23.6,0.45
514.2857142857143,0.0,0.0,180.0,0.0,993.4285714285714,662.2857142857143,56.0,49.24,D3,19.7,0.5
360.0,0.0,0.0,180.0,0.0,1086.0,724.0,28.0,26.56,D3,23.0,0.43
360.0,0.0,0.0,180.0,0.0,1086.0,724.0,28.0,24.98,D3,20.2,0.49
360.0,0.0,0.0,180.0,0.0,1086.0,724.0,28.0,25.07,D3,19.4,0.49
360.0,0.0,0.0,180.0,0.0,1086.0,724.0,28.0,24.9,D3,21.9,0.44
360.0,0.0,0.0,180.0,0.0,1086.0,724.0,28.0,27.06,D3,20.2,0.52
360.0,0.0,0.0,180.0,0.0,1086.0,724.0,28.0,24.9,D3,23.6,0.43
360.0,0.0,0.0,180.0,0.0,1086.0,724.0,28.0,25.73,D3,23.6,0.53
360.0,0.0,0.0,180.0,0.0,1086.0,724.0,28.0,26.15,D3,18.2,0.47
360.0,0.0,0.0,180.0,0.0,1086.0,724.0,28.0,24.9,D3,20.3,0.45
360.0,0.0,0.0,180.0,0.0,1086.0,724.0,28.0,26.98,D3,19.1,0.41
360.0,0.0,0.0,180.0,0.0,1086.0,724.0,28.0,22.08,D3,21.1,0.45
360.0,0.0,0.0,180.0,0.0,1086.0,724.0,28.0,30.96,D3,22.9,0.44
360.0,0.0,0.0,180.0,0.0,1086.0,724.0,28.0,30.96,D3,21.5,0.39
360.0,0.0,0.0,180.0,0.0,1086.0,724.0,28.0,29.71,D3,20.8,0.44
360.0,0.0,0.0,180.0,0.0,1086.0,724.0,28.0,37.85,D3,24.6,0.41
360.0,0.0,0.0,180.0,0.0,1086.0,724.0,28.0,36.33,D3,17.4,0.48
360.0,0.0,0.0,180.0,0.0,1086.0,724.0,28.0,36.73,D3,24.5,0.52
360.0,0.0,0.0,180.0,0.0,1086.0,724.0,28.0,24.68,D3,20.9,0.39
360.0,0.0,0.0,180.0,0.0,1086.0,724.0,28.0,37.22,D3,21.8,0.54
360.0,0.0,0.0,180.0,0.0,1086.0,724.0,28.0,23.71,D3,20.9,0.44
360.0,0.0,0.0,180.0,0.0,1086.0,724.0,28.0,36.41,D3,25.1,0.4
360.0,0.0,0.0,180.0,0.0,1086.0,724.0,28.0,47.1,D3,19.5,0.49
360.0,0.0,0.0,180.0,0.0,1086.0,724.0,28.0,48.63,D3,22.0,0.43
360.0,0.0,0.0,180.0,0.0,1086.0,724.0,28.0,30.3,D3,23.1,0.45
360.0,0.0,0.0,180.0,0.0,1086.0,724.0,28.0,26.12,D3,18.8,0.43
360.0,0.0,0.0,180.0,0.0,1086.0,724.0,28.0,29.5,D3,20.2,0.41
360.0,0.0,0.0,180.0,0.0,1086.0,724.0,28.0,36.65,D3,21.7,0.49
360.0,0.0,0.0,180.0,0.0,1086.0,724.0,28.0,43.49,D3,20.2,0.44
360.0,0.0,0.0,180.0,0.0,1086.0,724.0,28.0,35.13,D3,20.4,0.38
360.0,0.0,0.0,180.0,0.0,1086.0,724.0,28.0,32.23,D3,21.3,0.48
360.0,0.0,0.0,180.0,0.0,1086.0,724.0,28.0,29.1,D3,23.3,0.39
360.0,0.0,0.0,180.0,0.0,1086.0,724.0,28.0,48.07,D3,21.3,0.39
360.0,0.0,0.0,180.0,0.0,1086.0,724.0,28.0,34.24,D3,24.2,0.51
360.0,0.0,0.0,180.0,0.0,1086.0,724.0,28.0,37.62,D3,20.0,0.39
360.0,0.0,0.0,180.0,0.0,1086.0,724.0,28.0,35.53,D3,19.5,0.33
360.0,0.0,0.0,180.0,0.0,1086.0,724.0,28.0,42.12,D3,25.9,0.48
360.0,0.0,0.0,180.0,0.0,1086.0,724.0,28.0,23.87,D3,20.7,0.43
360.0,0.0,0.0,180.0,0.0,1086.0,724.0,28.0,41.15,D3,19.4,0.44
360.0,0.0,0.0,180.0,0.0,1086.0,724.0,28.0,31.43,D3,18.5,0.43
360.0,0.0,0.0,180.0,0.0,1086.0,724.0,28.0,28.78,D3,24.2,0.46
360.0,0.0,0.0,180.0,0.0,1086.0,724.0,28.0,40.03,D3,21.3,0.41
360.0,0.0,0.0,180.0,0.0,1086.0,724.0,28.0,34.0,D3,21.5,0.52
360.0,0.0,0.0,180.0,0.0,1086.0,724.0,28.0,29.82,D3,21.7,0.38
360.0,0.0,0.0,180.0,0.0,1086.0,724.0,28.0,21.3,D3,24.0,0.47
360.0,0.0,0.0,180.0,0.0,1086.0,724.0,28.0,29.26,D3,21.6,0.48
360.0,0.0,0.0,180.0,0.0,1086.0,724.0,28.0,22.83,D3,26.7,0.41
360.0,0.0,0.0,180.0,0.0,1086.0,724.0,28.0,31.27,D3,22.3,0.4
360.0,0.0,0.0,180.0,0.0,1086.0,724.0,28.0,40.75,D3,24.1,0.5
360.0,0.0,0.0,180.0,0.0,1086.0,724.0,28.0,45.49,D3,23.6,0.4
360.0,0.0,0.0,180.0,0.0,1086.0,724.0,28.0,21.38,D3,21.9,0.42
360.0,0.0,0.0,180.0,0.0,1086.0,724.0,28.0,27.49,D3,20.8,0.49
360.0,0.0,0.0,180.0,0.0,1086.0,724.0,28.0,31.35,D3,22.7,0.45
360.0,0.0,0.0,180.0,0.0,1086.0,724.0,28.0,32.39,D3,23.0,0.36
360.0,0.0,0.0,180.0,0.0,1086.0,724.0,28.0,36.17,D3,20.9,0.54
360.0,0.0,0.0,180.0,0.0,1086.0,724.0,28.0,36.73,D3,22.3,0.42
360.0,0.0,0.0,180.0,0.0,1086.0,724.0,28.0,37.94,D3,24.5,0.43
360.0,0.0,0.0,180.0,0.0,1086.0,724.0,28.0,45.82,D3,26.1,0.46
360.0,0.0,0.0,180.0,0.0,1086.0,724.0,28.0,48.71,D3,23.7,0.48
360.0,0.0,0.0,180.0,0.0,1086.0,724.0,28.0,18.41,D3,25.7,0.55
360.0,0.0,0.0,180.0,0.0,1086.0,724.0,28.0,13.94,D3,20.7,0.37
360.0,0.0,0.0,180.0,0.0,1086.0,724.0,28.0,14.44,D3,23.4,0.49
360.0,0.0,0.0,180.0,0.0,1086.0,724.0,28.0,15.02,D3,24.7,0.49
360.0,0.0,0.0,180.0,0.0,1086.0,724.0,28.0,16.27,D3,20.2,0.44
360.0,0.0,0.0,180.0,0.0,1086.0,724.0,28.0,16.68,D3,21.0,0.49
327.27272727272725,0.0,0.0,180.0,0.0,1105.6363636363635,737.0909090909091,28.0,17.02,D3,25.5,0.5
327.27272727272725,0.0,0.0,180.0,0.0,1105.6363636363635,737.0909090909091,28.0,17.76,D3,20.0,0.38
327.27272727272725,0.0,0.0,180.0,0.0,1105.6363636363635,737.0909090909091,28.0,19.75,D3,19.3,0.54
333.3333333333333,0.0,0.0,180.0,0.0,1102.0,734.6666666666667,28.0,21.25,D3,25.1,0.37
333.3333333333333,0.0,0.0,180.0,0.0,1102.0,734.6666666666667,28.0,22.33,D3,24.4,0.39
333.3333333333333,0.0,0.0,180.0,0.0,1102.0,734.6666666666667,28.0,23.99,D3,22.9,0.44
333.3333333333333,0.0,0.0,180.0,0.0,1102.0,734.6666666666667,28.0,24.57,D3,21.9,0.55
367.34693877551024,0.0,0.0,180.0,0.0,1081.5918367346935,721.0612244897959,28.0,25.15,D3,21.1,0.43
367.34693877551024,0.0,0.0,180.0,0.0,1081.5918367346935,721.0612244897959,28.0,25.9,D3,22.6,0.45
367.34693877551024,0.0,0.0,180.0,0.0,1081.5918367346935,721.0612244897959,28.0,26.89,D3,25.2,0.52
367.34693877551024,0.0,0.0,180.0,0.0,1081.5918367346935,721.0612244897959,28.0,27.47,D3,22.5,0.43
367.34693877551024,0.0,0.0,180.0,0.0,1081.5918367346935,721.0612244897959,28.0,29.71,D3,26.3,0.39
367.34693877551024,0.0,0.0,180.0,0.0,1081.5918367346935,721.0612244897959,28.0,30.63,D3,20.2,0.43
367.34693877551024,0.0,0.0,180.0,0.0,1081.5918367346935,721.0612244897959,28.0,31.87,D3,22.0,0.52
418.60465116279073,0.0,0.0,180.0,0.0,1050.8372093023254,700.5581395348837,28.0,33.37,D3,21.3,0.45
360.0,0.0,0.0,180.0,0.0,1086.0,724.0,28.0,10.0,D3,19.8,0.55
360.0,0.0,0.0,180.0,0.0,1086.0,724.0,28.0,12.6,D3,21.7,0.49
360.0,0.0,0.0,180.0,0.0,1086.0,724.0,28.0,17.5,D3,22.8,0.42
360.0,0.0,0.0,180.0,0.0,1086.0,724.0,28.0,17.8,D3,23.0,0.45
360.0,0.0,0.0,180.0,0.0,1086.0,724.0,28.0,18.5,D3,26.3,0.41
360.0,0.0,0.0,180.0,0.0,1086.0,724.0,28.0,18.7,D3,22.9,0.42
360.0,0.0,0.0,180.0,0.0,1086.0,724.0,28.0,18.9,D3,24.3,0.67
360.0,0.0,0.0,180.0,0.0,1086.0,724.0,28.0,20.6,D3,22.1,0.5
360.0,0.0,0.0,180.0,0.0,1086.0,724.0,28.0,23.25,D3,25.4,0.49
360.0,0.0,0.0,180.0,0.0,1086.0,724.0,28.0,25.6,D3,26.8,0.42
360.0,0.0,0.0,180.0,0.0,1086.0,724.0,28.0,27.8,D3,23.1,0.53
360.0,0.0,0.0,180.0,0.0,1086.0,724.0,28.0,29.3,D3,20.0,0.5
360.0,0.0,0.0,180.0,0.0,1086.0,724.0,28.0,32.16,D3,20.9,0.54
360.0,0.0,0.0,180.0,0.0,1086.0,724.0,28.0,36.8,D3,22.6,0.54
360.0,0.0,0.0,180.0,0.0,1086.0,724.0,28.0,54.1,D3,22.9,0.38
360.0,0.0,0.0,180.0,0.0,1086.0,724.0,28.0,56.6,D3,23.4,0.39
360.0,0.0,0.0,180.0,0.0,1086.0,724.0,31046.0,11.47,D3,22.9,0.4
360.0,0.0,0.0,180.0,0.0,1086.0,724.0,31046.0,13.59,D3,22.0,0.4
360.0,0.0,0.0,180.0,0.0,1086.0,724.0,31046.0,14.42,D3,20.7,0.47
360.0,0.0,0.0,180.0,0.0,1086.0,724.0,31046.0,3.58,D3,22.8,0.42
360.0,0.0,0.0,180.0,0.0,1086.0,724.0,31046.0,9.49,D3,25.7,0.55
360.0,0.0,0.0,180.0,0.0,1086.0,724.0,31046.0,15.4,D3,24.0,0.55
360.0,0.0,0.0,180.0,0.0,1086.0,724.0,31046.0,14.36,D3,23.1,0.45
360.0,0.0,0.0,180.0,0.0,1086.0,724.0,31046.0,20.11,D3,24.1,0.55
360.0,0.0,0.0,180.0,0.0,1086.0,724.0,31046.0,10.18,D3,21.3,0.52
360.0,0.0,0.0,180.0,0.0,1086.0,724.0,31046.0,11.42,D3,21.0,0.43
360.0,0.0,0.0,180.0,0.0,1086.0,724.0,31046.0,9.04,D3,20.5,0.35
360.0,0.0,0.0,180.0,0.0,1086.0,724.0,31046.0,11.23,D3,21.7,0.44
360.0,0.0,0.0,180.0,0.0,1086.0,724.0,31046.0,11.37,D3,21.2,0.42
360.0,0.0,0.0,180.0,0.0,1086.0,724.0,31046.0,11.12,D3,24.4,0.46
360.0,0.0,0.0,180.0,0.0,1086.0,724.0,31046.0,13.46,D3,21.0,0.45
360.0,0.0,0.0,180.0,0.0,1086.0,724.0,31046.0,9.34,D3,20.4,0.45
360.0,0.0,0.0,180.0,0.0,1086.0,724.0,31046.0,8.9,D3,25.9,0.48
360.0,0.0,0.0,180.0,0.0,1086.0,724.0,31046.0,6.88,D3,21.1,0.39
360.0,0.0,0.0,180.0,0.0,1086.0,724.0,31046.0,10.55,D3,22.3,0.47
360.0,0.0,0.0,180.0,0.0,1086.0,724.0,31046.0,18.05,D3,22.9,0.43
360.0,0.0,0.0,180.0,0.0,1086.0,724.0,31046.0,6.88,D3,19.7,0.46
360.0,0.0,0.0,180.0,0.0,1086.0,724.0,31046.0,6.07,D3,24.5,0.5
360.0,0.0,0.0,180.0,0.0,1086.0,724.0,31046.0,11.02,D3,23.3,0.39
360.0,0.0,0.0,180.0,0.0,1086.0,724.0,28.0,1.34,D3,25.1,0.44
360.0,0.0,0.0,180.0,0.0,1086.0,724.0,28.0,1.79,D3,20.6,0.44
360.0,0.0,0.0,180.0,0.0,1086.0,724.0,28.0,1.64,D3,22.2,0.42
360.0,0.0,0.0,180.0,0.0,1086.0,724.0,28.0,1.94,D3,22.1,0.49
360.0,0.0,0.0,180.0,0.0,1086.0,724.0,28.0,3.13,D3,22.5,0.41
360.0,0.0,0.0,180.0,0.0,1086.0,724.0,28.0,5.97,D3,19.1,0.42
360.0,0.0,0.0,180.0,0.0,1086.0,724.0,28.0,11.04,D3,22.2,0.41
360.0,0.0,0.0,180.0,0.0,1086.0,724.0,28.0,12.24,D3,19.1,0.5
360.0,0.0,0.0,180.0,0.0,1086.0,724.0,28.0,11.79,D3,22.7,0.43
360.0,0.0,0.0,180.0,0.0,1086.0,724.0,28.0,7.91,D3,17.7,0.47
360.0,0.0,0.0,180.0,0.0,1086.0,724.0,28.0,9.7,D3,18.3,0.55
360.0,0.0,0.0,180.0,0.0,1086.0,724.0,28.0,11.04,D3,23.6,0.45
360.0,0.0,0.0,180.0,0.0,1086.0,724.0,28.0,11.34,D3,20.9,0.51
360.0,0.0,0.0,180.0,0.0,1086.0,724.0,28.0,11.79,D3,20.0,0.53
360.0,0.0,0.0,180.0,0.0,1086.0,724.0,28.0,12.54,D3,24.5,0.5
360.0,0.0,0.0,180.0,0.0,1086.0,724.0,28.0,12.54,D3,22.7,0.45
360.0,0.0,0.0,180.0,0.0,1086.0,724.0,28.0,8.96,D3,23.7,0.48
360.0,0.0,0.0,180.0,0.0,1086.0,724.0,28.0,7.16,D3,21.7,0.39
360.0,0.0,0.0,180.0,0.0,1086.0,724.0,28.0,5.97,D3,27.4,0.41
360.0,0.0,0.0,180.0,0.0,1086.0,724.0,28.0,10.15,D3,20.8,0.42
360.0,0.0,0.0,180.0,0.0,1086.0,724.0,28.0,10.15,D3,25.5,0.56
360.0,0.0,0.0,180.0,0.0,1086.0,724.0,28.0,17.46,D3,21.9,0.41
360.0,0.0,0.0,180.0,0.0,1086.0,724.0,28.0,15.52,D3,18.7,0.41
360.0,0.0,0.0,180.0,0.0,1086.0,724.0,28.0,22.39,D3,23.0,0.4
360.0,0.0,0.0,180.0,0.0,1086.0,724.0,28.0,24.48,D3,22.6,0.48
360.0,0.0,0.0,180.0,0.0,1086.0,724.0,28.0,21.34,D3,19.9,0.46
360.0,0.0,0.0,180.0,0.0,1086.0,724.0,28.0,15.82,D3,20.2,0.5
360.0,0.0,0.0,180.0,0.0,1086.0,724.0,28.0,17.76,D3,22.0,0.48
360.0,0.0,0.0,180.0,0.0,1086.0,724.0,28.0,20.0,D3,22.7,0.38
360.0,0.0,0.0,180.0,0.0,1086.0,724.0,28.0,20.45,D3,17.1,0.41
360.0,0.0,0.0,180.0,0.0,1086.0,724.0,28.0,24.33,D3,24.1,0.52
360.0,0.0,0.0,180.0,0.0,1086.0,724.0,28.0,32.84,D3,21.0,0.44
360.0,0.0,0.0,180.0,0.0,1086.0,724.0,28.0,13.58,D3,19.3,0.51
360.0,0.0,0.0,180.0,0.0,1086.0,724.0,28.0,15.37,D3,23.9,0.44
360.0,0.0,0.0,180.0,0.0,1086.0,724.0,28.0,16.42,D3,22.0,0.4
360.0,0.0,0.0,180.0,0.0,1086.0,724.0,28.0,20.0,D3,24.4,0.43
360.0,0.0,0.0,180.0,0.0,1086.0,724.0,28.0,22.09,D3,22.9,0.4
360.0,0.0,0.0,180.0,0.0,1086.0,724.0,28.0,22.84,D3,22.0,0.42
360.0,0.0,0.0,180.0,0.0,1086.0,724.0,28.0,12.69,D3,21.7,0.46
360.0,0.0,0.0,180.0,0.0,1086.0,724.0,28.0,13.58,D3,23.0,0.48
360.0,0.0,0.0,180.0,0.0,1086.0,724.0,28.0,20.9,D3,21.2,0.37
360.0,0.0,0.0,180.0,0.0,1086.0,724.0,28.0,21.34,D3,20.3,0.45
360.0,0.0,0.0,180.0,0.0,1086.0,724.0,28.0,17.46,D3,23.2,0.42
360.0,0.0,0.0,180.0,0.0,1086.0,724.0,28.0,17.91,D3,21.7,0.42
360.0,0.0,0.0,180.0,0.0,1086.0,724.0,28.0,18.21,D3,22.1,0.46
360.0,0.0,0.0,180.0,0.0,1086.0,724.0,28.0,22.39,D3,24.2,0.42
360.0,0.0,0.0,180.0,0.0,1086.0,724.0,28.0,25.67,D3,21.8,0.52
360.0,0.0,0.0,180.0,0.0,1086.0,724.0,28.0,27.31,D3,22.0,0.51
360.0,0.0,0.0,180.0,0.0,1086.0,724.0,28.0,29.1,D3,20.8,0.51
360.0,0.0,0.0,180.0,0.0,1086.0,724.0,28.0,30.3,D3,22.9,0.43
360.0,0.0,0.0,180.0,0.0,1086.0,724.0,28.0,11.49,D3,22.7,0.4
360.0,0.0,0.0,180.0,0.0,1086.0,724.0,28.0,15.07,D3,23.8,0.45
360.0,0.0,0.0,180.0,0.0,1086.0,724.0,28.0,15.37,D3,20.8,0.44
360.0,0.0,0.0,180.0,0.0,1086.0,724.0,28.0,18.36,D3,21.1,0.42
360.0,0.0,0.0,180.0,0.0,1086.0,724.0,28.0,24.33,D3,23.6,0.39
360.0,0.0,0.0,180.0,0.0,1086.0,724.0,28.0,30.15,D3,22.5,0.45
360.0,0.0,0.0,180.0,0.0,1086.0,724.0,28.0,23.58,D3,20.2,0.43
360.0,0.0,0.0,180.0,0.0,1086.0,724.0,28.0,29.85,D3,24.6,0.48
360.0,0.0,0.0,180.0,0.0,1086.0,724.0,28.0,30.0,D3,18.6,0.48
360.0,0.0,0.0,180.0,0.0,1086.0,724.0,28.0,13.88,D3,23.6,0.51
360.0,0.0,0.0,180.0,0.0,1086.0,724.0,28.0,21.04,D3,19.5,0.39
360.0,0.0,0.0,180.0,0.0,1086.0,724.0,28.0,23.58,D3,25.8,0.47
360.0,0.0,0.0,180.0,0.0,1086.0,724.0,28.0,20.45,D3,18.9,0.41
360.0,0.0,0.0,180.0,0.0,1086.0,724.0,28.0,22.39,D3,24.3,0.39
360.0,0.0,0.0,180.0,0.0,1086.0,724.0,28.0,30.3,D3,21.8,0.43
360.0,0.0,0.0,180.0,0.0,1086.0,724.0,28.0,32.84,D3,21.3,0.5
360.0,0.0,0.0,180.0,0.0,1086.0,724.0,28.0,18.51,D3,22.4,0.43
360.0,0.0,0.0,180.0,0.0,1086.0,724.0,28.0,32.84,D3,23.3,0.53
360.0,0.0,0.0,180.0,0.0,1086.0,724.0,28.0,33.43,D3,20.2,0.48
360.0,0.0,0.0,180.0,0.0,1086.0,724.0,28.0,33.43,D3,20.4,0.43
360.0,0.0,0.0,180.0,0.0,1086.0,724.0,28.0,25.82,D3,23.3,0.51
360.0,0.0,0.0,180.0,0.0,1086.0,724.0,28.0,25.37,D3,18.6,0.47
360.0,0.0,0.0,180.0,0.0,1086.0,724.0,28.0,22.54,D3,20.8,0.4
360.0,0.0,0.0,180.0,0.0,1086.0,724.0,28.0,25.52,D3,28.1,0.54
360.0,0.0,0.0,180.0,0.0,1086.0,724.0,28.0,33.28,D3,20.1,0.46
360.0,0.0,0.0,180.0,0.0,1086.0,724.0,28.0,31.79,D3,24.3,0.45
360.0,0.0,0.0,180.0,0.0,1086.0,724.0,28.0,31.49,D3,20.8,0.41
360.0,0.0,0.0,180.0,0.0,1086.0,724.0,28.0,10.0,D3,23.0,0.51
360.0,0.0,0.0,180.0,0.0,1086.0,724.0,28.0,14.12,D3,23.3,0.48
360.0,0.0,0.0,180.0,0.0,1086.0,724.0,28.0,14.53,D3,24.3,0.48
360.0,0.0,0.0,180.0,0.0,1086.0,724.0,28.0,15.09,D3,21.6,0.42
360.0,0.0,0.0,180.0,0.0,1086.0,724.0,28.0,17.79,D3,26.0,0.49
360.0,0.0,0.0,180.0,0.0,1086.0,724.0,28.0,19.52,D3,20.8,0.5
360.0,0.0,0.0,180.0,0.0,1086.0,724.0,28.0,22.6,D3,22.5,0.42
360.0,0.0,0.0,180.0,0.0,1086.0,724.0,28.0,23.49,D3,22.5,0.38
360.0,0.0,0.0,180.0,0.0,1086.0,724.0,28.0,24.4,D3,19.8,0.48
360.0,0.0,0.0,180.0,0.0,1086.0,724.0,28.0,25.25,D3,21.4,0.37
360.0,0.0,0.0,180.0,0.0,1086.0,724.0,28.0,23.96,D3,22.3,0.46
360.0,0.0,0.0,180.0,0.0,1086.0,724.0,28.0,23.52,D3,21.1,0.43
360.0,0.0,0.0,180.0,0.0,1086.0,724.0,28.0,28.39,D3,26.9,0.51
360.0,0.0,0.0,180.0,0.0,1086.0,724.0,28.0,28.92,D3,20.3,0.43
360.0,0.0,0.0,180.0,0.0,1086.0,724.0,28.0,28.14,D3,24.4,0.51
360.0,0.0,0.0,180.0,0.0,1086.0,724.0,28.0,27.41,D3,23.7,0.42
360.0,0.0,0.0,180.0,0.0,1086.0,724.0,28.0,30.2,D3,22.0,0.5
360.0,0.0,0.0,180.0,0.0,1086.0,724.0,28.0,27.39,D3,20.3,0.55
360.0,0.0,0.0,180.0,0.0,1086.0,724.0,28.0,28.81,D3,20.5,0.4
360.0,0.0,0.0,180.0,0.0,1086.0,724.0,28.0,31.6,D3,21.0,0.46
360.0,0.0,0.0,180.0,0.0,1086.0,724.0,28.0,34.58,D3,18.4,0.59
360.0,0.0,0.0,180.0,0.0,1086.0,724.0,28.0,34.41,D3,20.0,0.45
360.0,0.0,0.0,180.0,0.0,1086.0,724.0,28.0,33.74,D3,19.0,0.45
360.0,0.0,0.0,180.0,0.0,1086.0,724.0,28.0,21.01,D3,24.7,0.49
360.0,0.0,0.0,180.0,0.0,1086.0,724.0,28.0,21.69,D3,23.2,0.45
360.0,0.0,0.0,180.0,0.0,1086.0,724.0,28.0,20.82,D3,23.6,0.36
360.0,0.0,0.0,180.0,0.0,1086.0,724.0,28.0,21.11,D3,23.2,0.51
360.0,0.0,0.0,180.0,0.0,1086.0,724.0,28.0,21.01,D3,22.3,0.35
360.0,0.0,0.0,180.0,0.0,1086.0,724.0,28.0,20.43,D3,24.9,0.43
360.0,0.0,0.0,180.0,0.0,1086.0,724.0,28.0,22.08,D3,20.8,0.51
360.0,0.0,0.0,180.0,0.0,1086.0,724.0,28.0,22.95,D3,22.2,0.43
360.0,0.0,0.0,180.0,0.0,1086.0,724.0,28.0,21.21,D3,23.5,0.42
360.0,0.0,0.0,180.0,0.0,1086.0,724.0,28.0,21.4,D3,19.4,0.49
360.0,0.0,0.0,180.0,0.0,1086.0,724.0,28.0,21.79,D3,28.2,0.41
360.0,0.0,0.0,180.0,0.0,1086.0,724.0,28.0,23.82,D3,22.1,0.39
360.0,0.0,0.0,180.0,0.0,1086.0,724.0,28.0,21.21,D3,22.3,0.46
360.0,0.0,0.0,180.0,0.0,1086.0,724.0,28.0,23.63,D3,24.5,0.44
360.0,0.0,0.0,180.0,0.0,1086.0,724.0,28.0,22.47,D3,23.8,0.39
409.09090909090907,0.0,0.0,180.0,0.0,1056.5454545454545,704.3636363636365,28.0,24.99,D3,22.1,0.48
409.09090909090907,0.0,0.0,180.0,0.0,1056.5454545454545,704.3636363636365,28.0,24.89,D3,22.3,0.47
409.09090909090907,0.0,0.0,180.0,0.0,1056.5454545454545,704.3636363636365,28.0,25.08,D3,19.0,0.43
409.09090909090907,0.0,0.0,180.0,0.0,1056.5454545454545,704.3636363636365,28.0,25.08,D3,20.9,0.44
409.09090909090907,0.0,0.0,180.0,0.0,1056.5454545454545,704.3636363636365,28.0,24.69,D3,23.0,0.47
409.09090909090907,0.0,0.0,180.0,0.0,1056.5454545454545,704.3636363636365,28.0,25.18,D3,22.9,0.51
409.09090909090907,0.0,0.0,180.0,0.0,1056.5454545454545,704.3636363636365,28.0,24.69,D3,24.4,0.44
409.09090909090907,0.0,0.0,180.0,0.0,1056.5454545454545,704.3636363636365,28.0,25.18,D3,21.8,0.48
409.09090909090907,0.0,0.0,180.0,0.0,1056.5454545454545,704.3636363636365,28.0,25.28,D3,19.2,0.48
409.09090909090907,0.0,0.0,180.0,0.0,1056.5454545454545,704.3636363636365,28.0,25.37,D3,24.1,0.49
409.09090909090907,0.0,0.0,180.0,0.0,1056.5454545454545,704.3636363636365,28.0,26.15,D3,24.9,0.45
409.09090909090907,0.0,0.0,180.0,0.0,1056.5454545454545,704.3636363636365,28.0,25.28,D3,23.8,0.4
409.09090909090907,0.0,0.0,180.0,0.0,1056.5454545454545,704.3636363636365,28.0,26.83,D3,21.7,0.43
409.09090909090907,0.0,0.0,180.0,0.0,1056.5454545454545,704.3636363636365,28.0,27.5,D3,24.1,0.47
409.09090909090907,0.0,0.0,180.0,0.0,1056.5454545454545,704.3636363636365,28.0,24.99,D3,28.9,0.54
428.5714285714286,0.0,0.0,180.0,0.0,1044.857142857143,696.5714285714286,28.0,26.92,D3,22.2,0.43
428.5714285714286,0.0,0.0,180.0,0.0,1044.857142857143,696.5714285714286,28.0,27.31,D3,19.4,0.49
428.5714285714286,0.0,0.0,180.0,0.0,1044.857142857143,696.5714285714286,28.0,28.47,D3,20.8,0.43
428.5714285714286,0.0,0.0,180.0,0.0,1044.857142857143,696.5714285714286,28.0,28.67,D3,23.3,0.46
428.5714285714286,0.0,0.0,180.0,0.0,1044.857142857143,696.5714285714286,28.0,27.6,D3,18.8,0.53
428.5714285714286,0.0,0.0,180.0,0.0,1044.857142857143,696.5714285714286,28.0,27.99,D3,22.3,0.49
428.5714285714286,0.0,0.0,180.0,0.0,1044.857142857143,696.5714285714286,28.0,28.18,D3,22.8,0.39
428.5714285714286,0.0,0.0,180.0,0.0,1044.857142857143,696.5714285714286,28.0,30.41,D3,25.1,0.42
428.5714285714286,0.0,0.0,180.0,0.0,1044.857142857143,696.5714285714286,28.0,29.83,D3,24.6,0.51
428.5714285714286,0.0,0.0,180.0,0.0,1044.857142857143,696.5714285714286,28.0,29.83,D3,23.7,0.46
428.5714285714286,0.0,0.0,180.0,0.0,1044.857142857143,696.5714285714286,28.0,28.86,D3,17.7,0.39
428.5714285714286,0.0,0.0,180.0,0.0,1044.857142857143,696.5714285714286,28.0,29.92,D3,23.8,0.41
428.5714285714286,0.0,0.0,180.0,0.0,1044.857142857143,696.5714285714286,28.0,35.06,D3,23.4,0.49
428.5714285714286,0.0,0.0,180.0,0.0,1044.857142857143,696.5714285714286,28.0,33.8,D3,22.5,0.5
428.5714285714286,0.0,0.0,180.0,0.0,1044.857142857143,696.5714285714286,28.0,32.83,D3,18.5,0.45
360.0,0.0,0.0,180.0,0.0,1086.0,724.0,28.0,25.4,D3,20.4,0.57
360.0,0.0,0.0,180.0,0.0,1086.0,724.0,28.0,21.54,D3,19.7,0.49
360.0,0.0,0.0,180.0,0.0,1086.0,724.0,28.0,28.37,D3,18.0,0.44
360.0,0.0,0.0,180.0,0.0,1086.0,724.0,28.0,28.21,D3,22.0,0.41
360.0,0.0,0.0,180.0,0.0,1086.0,724.0,28.0,16.72,D3,20.4,0.4
360.0,0.0,0.0,180.0,0.0,1086.0,724.0,28.0,17.92,D3,27.3,0.47
360.0,0.0,0.0,180.0,0.0,1086.0,724.0,28.0,17.52,D3,21.7,0.43
360.0,0.0,0.0,180.0,0.0,1086.0,724.0,28.0,20.74,D3,24.6,0.53
360.0,0.0,0.0,180.0,0.0,1086.0,724.0,28.0,18.25,D3,18.9,0.52
360.0,0.0,0.0,180.0,0.0,1086.0,724.0,28.0,18.17,D3,20.9,0.48
360.0,0.0,0.0,180.0,0.0,1086.0,724.0,28.0,15.43,D3,22.2,0.39
360.0,0.0,0.0,180.0,0.0,1086.0,724.0,28.0,13.1,D3,20.2,0.42
360.0,0.0,0.0,180.0,0.0,1086.0,724.0,28.0,13.42,D3,21.2,0.51
360.0,0.0,0.0,180.0,0.0,1086.0,724.0,28.0,15.11,D3,21.6,0.42
400.0,0.0,0.0,180.0,0.0,1062.0,708.0,3285.0,34.19,D3,21.5,0.51
400.0,0.0,0.0,180.0,0.0,1062.0,708.0,3285.0,36.12,D3,25.7,0.47
400.0,0.0,0.0,180.0,0.0,1062.0,708.0,3285.0,32.35,D3,22.8,0.45
400.0,0.0,0.0,180.0,0.0,1062.0,708.0,3285.0,41.84,D3,23.0,0.41
400.0,0.0,0.0,180.0,0.0,1062.0,708.0,3285.0,39.9,D3,23.1,0.45
400.0,0.0,0.0,180.0,0.0,1062.0,708.0,3285.0,37.96,D3,23.2,0.46
400.0,0.0,0.0,180.0,0.0,1062.0,708.0,3285.0,36.12,D3,21.8,0.5
400.0,0.0,0.0,180.0,0.0,1062.0,708.0,3285.0,39.9,D3,21.4,0.41
400.0,0.0,0.0,180.0,0.0,1062.0,708.0,3285.0,45.61,D3,22.3,0.44
400.0,0.0,0.0,180.0,0.0,1062.0,708.0,3285.0,43.68,D3,24.3,0.45
400.0,0.0,0.0,180.0,0.0,1062.0,708.0,3285.0,37.96,D3,24.3,0.48
400.0,0.0,0.0,180.0,0.0,1062.0,708.0,3285.0,39.9,D3,21.5,0.4
400.0,0.0,0.0,180.0,0.0,1062.0,708.0,3285.0,41.84,D3,23.5,0.38
400.0,0.0,0.0,180.0,0.0,1062.0,708.0,3285.0,50.36,D3,21.6,0.48
400.0,0.0,0.0,180.0,0.0,1062.0,708.0,3285.0,39.9,D3,22.1,0.37
400.0,0.0,0.0,180.0,0.0,1062.0,708.0,3285.0,29.44,D3,21.1,0.51
400.0,0.0,0.0,180.0,0.0,1062.0,708.0,3285.0,37.96,D3,21.6,0.44
400.0,0.0,0.0,180.0,0.0,1062.0,708.0,3285.0,50.36,D3,24.7,0.37
400.0,0.0,0.0,180.0,0.0,1062.0,708.0,3285.0,39.9,D3,22.2,0.43
400.0,0.0,0.0,180.0,0.0,1062.0,708.0,3285.0,52.29,D3,22.3,0.47
400.0,0.0,0.0,180.0,0.0,1062.0,708.0,3285.0,36.12,D3,19.1,0.42
400.0,0.0,0.0,180.0,0.0,1062.0,708.0,3285.0,44.64,D3,21.4,0.45
400.0,0.0,0.0,180.0,0.0,1062.0,708.0,3285.0,37.96,D3,21.5,0.49
400.0,0.0,0.0,180.0,0.0,1062.0,708.0,3285.0,34.19,D3,20.3,0.44
400.0,0.0,0.0,180.0,0.0,1062.0,708.0,3285.0,34.19,D3,22.0,0.4
400.0,0.0,0.0,180.0,0.0,1062.0,708.0,3285.0,45.61,D3,21.1,0.44
400.0,0.0,0.0,180.0,0.0,1062.0,708.0,3285.0,44.64,D3,22.2,0.52
400.0,0.0,0.0,180.0,0.0,1062.0,708.0,3285.0,37.96,D3,22.2,0.53
400.0,0.0,0.0,180.0,0.0,1062.0,708.0,3285.0,42.8,D3,20.1,0.35
400.0,0.0,0.0,180.0,0.0,1062.0,708.0,3285.0,39.9,D3,21.2,0.5
400.0,0.0,0.0,180.0,0.0,1062.0,708.0,3285.0,40.87,D3,22.2,0.46
400.0,0.0,0.0,180.0,0.0,1062.0,708.0,3285.0,35.06,D3,24.4,0.5
400.0,0.0,0.0,180.0,0.0,1062.0,708.0,3285.0,29.44,D3,22.5,0.42
180.0,0.0,0.0,180.0,0.0,1194.0,796.0,90.0,16.7,D3,20.7,0.36
180.0,0.0,0.0,180.0,0.0,1194.0,796.0,90.0,16.74,D3,22.8,0.48
300.0,0.0,0.0,180.0,0.0,1122.0,748.0,90.0,31.51,D3,25.4,0.4
300.0,0.0,0.0,180.0,0.0,1122.0,748.0,90.0,31.28,D3,23.8,0.38
327.27272727272725,0.0,0.0,180.0,0.0,1105.6363636363635,737.0909090909091,90.0,36.76,D3,23.1,0.38
327.27272727272725,0.0,0.0,180.0,0.0,1105.6363636363635,737.0909090909091,90.0,37.46,D3,23.5,0.48
360.0,0.0,0.0,180.0,0.0,1086.0,724.0,90.0,59.61,D3,24.9,0.46
360.0,0.0,0.0,180.0,0.0,1086.0,724.0,90.0,54.91,D3,24.2,0.49
400.0,0.0,0.0,180.0,0.0,1062.0,708.0,90.0,50.53,D3,23.1,0.48
400.0,0.0,0.0,180.0,0.0,1062.0,708.0,90.0,49.18,D3,24.1,0.43
450.0,0.0,0.0,180.0,0.0,1032.0,688.0,90.0,66.45,D3,19.8,0.45
450.0,0.0,0.0,180.0,0.0,1032.0,688.0,90.0,58.93,D3,19.0,0.42
450.0,0.0,0.0,180.0,0.0,1032.0,688.0,90.0,62.07,D3,22.3,0.44
450.0,0.0,0.0,180.0,0.0,1032.0,688.0,90.0,62.33,D3,22.1,0.4
180.0,0.0,0.0,180.0,0.0,1194.0,796.0,90.0,16.7,D3,20.9,0.47
180.0,0.0,0.0,180.0,0.0,1194.0,796.0,90.0,16.74,D3,23.7,0.5
300.0,0.0,0.0,180.0,0.0,1122.0,748.0,90.0,31.51,D3,18.3,0.41
300.0,0.0,0.0,180.0,0.0,1122.0,748.0,90.0,31.28,D3,20.9,0.51
327.27272727272725,0.0,0.0,180.0,0.0,1105.6363636363635,737.0909090909091,90.0,36.76,D3,21.0,0.46
327.27272727272725,0.0,0.0,180.0,0.0,1105.6363636363635,737.0909090909091,90.0,37.46,D3,18.7,0.46
360.0,0.0,0.0,180.0,0.0,1086.0,724.0,90.0,59.61,D3,25.0,0.37
360.0,0.0,0.0,180.0,0.0,1086.0,724.0,90.0,54.91,D3,19.3,0.36
400.0,0.0,0.0,180.0,0.0,1062.0,708.0,90.0,50.53,D3,20.8,0.46
400.0,0.0,0.0,180.0,0.0,1062.0,708.0,90.0,49.18,D3,23.8,0.49
450.0,0.0,0.0,180.0,0.0,1032.0,688.0,90.0,66.45,D3,23.3,0.42
450.0,0.0,0.0,180.0,0.0,1032.0,688.0,90.0,58.93,D3,19.8,0.53
450.0,0.0,0.0,180.0,0.0,1032.0,688.0,90.0,62.07,D3,23.4,0.49
450.0,0.0,0.0,180.0,0.0,1032.0,688.0,90.0,62.33,D3,22.6,0.4
180.0,0.0,0.0,180.0,0.0,1194.0,796.0,90.0,16.7,D3,26.7,0.45
180.0,0.0,0.0,180.0,0.0,1194.0,796.0,90.0,16.74,D3,22.8,0.57
300.0,0.0,0.0,180.0,0.0,1122.0,748.0,90.0,31.51,D3,21.7,0.39
300.0,0.0,0.0,180.0,0.0,1122.0,748.0,90.0,31.28,D3,20.3,0.48
327.27272727272725,0.0,0.0,180.0,0.0,1105.6363636363635,737.0909090909091,90.0,36.76,D3,20.5,0.43
327.27272727272725,0.0,0.0,180.0,0.0,1105.6363636363635,737.0909090909091,90.0,37.46,D3,20.3,0.49
360.0,0.0,0.0,180.0,0.0,1086.0,724.0,90.0,59.61,D3,24.7,0.51
360.0,0.0,0.0,180.0,0.0,1086.0,724.0,90.0,54.91,D3,22.0,0.43
400.0,0.0,0.0,180.0,0.0,1062.0,708.0,90.0,50.53,D3,23.1,0.51
400.0,0.0,0.0,180.0,0.0,1062.0,708.0,90.0,49.18,D3,25.0,0.56
450.0,0.0,0.0,180.0,0.0,1032.0,688.0,90.0,66.45,D3,17.3,0.45
450.0,0.0,0.0,180.0,0.0,1032.0,688.0,90.0,58.93,D3,24.6,0.49
450.0,0.0,0.0,180.0,0.0,1032.0,688.0,90.0,62.07,D3,22.1,0.42
450.0,0.0,0.0,180.0,0.0,1032.0,688.0,90.0,62.33,D3,22.9,0.45
180.0,0.0,0.0,180.0,0.0,1194.0,796.0,90.0,16.7,D3,20.3,0.44
180.0,0.0,0.0,180.0,0.0,1194.0,796.0,90.0,16.74,D3,20.5,0.49
300.0,0.0,0.0,180.0,0.0,1122.0,748.0,90.0,31.51,D3,23.0,0.51
300.0,0.0,0.0,180.0,0.0,1122.0,748.0,90.0,31.28,D3,26.8,0.44
327.27272727272725,0.0,0.0,180.0,0.0,1105.6363636363635,737.0909090909091,90.0,36.76,D3,24.0,0.53
327.27272727272725,0.0,0.0,180.0,0.0,1105.6363636363635,737.0909090909091,90.0,37.46,D3,24.5,0.53
360.0,0.0,0.0,180.0,0.0,1086.0,724.0,90.0,59.61,D3,21.6,0.49
360.0,0.0,0.0,180.0,0.0,1086.0,724.0,90.0,54.91,D3,20.8,0.42
400.0,0.0,0.0,180.0,0.0,1062.0,708.0,90.0,50.53,D3,20.4,0.42
400.0,0.0,0.0,180.0,0.0,1062.0,708.0,90.0,49.18,D3,21.0,0.41
450.0,0.0,0.0,180.0,0.0,1032.0,688.0,90.0,66.45,D3,17.9,0.5
450.0,0.0,0.0,180.0,0.0,1032.0,688.0,90.0,58.93,D3,20.6,0.39
450.0,0.0,0.0,180.0,0.0,1032.0,688.0,90.0,62.07,D3,20.9,0.48
450.0,0.0,0.0,180.0,0.0,1032.0,688.0,90.0,62.33,D3,21.6,0.4
180.0,0.0,0.0,180.0,0.0,1194.0,796.0,90.0,16.7,D3,22.3,0.49
180.0,0.0,0.0,180.0,0.0,1194.0,796.0,90.0,16.74,D3,22.7,0.45
300.0,0.0,0.0,180.0,0.0,1122.0,748.0,90.0,31.51,D3,22.0,0.52
300.0,0.0,0.0,180.0,0.0,1122.0,748.0,90.0,31.28,D3,20.8,0.51
327.27272727272725,0.0,0.0,180.0,0.0,1105.6363636363635,737.0909090909091,90.0,36.76,D3,18.1,0.52
327.27272727272725,0.0,0.0,180.0,0.0,1105.6363636363635,737.0909090909091,90.0,37.46,D3,20.8,0.52
360.0,0.0,0.0,180.0,0.0,1086.0,724.0,90.0,59.61,D3,20.1,0.46
360.0,0.0,0.0,180.0,0.0,1086.0,724.0,90.0,54.91,D3,22.9,0.39
400.0,0.0,0.0,180.0,0.0,1062.0,708.0,90.0,50.53,D3,23.8,0.4
400.0,0.0,0.0,180.0,0.0,1062.0,708.0,90.0,49.18,D3,23.9,0.35
450.0,0.0,0.0,180.0,0.0,1032.0,688.0,90.0,66.45,D3,23.5,0.4
450.0,0.0,0.0,180.0,0.0,1032.0,688.0,90.0,58.93,D3,21.7,0.45
450.0,0.0,0.0,180.0,0.0,1032.0,688.0,90.0,62.07,D3,21.0,0.42
450.0,0.0,0.0,180.0,0.0,1032.0,688.0,90.0,62.33,D3,20.5,0.44
180.0,0.0,0.0,180.0,0.0,1194.0,796.0,90.0,16.7,D3,19.0,0.47
180.0,0.0,0.0,180.0,0.0,1194.0,796.0,90.0,16.74,D3,24.0,0.43
300.0,0.0,0.0,180.0,0.0,1122.0,748.0,90.0,31.51,D3,21.7,0.39
300.0,0.0,0.0,180.0,0.0,1122.0,748.0,90.0,31.28,D3,19.5,0.45
327.27272727272725,0.0,0.0,180.0,0.0,1105.6363636363635,737.0909090909091,90.0,36.76,D3,20.3,0.41
327.27272727272725,0.0,0.0,180.0,0.0,1105.6363636363635,737.0909090909091,90.0,37.46,D3,20.3,0.44
360.0,0.0,0.0,180.0,0.0,1086.0,724.0,90.0,59.61,D3,22.1,0.52
360.0,0.0,0.0,180.0,0.0,1086.0,724.0,90.0,54.91,D3,24.1,0.44
400.0,0.0,0.0,180.0,0.0,1062.0,708.0,90.0,50.53,D3,21.3,0.54
400.0,0.0,0.0,180.0,0.0,1062.0,708.0,90.0,49.18,D3,17.5,0.52
450.0,0.0,0.0,180.0,0.0,1032.0,688.0,90.0,66.45,D3,21.6,0.42
450.0,0.0,0.0,180.0,0.0,1032.0,688.0,90.0,58.93,D3,21.7,0.39
450.0,0.0,0.0,180.0,0.0,1032.0,688.0,90.0,62.07,D3,21.6,0.45
450.0,0.0,0.0,180.0,0.0,1032.0,688.0,90.0,62.33,D3,20.7,0.51
360.0,0.0,0.0,180.0,0.0,1086.0,724.0,28.0,34.45,D3,22.4,0.43
360.0,0.0,0.0,180.0,0.0,1086.0,724.0,28.0,34.03,D3,22.1,0.5
360.0,0.0,0.0,180.0,0.0,1086.0,724.0,28.0,31.54,D3,22.0,0.51
360.0,0.0,0.0,180.0,0.0,1086.0,724.0,28.0,29.88,D3,22.8,0.41
360.0,0.0,0.0,180.0,0.0,1086.0,724.0,28.0,30.3,D3,21.1,0.42
360.0,0.0,0.0,180.0,0.0,1086.0,724.0,28.0,29.47,D3,21.0,0.49
360.0,0.0,0.0,180.0,0.0,1086.0,724.0,28.0,35.28,D3,24.8,0.46
360.0,0.0,0.0,180.0,0.0,1086.0,724.0,28.0,33.62,D3,23.1,0.42
360.0,0.0,0.0,180.0,0.0,1086.0,724.0,28.0,34.03,D3,23.7,0.43
360.0,0.0,0.0,180.0,0.0,1086.0,724.0,28.0,37.35,D3,24.5,0.45
360.0,0.0,0.0,180.0,0.0,1086.0,724.0,28.0,26.56,D3,23.1,0.37
360.0,0.0,0.0,180.0,0.0,1086.0,724.0,28.0,28.22,D3,23.9,0.49
360.0,0.0,0.0,180.0,0.0,1086.0,724.0,28.0,28.22,D3,18.8,0.43
360.0,0.0,0.0,180.0,0.0,1086.0,724.0,28.0,31.54,D3,22.4,0.31
360.0,0.0,0.0,180.0,0.0,1086.0,724.0,28.0,32.37,D3,21.6,0.45
360.0,0.0,0.0,180.0,0.0,1086.0,724.0,28.0,35.28,D3,25.4,0.41
360.0,0.0,0.0,180.0,0.0,1086.0,724.0,28.0,23.24,D3,23.9,0.53
360.0,0.0,0.0,180.0,0.0,1086.0,724.0,28.0,22.83,D3,20.7,0.42
360.0,0.0,0.0,180.0,0.0,1086.0,724.0,28.0,26.56,D3,22.7,0.4
360.0,0.0,0.0,180.0,0.0,1086.0,724.0,28.0,24.07,D3,22.3,0.48
360.0,0.0,0.0,180.0,0.0,1086.0,724.0,28.0,24.07,D3,22.9,0.42
360.0,0.0,0.0,180.0,0.0,1086.0,724.0,28.0,29.88,D3,20.0,0.41
360.0,0.0,0.0,180.0,0.0,1086.0,724.0,28.0,36.94,D3,22.7,0.48
360.0,0.0,0.0,180.0,0.0,1086.0,724.0,28.0,47.31,D3,21.5,0.4
360.0,0.0,0.0,180.0,0.0,1086.0,724.0,28.0,40.67,D3,22.6,0.38
360.0,0.0,0.0,180.0,0.0,1086.0,724.0,28.0,39.84,D3,20.6,0.54
360.0,0.0,0.0,180.0,0.0,1086.0,724.0,28.0,46.48,D3,20.8,0.48
360.0,0.0,0.0,180.0,0.0,1086.0,724.0,28.0,28.22,D3,24.3,0.44
360.0,0.0,0.0,180.0,0.0,1086.0,724.0,28.0,33.62,D3,19.9,0.45
360.0,0.0,0.0,180.0,0.0,1086.0,724.0,28.0,31.13,D3,20.0,0.48
360.0,0.0,0.0,180.0,0.0,1086.0,724.0,28.0,24.07,D3,21.9,0.5
360.0,0.0,0.0,180.0,0.0,1086.0,724.0,28.0,24.07,D3,20.5,0.41
360.0,0.0,0.0,180.0,0.0,1086.0,724.0,28.0,31.54,D3,20.2,0.47
360.0,0.0,0.0,180.0,0.0,1086.0,724.0,28.0,34.03,D3,22.2,0.42
360.0,0.0,0.0,180.0,0.0,1086.0,724.0,28.0,30.3,D3,19.0,0.44
360.0,0.0,0.0,180.0,0.0,1086.0,724.0,28.0,28.22,D3,20.0,0.46
360.0,0.0,0.0,180.0,0.0,1086.0,724.0,28.0,33.62,D3,26.1,0.45
360.0,0.0,0.0,180.0,0.0,1086.0,724.0,28.0,32.79,D3,22.9,0.49
360.0,0.0,0.0,180.0,0.0,1086.0,724.0,28.0,33.62,D3,20.5,0.47
360.0,0.0,0.0,180.0,0.0,1086.0,724.0,28.0,31.54,D3,22.8,0.37
360.0,0.0,0.0,180.0,0.0,1086.0,724.0,28.0,34.03,D3,23.1,0.38
360.0,0.0,0.0,180.0,0.0,1086.0,724.0,28.0,20.75,D3,24.0,0.43
360.0,0.0,0.0,180.0,0.0,1086.0,724.0,28.0,31.13,D3,21.7,0.54
360.0,0.0,0.0,180.0,0.0,1086.0,724.0,28.0,29.88,D3,24.0,0.41
360.0,0.0,0.0,180.0,0.0,1086.0,724.0,28.0,21.58,D3,17.9,0.44
360.0,0.0,0.0,180.0,0.0,1086.0,724.0,28.0,29.88,D3,19.9,0.42
360.0,0.0,0.0,180.0,0.0,1086.0,724.0,28.0,39.84,D3,22.3,0.42
360.0,0.0,0.0,180.0,0.0,1086.0,724.0,28.0,42.33,D3,22.7,0.46
360.0,0.0,0.0,180.0,0.0,1086.0,724.0,28.0,21.58,D3,20.2,0.52
360.0,0.0,0.0,180.0,0.0,1086.0,724.0,28.0,22.83,D3,22.5,0.47
360.0,0.0,0.0,180.0,0.0,1086.0,724.0,28.0,20.34,D3,20.8,0.41
360.0,0.0,0.0,180.0,0.0,1086.0,724.0,28.0,21.58,D3,21.4,0.59
360.0,0.0,0.0,180.0,0.0,1086.0,724.0,28.0,21.17,D3,24.0,0.45
360.0,0.0,0.0,180.0,0.0,1086.0,724.0,28.0,26.15,D3,23.8,0.42
360.0,0.0,0.0,180.0,0.0,1086.0,724.0,28.0,24.9,D3,20.0,0.52
360.0,0.0,0.0,180.0,0.0,1086.0,724.0,28.0,23.66,D3,19.9,0.43
360.0,0.0,0.0,180.0,0.0,1086.0,724.0,28.0,27.39,D3,21.2,0.53
360.0,0.0,0.0,180.0,0.0,1086.0,724.0,28.0,26.98,D3,21.9,0.41
360.0,0.0,0.0,180.0,0.0,1086.0,724.0,28.0,26.56,D3,20.7,0.52
360.0,0.0,0.0,180.0,0.0,1086.0,724.0,28.0,26.98,D3,24.1,0.46
360.0,0.0,0.0,180.0,0.0,1086.0,724.0,28.0,30.71,D3,22.7,0.51
360.0,0.0,0.0,180.0,0.0,1086.0,724.0,28.0,33.2,D3,22.8,0.55
360.0,0.0,0.0,180.0,0.0,1086.0,724.0,28.0,42.33,D3,19.5,0.39
360.0,0.0,0.0,180.0,0.0,1086.0,724.0,28.0,35.69,D3,24.3,0.51
360.0,0.0,0.0,180.0,0.0,1086.0,724.0,28.0,37.35,D3,16.4,0.38
360.0,0.0,0.0,180.0,0.0,1086.0,724.0,28.0,36.52,D3,23.7,0.4
360.0,0.0,0.0,180.0,0.0,1086.0,724.0,28.0,37.35,D3,23.9,0.41
360.0,0.0,0.0,180.0,0.0,1086.0,724.0,28.0,38.18,D3,21.1,0.48
360.0,0.0,0.0,180.0,0.0,1086.0,724.0,28.0,37.35,D3,24.5,0.45
360.0,0.0,0.0,180.0,0.0,1086.0,724.0,28.0,39.01,D3,21.9,0.44
360.0,0.0,0.0,180.0,0.0,1086.0,724.0,28.0,35.69,D3,22.1,0.46
360.0,0.0,0.0,180.0,0.0,1086.0,724.0,28.0,40.67,D3,22.7,0.48
360.0,0.0,0.0,180.0,0.0,1086.0,724.0,28.0,38.18,D3,28.4,0.48
360.0,0.0,0.0,180.0,0.0,1086.0,724.0,28.0,29.88,D3,24.7,0.5
360.0,0.0,0.0,180.0,0.0,1086.0,724.0,28.0,30.13,D3,23.4,0.54
360.0,0.0,0.0,180.0,0.0,1086.0,724.0,28.0,34.86,D3,20.2,0.45
360.0,0.0,0.0,180.0,0.0,1086.0,724.0,28.0,37.35,D3,22.3,0.42
360.0,0.0,0.0,180.0,0.0,1086.0,724.0,28.0,36.52,D3,20.4,0.48
360.0,0.0,0.0,180.0,0.0,1086.0,724.0,28.0,28.22,D3,23.6,0.39
360.0,0.0,0.0,180.0,0.0,1086.0,724.0,28.0,29.88,D3,22.3,0.42
360.0,0.0,0.0,180.0,0.0,1086.0,724.0,28.0,29.05,D3,19.8,0.5
360.0,0.0,0.0,180.0,0.0,1086.0,724.0,28.0,31.13,D3,22.2,0.44
360.0,0.0,0.0,180.0,0.0,1086.0,724.0,28.0,29.47,D3,20.3,0.39
360.0,0.0,0.0,180.0,0.0,1086.0,724.0,28.0,27.39,D3,22.3,0.38
360.0,0.0,0.0,180.0,0.0,1086.0,724.0,28.0,29.47,D3,20.3,0.45
360.0,0.0,0.0,180.0,0.0,1086.0,724.0,28.0,26.56,D3,22.1,0.51
360.0,0.0,0.0,180.0,0.0,1086.0,724.0,28.0,31.96,D3,23.5,0.51
360.0,0.0,0.0,180.0,0.0,1086.0,724.0,28.0,35.28,D3,21.9,0.46
360.0,0.0,0.0,180.0,0.0,1086.0,724.0,28.0,29.05,D3,21.2,0.55
360.0,0.0,0.0,180.0,0.0,1086.0,724.0,28.0,26.56,D3,22.4,0.44
360.0,0.0,0.0,180.0,0.0,1086.0,724.0,28.0,29.05,D3,23.4,0.44
360.0,0.0,0.0,180.0,0.0,1086.0,724.0,28.0,31.54,D3,19.8,0.32
360.0,0.0,0.0,180.0,0.0,1086.0,724.0,28.0,36.94,D3,22.5,0.43
360.0,0.0,0.0,180.0,0.0,1086.0,724.0,28.0,33.62,D3,24.6,0.49
360.0,0.0,0.0,180.0,0.0,1086.0,724.0,28.0,31.96,D3,23.1,0.53
360.0,0.0,0.0,180.0,0.0,1086.0,724.0,28.0,31.54,D3,22.1,0.41
360.0,0.0,0.0,180.0,0.0,1086.0,724.0,28.0,31.54,D3,23.3,0.47
360.0,0.0,0.0,180.0,0.0,1086.0,724.0,28.0,31.96,D3,22.9,0.5
360.0,0.0,0.0,180.0,0.0,1086.0,724.0,28.0,20.34,D3,23.5,0.45
360.0,0.0,0.0,180.0,0.0,1086.0,724.0,28.0,19.09,D3,18.0,0.34
360.0,0.0,0.0,180.0,0.0,1086.0,724.0,28.0,19.51,D3,18.9,0.46
360.0,0.0,0.0,180.0,0.0,1086.0,724.0,28.0,27.39,D3,24.0,0.49
360.0,0.0,0.0,180.0,0.0,1086.0,724.0,28.0,24.57,D3,19.0,0.4
360.0,0.0,0.0,180.0,0.0,1086.0,724.0,28.0,29.05,D3,22.8,0.44
360.0,0.0,0.0,180.0,0.0,1086.0,724.0,28.0,27.39,D3,21.3,0.39
360.0,0.0,0.0,180.0,0.0,1086.0,724.0,28.0,24.9,D3,20.0,0.32
360.0,0.0,0.0,180.0,0.0,1086.0,724.0,28.0,32.37,D3,22.7,0.5
360.0,0.0,0.0,180.0,0.0,1086.0,724.0,28.0,28.64,D3,22.4,0.45
360.0,0.0,0.0,180.0,0.0,1086.0,724.0,28.0,26.56,D3,26.2,0.53
360.0,0.0,0.0,180.0,0.0,1086.0,724.0,28.0,26.15,D3,20.8,0.49
360.0,0.0,0.0,180.0,0.0,1086.0,724.0,28.0,39.84,D3,24.9,0.43
360.0,0.0,0.0,180.0,0.0,1086.0,724.0,28.0,33.2,D3,22.7,0.45
360.0,0.0,0.0,180.0,0.0,1086.0,724.0,28.0,28.22,D3,20.7,0.48
360.0,0.0,0.0,180.0,0.0,1086.0,724.0,28.0,21.17,D3,23.6,0.5
360.0,0.0,0.0,180.0,0.0,1086.0,724.0,28.0,22.41,D3,23.1,0.47
360.0,0.0,0.0,180.0,0.0,1086.0,724.0,28.0,20.75,D3,22.1,0.51
360.0,0.0,0.0,180.0,0.0,1086.0,724.0,28.0,38.18,D3,22.5,0.44
360.0,0.0,0.0,180.0,0.0,1086.0,724.0,28.0,27.39,D3,20.8,0.4
360.0,0.0,0.0,180.0,0.0,1086.0,724.0,28.0,33.2,D3,20.3,0.45
360.0,0.0,0.0,180.0,0.0,1086.0,724.0,28.0,23.24,D3,23.5,0.46
360.0,0.0,0.0,180.0,0.0,1086.0,724.0,28.0,29.88,D3,21.6,0.39
360.0,0.0,0.0,180.0,0.0,1086.0,724.0,28.0,26.98,D3,21.8,0.38
360.0,0.0,0.0,180.0,0.0,1086.0,724.0,28.0,40.26,D3,22.6,0.47
360.0,0.0,0.0,180.0,0.0,1086.0,724.0,28.0,41.92,D3,22.5,0.43
360.0,0.0,0.0,180.0,0.0,1086.0,724.0,28.0,33.62,D3,19.1,0.44
360.0,0.0,0.0,180.0,0.0,1086.0,724.0,28.0,36.11,D3,24.6,0.43
360.0,0.0,0.0,180.0,0.0,1086.0,724.0,28.0,46.9,D3,22.2,0.53
360.0,0.0,0.0,180.0,0.0,1086.0,724.0,28.0,33.2,D3,21.6,0.51
360.0,0.0,0.0,180.0,0.0,1086.0,724.0,28.0,38.18,D3,22.9,0.39
360.0,0.0,0.0,180.0,0.0,1086.0,724.0,28.0,43.99,D3,22.5,0.42
360.0,0.0,0.0,180.0,0.0,1086.0,724.0,28.0,33.2,D3,23.5,0.49
360.0,0.0,0.0,180.0,0.0,1086.0,724.0,28.0,31.54,D3,23.1,0.48
360.0,0.0,0.0,180.0,0.0,1086.0,724.0,28.0,31.54,D3,23.4,0.45
360.0,0.0,0.0,180.0,0.0,1086.0,724.0,28.0,33.2,D3,24.7,0.39
360.0,0.0,0.0,180.0,0.0,1086.0,724.0,28.0,33.2,D3,23.8,0.42
360.0,0.0,0.0,180.0,0.0,1086.0,724.0,28.0,33.62,D3,21.7,0.42
360.0,0.0,0.0,180.0,0.0,1086.0,724.0,28.0,34.03,D3,19.8,0.46
360.0,0.0,0.0,180.0,0.0,1086.0,724.0,28.0,39.01,D3,25.3,0.54
360.0,0.0,0.0,180.0,0.0,1086.0,724.0,28.0,39.84,D3,21.5,0.42
360.0,0.0,0.0,180.0,0.0,1086.0,724.0,28.0,42.33,D3,21.1,0.4
360.0,0.0,0.0,180.0,0.0,1086.0,724.0,28.0,43.99,D3,18.5,0.44
360.0,0.0,0.0,180.0,0.0,1086.0,724.0,28.0,34.86,D3,22.7,0.5
360.0,0.0,0.0,180.0,0.0,1086.0,724.0,28.0,28.22,D3,22.3,0.38
360.0,0.0,0.0,180.0,0.0,1086.0,724.0,28.0,26.56,D3,19.0,0.52
360.0,0.0,0.0,180.0,0.0,1086.0,724.0,28.0,30.71,D3,22.9,0.44
360.0,0.0,0.0,180.0,0.0,1086.0,724.0,28.0,35.28,D3,21.0,0.41
360.0,0.0,0.0,180.0,0.0,1086.0,724.0,28.0,29.88,D3,27.4,0.37
360.0,0.0,0.0,180.0,0.0,1086.0,724.0,28.0,26.56,D3,20.9,0.49
360.0,0.0,0.0,180.0,0.0,1086.0,724.0,28.0,28.22,D3,21.1,0.44
360.0,0.0,0.0,180.0,0.0,1086.0,724.0,28.0,24.9,D3,20.3,0.46
360.0,0.0,0.0,180.0,0.0,1086.0,724.0,28.0,34.45,D3,24.6,0.4
360.0,0.0,0.0,180.0,0.0,1086.0,724.0,28.0,34.03,D3,21.3,0.43
360.0,0.0,0.0,180.0,0.0,1086.0,724.0,28.0,31.54,D3,20.6,0.43
360.0,0.0,0.0,180.0,0.0,1086.0,724.0,28.0,29.88,D3,23.4,0.44
360.0,0.0,0.0,180.0,0.0,1086.0,724.0,28.0,30.3,D3,19.2,0.42
360.0,0.0,0.0,180.0,0.0,1086.0,724.0,28.0,29.47,D3,23.3,0.37
360.0,0.0,0.0,180.0,0.0,1086.0,724.0,28.0,35.28,D3,25.6,0.59
360.0,0.0,0.0,180.0,0.0,1086.0,724.0,28.0,33.62,D3,23.1,0.38
360.0,0.0,0.0,180.0,0.0,1086.0,724.0,28.0,34.03,D3,23.3,0.46
360.0,0.0,0.0,180.0,0.0,1086.0,724.0,28.0,37.35,D3,23.7,0.36
360.0,0.0,0.0,180.0,0.0,1086.0,724.0,28.0,26.56,D3,25.4,0.35
360.0,0.0,0.0,180.0,0.0,1086.0,724.0,28.0,28.22,D3,24.4,0.45
360.0,0.0,0.0,180.0,0.0,1086.0,724.0,28.0,28.22,D3,22.9,0.46
360.0,0.0,0.0,180.0,0.0,1086.0,724.0,28.0,31.54,D3,23.8,0.51
360.0,0.0,0.0,180.0,0.0,1086.0,724.0,28.0,32.37,D3,20.2,0.47
360.0,0.0,0.0,180.0,0.0,1086.0,724.0,28.0,35.28,D3,23.6,0.44
360.0,0.0,0.0,180.0,0.0,1086.0,724.0,28.0,23.24,D3,20.0,0.4
360.0,0.0,0.0,180.0,0.0,1086.0,724.0,28.0,22.83,D3,21.3,0.52
360.0,0.0,0.0,180.0,0.0,1086.0,724.0,28.0,26.56,D3,15.8,0.5
360.0,0.0,0.0,180.0,0.0,1086.0,724.0,28.0,24.07,D3,22.8,0.39
360.0,0.0,0.0,180.0,0.0,1086.0,724.0,28.0,24.07,D3,20.7,0.45
360.0,0.0,0.0,180.0,0.0,1086.0,724.0,28.0,29.88,D3,24.2,0.46
360.0,0.0,0.0,180.0,0.0,1086.0,724.0,28.0,36.94,D3,22.8,0.43
360.0,0.0,0.0,180.0,0.0,1086.0,724.0,28.0,47.31,D3,24.2,0.49
360.0,0.0,0.0,180.0,0.0,1086.0,724.0,28.0,40.67,D3,19.8,0.49
360.0,0.0,0.0,180.0,0.0,1086.0,724.0,28.0,39.84,D3,24.1,0.44
360.0,0.0,0.0,180.0,0.0,1086.0,724.0,28.0,46.48,D3,26.2,0.44
360.0,0.0,0.0,180.0,0.0,1086.0,724.0,28.0,28.22,D3,23.5,0.52
360.0,0.0,0.0,180.0,0.0,1086.0,724.0,28.0,33.62,D3,23.6,0.5
360.0,0.0,0.0,180.0,0.0,1086.0,724.0,28.0,31.13,D3,22.3,0.45
360.0,0.0,0.0,180.0,0.0,1086.0,724.0,28.0,24.07,D3,21.0,0.37
360.0,0.0,0.0,180.0,0.0,1086.0,724.0,28.0,24.07,D3,23.5,0.47
360.0,0.0,0.0,180.0,0.0,1086.0,724.0,28.0,31.54,D3,19.0,0.48
360.0,0.0,0.0,180.0,0.0,1086.0,724.0,28.0,34.03,D3,21.2,0.31
360.0,0.0,0.0,180.0,0.0,1086.0,724.0,28.0,30.3,D3,18.5,0.46
360.0,0.0,0.0,180.0,0.0,1086.0,724.0,28.0,28.22,D3,20.6,0.43
360.0,0.0,0.0,180.0,0.0,1086.0,724.0,28.0,33.62,D3,23.3,0.44
360.0,0.0,0.0,180.0,0.0,1086.0,724.0,28.0,32.79,D3,23.0,0.4
360.0,0.0,0.0,180.0,0.0,1086.0,724.0,28.0,33.62,D3,22.1,0.44
360.0,0.0,0.0,180.0,0.0,1086.0,724.0,28.0,31.54,D3,22.3,0.52
360.0,0.0,0.0,180.0,0.0,1086.0,724.0,28.0,34.03,D3,18.2,0.43
360.0,0.0,0.0,180.0,0.0,1086.0,724.0,28.0,20.75,D3,21.3,0.5
360.0,0.0,0.0,180.0,0.0,1086.0,724.0,28.0,31.13,D3,20.6,0.41
360.0,0.0,0.0,180.0,0.0,1086.0,724.0,28.0,29.88,D3,20.7,0.49
360.0,0.0,0.0,180.0,0.0,1086.0,724.0,28.0,21.58,D3,23.2,0.45
360.0,0.0,0.0,180.0,0.0,1086.0,724.0,28.0,29.88,D3,20.3,0.47
360.0,0.0,0.0,180.0,0.0,1086.0,724.0,28.0,39.84,D3,20.8,0.45
360.0,0.0,0.0,180.0,0.0,1086.0,724.0,28.0,42.33,D3,17.8,0.48
360.0,0.0,0.0,180.0,0.0,1086.0,724.0,28.0,21.58,D3,21.4,0.32
360.0,0.0,0.0,180.0,0.0,1086.0,724.0,28.0,22.83,D3,19.8,0.38
360.0,0.0,0.0,180.0,0.0,1086.0,724.0,28.0,20.34,D3,22.2,0.47
360.0,0.0,0.0,180.0,0.0,1086.0,724.0,28.0,21.58,D3,20.1,0.35
360.0,0.0,0.0,180.0,0.0,1086.0,724.0,28.0,21.17,D3,22.2,0.42
360.0,0.0,0.0,180.0,0.0,1086.0,724.0,28.0,26.15,D3,21.7,0.45
360.0,0.0,0.0,180.0,0.0,1086.0,724.0,28.0,24.9,D3,25.3,0.41
360.0,0.0,0.0,180.0,0.0,1086.0,724.0,28.0,23.66,D3,23.0,0.42
360.0,0.0,0.0,180.0,0.0,1086.0,724.0,28.0,27.39,D3,18.3,0.46
360.0,0.0,0.0,180.0,0.0,1086.0,724.0,28.0,26.98,D3,19.5,0.5
360.0,0.0,0.0,180.0,0.0,1086.0,724.0,28.0,26.56,D3,22.1,0.4
360.0,0.0,0.0,180.0,0.0,1086.0,724.0,28.0,26.98,D3,20.1,0.42
360.0,0.0,0.0,180.0,0.0,1086.0,724.0,28.0,30.71,D3,16.1,0.41
360.0,0.0,0.0,180.0,0.0,1086.0,724.0,28.0,33.2,D3,24.7,0.33
360.0,0.0,0.0,180.0,0.0,1086.0,724.0,28.0,42.33,D3,23.4,0.46
360.0,0.0,0.0,180.0,0.0,1086.0,724.0,28.0,35.69,D3,23.0,0.5
360.0,0.0,0.0,180.0,0.0,1086.0,724.0,28.0,37.35,D3,20.8,0.5
360.0,0.0,0.0,180.0,0.0,1086.0,724.0,28.0,36.52,D3,22.9,0.41
360.0,0.0,0.0,180.0,0.0,1086.0,724.0,28.0,37.35,D3,20.6,0.39
360.0,0.0,0.0,180.0,0.0,1086.0,724.0,28.0,38.18,D3,22.4,0.45
360.0,0.0,0.0,180.0,0.0,1086.0,724.0,28.0,37.35,D3,20.2,0.49
360.0,0.0,0.0,180.0,0.0,1086.0,724.0,28.0,39.01,D3,25.0,0.46
360.0,0.0,0.0,180.0,0.0,1086.0,724.0,28.0,35.69,D3,18.9,0.46
360.0,0.0,0.0,180.0,0.0,1086.0,724.0,28.0,40.67,D3,24.5,0.51
360.0,0.0,0.0,180.0,0.0,1086.0,724.0,28.0,38.18,D3,22.1,0.41
360.0,0.0,0.0,180.0,0.0,1086.0,724.0,28.0,29.88,D3,21.0,0.44
360.0,0.0,0.0,180.0,0.0,1086.0,724.0,28.0,30.13,D3,22.3,0.53
360.0,0.0,0.0,180.0,0.0,1086.0,724.0,28.0,34.86,D3,23.5,0.44
360.0,0.0,0.0,180.0,0.0,1086.0,724.0,28.0,37.35,D3,24.7,0.39
360.0,0.0,0.0,180.0,0.0,1086.0,724.0,28.0,36.52,D3,22.6,0.42
360.0,0.0,0.0,180.0,0.0,1086.0,724.0,28.0,28.22,D3,20.2,0.4
360.0,0.0,0.0,180.0,0.0,1086.0,724.0,28.0,29.88,D3,22.1,0.47
360.0,0.0,0.0,180.0,0.0,1086.0,724.0,28.0,29.05,D3,25.6,0.41
360.0,0.0,0.0,180.0,0.0,1086.0,724.0,28.0,31.13,D3,24.7,0.46
360.0,0.0,0.0,180.0,0.0,1086.0,724.0,28.0,29.47,D3,23.8,0.41
360.0,0.0,0.0,180.0,0.0,1086.0,724.0,28.0,27.39,D3,23.6,0.34
360.0,0.0,0.0,180.0,0.0,1086.0,724.0,28.0,29.47,D3,23.4,0.47
360.0,0.0,0.0,180.0,0.0,1086.0,724.0,28.0,26.56,D3,24.3,0.46
360.0,0.0,0.0,180.0,0.0,1086.0,724.0,28.0,31.96,D3,21.1,0.48
360.0,0.0,0.0,180.0,0.0,1086.0,724.0,28.0,35.28,D3,19.3,0.42
360.0,0.0,0.0,180.0,0.0,1086.0,724.0,28.0,29.05,D3,22.1,0.41
360.0,0.0,0.0,180.0,0.0,1086.0,724.0,28.0,26.56,D3,20.4,0.47
360.0,0.0,0.0,180.0,0.0,1086.0,724.0,28.0,29.05,D3,19.9,0.53
360.0,0.0,0.0,180.0,0.0,1086.0,724.0,28.0,31.54,D3,20.6,0.45
360.0,0.0,0.0,180.0,0.0,1086.0,724.0,28.0,36.94,D3,27.0,0.47
360.0,0.0,0.0,180.0,0.0,1086.0,724.0,28.0,33.62,D3,22.3,0.43
360.0,0.0,0.0,180.0,0.0,1086.0,724.0,28.0,31.96,D3,22.7,0.37
360.0,0.0,0.0,180.0,0.0,1086.0,724.0,28.0,31.54,D3,19.6,0.5
360.0,0.0,0.0,180.0,0.0,1086.0,724.0,28.0,31.54,D3,18.3,0.5
360.0,0.0,0.0,180.0,0.0,1086.0,724.0,28.0,31.96,D3,20.4,0.49
360.0,0.0,0.0,180.0,0.0,1086.0,724.0,28.0,20.34,D3,24.9,0.44
360.0,0.0,0.0,180.0,0.0,1086.0,724.0,28.0,19.09,D3,22.7,0.48
360.0,0.0,0.0,180.0,0.0,1086.0,724.0,28.0,19.51,D3,23.2,0.49
360.0,0.0,0.0,180.0,0.0,1086.0,724.0,28.0,27.39,D3,23.5,0.53
360.0,0.0,0.0,180.0,0.0,1086.0,724.0,28.0,24.57,D3,20.8,0.5
360.0,0.0,0.0,180.0,0.0,1086.0,724.0,28.0,29.05,D3,24.8,0.45
360.0,0.0,0.0,180.0,0.0,1086.0,724.0,28.0,27.39,D3,20.7,0.38
360.0,0.0,0.0,180.0,0.0,1086.0,724.0,28.0,24.9,D3,24.8,0.46
360.0,0.0,0.0,180.0,0.0,1086.0,724.0,28.0,32.37,D3,22.9,0.46
360.0,0.0,0.0,180.0,0.0,1086.0,724.0,28.0,28.64,D3,18.4,0.49
360.0,0.0,0.0,180.0,0.0,1086.0,724.0,28.0,26.56,D3,20.5,0.52
360.0,0.0,0.0,180.0,0.0,1086.0,724.0,28.0,26.15,D3,18.4,0.45
360.0,0.0,0.0,180.0,0.0,1086.0,724.0,28.0,39.84,D3,24.3,0.56
360.0,0.0,0.0,180.0,0.0,1086.0,724.0,28.0,33.2,D3,22.0,0.36
360.0,0.0,0.0,180.0,0.0,1086.0,724.0,28.0,28.22,D3,17.5,0.47
360.0,0.0,0.0,180.0,0.0,1086.0,724.0,28.0,21.17,D3,22.8,0.41
360.0,0.0,0.0,180.0,0.0,1086.0,724.0,28.0,22.41,D3,20.9,0.35
360.0,0.0,0.0,180.0,0.0,1086.0,724.0,28.0,20.75,D3,19.0,0.44
360.0,0.0,0.0,180.0,0.0,1086.0,724.0,28.0,38.18,D3,25.4,0.38
360.0,0.0,0.0,180.0,0.0,1086.0,724.0,28.0,27.39,D3,22.2,0.44
360.0,0.0,0.0,180.0,0.0,1086.0,724.0,28.0,33.2,D3,21.4,0.45
360.0,0.0,0.0,180.0,0.0,1086.0,724.0,28.0,23.24,D3,21.2,0.51
360.0,0.0,0.0,180.0,0.0,1086.0,724.0,28.0,29.88,D3,19.0,0.37
360.0,0.0,0.0,180.0,0.0,1086.0,724.0,28.0,26.98,D3,19.4,0.5
360.0,0.0,0.0,180.0,0.0,1086.0,724.0,28.0,40.26,D3,24.6,0.45
360.0,0.0,0.0,180.0,0.0,1086.0,724.0,28.0,41.92,D3,21.1,0.5
360.0,0.0,0.0,180.0,0.0,1086.0,724.0,28.0,33.62,D3,22.0,0.43
360.0,0.0,0.0,180.0,0.0,1086.0,724.0,28.0,36.11,D3,17.9,0.38
360.0,0.0,0.0,180.0,0.0,1086.0,724.0,28.0,46.9,D3,19.4,0.39
360.0,0.0,0.0,180.0,0.0,1086.0,724.0,28.0,33.2,D3,23.2,0.39
360.0,0.0,0.0,180.0,0.0,1086.0,724.0,28.0,38.18,D3,22.8,0.47
360.0,0.0,0.0,180.0,0.0,1086.0,724.0,28.0,43.99,D3,25.5,0.52
360.0,0.0,0.0,180.0,0.0,1086.0,724.0,28.0,33.2,D3,24.7,0.42
360.0,0.0,0.0,180.0,0.0,1086.0,724.0,28.0,31.54,D3,21.5,0.48
360.0,0.0,0.0,180.0,0.0,1086.0,724.0,28.0,31.54,D3,22.9,0.37
360.0,0.0,0.0,180.0,0.0,1086.0,724.0,28.0,33.2,D3,21.4,0.46
360.0,0.0,0.0,180.0,0.0,1086.0,724.0,28.0,33.2,D3,26.1,0.48
360.0,0.0,0.0,180.0,0.0,1086.0,724.0,28.0,33.62,D3,24.3,0.38
360.0,0.0,0.0,180.0,0.0,1086.0,724.0,28.0,34.03,D3,22.3,0.44
360.0,0.0,0.0,180.0,0.0,1086.0,724.0,28.0,39.01,D3,22.4,0.49
360.0,0.0,0.0,180.0,0.0,1086.0,724.0,28.0,39.84,D3,24.9,0.3
360.0,0.0,0.0,180.0,0.0,1086.0,724.0,28.0,42.33,D3,23.2,0.52
360.0,0.0,0.0,180.0,0.0,1086.0,724.0,28.0,43.99,D3,25.1,0.47
360.0,0.0,0.0,180.0,0.0,1086.0,724.0,28.0,34.86,D3,17.6,0.49
360.0,0.0,0.0,180.0,0.0,1086.0,724.0,28.0,28.22,D3,22.9,0.43
360.0,0.0,0.0,180.0,0.0,1086.0,724.0,28.0,26.56,D3,21.0,0.36
360.0,0.0,0.0,180.0,0.0,1086.0,724.0,28.0,30.71,D3,25.5,0.48
360.0,0.0,0.0,180.0,0.0,1086.0,724.0,28.0,35.28,D3,25.1,0.45
360.0,0.0,0.0,180.0,0.0,1086.0,724.0,28.0,29.88,D3,22.1,0.45
360.0,0.0,0.0,180.0,0.0,1086.0,724.0,28.0,26.56,D3,25.1,0.5
360.0,0.0,0.0,180.0,0.0,1086.0,724.0,28.0,28.22,D3,25.6,0.49
360.0,0.0,0.0,180.0,0.0,1086.0,724.0,28.0,24.9,D3,22.1,0.55
360.0,0.0,0.0,180.0,0.0,1086.0,724.0,7.0,11.42,D3,26.9,0.46
360.0,0.0,0.0,180.0,0.0,1086.0,724.0,28.0,17.42,D3,21.9,0.42
360.0,0.0,0.0,180.0,0.0,1086.0,724.0,56.0,18.77,D3,21.6,0.44
400.0,0.0,0.0,180.0,0.0,1062.0,708.0,7.0,19.84,D3,23.7,0.47
400.0,0.0,0.0,180.0,0.0,1062.0,708.0,28.0,20.31,D3,21.3,0.5
400.0,0.0,0.0,180.0,0.0,1062.0,708.0,56.0,22.66,D3,22.2,0.38
450.0,0.0,0.0,180.0,0.0,1032.0,688.0,7.0,23.87,D3,24.8,0.45
450.0,0.0,0.0,180.0,0.0,1032.0,688.0,28.0,23.81,D3,22.0,0.53
450.0,0.0,0.0,180.0,0.0,1032.0,688.0,56.0,26.69,D3,18.6,0.44
514.2857142857143,0.0,0.0,180.0,0.0,993.4285714285714,662.2857142857143,7.0,19.98,D3,22.7,0.5
514.2857142857143,0.0,0.0,180.0,0.0,993.4285714285714,662.2857142857143,28.0,21.02,D3,20.6,0.47
514.2857142857143,0.0,0.0,180.0,0.0,993.4285714285714,662.2857142857143,56.0,21.41,D3,23.7,0.5
600.0,0.0,0.0,180.0,0.0,942.0,628.0,7.0,21.89,D3,23.4,0.41
600.0,0.0,0.0,180.0,0.0,942.0,628.0,28.0,24.74,D3,24.9,0.41
600.0,0.0,0.0,180.0,0.0,942.0,628.0,56.0,25.32,D3,23.8,0.45
562.5,0.0,0.0,180.0,0.0,964.5,643.0,7.0,27.94,D3,24.2,0.37
562.5,0.0,0.0,180.0,0.0,964.5,643.0,28.0,30.44,D3,20.7,0.44
562.5,0.0,0.0,180.0,0.0,964.5,643.0,56.0,34.15,D3,23.6,0.46
600.0,0.0,0.0,180.0,0.0,942.0,628.0,7.0,23.39,D3,25.9,0.54
600.0,0.0,0.0,180.0,0.0,942.0,628.0,28.0,26.05,D3,20.6,0.47
600.0,0.0,0.0,180.0,0.0,942.0,628.0,56.0,27.95,D3,25.6,0.48
642.8571428571428,0.0,0.0,180.0,0.0,916.2857142857144,610.857142857143,7.0,28.8,D3,20.9,0.51
642.8571428571428,0.0,0.0,180.0,0.0,916.2857142857144,610.857142857143,28.0,30.57,D3,20.3,0.4
642.8571428571428,0.0,0.0,180.0,0.0,916.2857142857144,610.857142857143,56.0,32.74,D3,22.6,0.44
720.0,0.0,0.0,180.0,0.0,870.0,580.0,7.0,34.66,D3,23.4,0.57
720.0,0.0,0.0,180.0,0.0,870.0,580.0,28.0,38.74,D3,23.8,0.45
720.0,0.0,0.0,180.0,0.0,870.0,580.0,56.0,42.55,D3,20.1,0.51
400.0,0.0,0.0,180.0,0.0,1062.0,708.0,7.0,16.1,D3,22.9,0.5
400.0,0.0,0.0,180.0,0.0,1062.0,708.0,7.0,16.43,D3,20.6,0.38
400.0,0.0,0.0,180.0,0.0,1062.0,708.0,7.0,16.6,D3,19.0,0.47
400.0,0.0,0.0,180.0,0.0,1062.0,708.0,7.0,16.68,D3,20.1,0.46
400.0,0.0,0.0,180.0,0.0,1062.0,708.0,7.0,17.18,D3,20.5,0.47
400.0,0.0,0.0,180.0,0.0,1062.0,708.0,7.0,17.26,D3,23.0,0.41
400.0,0.0,0.0,180.0,0.0,1062.0,708.0,7.0,17.26,D3,24.3,0.39
400.0,0.0,0.0,180.0,0.0,1062.0,708.0,7.0,18.34,D3,19.1,0.43
400.0,0.0,0.0,180.0,0.0,1062.0,708.0,7.0,19.34,D3,22.7,0.45
400.0,0.0,0.0,180.0,0.0,1062.0,708.0,14.0,19.84,D3,19.6,0.51
400.0,0.0,0.0,180.0,0.0,1062.0,708.0,14.0,22.24,D3,23.3,0.54
400.0,0.0,0.0,180.0,0.0,1062.0,708.0,14.0,22.49,D3,20.8,0.52
400.0,0.0,0.0,180.0,0.0,1062.0,708.0,14.0,22.99,D3,19.9,0.49
400.0,0.0,0.0,180.0,0.0,1062.0,708.0,14.0,23.49,D3,23.6,0.4
400.0,0.0,0.0,180.0,0.0,1062.0,708.0,14.0,23.74,D3,20.8,0.43
400.0,0.0,0.0,180.0,0.0,1062.0,708.0,14.0,23.9,D3,21.4,0.46
400.0,0.0,0.0,180.0,0.0,1062.0,708.0,14.0,25.98,D3,17.6,0.42
400.0,0.0,0.0,180.0,0.0,1062.0,708.0,14.0,26.48,D3,23.9,0.48
400.0,0.0,0.0,180.0,0.0,1062.0,708.0,28.0,23.24,D3,23.6,0.49
400.0,0.0,0.0,180.0,0.0,1062.0,708.0,28.0,24.82,D3,22.0,0.48
400.0,0.0,0.0,180.0,0.0,1062.0,708.0,28.0,26.73,D3,18.9,0.5
400.0,0.0,0.0,180.0,0.0,1062.0,708.0,28.0,26.81,D3,24.4,0.4
400.0,0.0,0.0,180.0,0.0,1062.0,708.0,28.0,26.89,D3,20.7,0.5
400.0,0.0,0.0,180.0,0.0,1062.0,708.0,28.0,29.05,D3,21.1,0.42
400.0,0.0,0.0,180.0,0.0,1062.0,708.0,28.0,30.05,D3,26.6,0.4
400.0,0.0,0.0,180.0,0.0,1062.0,708.0,28.0,30.54,D3,20.6,0.48
400.0,0.0,0.0,180.0,0.0,1062.0,708.0,28.0,32.7,D3,23.5,0.51
360.0,0.0,0.0,180.0,0.0,1086.0,724.0,7.0,16.43,D3,23.1,0.47
360.0,0.0,0.0,180.0,0.0,1086.0,724.0,7.0,17.35,D3,22.8,0.45
360.0,0.0,0.0,180.0,0.0,1086.0,724.0,7.0,16.1,D3,22.6,0.47
360.0,0.0,0.0,180.0,0.0,1086.0,724.0,14.0,21.08,D3,22.8,0.46
360.0,0.0,0.0,180.0,0.0,1086.0,724.0,14.0,21.17,D3,22.5,0.39
360.0,0.0,0.0,180.0,0.0,1086.0,724.0,14.0,19.17,D3,21.9,0.39
360.0,0.0,0.0,180.0,0.0,1086.0,724.0,28.0,30.88,D3,25.0,0.45
360.0,0.0,0.0,180.0,0.0,1086.0,724.0,28.0,25.4,D3,19.4,0.45
360.0,0.0,0.0,180.0,0.0,1086.0,724.0,28.0,28.64,D3,24.0,0.45
360.0,0.0,0.0,180.0,0.0,1086.0,724.0,7305.0,13.66,D3,23.6,0.48
360.0,0.0,0.0,180.0,0.0,1086.0,724.0,7305.0,23.97,D3,23.4,0.44
360.0,0.0,0.0,180.0,0.0,1086.0,724.0,7305.0,14.65,D3,24.2,0.48
360.0,0.0,0.0,180.0,0.0,1086.0,724.0,7305.0,7.73,D3,21.8,0.44
360.0,0.0,0.0,180.0,0.0,1086.0,724.0,7305.0,17.21,D3,18.3,0.54
360.0,0.0,0.0,180.0,0.0,1086.0,724.0,10958.0,12.14,D3,21.9,0.45
360.0,0.0,0.0,180.0,0.0,1086.0,724.0,10958.0,7.78,D3,20.0,0.57
360.0,0.0,0.0,180.0,0.0,1086.0,724.0,10958.0,9.38,D3,20.5,0.47
360.0,0.0,0.0,180.0,0.0,1086.0,724.0,10958.0,10.36,D3,19.5,0.44
360.0,0.0,0.0,180.0,0.0,1086.0,724.0,28.0,57.91,D3,21.0,0.41
360.0,0.0,0.0,180.0,0.0,1086.0,724.0,28.0,57.04,D3,20.8,0.38
360.0,0.0,0.0,180.0,0.0,1086.0,724.0,28.0,61.11,D3,17.2,0.4
360.0,0.0,0.0,180.0,0.0,1086.0,724.0,28.0,58.4,D3,23.4,0.41
360.0,0.0,0.0,180.0,0.0,1086.0,724.0,28.0,58.59,D3,26.4,0.47
360.0,0.0,0.0,180.0,0.0,1086.0,724.0,28.0,55.3,D3,23.2,0.42
360.0,0.0,0.0,180.0,0.0,1086.0,724.0,28.0,57.33,D3,21.6,0.46
360.0,0.0,0.0,180.0,0.0,1086.0,724.0,28.0,59.85,D3,21.9,0.51
360.0,0.0,0.0,180.0,0.0,1086.0,724.0,28.0,58.78,D3,21.2,0.45
360.0,0.0,0.0,180.0,0.0,1086.0,724.0,28.0,61.79,D3,22.2,0.55
360.0,0.0,0.0,180.0,0.0,1086.0,724.0,28.0,60.33,D3,21.9,0.39
360.0,0.0,0.0,180.0,0.0,1086.0,724.0,28.0,31.38,D3,20.3,0.44
360.0,0.0,0.0,180.0,0.0,1086.0,724.0,28.0,30.21,D3,25.4,0.42
360.0,0.0,0.0,180.0,0.0,1086.0,724.0,28.0,62.17,D3,19.0,0.5
360.0,0.0,0.0,180.0,0.0,1086.0,724.0,28.0,56.07,D3,23.4,0.34
360.0,0.0,0.0,180.0,0.0,1086.0,724.0,28.0,61.11,D3,21.8,0.38
360.0,0.0,0.0,180.0,0.0,1086.0,724.0,28.0,62.46,D3,25.8,0.44
360.0,0.0,0.0,180.0,0.0,1086.0,724.0,28.0,58.3,D3,22.7,0.53
360.0,0.0,0.0,180.0,0.0,1086.0,724.0,28.0,71.18,D3,21.3,0.46
360.0,0.0,0.0,180.0,0.0,1086.0,724.0,28.0,71.47,D3,21.5,0.38
360.0,0.0,0.0,180.0,0.0,1086.0,724.0,28.0,76.99,D3,22.1,0.39
360.0,0.0,0.0,180.0,0.0,1086.0,724.0,28.0,73.89,D3,19.7,0.53
360.0,0.0,0.0,180.0,0.0,1086.0,724.0,28.0,75.92,D3,20.5,0.42
360.0,0.0,0.0,180.0,0.0,1086.0,724.0,28.0,75.73,D3,18.4,0.4
360.0,0.0,0.0,180.0,0.0,1086.0,724.0,28.0,74.37,D3,20.2,0.52
360.0,0.0,0.0,180.0,0.0,1086.0,724.0,28.0,68.08,D3,22.2,0.5
360.0,0.0,0.0,180.0,0.0,1086.0,724.0,28.0,71.76,D3,22.6,0.51
360.0,0.0,0.0,180.0,0.0,1086.0,724.0,28.0,72.63,D3,18.0,0.4
360.0,0.0,0.0,180.0,0.0,1086.0,724.0,28.0,72.53,D3,21.7,0.37
360.0,0.0,0.0,180.0,0.0,1086.0,724.0,28.0,70.02,D3,23.1,0.46
360.0,0.0,0.0,180.0,0.0,1086.0,724.0,28.0,73.89,D3,21.7,0.47
360.0,0.0,0.0,180.0,0.0,1086.0,724.0,28.0,74.86,D3,20.7,0.47
360.0,0.0,0.0,180.0,0.0,1086.0,724.0,28.0,72.73,D3,21.2,0.52
360.0,0.0,0.0,180.0,0.0,1086.0,724.0,28.0,71.86,D3,20.9,0.36
360.0,0.0,0.0,180.0,0.0,1086.0,724.0,28.0,73.12,D3,20.7,0.49
360.0,0.0,0.0,180.0,0.0,1086.0,724.0,28.0,74.08,D3,22.3,0.4
360.0,0.0,0.0,180.0,0.0,1086.0,724.0,7.0,44.64,D3,26.6,0.49
360.0,0.0,0.0,180.0,0.0,1086.0,724.0,7.0,47.65,D3,20.5,0.43
360.0,0.0,0.0,180.0,0.0,1086.0,724.0,7.0,48.91,D3,21.4,0.41
360.0,0.0,0.0,180.0,0.0,1086.0,724.0,15.0,48.91,D3,21.9,0.42
360.0,0.0,0.0,180.0,0.0,1086.0,724.0,15.0,48.42,D3,20.6,0.38
360.0,0.0,0.0,180.0,0.0,1086.0,724.0,15.0,50.55,D3,24.2,0.45
360.0,0.0,0.0,180.0,0.0,1086.0,724.0,28.0,54.52,D3,17.3,0.41
360.0,0.0,0.0,180.0,0.0,1086.0,724.0,28.0,51.81,D3,20.9,0.49
360.0,0.0,0.0,180.0,0.0,1086.0,724.0,28.0,52.1,D3,23.6,0.48
360.0,0.0,0.0,180.0,0.0,1086.0,724.0,28.0,16.77,D3,21.4,0.53
360.0,0.0,0.0,180.0,0.0,1086.0,724.0,28.0,16.53,D3,20.4,0.47
360.0,0.0,0.0,180.0,0.0,1086.0,724.0,28.0,16.85,D3,22.9,0.48
360.0,0.0,0.0,180.0,0.0,1086.0,724.0,28.0,18.39,D3,23.8,0.52
360.0,0.0,0.0,180.0,0.0,1086.0,724.0,28.0,17.34,D3,22.4,0.42
360.0,0.0,0.0,180.0,0.0,1086.0,724.0,28.0,17.99,D3,20.4,0.38
360.0,0.0,0.0,180.0,0.0,1086.0,724.0,28.0,15.46,D3,22.9,0.46
360.0,0.0,0.0,180.0,0.0,1086.0,724.0,28.0,16.68,D3,21.2,0.38
360.0,0.0,0.0,180.0,0.0,1086.0,724.0,28.0,16.93,D3,23.5,0.57
360.0,0.0,0.0,180.0,0.0,1086.0,724.0,28.0,15.95,D3,25.0,0.52
360.0,0.0,0.0,180.0,0.0,1086.0,724.0,28.0,17.9,D3,16.8,0.56
360.0,0.0,0.0,180.0,0.0,1086.0,724.0,28.0,15.95,D3,22.2,0.45
360.0,0.0,0.0,180.0,0.0,1086.0,724.0,28.0,12.45,D3,18.5,0.48
360.0,0.0,0.0,180.0,0.0,1086.0,724.0,28.0,14.41,D3,26.9,0.43
360.0,0.0,0.0,180.0,0.0,1086.0,724.0,28.0,12.7,D3,21.1,0.49
360.0,0.0,0.0,180.0,0.0,1086.0,724.0,28.0,13.19,D3,23.5,0.39
360.0,0.0,0.0,180.0,0.0,1086.0,724.0,28.0,11.8,D3,21.9,0.32
360.0,0.0,0.0,180.0,0.0,1086.0,724.0,28.0,13.84,D3,20.4,0.41
360.0,0.0,0.0,180.0,0.0,1086.0,724.0,28.0,26.86,D3,20.2,0.38
360.0,0.0,0.0,180.0,0.0,1086.0,724.0,28.0,25.4,D3,25.2,0.52
360.0,0.0,0.0,180.0,0.0,1086.0,724.0,28.0,29.71,D3,23.9,0.54
360.0,0.0,0.0,180.0,0.0,1086.0,724.0,28.0,26.21,D3,25.9,0.38
360.0,0.0,0.0,180.0,0.0,1086.0,724.0,28.0,25.64,D3,22.1,0.51
360.0,0.0,0.0,180.0,0.0,1086.0,724.0,28.0,26.86,D3,22.6,0.5
360.0,0.0,0.0,180.0,0.0,1086.0,724.0,28.0,28.73,D3,21.5,0.37
360.0,0.0,0.0,180.0,0.0,1086.0,724.0,28.0,28.73,D3,21.4,0.43
360.0,0.0,0.0,180.0,0.0,1086.0,724.0,28.0,29.47,D3,19.9,0.42
360.0,0.0,0.0,180.0,0.0,1086.0,724.0,28.0,29.47,D3,22.2,0.49
360.0,0.0,0.0,180.0,0.0,1086.0,724.0,28.0,28.49,D3,20.4,0.39
360.0,0.0,0.0,180.0,0.0,1086.0,724.0,28.0,31.09,D3,22.9,0.45
360.0,0.0,0.0,180.0,0.0,1086.0,724.0,28.0,23.36,D3,22.3,0.42
360.0,0.0,0.0,180.0,0.0,1086.0,724.0,28.0,22.47,D3,22.6,0.47
360.0,0.0,0.0,180.0,0.0,1086.0,724.0,28.0,24.99,D3,25.4,0.44
360.0,0.0,0.0,180.0,0.0,1086.0,724.0,28.0,23.36,D3,21.9,0.42
360.0,0.0,0.0,180.0,0.0,1086.0,724.0,28.0,23.61,D3,23.5,0.44
360.0,0.0,0.0,180.0,0.0,1086.0,724.0,28.0,23.61,D3,26.1,0.55
360.0,0.0,0.0,180.0,0.0,1086.0,724.0,28.0,22.79,D3,24.6,0.43
360.0,0.0,0.0,180.0,0.0,1086.0,724.0,28.0,23.77,D3,24.3,0.4
360.0,0.0,0.0,180.0,0.0,1086.0,724.0,28.0,23.36,D3,21.4,0.48
360.0,0.0,0.0,180.0,0.0,1086.0,724.0,28.0,24.01,D3,22.5,0.44
360.0,0.0,0.0,180.0,0.0,1086.0,724.0,28.0,24.58,D3,19.4,0.38
360.0,0.0,0.0,180.0,0.0,1086.0,724.0,28.0,24.5,D3,23.0,0.56
360.0,0.0,0.0,180.0,0.0,1086.0,724.0,28.0,24.58,D3,22.5,0.43
360.0,0.0,0.0,180.0,0.0,1086.0,724.0,28.0,29.47,D3,22.0,0.43
360.0,0.0,0.0,180.0,0.0,1086.0,724.0,28.0,28.89,D3,24.1,0.46
360.0,0.0,0.0,180.0,0.0,1086.0,724.0,28.0,30.04,D3,19.6,0.54
360.0,0.0,0.0,180.0,0.0,1086.0,724.0,28.0,25.15,D3,25.3,0.37
360.0,0.0,0.0,180.0,0.0,1086.0,724.0,28.0,29.3,D3,23.8,0.46
360.0,0.0,0.0,180.0,0.0,1086.0,724.0,28.0,18.39,D3,21.9,0.55
360.0,0.0,0.0,180.0,0.0,1086.0,724.0,28.0,18.48,D3,21.7,0.46
360.0,0.0,0.0,180.0,0.0,1086.0,724.0,28.0,19.61,D3,23.0,0.39
360.0,0.0,0.0,180.0,0.0,1086.0,724.0,28.0,18.48,D3,25.0,0.42
360.0,0.0,0.0,180.0,0.0,1086.0,724.0,28.0,18.56,D3,22.2,0.46
360.0,0.0,0.0,180.0,0.0,1086.0,724.0,28.0,18.39,D3,22.3,0.52
360.0,0.0,0.0,180.0,0.0,1086.0,724.0,28.0,23.12,D3,22.0,0.43
360.0,0.0,0.0,180.0,0.0,1086.0,724.0,28.0,22.63,D3,25.6,0.49
360.0,0.0,0.0,180.0,0.0,1086.0,724.0,28.0,20.83,D3,21.3,0.38
360.0,0.0,0.0,180.0,0.0,1086.0,724.0,28.0,23.61,D3,21.9,0.38
360.0,0.0,0.0,180.0,0.0,1086.0,724.0,28.0,22.22,D3,24.9,0.43
360.0,0.0,0.0,180.0,0.0,1086.0,724.0,28.0,24.09,D3,22.3,0.52
360.0,0.0,0.0,180.0,0.0,1086.0,724.0,28.0,19.61,D3,24.3,0.45
360.0,0.0,0.0,180.0,0.0,1086.0,724.0,28.0,21.32,D3,20.2,0.46
360.0,0.0,0.0,180.0,0.0,1086.0,724.0,28.0,19.13,D3,21.6,0.46
360.0,0.0,0.0,180.0,0.0,1086.0,724.0,28.0,20.92,D3,25.0,0.51
360.0,0.0,0.0,180.0,0.0,1086.0,724.0,28.0,19.94,D3,20.6,0.42
360.0,0.0,0.0,180.0,0.0,1086.0,724.0,28.0,21.17,D3,21.7,0.48
360.0,0.0,0.0,180.0,0.0,1086.0,724.0,28.0,23.61,D3,22.5,0.41
360.0,0.0,0.0,180.0,0.0,1086.0,724.0,28.0,21.0,D3,20.0,0.55
360.0,0.0,0.0,180.0,0.0,1086.0,724.0,28.0,23.28,D3,21.2,0.41
360.0,0.0,0.0,180.0,0.0,1086.0,724.0,28.0,23.36,D3,22.2,0.41
360.0,0.0,0.0,180.0,0.0,1086.0,724.0,28.0,23.12,D3,22.1,0.48
360.0,0.0,0.0,180.0,0.0,1086.0,724.0,28.0,22.71,D3,24.6,0.45
360.0,0.0,0.0,180.0,0.0,1086.0,724.0,28.0,14.24,D3,25.1,0.47
360.0,0.0,0.0,180.0,0.0,1086.0,724.0,28.0,16.28,D3,20.3,0.46
360.0,0.0,0.0,180.0,0.0,1086.0,724.0,28.0,13.84,D3,22.2,0.4
360.0,0.0,0.0,180.0,0.0,1086.0,724.0,28.0,13.84,D3,23.3,0.53
360.0,0.0,0.0,180.0,0.0,1086.0,724.0,28.0,15.22,D3,25.0,0.49
360.0,0.0,0.0,180.0,0.0,1086.0,724.0,28.0,15.87,D3,23.4,0.52
360.0,0.0,0.0,180.0,0.0,1086.0,724.0,28.0,18.39,D3,22.6,0.42
360.0,0.0,0.0,180.0,0.0,1086.0,724.0,28.0,19.21,D3,23.3,0.47
360.0,0.0,0.0,180.0,0.0,1086.0,724.0,28.0,19.05,D3,23.3,0.46
360.0,0.0,0.0,180.0,0.0,1086.0,724.0,28.0,19.13,D3,20.1,0.51
360.0,0.0,0.0,180.0,0.0,1086.0,724.0,28.0,18.56,D3,22.4,0.51
360.0,0.0,0.0,180.0,0.0,1086.0,724.0,28.0,18.56,D3,24.9,0.46
360.0,0.0,0.0,180.0,0.0,1086.0,724.0,28.0,16.28,D3,21.6,0.37
360.0,0.0,0.0,180.0,0.0,1086.0,724.0,28.0,13.84,D3,22.3,0.54
360.0,0.0,0.0,180.0,0.0,1086.0,724.0,28.0,14.65,D3,21.5,0.48
360.0,0.0,0.0,180.0,0.0,1086.0,724.0,28.0,15.22,D3,17.4,0.42
360.0,0.0,0.0,180.0,0.0,1086.0,724.0,28.0,14.82,D3,22.0,0.47
360.0,0.0,0.0,180.0,0.0,1086.0,724.0,28.0,16.68,D3,22.6,0.37
360.0,0.0,0.0,180.0,0.0,1086.0,724.0,28.0,20.19,D3,21.0,0.5
360.0,0.0,0.0,180.0,0.0,1086.0,724.0,28.0,20.35,D3,19.7,0.38
360.0,0.0,0.0,180.0,0.0,1086.0,724.0,28.0,20.92,D3,20.2,0.44
360.0,0.0,0.0,180.0,0.0,1086.0,724.0,28.0,22.3,D3,23.5,0.46
360.0,0.0,0.0,180.0,0.0,1086.0,724.0,28.0,22.3,D3,25.9,0.5
360.0,0.0,0.0,180.0,0.0,1086.0,724.0,28.0,21.73,D3,24.8,0.46
360.0,0.0,0.0,180.0,0.0,1086.0,724.0,28.0,12.04,D3,19.3,0.48
360.0,0.0,0.0,180.0,0.0,1086.0,724.0,28.0,13.43,D3,23.7,0.45
360.0,0.0,0.0,180.0,0.0,1086.0,724.0,28.0,11.97,D3,20.7,0.45
360.0,0.0,0.0,180.0,0.0,1086.0,724.0,28.0,11.8,D3,20.8,0.45
360.0,0.0,0.0,180.0,0.0,1086.0,724.0,28.0,12.38,D3,21.1,0.44
360.0,0.0,0.0,180.0,0.0,1086.0,724.0,28.0,12.62,D3,23.4,0.37
360.0,0.0,0.0,180.0,0.0,1086.0,724.0,28.0,10.67,D3,23.9,0.41
360.0,0.0,0.0,180.0,0.0,1086.0,724.0,28.0,10.09,D3,21.8,0.46
360.0,0.0,0.0,180.0,0.0,1086.0,724.0,28.0,10.33,D3,21.8,0.44
360.0,0.0,0.0,180.0,0.0,1086.0,724.0,28.0,10.33,D3,22.9,0.44
360.0,0.0,0.0,180.0,0.0,1086.0,724.0,28.0,10.5,D3,23.1,0.43
360.0,0.0,0.0,180.0,0.0,1086.0,724.0,28.0,11.89,D3,24.4,0.41
360.0,0.0,0.0,180.0,0.0,1086.0,724.0,28.0,13.11,D3,19.4,0.43
360.0,0.0,0.0,180.0,0.0,1086.0,724.0,28.0,13.43,D3,22.0,0.43
360.0,0.0,0.0,180.0,0.0,1086.0,724.0,28.0,13.19,D3,19.9,0.45
360.0,0.0,0.0,180.0,0.0,1086.0,724.0,28.0,12.7,D3,21.9,0.47
360.0,0.0,0.0,180.0,0.0,1086.0,724.0,28.0,13.6,D3,21.5,0.44
360.0,0.0,0.0,180.0,0.0,1086.0,724.0,28.0,12.78,D3,21.9,0.4
360.0,0.0,0.0,180.0,0.0,1086.0,724.0,28.0,11.97,D3,20.4,0.38
360.0,0.0,0.0,180.0,0.0,1086.0,724.0,28.0,11.89,D3,19.0,0.58
360.0,0.0,0.0,180.0,0.0,1086.0,724.0,28.0,12.53,D3,17.8,0.39
360.0,0.0,0.0,180.0,0.0,1086.0,724.0,28.0,12.86,D3,21.7,0.42
360.0,0.0,0.0,180.0,0.0,1086.0,724.0,28.0,12.45,D3,21.1,0.48
360.0,0.0,0.0,180.0,0.0,1086.0,724.0,28.0,16.68,D3,20.6,0.47
360.0,0.0,0.0,180.0,0.0,1086.0,724.0,28.0,16.44,D3,24.6,0.48
360.0,0.0,0.0,180.0,0.0,1086.0,724.0,28.0,17.34,D3,20.3,0.43
360.0,0.0,0.0,180.0,0.0,1086.0,724.0,28.0,18.97,D3,24.8,0.46
360.0,0.0,0.0,180.0,0.0,1086.0,724.0,28.0,18.72,D3,25.2,0.45
360.0,0.0,0.0,180.0,0.0,1086.0,724.0,28.0,17.5,D3,18.1,0.43
360.0,0.0,0.0,180.0,0.0,1086.0,724.0,28.0,19.13,D3,22.2,0.46
360.0,0.0,0.0,180.0,0.0,1086.0,724.0,28.0,20.1,D3,21.2,0.5
360.0,0.0,0.0,180.0,0.0,1086.0,724.0,28.0,19.54,D3,16.2,0.45
360.0,0.0,0.0,180.0,0.0,1086.0,724.0,28.0,20.35,D3,19.1,0.45
360.0,0.0,0.0,180.0,0.0,1086.0,724.0,28.0,19.78,D3,23.5,0.5
360.0,0.0,0.0,180.0,0.0,1086.0,724.0,28.0,19.7,D3,26.0,0.5
360.0,0.0,0.0,180.0,0.0,1086.0,724.0,28.0,17.75,D3,23.8,0.53
360.0,0.0,0.0,180.0,0.0,1086.0,724.0,28.0,17.42,D3,22.6,0.36
360.0,0.0,0.0,180.0,0.0,1086.0,724.0,28.0,17.99,D3,22.0,0.5
360.0,0.0,0.0,180.0,0.0,1086.0,724.0,28.0,20.27,D3,25.4,0.48
360.0,0.0,0.0,180.0,0.0,1086.0,724.0,28.0,11.97,D3,26.3,0.41
360.0,0.0,0.0,180.0,0.0,1086.0,724.0,28.0,12.29,D3,20.8,0.46
360.0,0.0,0.0,180.0,0.0,1086.0,724.0,28.0,35.9,D3,18.0,0.5
360.0,0.0,0.0,180.0,0.0,1086.0,724.0,28.0,33.46,D3,17.8,0.41
360.0,0.0,0.0,180.0,0.0,1086.0,724.0,28.0,36.06,D3,24.6,0.47
360.0,0.0,0.0,180.0,0.0,1086.0,724.0,28.0,32.64,D3,21.9,0.49
360.0,0.0,0.0,180.0,0.0,1086.0,724.0,28.0,35.08,D3,22.4,0.4
360.0,0.0,0.0,180.0,0.0,1086.0,724.0,28.0,34.51,D3,18.4,0.44
360.0,0.0,0.0,180.0,0.0,1086.0,724.0,28.0,39.47,D3,20.5,0.47
360.0,0.0,0.0,180.0,0.0,1086.0,724.0,28.0,35.65,D3,21.4,0.41
360.0,0.0,0.0,180.0,0.0,1086.0,724.0,28.0,33.78,D3,22.4,0.41
360.0,0.0,0.0,180.0,0.0,1086.0,724.0,28.0,34.84,D3,21.2,0.44
360.0,0.0,0.0,180.0,0.0,1086.0,724.0,28.0,36.79,D3,19.9,0.49
360.0,0.0,0.0,180.0,0.0,1086.0,724.0,28.0,36.22,D3,20.4,0.48
360.0,0.0,0.0,180.0,0.0,1086.0,724.0,28.0,41.67,D3,24.4,0.41
360.0,0.0,0.0,180.0,0.0,1086.0,724.0,28.0,41.51,D3,22.5,0.48
360.0,0.0,0.0,180.0,0.0,1086.0,724.0,28.0,40.94,D3,23.2,0.41
360.0,0.0,0.0,180.0,0.0,1086.0,724.0,28.0,41.51,D3,20.2,0.37
360.0,0.0,0.0,180.0,0.0,1086.0,724.0,28.0,37.68,D3,16.1,0.43
360.0,0.0,0.0,180.0,0.0,1086.0,724.0,28.0,41.51,D3,21.0,0.51
360.0,0.0,0.0,180.0,0.0,1086.0,724.0,28.0,41.84,D3,20.3,0.48
360.0,0.0,0.0,180.0,0.0,1086.0,724.0,28.0,43.3,D3,22.7,0.45
360.0,0.0,0.0,180.0,0.0,1086.0,724.0,28.0,42.16,D3,28.6,0.43
360.0,0.0,0.0,180.0,0.0,1086.0,724.0,28.0,41.51,D3,23.4,0.43
360.0,0.0,0.0,180.0,0.0,1086.0,724.0,28.0,40.78,D3,27.5,0.46
360.0,0.0,0.0,180.0,0.0,1086.0,724.0,28.0,42.16,D3,23.1,0.4
360.0,0.0,0.0,180.0,0.0,1086.0,724.0,28.0,35.65,D3,20.7,0.43
360.0,0.0,0.0,180.0,0.0,1086.0,724.0,28.0,34.02,D3,22.7,0.44
360.0,0.0,0.0,180.0,0.0,1086.0,724.0,28.0,34.59,D3,25.6,0.38
360.0,0.0,0.0,180.0,0.0,1086.0,724.0,28.0,34.02,D3,25.7,0.41
360.0,0.0,0.0,180.0,0.0,1086.0,724.0,28.0,34.19,D3,20.8,0.47
360.0,0.0,0.0,180.0,0.0,1086.0,724.0,28.0,34.68,D3,22.5,0.45
360.0,0.0,0.0,180.0,0.0,1086.0,724.0,28.0,33.13,D3,19.1,0.43
360.0,0.0,0.0,180.0,0.0,1086.0,724.0,28.0,32.97,D3,23.6,0.4
360.0,0.0,0.0,180.0,0.0,1086.0,724.0,28.0,31.75,D3,25.1,0.53
360.0,0.0,0.0,180.0,0.0,1086.0,724.0,28.0,33.53,D3,22.1,0.41
360.0,0.0,0.0,180.0,0.0,1086.0,724.0,28.0,32.97,D3,20.7,0.46
360.0,0.0,0.0,180.0,0.0,1086.0,724.0,28.0,32.97,D3,22.7,0.43
360.0,0.0,0.0,180.0,0.0,1086.0,724.0,28.0,32.23,D3,22.8,0.45
360.0,0.0,0.0,180.0,0.0,1086.0,724.0,28.0,34.19,D3,22.2,0.47
360.0,0.0,0.0,180.0,0.0,1086.0,724.0,28.0,32.97,D3,22.4,0.38
360.0,0.0,0.0,180.0,0.0,1086.0,724.0,28.0,31.58,D3,21.7,0.45
360.0,0.0,0.0,180.0,0.0,1086.0,724.0,28.0,32.72,D3,24.0,0.51
360.0,0.0,0.0,180.0,0.0,1086.0,724.0,28.0,33.37,D3,23.5,0.54
360.0,0.0,0.0,180.0,0.0,1086.0,724.0,28.0,26.45,D3,20.0,0.44
360.0,0.0,0.0,180.0,0.0,1086.0,724.0,28.0,27.43,D3,20.0,0.45
360.0,0.0,0.0,180.0,0.0,1086.0,724.0,28.0,28.16,D3,21.5,0.56
360.0,0.0,0.0,180.0,0.0,1086.0,724.0,28.0,28.16,D3,23.5,0.51
360.0,0.0,0.0,180.0,0.0,1086.0,724.0,28.0,28.89,D3,22.3,0.42
360.0,0.0,0.0,180.0,0.0,1086.0,724.0,28.0,28.89,D3,20.7,0.42
360.0,0.0,0.0,180.0,0.0,1086.0,724.0,28.0,21.9,D3,22.5,0.5
360.0,0.0,0.0,180.0,0.0,1086.0,724.0,28.0,20.76,D3,21.3,0.4
360.0,0.0,0.0,180.0,0.0,1086.0,724.0,28.0,22.39,D3,23.8,0.5
360.0,0.0,0.0,180.0,0.0,1086.0,724.0,28.0,21.81,D3,22.7,0.47
360.0,0.0,0.0,180.0,0.0,1086.0,724.0,28.0,22.06,D3,21.4,0.48
360.0,0.0,0.0,180.0,0.0,1086.0,724.0,28.0,21.57,D3,22.5,0.44
360.0,0.0,0.0,180.0,0.0,1086.0,724.0,28.0,21.65,D3,24.6,0.42
360.0,0.0,0.0,180.0,0.0,1086.0,724.0,28.0,22.06,D3,20.9,0.52
360.0,0.0,0.0,180.0,0.0,1086.0,724.0,28.0,22.79,D3,22.8,0.44
360.0,0.0,0.0,180.0,0.0,1086.0,724.0,28.0,22.79,D3,21.9,0.43
360.0,0.0,0.0,180.0,0.0,1086.0,724.0,28.0,22.79,D3,22.9,0.45
360.0,0.0,0.0,180.0,0.0,1086.0,724.0,28.0,22.79,D3,20.7,0.46
360.0,0.0,0.0,180.0,0.0,1086.0,724.0,28.0,18.97,D3,22.2,0.4
360.0,0.0,0.0,180.0,0.0,1086.0,724.0,28.0,19.21,D3,24.2,0.42
360.0,0.0,0.0,180.0,0.0,1086.0,724.0,28.0,18.56,D3,20.1,0.42
360.0,0.0,0.0,180.0,0.0,1086.0,724.0,28.0,19.54,D3,19.3,0.49
360.0,0.0,0.0,180.0,0.0,1086.0,724.0,28.0,19.37,D3,19.4,0.41
360.0,0.0,0.0,180.0,0.0,1086.0,724.0,28.0,20.35,D3,19.7,0.36
360.0,0.0,0.0,180.0,0.0,1086.0,724.0,28.0,18.64,D3,23.2,0.35
360.0,0.0,0.0,180.0,0.0,1086.0,724.0,28.0,18.39,D3,19.2,0.38
360.0,0.0,0.0,180.0,0.0,1086.0,724.0,28.0,17.75,D3,21.4,0.52
360.0,0.0,0.0,180.0,0.0,1086.0,724.0,28.0,18.97,D3,23.2,0.45
360.0,0.0,0.0,180.0,0.0,1086.0,724.0,28.0,19.54,D3,22.8,0.48
360.0,0.0,0.0,180.0,0.0,1086.0,724.0,28.0,19.7,D3,21.2,0.48
360.0,0.0,0.0,180.0,0.0,1086.0,724.0,28.0,19.54,D3,22.4,0.45
360.0,0.0,0.0,180.0,0.0,1086.0,724.0,28.0,16.73,D3,22.2,0.45
360.0,0.0,0.0,180.0,0.0,1086.0,724.0,28.0,17.44,D3,21.6,0.5
360.0,0.0,0.0,180.0,0.0,1086.0,724.0,28.0,22.46,D3,21.6,0.46
360.0,0.0,0.0,180.0,0.0,1086.0,724.0,28.0,18.75,D3,26.5,0.52
360.0,0.0,0.0,180.0,0.0,1086.0,724.0,28.0,22.0,D3,23.6,0.48
360.0,0.0,0.0,180.0,0.0,1086.0,724.0,28.0,15.01,D3,27.0,0.42
360.0,0.0,0.0,180.0,0.0,1086.0,724.0,28.0,13.38,D3,21.0,0.43
360.0,0.0,0.0,180.0,0.0,1086.0,724.0,28.0,16.62,D3,21.8,0.41
360.0,0.0,0.0,180.0,0.0,1086.0,724.0,28.0,13.75,D3,19.3,0.51
360.0,0.0,0.0,180.0,0.0,1086.0,724.0,28.0,18.42,D3,20.4,0.43
360.0,0.0,0.0,180.0,0.0,1086.0,724.0,28.0,19.65,D3,25.8,0.41
360.0,0.0,0.0,180.0,0.0,1086.0,724.0,28.0,23.4,D3,21.0,0.47
360.0,0.0,0.0,180.0,0.0,1086.0,724.0,28.0,20.99,D3,25.8,0.45
360.0,0.0,0.0,180.0,0.0,1086.0,724.0,28.0,11.13,D3,19.5,0.46
360.0,0.0,0.0,180.0,0.0,1086.0,724.0,28.0,14.7,D3,19.9,0.54
360.0,0.0,0.0,180.0,0.0,1086.0,724.0,28.0,18.23,D3,21.3,0.5
360.0,0.0,0.0,180.0,0.0,1086.0,724.0,28.0,21.37,D3,21.9,0.45
360.0,0.0,0.0,180.0,0.0,1086.0,724.0,28.0,12.33,D3,23.8,0.38
360.0,0.0,0.0,180.0,0.0,1086.0,724.0,28.0,10.12,D3,22.9,0.43
360.0,0.0,0.0,180.0,0.0,1086.0,724.0,28.0,12.86,D3,21.2,0.49
360.0,0.0,0.0,180.0,0.0,1086.0,724.0,28.0,11.5,D3,21.7,0.39
360.0,0.0,0.0,180.0,0.0,1086.0,724.0,28.0,14.61,D3,21.4,0.56
360.0,0.0,0.0,180.0,0.0,1086.0,724.0,28.0,13.52,D3,20.2,0.45
360.0,0.0,0.0,180.0,0.0,1086.0,724.0,28.0,9.11,D3,20.2,0.45
360.0,0.0,0.0,180.0,0.0,1086.0,724.0,28.0,11.53,D3,24.1,0.42
360.0,0.0,0.0,180.0,0.0,1086.0,724.0,28.0,11.41,D3,18.3,0.47
360.0,0.0,0.0,180.0,0.0,1086.0,724.0,28.0,10.09,D3,25.2,0.39
360.0,0.0,0.0,180.0,0.0,1086.0,724.0,28.0,12.35,D3,21.3,0.56
360.0,0.0,0.0,180.0,0.0,1086.0,724.0,28.0,11.67,D3,20.5,0.52
360.0,0.0,0.0,180.0,0.0,1086.0,724.0,28.0,14.67,D3,23.5,0.5
360.0,0.0,0.0,180.0,0.0,1086.0,724.0,28.0,8.98,D3,25.0,0.38
360.0,0.0,0.0,180.0,0.0,1086.0,724.0,28.0,9.32,D3,24.2,0.46
360.0,0.0,0.0,180.0,0.0,1086.0,724.0,28.0,7.78,D3,23.0,0.51
360.0,0.0,0.0,180.0,0.0,1086.0,724.0,28.0,7.07,D3,24.2,0.48
360.0,0.0,0.0,180.0,0.0,1086.0,724.0,28.0,10.11,D3,18.6,0.4
360.0,0.0,0.0,180.0,0.0,1086.0,724.0,28.0,11.28,D3,21.0,0.42
360.0,0.0,0.0,180.0,0.0,1086.0,724.0,28.0,13.19,D3,20.2,0.43
360.0,0.0,0.0,180.0,0.0,1086.0,724.0,28.0,17.02,D3,24.4,0.42
360.0,0.0,0.0,180.0,0.0,1086.0,724.0,28.0,14.05,D3,21.2,0.53
360.0,0.0,0.0,180.0,0.0,1086.0,724.0,28.0,17.99,D3,23.7,0.35
360.0,0.0,0.0,180.0,0.0,1086.0,724.0,28.0,15.9,D3,23.1,0.48
360.0,0.0,0.0,180.0,0.0,1086.0,724.0,28.0,23.44,D3,20.3,0.39
360.0,0.0,0.0,180.0,0.0,1086.0,724.0,28.0,9.98,D3,20.8,0.4
360.0,0.0,0.0,180.0,0.0,1086.0,724.0,28.0,16.41,D3,24.6,0.35
360.0,0.0,0.0,180.0,0.0,1086.0,724.0,28.0,16.99,D3,20.4,0.42
360.0,0.0,0.0,180.0,0.0,1086.0,724.0,28.0,18.62,D3,22.2,0.53
360.0,0.0,0.0,180.0,0.0,1086.0,724.0,28.0,20.41,D3,20.4,0.46
360.0,0.0,0.0,180.0,0.0,1086.0,724.0,28.0,9.54,D3,21.4,0.39
360.0,0.0,0.0,180.0,0.0,1086.0,724.0,28.0,8.94,D3,21.9,0.5
360.0,0.0,0.0,180.0,0.0,1086.0,724.0,28.0,10.92,D3,20.4,0.51
360.0,0.0,0.0,180.0,0.0,1086.0,724.0,28.0,6.27,D3,20.1,0.46
360.0,0.0,0.0,180.0,0.0,1086.0,724.0,28.0,11.89,D3,22.6,0.55
360.0,0.0,0.0,180.0,0.0,1086.0,724.0,28.0,13.55,D3,20.3,0.49
360.0,0.0,0.0,180.0,0.0,1086.0,724.0,28.0,9.01,D3,20.4,0.48
360.0,0.0,0.0,180.0,0.0,1086.0,724.0,28.0,5.03,D3,20.1,0.41
360.0,0.0,0.0,180.0,0.0,1086.0,724.0,28.0,5.96,D3,21.8,0.48
360.0,0.0,0.0,180.0,0.0,1086.0,724.0,28.0,7.76,D3,23.9,0.46
360.0,0.0,0.0,180.0,0.0,1086.0,724.0,28.0,6.78,D3,25.0,0.48
360.0,0.0,0.0,180.0,0.0,1086.0,724.0,28.0,6.72,D3,20.5,0.42
360.0,0.0,0.0,180.0,0.0,1086.0,724.0,28.0,16.2,D3,26.3,0.46
360.0,0.0,0.0,180.0,0.0,1086.0,724.0,28.0,17.27,D3,20.0,0.41
360.0,0.0,0.0,180.0,0.0,1086.0,724.0,28.0,9.71,D3,24.2,0.34
360.0,0.0,0.0,180.0,0.0,1086.0,724.0,28.0,10.5,D3,20.6,0.5
360.0,0.0,0.0,180.0,0.0,1086.0,724.0,28.0,7.21,D3,20.3,0.37
360.0,0.0,0.0,180.0,0.0,1086.0,724.0,28.0,15.26,D3,20.5,0.46
360.0,0.0,0.0,180.0,0.0,1086.0,724.0,28.0,12.59,D3,21.9,0.47
360.0,0.0,0.0,180.0,0.0,1086.0,724.0,28.0,14.46,D3,23.2,0.47
360.0,0.0,0.0,180.0,0.0,1086.0,724.0,28.0,13.37,D3,23.3,0.44
360.0,0.0,0.0,180.0,0.0,1086.0,724.0,28.0,18.82,D3,20.1,0.46
360.0,0.0,0.0,180.0,0.0,1086.0,724.0,28.0,22.69,D3,20.0,0.47
360.0,0.0,0.0,180.0,0.0,1086.0,724.0,28.0,24.03,D3,20.2,0.49
360.0,0.0,0.0,180.0,0.0,1086.0,724.0,28.0,34.84,D3,21.8,0.54
360.0,0.0,0.0,180.0,0.0,1086.0,724.0,28.0,31.85,D3,21.6,0.46
360.0,0.0,0.0,180.0,0.0,1086.0,724.0,28.0,18.48,D3,20.1,0.45
360.0,0.0,0.0,180.0,0.0,1086.0,724.0,28.0,17.48,D3,22.5,0.4
360.0,0.0,0.0,180.0,0.0,1086.0,724.0,28.0,16.24,D3,26.5,0.47
360.0,0.0,0.0,180.0,0.0,1086.0,724.0,28.0,14.6,D3,21.0,0.48
227.8481012658228,0.0,0.0,180.0,0.0,1165.2911392405065,776.860759493671,7.0,9.22,D3,21.1,0.44
227.8481012658228,0.0,0.0,180.0,0.0,1165.2911392405065,776.860759493671,7.0,10.13,D3,23.1,0.48
227.8481012658228,0.0,0.0,180.0,0.0,1165.2911392405065,776.860759493671,7.0,10.27,D3,20.9,0.44
227.8481012658228,0.0,0.0,180.0,0.0,1165.2911392405065,776.860759493671,28.0,13.57,D3,23.3,0.48
227.8481012658228,0.0,0.0,180.0,0.0,1165.2911392405065,776.860759493671,28.0,13.47,D3,20.6,0.5
227.8481012658228,0.0,0.0,180.0,0.0,1165.2911392405065,776.860759493671,28.0,13.31,D3,25.7,0.49
227.8481012658228,0.0,0.0,180.0,0.0,1165.2911392405065,776.860759493671,90.0,16.17,D3,22.7,0.46
227.8481012658228,0.0,0.0,180.0,0.0,1165.2911392405065,776.860759493671,90.0,15.56,D3,20.8,0.4
227.8481012658228,0.0,0.0,180.0,0.0,1165.2911392405065,776.860759493671,90.0,15.92,D3,20.8,0.42
227.8481012658228,0.0,0.0,180.0,0.0,1165.2911392405065,776.860759493671,7.0,11.4,D3,21.0,0.48
227.8481012658228,0.0,0.0,180.0,0.0,1165.2911392405065,776.860759493671,7.0,11.68,D3,24.7,0.57
227.8481012658228,0.0,0.0,180.0,0.0,1165.2911392405065,776.860759493671,7.0,11.0,D3,19.5,0.43
227.8481012658228,0.0,0.0,180.0,0.0,1165.2911392405065,776.860759493671,28.0,14.0,D3,20.7,0.47
227.8481012658228,0.0,0.0,180.0,0.0,1165.2911392405065,776.860759493671,28.0,13.82,D3,20.9,0.42
227.8481012658228,0.0,0.0,180.0,0.0,1165.2911392405065,776.860759493671,28.0,13.86,D3,22.0,0.4
227.8481012658228,0.0,0.0,180.0,0.0,1165.2911392405065,776.860759493671,90.0,16.03,D3,21.5,0.42
227.8481012658228,0.0,0.0,180.0,0.0,1165.2911392405065,776.860759493671,90.0,15.99,D3,19.0,0.35
227.8481012658228,0.0,0.0,180.0,0.0,1165.2911392405065,776.860759493671,90.0,16.31,D3,21.2,0.52
243.24324324324328,0.0,0.0,180.0,0.0,1156.054054054054,770.7027027027027,7.0,13.53,D3,21.8,0.34
243.24324324324328,0.0,0.0,180.0,0.0,1156.054054054054,770.7027027027027,7.0,13.57,D3,20.7,0.44
243.24324324324328,0.0,0.0,180.0,0.0,1156.054054054054,770.7027027027027,7.0,13.86,D3,23.4,0.39
243.24324324324328,0.0,0.0,180.0,0.0,1156.054054054054,770.7027027027027,28.0,16.6,D3,23.8,0.41
243.24324324324328,0.0,0.0,180.0,0.0,1156.054054054054,770.7027027027027,28.0,16.28,D3,21.8,0.52
243.24324324324328,0.0,0.0,180.0,0.0,1156.054054054054,770.7027027027027,28.0,16.71,D3,22.5,0.46
243.24324324324328,0.0,0.0,180.0,0.0,1156.054054054054,770.7027027027027,90.0,18.92,D3,17.7,0.4
243.24324324324328,0.0,0.0,180.0,0.0,1156.054054054054,770.7027027027027,90.0,17.36,D3,21.2,0.42
243.24324324324328,0.0,0.0,180.0,0.0,1156.054054054054,770.7027027027027,90.0,18.81,D3,24.0,0.41
243.24324324324328,0.0,0.0,180.0,0.0,1156.054054054054,770.7027027027027,7.0,10.78,D3,21.2,0.45
243.24324324324328,0.0,0.0,180.0,0.0,1156.054054054054,770.7027027027027,7.0,10.6,D3,20.5,0.46
243.24324324324328,0.0,0.0,180.0,0.0,1156.054054054054,770.7027027027027,7.0,10.78,D3,26.6,0.54
243.24324324324328,0.0,0.0,180.0,0.0,1156.054054054054,770.7027027027027,28.0,13.31,D3,25.6,0.35
243.24324324324328,0.0,0.0,180.0,0.0,1156.054054054054,770.7027027027027,28.0,13.75,D3,22.9,0.45
243.24324324324328,0.0,0.0,180.0,0.0,1156.054054054054,770.7027027027027,28.0,12.91,D3,24.3,0.43
243.24324324324328,0.0,0.0,180.0,0.0,1156.054054054054,770.7027027027027,90.0,13.93,D3,17.5,0.5
243.24324324324328,0.0,0.0,180.0,0.0,1156.054054054054,770.7027027027027,90.0,14.25,D3,20.4,0.47
243.24324324324328,0.0,0.0,180.0,0.0,1156.054054054054,770.7027027027027,90.0,14.14,D3,21.1,0.48
260.8695652173913,0.0,0.0,180.0,0.0,1145.478260869565,763.6521739130435,7.0,11.5,D3,21.5,0.47
260.8695652173913,0.0,0.0,180.0,0.0,1145.478260869565,763.6521739130435,7.0,11.79,D3,21.0,0.4
260.8695652173913,0.0,0.0,180.0,0.0,1145.478260869565,763.6521739130435,7.0,11.47,D3,16.9,0.51
260.8695652173913,0.0,0.0,180.0,0.0,1145.478260869565,763.6521739130435,28.0,14.07,D3,22.8,0.49
260.8695652173913,0.0,0.0,180.0,0.0,1145.478260869565,763.6521739130435,28.0,13.86,D3,23.1,0.5
260.8695652173913,0.0,0.0,180.0,0.0,1145.478260869565,763.6521739130435,28.0,13.31,D3,25.2,0.51
260.8695652173913,0.0,0.0,180.0,0.0,1145.478260869565,763.6521739130435,90.0,16.13,D3,20.4,0.47
260.8695652173913,0.0,0.0,180.0,0.0,1145.478260869565,763.6521739130435,90.0,17.04,D3,20.3,0.52
260.8695652173913,0.0,0.0,180.0,0.0,1145.478260869565,763.6521739130435,90.0,15.52,D3,16.6,0.47
260.8695652173913,0.0,0.0,180.0,0.0,1145.478260869565,763.6521739130435,7.0,11.68,D3,21.4,0.44
260.8695652173913,0.0,0.0,180.0,0.0,1145.478260869565,763.6521739130435,7.0,11.47,D3,23.8,0.45
260.8695652173913,0.0,0.0,180.0,0.0,1145.478260869565,763.6521739130435,7.0,12.05,D3,20.8,0.45
260.8695652173913,0.0,0.0,180.0,0.0,1145.478260869565,763.6521739130435,28.0,15.05,D3,26.3,0.42
260.8695652173913,0.0,0.0,180.0,0.0,1145.478260869565,763.6521739130435,28.0,14.94,D3,21.5,0.53
260.8695652173913,0.0,0.0,180.0,0.0,1145.478260869565,763.6521739130435,28.0,15.08,D3,22.3,0.46
260.8695652173913,0.0,0.0,180.0,0.0,1145.478260869565,763.6521739130435,90.0,15.37,D3,19.3,0.45
260.8695652173913,0.0,0.0,180.0,0.0,1145.478260869565,763.6521739130435,90.0,16.06,D3,22.6,0.47
260.8695652173913,0.0,0.0,180.0,0.0,1145.478260869565,763.6521739130435,90.0,16.68,D3,18.0,0.6
276.9230769230769,0.0,0.0,180.0,0.0,1135.8461538461536,757.2307692307692,7.0,15.34,D3,23.4,0.39
276.9230769230769,0.0,0.0,180.0,0.0,1135.8461538461536,757.2307692307692,7.0,15.34,D3,23.4,0.41
276.9230769230769,0.0,0.0,180.0,0.0,1135.8461538461536,757.2307692307692,7.0,15.77,D3,24.7,0.38
276.9230769230769,0.0,0.0,180.0,0.0,1135.8461538461536,757.2307692307692,28.0,18.38,D3,20.0,0.44
276.9230769230769,0.0,0.0,180.0,0.0,1135.8461538461536,757.2307692307692,28.0,19.03,D3,22.3,0.46
276.9230769230769,0.0,0.0,180.0,0.0,1135.8461538461536,757.2307692307692,28.0,18.63,D3,23.1,0.43
276.9230769230769,0.0,0.0,180.0,0.0,1135.8461538461536,757.2307692307692,90.0,20.29,D3,22.9,0.42
276.9230769230769,0.0,0.0,180.0,0.0,1135.8461538461536,757.2307692307692,90.0,20.58,D3,20.3,0.46
276.9230769230769,0.0,0.0,180.0,0.0,1135.8461538461536,757.2307692307692,90.0,20.37,D3,17.2,0.42
276.9230769230769,0.0,0.0,180.0,0.0,1135.8461538461536,757.2307692307692,7.0,13.28,D3,22.7,0.47
276.9230769230769,0.0,0.0,180.0,0.0,1135.8461538461536,757.2307692307692,7.0,12.48,D3,21.7,0.51
276.9230769230769,0.0,0.0,180.0,0.0,1135.8461538461536,757.2307692307692,7.0,12.34,D3,20.9,0.48
276.9230769230769,0.0,0.0,180.0,0.0,1135.8461538461536,757.2307692307692,28.0,17.15,D3,23.5,0.49
276.9230769230769,0.0,0.0,180.0,0.0,1135.8461538461536,757.2307692307692,28.0,16.71,D3,21.9,0.5
276.9230769230769,0.0,0.0,180.0,0.0,1135.8461538461536,757.2307692307692,28.0,16.46,D3,19.4,0.46
276.9230769230769,0.0,0.0,180.0,0.0,1135.8461538461536,757.2307692307692,90.0,18.7,D3,18.1,0.44
276.9230769230769,0.0,0.0,180.0,0.0,1135.8461538461536,757.2307692307692,90.0,18.81,D3,19.7,0.41
276.9230769230769,0.0,0.0,180.0,0.0,1135.8461538461536,757.2307692307692,90.0,19.17,D3,26.8,0.43
295.08196721311475,0.0,0.0,180.0,0.0,1124.950819672131,749.9672131147541,7.0,14.62,D3,23.4,0.42
295.08196721311475,0.0,0.0,180.0,0.0,1124.950819672131,749.9672131147541,7.0,15.12,D3,22.4,0.49
295.08196721311475,0.0,0.0,180.0,0.0,1124.950819672131,749.9672131147541,7.0,13.93,D3,21.6,0.47
295.08196721311475,0.0,0.0,180.0,0.0,1124.950819672131,749.9672131147541,28.0,16.75,D3,21.5,0.48
295.08196721311475,0.0,0.0,180.0,0.0,1124.950819672131,749.9672131147541,28.0,17.44,D3,24.3,0.39
295.08196721311475,0.0,0.0,180.0,0.0,1124.950819672131,749.9672131147541,28.0,16.46,D3,21.0,0.52
295.08196721311475,0.0,0.0,180.0,0.0,1124.950819672131,749.9672131147541,90.0,19.28,D3,23.2,0.43
295.08196721311475,0.0,0.0,180.0,0.0,1124.950819672131,749.9672131147541,90.0,19.5,D3,21.3,0.39
295.08196721311475,0.0,0.0,180.0,0.0,1124.950819672131,749.9672131147541,90.0,19.64,D3,25.9,0.43
295.08196721311475,0.0,0.0,180.0,0.0,1124.950819672131,749.9672131147541,7.0,14.43,D3,23.5,0.57
295.08196721311475,0.0,0.0,180.0,0.0,1124.950819672131,749.9672131147541,7.0,14.11,D3,24.5,0.43
295.08196721311475,0.0,0.0,180.0,0.0,1124.950819672131,749.9672131147541,7.0,14.25,D3,20.8,0.43
295.08196721311475,0.0,0.0,180.0,0.0,1124.950819672131,749.9672131147541,28.0,17.69,D3,24.1,0.44
295.08196721311475,0.0,0.0,180.0,0.0,1124.950819672131,749.9672131147541,28.0,17.54,D3,21.4,0.44
295.08196721311475,0.0,0.0,180.0,0.0,1124.950819672131,749.9672131147541,28.0,17.8,D3,22.2,0.41
295.08196721311475,0.0,0.0,180.0,0.0,1124.950819672131,749.9672131147541,90.0,17.73,D3,25.3,0.46
295.08196721311475,0.0,0.0,180.0,0.0,1124.950819672131,749.9672131147541,90.0,18.81,D3,19.9,0.5
295.08196721311475,0.0,0.0,180.0,0.0,1124.950819672131,749.9672131147541,90.0,18.49,D3,22.4,0.47
310.3448275862069,0.0,0.0,180.0,0.0,1115.7931034482758,743.8620689655172,7.0,14.98,D3,22.9,0.39
310.3448275862069,0.0,0.0,180.0,0.0,1115.7931034482758,743.8620689655172,7.0,15.23,D3,23.0,0.43
310.3448275862069,0.0,0.0,180.0,0.0,1115.7931034482758,743.8620689655172,7.0,15.3,D3,21.1,0.42
310.3448275862069,0.0,0.0,180.0,0.0,1115.7931034482758,743.8620689655172,28.0,17.22,D3,26.2,0.45
310.3448275862069,0.0,0.0,180.0,0.0,1115.7931034482758,743.8620689655172,28.0,17.04,D3,19.4,0.52
310.3448275862069,0.0,0.0,180.0,0.0,1115.7931034482758,743.8620689655172,28.0,22.86,D3,24.9,0.44
310.3448275862069,0.0,0.0,180.0,0.0,1115.7931034482758,743.8620689655172,90.0,20.19,D3,24.4,0.45
310.3448275862069,0.0,0.0,180.0,0.0,1115.7931034482758,743.8620689655172,90.0,19.0,D3,25.8,0.54
310.3448275862069,0.0,0.0,180.0,0.0,1115.7931034482758,743.8620689655172,90.0,20.51,D3,18.8,0.49
310.3448275862069,0.0,0.0,180.0,0.0,1115.7931034482758,743.8620689655172,7.0,17.69,D3,20.3,0.48
310.3448275862069,0.0,0.0,180.0,0.0,1115.7931034482758,743.8620689655172,7.0,18.34,D3,25.0,0.55
310.3448275862069,0.0,0.0,180.0,0.0,1115.7931034482758,743.8620689655172,7.0,18.34,D3,18.2,0.47
310.3448275862069,0.0,0.0,180.0,0.0,1115.7931034482758,743.8620689655172,28.0,22.03,D3,18.8,0.35
310.3448275862069,0.0,0.0,180.0,0.0,1115.7931034482758,743.8620689655172,28.0,20.51,D3,21.0,0.49
310.3448275862069,0.0,0.0,180.0,0.0,1115.7931034482758,743.8620689655172,28.0,21.2,D3,22.4,0.37
310.3448275862069,0.0,0.0,180.0,0.0,1115.7931034482758,743.8620689655172,90.0,23.8,D3,25.2,0.47
310.3448275862069,0.0,0.0,180.0,0.0,1115.7931034482758,743.8620689655172,90.0,23.98,D3,21.6,0.36
310.3448275862069,0.0,0.0,180.0,0.0,1115.7931034482758,743.8620689655172,90.0,23.44,D3,20.8,0.43
333.3333333333333,0.0,0.0,180.0,0.0,1102.0,734.6666666666667,7.0,19.05,D3,22.6,0.43
333.3333333333333,0.0,0.0,180.0,0.0,1102.0,734.6666666666667,7.0,19.03,D3,22.9,0.41
333.3333333333333,0.0,0.0,180.0,0.0,1102.0,734.6666666666667,7.0,19.29,D3,22.9,0.43
333.3333333333333,0.0,0.0,180.0,0.0,1102.0,734.6666666666667,28.0,21.87,D3,21.6,0.5
333.3333333333333,0.0,0.0,180.0,0.0,1102.0,734.6666666666667,28.0,22.5,D3,18.1,0.41
333.3333333333333,0.0,0.0,180.0,0.0,1102.0,734.6666666666667,28.0,23.33,D3,20.2,0.48
333.3333333333333,0.0,0.0,180.0,0.0,1102.0,734.6666666666667,90.0,23.44,D3,24.8,0.4
333.3333333333333,0.0,0.0,180.0,0.0,1102.0,734.6666666666667,90.0,22.72,D3,22.4,0.44
333.3333333333333,0.0,0.0,180.0,0.0,1102.0,734.6666666666667,90.0,22.9,D3,21.4,0.47
333.3333333333333,0.0,0.0,180.0,0.0,1102.0,734.6666666666667,7.0,18.67,D3,24.2,0.4
333.3333333333333,0.0,0.0,180.0,0.0,1102.0,734.6666666666667,7.0,18.45,D3,19.7,0.38
333.3333333333333,0.0,0.0,180.0,0.0,1102.0,734.6666666666667,7.0,19.03,D3,21.5,0.47
333.3333333333333,0.0,0.0,180.0,0.0,1102.0,734.6666666666667,28.0,23.77,D3,22.3,0.51
333.3333333333333,0.0,0.0,180.0,0.0,1102.0,734.6666666666667,28.0,23.26,D3,21.1,0.45
333.3333333333333,0.0,0.0,180.0,0.0,1102.0,734.6666666666667,28.0,22.86,D3,22.2,0.43
333.3333333333333,0.0,0.0,180.0,0.0,1102.0,734.6666666666667,90.0,24.78,D3,21.6,0.46
333.3333333333333,0.0,0.0,180.0,0.0,1102.0,734.6666666666667,90.0,25.29,D3,19.2,0.45
333.3333333333333,0.0,0.0,180.0,0.0,1102.0,734.6666666666667,90.0,25.4,D3,22.4,0.46
360.0,0.0,0.0,180.0,0.0,1086.0,724.0,7.0,23.33,D3,19.3,0.32
360.0,0.0,0.0,180.0,0.0,1086.0,724.0,7.0,22.72,D3,22.3,0.4
360.0,0.0,0.0,180.0,0.0,1086.0,724.0,7.0,22.25,D3,24.7,0.41
360.0,0.0,0.0,180.0,0.0,1086.0,724.0,28.0,26.19,D3,21.4,0.46
360.0,0.0,0.0,180.0,0.0,1086.0,724.0,28.0,26.73,D3,19.7,0.46
360.0,0.0,0.0,180.0,0.0,1086.0,724.0,28.0,26.12,D3,21.7,0.48
360.0,0.0,0.0,180.0,0.0,1086.0,724.0,90.0,29.16,D3,20.3,0.46
360.0,0.0,0.0,180.0,0.0,1086.0,724.0,90.0,28.87,D3,23.2,0.38
360.0,0.0,0.0,180.0,0.0,1086.0,724.0,90.0,28.29,D3,21.7,0.52
360.0,0.0,0.0,180.0,0.0,1086.0,724.0,7.0,17.65,D3,25.4,0.51
360.0,0.0,0.0,180.0,0.0,1086.0,724.0,7.0,17.98,D3,24.3,0.39
360.0,0.0,0.0,180.0,0.0,1086.0,724.0,7.0,17.69,D3,21.7,0.47
360.0,0.0,0.0,180.0,0.0,1086.0,724.0,28.0,21.74,D3,23.4,0.42
360.0,0.0,0.0,180.0,0.0,1086.0,724.0,28.0,21.38,D3,21.2,0.46
360.0,0.0,0.0,180.0,0.0,1086.0,724.0,28.0,21.42,D3,22.1,0.5
360.0,0.0,0.0,180.0,0.0,1086.0,724.0,90.0,26.84,D3,21.3,0.56
360.0,0.0,0.0,180.0,0.0,1086.0,724.0,90.0,26.73,D3,23.5,0.49
360.0,0.0,0.0,180.0,0.0,1086.0,724.0,90.0,26.34,D3,24.9,0.46
360.0,0.0,0.0,180.0,0.0,1086.0,724.0,7.0,18.05,D3,23.6,0.43
360.0,0.0,0.0,180.0,0.0,1086.0,724.0,7.0,17.69,D3,23.8,0.46
360.0,0.0,0.0,180.0,0.0,1086.0,724.0,7.0,18.27,D3,23.8,0.52
400.0,0.0,0.0,180.0,0.0,1062.0,708.0,28.0,23.51,D3,23.1,0.45
400.0,0.0,0.0,180.0,0.0,1062.0,708.0,28.0,22.94,D3,19.7,0.41
400.0,0.0,0.0,180.0,0.0,1062.0,708.0,28.0,21.99,D3,25.4,0.37
400.0,0.0,0.0,180.0,0.0,1062.0,708.0,90.0,23.59,D3,25.6,0.48
400.0,0.0,0.0,180.0,0.0,1062.0,708.0,90.0,24.02,D3,21.5,0.46
400.0,0.0,0.0,180.0,0.0,1062.0,708.0,90.0,23.95,D3,21.3,0.42
400.0,0.0,0.0,180.0,0.0,1062.0,708.0,7.0,22.65,D3,23.2,0.5
400.0,0.0,0.0,180.0,0.0,1062.0,708.0,7.0,22.75,D3,23.1,0.43
400.0,0.0,0.0,180.0,0.0,1062.0,708.0,7.0,23.04,D3,21.6,0.44
400.0,0.0,0.0,180.0,0.0,1062.0,708.0,28.0,27.86,D3,19.5,0.45
400.0,0.0,0.0,180.0,0.0,1062.0,708.0,28.0,26.63,D3,22.6,0.43
400.0,0.0,0.0,180.0,0.0,1062.0,708.0,28.0,28.54,D3,23.1,0.46
400.0,0.0,0.0,180.0,0.0,1062.0,708.0,90.0,28.33,D3,23.5,0.51
400.0,0.0,0.0,180.0,0.0,1062.0,708.0,90.0,27.17,D3,22.7,0.39
400.0,0.0,0.0,180.0,0.0,1062.0,708.0,90.0,28.51,D3,21.5,0.47
428.5714285714286,0.0,0.0,180.0,0.0,1044.857142857143,696.5714285714286,7.0,24.13,D3,24.0,0.46
428.5714285714286,0.0,0.0,180.0,0.0,1044.857142857143,696.5714285714286,7.0,25.02,D3,22.1,0.46
428.5714285714286,0.0,0.0,180.0,0.0,1044.857142857143,696.5714285714286,7.0,23.95,D3,21.1,0.49
428.5714285714286,0.0,0.0,180.0,0.0,1044.857142857143,696.5714285714286,28.0,29.95,D3,21.6,0.45
428.5714285714286,0.0,0.0,180.0,0.0,1044.857142857143,696.5714285714286,28.0,30.46,D3,18.5,0.47
428.5714285714286,0.0,0.0,180.0,0.0,1044.857142857143,696.5714285714286,28.0,30.06,D3,21.6,0.49
428.5714285714286,0.0,0.0,180.0,0.0,1044.857142857143,696.5714285714286,90.0,31.36,D3,23.4,0.42
428.5714285714286,0.0,0.0,180.0,0.0,1044.857142857143,696.5714285714286,90.0,30.86,D3,22.7,0.46
428.5714285714286,0.0,0.0,180.0,0.0,1044.857142857143,696.5714285714286,90.0,31.51,D3,25.0,0.44
428.5714285714286,0.0,0.0,180.0,0.0,1044.857142857143,696.5714285714286,7.0,25.03,D3,21.5,0.44
428.5714285714286,0.0,0.0,180.0,0.0,1044.857142857143,696.5714285714286,7.0,25.4,D3,23.0,0.43
428.5714285714286,0.0,0.0,180.0,0.0,1044.857142857143,696.5714285714286,7.0,24.96,D3,23.6,0.47
428.5714285714286,0.0,0.0,180.0,0.0,1044.857142857143,696.5714285714286,28.0,31.54,D3,26.7,0.45
428.5714285714286,0.0,0.0,180.0,0.0,1044.857142857143,696.5714285714286,28.0,28.72,D3,22.3,0.47
428.5714285714286,0.0,0.0,180.0,0.0,1044.857142857143,696.5714285714286,28.0,30.1,D3,19.9,0.45
428.5714285714286,0.0,0.0,180.0,0.0,1044.857142857143,696.5714285714286,90.0,30.35,D3,23.7,0.37
428.5714285714286,0.0,0.0,180.0,0.0,1044.857142857143,696.5714285714286,90.0,30.53,D3,25.7,0.45
428.5714285714286,0.0,0.0,180.0,0.0,1044.857142857143,696.5714285714286,90.0,31.4,D3,21.4,0.45
360.0,0.0,0.0,180.0,0.0,1086.0,724.0,88.0,34.15,D3,23.7,0.46
360.0,0.0,0.0,180.0,0.0,1086.0,724.0,88.0,31.32,D3,24.5,0.42
360.0,0.0,0.0,180.0,0.0,1086.0,724.0,88.0,27.81,D3,24.0,0.39
360.0,0.0,0.0,180.0,0.0,1086.0,724.0,88.0,30.41,D3,22.3,0.48
360.0,0.0,0.0,180.0,0.0,1086.0,724.0,88.0,28.05,D3,20.6,0.44
360.0,0.0,0.0,180.0,0.0,1086.0,724.0,88.0,30.13,D3,21.8,0.46
360.0,0.0,0.0,180.0,0.0,1086.0,724.0,88.0,25.56,D3,22.9,0.44
360.0,0.0,0.0,180.0,0.0,1086.0,724.0,88.0,26.79,D3,23.8,0.45
360.0,0.0,0.0,180.0,0.0,1086.0,724.0,88.0,15.27,D3,22.7,0.43
720.0,0.0,0.0,180.0,0.0,870.0,580.0,116.0,47.93,D3,21.2,0.4
720.0,0.0,0.0,180.0,0.0,870.0,580.0,116.0,47.31,D3,23.1,0.47
720.0,0.0,0.0,180.0,0.0,870.0,580.0,116.0,42.13,D3,23.7,0.42
720.0,0.0,0.0,180.0,0.0,870.0,580.0,116.0,42.51,D3,22.8,0.46
720.0,0.0,0.0,180.0,0.0,870.0,580.0,116.0,40.89,D3,20.3,0.47
720.0,0.0,0.0,180.0,0.0,870.0,580.0,116.0,40.69,D3,21.6,0.42
720.0,0.0,0.0,180.0,0.0,870.0,580.0,116.0,36.91,D3,23.9,0.39
720.0,0.0,0.0,180.0,0.0,870.0,580.0,116.0,30.15,D3,19.2,0.57
720.0,0.0,0.0,180.0,0.0,870.0,580.0,116.0,23.58,D3,17.8,0.42
360.0,0.0,0.0,180.0,0.0,1086.0,724.0,28.0,27.64,D3,25.0,0.48
360.0,0.0,0.0,180.0,0.0,1086.0,724.0,28.0,28.64,D3,23.0,0.55
360.0,0.0,0.0,180.0,0.0,1086.0,724.0,28.0,28.97,D3,23.2,0.49
360.0,0.0,0.0,180.0,0.0,1086.0,724.0,244.0,31.87,D3,19.8,0.43
360.0,0.0,0.0,180.0,0.0,1086.0,724.0,244.0,32.62,D3,23.5,0.45
360.0,0.0,0.0,180.0,0.0,1086.0,724.0,244.0,32.62,D3,22.6,0.41
360.0,0.0,0.0,180.0,0.0,1086.0,724.0,280.0,32.29,D3,18.8,0.49
360.0,0.0,0.0,180.0,0.0,1086.0,724.0,280.0,32.45,D3,24.8,0.48
360.0,0.0,0.0,180.0,0.0,1086.0,724.0,280.0,33.45,D3,22.3,0.42
360.0,0.0,0.0,180.0,0.0,1086.0,724.0,293.0,32.79,D3,21.2,0.4
360.0,0.0,0.0,180.0,0.0,1086.0,724.0,293.0,33.62,D3,21.2,0.38
360.0,0.0,0.0,180.0,0.0,1086.0,724.0,293.0,33.62,D3,18.0,0.5
360.0,0.0,0.0,180.0,0.0,1086.0,724.0,342.0,33.03,D3,23.2,0.46
360.0,0.0,0.0,180.0,0.0,1086.0,724.0,342.0,34.2,D3,22.5,0.46
360.0,0.0,0.0,180.0,0.0,1086.0,724.0,342.0,34.36,D3,21.6,0.41
360.0,0.0,0.0,180.0,0.0,1086.0,724.0,1126.0,39.09,D3,24.6,0.38
360.0,0.0,0.0,180.0,0.0,1086.0,724.0,1126.0,37.1,D3,19.2,0.5
360.0,0.0,0.0,180.0,0.0,1086.0,724.0,1126.0,36.52,D3,20.8,0.45
360.0,0.0,0.0,180.0,0.0,1086.0,724.0,1126.0,35.86,D3,20.3,0.5
360.0,0.0,0.0,180.0,0.0,1086.0,724.0,1126.0,36.19,D3,21.4,0.43
360.0,0.0,0.0,180.0,0.0,1086.0,724.0,1126.0,38.84,D3,22.1,0.44
360.0,0.0,0.0,180.0,0.0,1086.0,724.0,1126.0,33.2,D3,22.9,0.49
360.0,0.0,0.0,180.0,0.0,1086.0,724.0,1126.0,38.01,D3,21.3,0.49
360.0,0.0,0.0,180.0,0.0,1086.0,724.0,1126.0,37.43,D3,20.2,0.49
360.0,0.0,0.0,180.0,0.0,1086.0,724.0,1126.0,35.11,D3,25.4,0.44
360.0,0.0,0.0,180.0,0.0,1086.0,724.0,1126.0,36.85,D3,26.8,0.48
360.0,0.0,0.0,180.0,0.0,1086.0,724.0,1126.0,35.28,D3,22.3,0.51
360.0,0.0,0.0,180.0,0.0,1086.0,724.0,1926.0,28.13,D3,20.5,0.44
360.0,0.0,0.0,180.0,0.0,1086.0,724.0,1926.0,28.54,D3,25.0,0.42
360.0,0.0,0.0,180.0,0.0,1086.0,724.0,1926.0,31.23,D3,19.1,0.52
360.0,0.0,0.0,180.0,0.0,1086.0,724.0,1926.0,33.08,D3,21.3,0.42
360.0,0.0,0.0,180.0,0.0,1086.0,724.0,1926.0,30.33,D3,20.6,0.48
360.0,0.0,0.0,180.0,0.0,1086.0,724.0,1926.0,30.1,D3,19.7,0.45
360.0,0.0,0.0,180.0,0.0,1086.0,724.0,1926.0,26.72,D3,21.4,0.36
360.0,0.0,0.0,180.0,0.0,1086.0,724.0,1926.0,29.96,D3,20.3,0.51
360.0,0.0,0.0,180.0,0.0,1086.0,724.0,1926.0,31.66,D3,22.0,0.31
360.0,0.0,0.0,180.0,0.0,1086.0,724.0,1926.0,31.27,D3,22.1,0.35
360.0,0.0,0.0,180.0,0.0,1086.0,724.0,1926.0,31.97,D3,20.8,0.48
360.0,0.0,0.0,180.0,0.0,1086.0,724.0,3653.0,4.15,D3,21.3,0.48
360.0,0.0,0.0,180.0,0.0,1086.0,724.0,3653.0,5.72,D3,21.5,0.42
360.0,0.0,0.0,180.0,0.0,1086.0,724.0,3653.0,5.87,D3,23.6,0.46
360.0,0.0,0.0,180.0,0.0,1086.0,724.0,3653.0,5.95,D3,21.7,0.32
360.0,0.0,0.0,180.0,0.0,1086.0,724.0,3653.0,6.03,D3,23.6,0.49
360.0,0.0,0.0,180.0,0.0,1086.0,724.0,3653.0,6.26,D3,23.2,0.46
360.0,0.0,0.0,180.0,0.0,1086.0,724.0,3653.0,6.34,D3,23.1,0.45
360.0,0.0,0.0,180.0,0.0,1086.0,724.0,3653.0,6.5,D3,24.8,0.45
360.0,0.0,0.0,180.0,0.0,1086.0,724.0,3653.0,6.58,D3,19.8,0.47
360.0,0.0,0.0,180.0,0.0,1086.0,724.0,3653.0,6.66,D3,21.1,0.45
360.0,0.0,0.0,180.0,0.0,1086.0,724.0,3653.0,6.89,D3,25.5,0.36
360.0,0.0,0.0,180.0,0.0,1086.0,724.0,3653.0,7.2,D3,21.5,0.56
360.0,0.0,0.0,180.0,0.0,1086.0,724.0,3653.0,7.36,D3,16.4,0.51
360.0,0.0,0.0,180.0,0.0,1086.0,724.0,3653.0,7.6,D3,21.6,0.39
360.0,0.0,0.0,180.0,0.0,1086.0,724.0,3653.0,7.75,D3,22.3,0.43
360.0,0.0,0.0,180.0,0.0,1086.0,724.0,3653.0,7.83,D3,16.8,0.44
360.0,0.0,0.0,180.0,0.0,1086.0,724.0,3653.0,7.99,D3,24.7,0.5
360.0,0.0,0.0,180.0,0.0,1086.0,724.0,3653.0,8.14,D3,20.6,0.34
360.0,0.0,0.0,180.0,0.0,1086.0,724.0,3653.0,8.14,D3,22.7,0.43
360.0,0.0,0.0,180.0,0.0,1086.0,724.0,3653.0,8.14,D3,21.5,0.36
360.0,0.0,0.0,180.0,0.0,1086.0,724.0,3653.0,8.53,D3,19.4,0.44
360.0,0.0,0.0,180.0,0.0,1086.0,724.0,3653.0,8.53,D3,19.9,0.43
360.0,0.0,0.0,180.0,0.0,1086.0,724.0,3653.0,8.53,D3,20.1,0.45
360.0,0.0,0.0,180.0,0.0,1086.0,724.0,3653.0,8.85,D3,24.2,0.42
360.0,0.0,0.0,180.0,0.0,1086.0,724.0,3653.0,8.93,D3,21.7,0.41
360.0,0.0,0.0,180.0,0.0,1086.0,724.0,3653.0,9.08,D3,21.0,0.48
360.0,0.0,0.0,180.0,0.0,1086.0,724.0,3653.0,9.08,D3,20.1,0.47
360.0,0.0,0.0,180.0,0.0,1086.0,724.0,3653.0,9.24,D3,24.4,0.48
360.0,0.0,0.0,180.0,0.0,1086.0,724.0,3653.0,9.55,D3,24.9,0.44
360.0,0.0,0.0,180.0,0.0,1086.0,724.0,3653.0,9.55,D3,24.4,0.42
360.0,0.0,0.0,180.0,0.0,1086.0,724.0,3653.0,9.71,D3,23.0,0.44
360.0,0.0,0.0,180.0,0.0,1086.0,724.0,3653.0,9.87,D3,22.6,0.48
360.0,0.0,0.0,180.0,0.0,1086.0,724.0,3653.0,9.94,D3,19.6,0.34
360.0,0.0,0.0,180.0,0.0,1086.0,724.0,3653.0,10.1,D3,21.5,0.47
360.0,0.0,0.0,180.0,0.0,1086.0,724.0,3653.0,10.1,D3,20.6,0.47
360.0,0.0,0.0,180.0,0.0,1086.0,724.0,3653.0,10.18,D3,18.3,0.45
360.0,0.0,0.0,180.0,0.0,1086.0,724.0,3653.0,10.26,D3,24.1,0.44
360.0,0.0,0.0,180.0,0.0,1086.0,724.0,3653.0,10.26,D3,20.6,0.32
360.0,0.0,0.0,180.0,0.0,1086.0,724.0,3653.0,10.26,D3,24.4,0.43
360.0,0.0,0.0,180.0,0.0,1086.0,724.0,3653.0,10.34,D3,23.8,0.54
360.0,0.0,0.0,180.0,0.0,1086.0,724.0,3653.0,10.41,D3,23.1,0.45
360.0,0.0,0.0,180.0,0.0,1086.0,724.0,3653.0,10.41,D3,23.2,0.43
360.0,0.0,0.0,180.0,0.0,1086.0,724.0,3653.0,10.41,D3,20.8,0.45
360.0,0.0,0.0,180.0,0.0,1086.0,724.0,3653.0,10.49,D3,25.7,0.47
360.0,0.0,0.0,180.0,0.0,1086.0,724.0,3653.0,10.49,D3,22.1,0.48
360.0,0.0,0.0,180.0,0.0,1086.0,724.0,3653.0,10.49,D3,22.6,0.44
360.0,0.0,0.0,180.0,0.0,1086.0,724.0,3653.0,10.65,D3,20.7,0.47
360.0,0.0,0.0,180.0,0.0,1086.0,724.0,3653.0,10.73,D3,20.1,0.53
360.0,0.0,0.0,180.0,0.0,1086.0,724.0,3653.0,10.81,D3,23.0,0.5
360.0,0.0,0.0,180.0,0.0,1086.0,724.0,3653.0,11.04,D3,22.4,0.57
360.0,0.0,0.0,180.0,0.0,1086.0,724.0,3653.0,11.04,D3,20.4,0.42
360.0,0.0,0.0,180.0,0.0,1086.0,724.0,3653.0,11.12,D3,19.1,0.53
360.0,0.0,0.0,180.0,0.0,1086.0,724.0,3653.0,11.12,D3,19.5,0.41
360.0,0.0,0.0,180.0,0.0,1086.0,724.0,3653.0,11.12,D3,24.4,0.47
360.0,0.0,0.0,180.0,0.0,1086.0,724.0,3653.0,11.2,D3,20.8,0.49
360.0,0.0,0.0,180.0,0.0,1086.0,724.0,3653.0,11.2,D3,21.3,0.42
360.0,0.0,0.0,180.0,0.0,1086.0,724.0,3653.0,11.35,D3,24.9,0.45
360.0,0.0,0.0,180.0,0.0,1086.0,724.0,3653.0,11.35,D3,19.8,0.5
360.0,0.0,0.0,180.0,0.0,1086.0,724.0,3653.0,11.35,D3,20.5,0.41
360.0,0.0,0.0,180.0,0.0,1086.0,724.0,3653.0,11.35,D3,20.5,0.53
360.0,0.0,0.0,180.0,0.0,1086.0,724.0,3653.0,11.35,D3,25.2,0.38
360.0,0.0,0.0,180.0,0.0,1086.0,724.0,3653.0,11.43,D3,26.0,0.55
360.0,0.0,0.0,180.0,0.0,1086.0,724.0,3653.0,11.51,D3,23.5,0.5
360.0,0.0,0.0,180.0,0.0,1086.0,724.0,3653.0,11.67,D3,23.6,0.45
360.0,0.0,0.0,180.0,0.0,1086.0,724.0,3653.0,11.75,D3,20.8,0.43
360.0,0.0,0.0,180.0,0.0,1086.0,724.0,3653.0,11.75,D3,25.9,0.42
360.0,0.0,0.0,180.0,0.0,1086.0,724.0,3653.0,11.75,D3,22.5,0.44
360.0,0.0,0.0,180.0,0.0,1086.0,724.0,3653.0,11.82,D3,23.7,0.45
360.0,0.0,0.0,180.0,0.0,1086.0,724.0,3653.0,11.9,D3,21.8,0.51
360.0,0.0,0.0,180.0,0.0,1086.0,724.0,3653.0,11.9,D3,21.5,0.55
360.0,0.0,0.0,180.0,0.0,1086.0,724.0,3653.0,11.9,D3,25.3,0.46
360.0,0.0,0.0,180.0,0.0,1086.0,724.0,3653.0,11.98,D3,23.1,0.41
360.0,0.0,0.0,180.0,0.0,1086.0,724.0,3653.0,11.98,D3,24.9,0.42
360.0,0.0,0.0,180.0,0.0,1086.0,724.0,3653.0,12.06,D3,22.5,0.44
360.0,0.0,0.0,180.0,0.0,1086.0,724.0,3653.0,12.14,D3,20.3,0.4
360.0,0.0,0.0,180.0,0.0,1086.0,724.0,3653.0,12.22,D3,20.8,0.39
360.0,0.0,0.0,180.0,0.0,1086.0,724.0,3653.0,12.29,D3,22.2,0.55
360.0,0.0,0.0,180.0,0.0,1086.0,724.0,3653.0,12.37,D3,20.7,0.47
360.0,0.0,0.0,180.0,0.0,1086.0,724.0,3653.0,12.37,D3,19.8,0.41
360.0,0.0,0.0,180.0,0.0,1086.0,724.0,3653.0,12.45,D3,24.4,0.49
360.0,0.0,0.0,180.0,0.0,1086.0,724.0,3653.0,12.53,D3,20.9,0.39
360.0,0.0,0.0,180.0,0.0,1086.0,724.0,3653.0,12.53,D3,22.3,0.4
360.0,0.0,0.0,180.0,0.0,1086.0,724.0,3653.0,12.53,D3,22.6,0.41
360.0,0.0,0.0,180.0,0.0,1086.0,724.0,3653.0,12.61,D3,20.8,0.53
360.0,0.0,0.0,180.0,0.0,1086.0,724.0,3653.0,12.61,D3,24.9,0.44
360.0,0.0,0.0,180.0,0.0,1086.0,724.0,3653.0,12.68,D3,19.8,0.33
360.0,0.0,0.0,180.0,0.0,1086.0,724.0,3653.0,12.84,D3,22.5,0.51
360.0,0.0,0.0,180.0,0.0,1086.0,724.0,3653.0,12.92,D3,22.5,0.43
360.0,0.0,0.0,180.0,0.0,1086.0,724.0,3653.0,12.92,D3,21.9,0.36
360.0,0.0,0.0,180.0,0.0,1086.0,724.0,3653.0,12.92,D3,19.4,0.43
360.0,0.0,0.0,180.0,0.0,1086.0,724.0,3653.0,13.23,D3,23.7,0.48
360.0,0.0,0.0,180.0,0.0,1086.0,724.0,3653.0,13.39,D3,23.5,0.47
360.0,0.0,0.0,180.0,0.0,1086.0,724.0,3653.0,13.39,D3,20.6,0.54
360.0,0.0,0.0,180.0,0.0,1086.0,724.0,3653.0,13.39,D3,23.4,0.41
360.0,0.0,0.0,180.0,0.0,1086.0,724.0,3653.0,13.39,D3,22.7,0.45
360.0,0.0,0.0,180.0,0.0,1086.0,724.0,3653.0,13.47,D3,19.4,0.42
360.0,0.0,0.0,180.0,0.0,1086.0,724.0,3653.0,13.7,D3,20.3,0.37
360.0,0.0,0.0,180.0,0.0,1086.0,724.0,3653.0,13.86,D3,24.3,0.49
360.0,0.0,0.0,180.0,0.0,1086.0,724.0,3653.0,13.94,D3,22.6,0.47
360.0,0.0,0.0,180.0,0.0,1086.0,724.0,3653.0,13.94,D3,20.9,0.46
360.0,0.0,0.0,180.0,0.0,1086.0,724.0,3653.0,13.94,D3,20.3,0.47
360.0,0.0,0.0,180.0,0.0,1086.0,724.0,3653.0,14.02,D3,21.0,0.42
360.0,0.0,0.0,180.0,0.0,1086.0,724.0,3653.0,14.02,D3,21.1,0.4
360.0,0.0,0.0,180.0,0.0,1086.0,724.0,3653.0,14.02,D3,20.3,0.45
360.0,0.0,0.0,180.0,0.0,1086.0,724.0,3653.0,14.02,D3,18.5,0.51
360.0,0.0,0.0,180.0,0.0,1086.0,724.0,3653.0,14.25,D3,24.3,0.53
360.0,0.0,0.0,180.0,0.0,1086.0,724.0,3653.0,14.25,D3,23.9,0.49
360.0,0.0,0.0,180.0,0.0,1086.0,724.0,3653.0,14.33,D3,19.5,0.45
360.0,0.0,0.0,180.0,0.0,1086.0,724.0,3653.0,14.33,D3,22.3,0.46
360.0,0.0,0.0,180.0,0.0,1086.0,724.0,3653.0,14.41,D3,20.2,0.45
360.0,0.0,0.0,180.0,0.0,1086.0,724.0,3653.0,14.49,D3,21.5,0.4
360.0,0.0,0.0,180.0,0.0,1086.0,724.0,3653.0,14.64,D3,21.3,0.45
360.0,0.0,0.0,180.0,0.0,1086.0,724.0,3653.0,14.64,D3,21.1,0.38
360.0,0.0,0.0,180.0,0.0,1086.0,724.0,3653.0,14.88,D3,26.0,0.44
360.0,0.0,0.0,180.0,0.0,1086.0,724.0,3653.0,15.03,D3,21.1,0.53
360.0,0.0,0.0,180.0,0.0,1086.0,724.0,3653.0,15.11,D3,20.4,0.49
360.0,0.0,0.0,180.0,0.0,1086.0,724.0,3653.0,15.11,D3,20.5,0.4
360.0,0.0,0.0,180.0,0.0,1086.0,724.0,3653.0,15.19,D3,24.1,0.45
360.0,0.0,0.0,180.0,0.0,1086.0,724.0,3653.0,15.27,D3,18.7,0.41
360.0,0.0,0.0,180.0,0.0,1086.0,724.0,3653.0,15.35,D3,20.5,0.45
360.0,0.0,0.0,180.0,0.0,1086.0,724.0,3653.0,15.74,D3,24.9,0.5
360.0,0.0,0.0,180.0,0.0,1086.0,724.0,3653.0,15.74,D3,22.5,0.48
360.0,0.0,0.0,180.0,0.0,1086.0,724.0,3653.0,15.82,D3,22.4,0.57
360.0,0.0,0.0,180.0,0.0,1086.0,724.0,3653.0,15.9,D3,26.3,0.51
360.0,0.0,0.0,180.0,0.0,1086.0,724.0,3653.0,15.97,D3,22.5,0.46
360.0,0.0,0.0,180.0,0.0,1086.0,724.0,3653.0,15.97,D3,20.6,0.48
360.0,0.0,0.0,180.0,0.0,1086.0,724.0,3653.0,16.05,D3,21.4,0.44
360.0,0.0,0.0,180.0,0.0,1086.0,724.0,3653.0,16.05,D3,19.7,0.39
360.0,0.0,0.0,180.0,0.0,1086.0,724.0,3653.0,16.13,D3,24.5,0.52
360.0,0.0,0.0,180.0,0.0,1086.0,724.0,3653.0,16.13,D3,23.1,0.5
360.0,0.0,0.0,180.0,0.0,1086.0,724.0,3653.0,16.21,D3,24.2,0.44
360.0,0.0,0.0,180.0,0.0,1086.0,724.0,3653.0,16.21,D3,24.4,0.46
360.0,0.0,0.0,180.0,0.0,1086.0,724.0,3653.0,16.29,D3,21.2,0.51
360.0,0.0,0.0,180.0,0.0,1086.0,724.0,3653.0,16.29,D3,20.1,0.49
360.0,0.0,0.0,180.0,0.0,1086.0,724.0,3653.0,16.29,D3,21.9,0.38
360.0,0.0,0.0,180.0,0.0,1086.0,724.0,3653.0,16.52,D3,20.3,0.46
360.0,0.0,0.0,180.0,0.0,1086.0,724.0,3653.0,16.52,D3,22.3,0.44
360.0,0.0,0.0,180.0,0.0,1086.0,724.0,3653.0,16.52,D3,24.3,0.51
360.0,0.0,0.0,180.0,0.0,1086.0,724.0,3653.0,16.6,D3,21.7,0.5
360.0,0.0,0.0,180.0,0.0,1086.0,724.0,3653.0,16.6,D3,22.3,0.52
360.0,0.0,0.0,180.0,0.0,1086.0,724.0,3653.0,16.76,D3,21.8,0.39
360.0,0.0,0.0,180.0,0.0,1086.0,724.0,3653.0,16.91,D3,23.6,0.41
360.0,0.0,0.0,180.0,0.0,1086.0,724.0,3653.0,17.07,D3,20.7,0.51
360.0,0.0,0.0,180.0,0.0,1086.0,724.0,3653.0,17.07,D3,17.6,0.42
360.0,0.0,0.0,180.0,0.0,1086.0,724.0,3653.0,17.23,D3,22.9,0.37
360.0,0.0,0.0,180.0,0.0,1086.0,724.0,3653.0,17.3,D3,24.0,0.48
360.0,0.0,0.0,180.0,0.0,1086.0,724.0,3653.0,17.3,D3,22.9,0.42
360.0,0.0,0.0,180.0,0.0,1086.0,724.0,3653.0,17.7,D3,20.7,0.54
360.0,0.0,0.0,180.0,0.0,1086.0,724.0,3653.0,17.77,D3,19.7,0.46
360.0,0.0,0.0,180.0,0.0,1086.0,724.0,3653.0,18.17,D3,23.0,0.46
360.0,0.0,0.0,180.0,0.0,1086.0,724.0,3653.0,18.4,D3,22.3,0.43
360.0,0.0,0.0,180.0,0.0,1086.0,724.0,3653.0,18.4,D3,21.7,0.53
360.0,0.0,0.0,180.0,0.0,1086.0,724.0,3653.0,18.56,D3,25.6,0.47
360.0,0.0,0.0,180.0,0.0,1086.0,724.0,3653.0,18.56,D3,20.1,0.43
360.0,0.0,0.0,180.0,0.0,1086.0,724.0,3653.0,18.64,D3,25.6,0.41
360.0,0.0,0.0,180.0,0.0,1086.0,724.0,3653.0,18.64,D3,22.1,0.45
360.0,0.0,0.0,180.0,0.0,1086.0,724.0,3653.0,18.71,D3,18.3,0.4
360.0,0.0,0.0,180.0,0.0,1086.0,724.0,3653.0,18.95,D3,21.6,0.5
360.0,0.0,0.0,180.0,0.0,1086.0,724.0,3653.0,18.95,D3,23.9,0.36
360.0,0.0,0.0,180.0,0.0,1086.0,724.0,3653.0,19.11,D3,21.3,0.44
360.0,0.0,0.0,180.0,0.0,1086.0,724.0,3653.0,19.18,D3,19.1,0.48
360.0,0.0,0.0,180.0,0.0,1086.0,724.0,3653.0,19.34,D3,21.7,0.47
360.0,0.0,0.0,180.0,0.0,1086.0,724.0,3653.0,19.42,D3,20.3,0.41
360.0,0.0,0.0,180.0,0.0,1086.0,724.0,3653.0,19.5,D3,23.0,0.48
360.0,0.0,0.0,180.0,0.0,1086.0,724.0,3653.0,19.58,D3,23.5,0.41
360.0,0.0,0.0,180.0,0.0,1086.0,724.0,3653.0,19.58,D3,19.9,0.45
360.0,0.0,0.0,180.0,0.0,1086.0,724.0,3653.0,19.81,D3,20.6,0.48
360.0,0.0,0.0,180.0,0.0,1086.0,724.0,3653.0,19.97,D3,23.5,0.47
360.0,0.0,0.0,180.0,0.0,1086.0,724.0,3653.0,20.05,D3,20.3,0.42
360.0,0.0,0.0,180.0,0.0,1086.0,724.0,3653.0,20.28,D3,19.8,0.51
360.0,0.0,0.0,180.0,0.0,1086.0,724.0,3653.0,20.28,D3,19.6,0.45
360.0,0.0,0.0,180.0,0.0,1086.0,724.0,3653.0,20.44,D3,22.7,0.49
360.0,0.0,0.0,180.0,0.0,1086.0,724.0,3653.0,20.67,D3,22.6,0.53
360.0,0.0,0.0,180.0,0.0,1086.0,724.0,3653.0,20.67,D3,20.6,0.51
360.0,0.0,0.0,180.0,0.0,1086.0,724.0,3653.0,20.83,D3,22.0,0.51
360.0,0.0,0.0,180.0,0.0,1086.0,724.0,3653.0,20.83,D3,25.1,0.46
360.0,0.0,0.0,180.0,0.0,1086.0,724.0,3653.0,20.91,D3,20.1,0.49
360.0,0.0,0.0,180.0,0.0,1086.0,724.0,3653.0,20.98,D3,18.1,0.46
360.0,0.0,0.0,180.0,0.0,1086.0,724.0,3653.0,21.06,D3,22.9,0.39
360.0,0.0,0.0,180.0,0.0,1086.0,724.0,3653.0,21.53,D3,21.8,0.47
360.0,0.0,0.0,180.0,0.0,1086.0,724.0,3653.0,21.61,D3,20.6,0.46
360.0,0.0,0.0,180.0,0.0,1086.0,724.0,3653.0,21.69,D3,23.3,0.48
360.0,0.0,0.0,180.0,0.0,1086.0,724.0,3653.0,21.77,D3,23.7,0.44
360.0,0.0,0.0,180.0,0.0,1086.0,724.0,3653.0,22.0,D3,17.6,0.41
360.0,0.0,0.0,180.0,0.0,1086.0,724.0,3653.0,22.08,D3,20.7,0.48
360.0,0.0,0.0,180.0,0.0,1086.0,724.0,3653.0,22.24,D3,26.6,0.38
360.0,0.0,0.0,180.0,0.0,1086.0,724.0,3653.0,22.63,D3,23.2,0.52
360.0,0.0,0.0,180.0,0.0,1086.0,724.0,3653.0,22.63,D3,23.4,0.44
360.0,0.0,0.0,180.0,0.0,1086.0,724.0,3653.0,22.71,D3,24.3,0.46
360.0,0.0,0.0,180.0,0.0,1086.0,724.0,3653.0,22.79,D3,22.0,0.48
360.0,0.0,0.0,180.0,0.0,1086.0,724.0,3653.0,22.86,D3,23.6,0.48
360.0,0.0,0.0,180.0,0.0,1086.0,724.0,3653.0,23.02,D3,23.4,0.38
360.0,0.0,0.0,180.0,0.0,1086.0,724.0,3653.0,23.02,D3,23.1,0.49
360.0,0.0,0.0,180.0,0.0,1086.0,724.0,3653.0,23.1,D3,21.4,0.47
360.0,0.0,0.0,180.0,0.0,1086.0,724.0,3653.0,23.49,D3,22.3,0.42
360.0,0.0,0.0,180.0,0.0,1086.0,724.0,3653.0,23.96,D3,20.8,0.41
360.0,0.0,0.0,180.0,0.0,1086.0,724.0,3653.0,23.96,D3,22.0,0.43
360.0,0.0,0.0,180.0,0.0,1086.0,724.0,3653.0,24.2,D3,19.7,0.39
360.0,0.0,0.0,180.0,0.0,1086.0,724.0,3653.0,24.51,D3,20.4,0.54
360.0,0.0,0.0,180.0,0.0,1086.0,724.0,3653.0,25.37,D3,21.4,0.52
360.0,0.0,0.0,180.0,0.0,1086.0,724.0,3653.0,25.45,D3,20.1,0.47
360.0,0.0,0.0,180.0,0.0,1086.0,724.0,3653.0,25.6,D3,21.0,0.44
360.0,0.0,0.0,180.0,0.0,1086.0,724.0,3653.0,26.0,D3,21.7,0.44
360.0,0.0,0.0,180.0,0.0,1086.0,724.0,3653.0,26.07,D3,22.8,0.49
360.0,0.0,0.0,180.0,0.0,1086.0,724.0,3653.0,28.97,D3,23.9,0.54
360.0,0.0,0.0,180.0,0.0,1086.0,724.0,17532.0,18.49,D3,21.1,0.42
360.0,0.0,0.0,180.0,0.0,1086.0,724.0,17532.0,21.06,D3,24.7,0.39
360.0,0.0,0.0,180.0,0.0,1086.0,724.0,17532.0,18.49,D3,23.9,0.53
360.0,0.0,0.0,180.0,0.0,1086.0,724.0,17532.0,13.66,D3,23.0,0.36
360.0,0.0,0.0,180.0,0.0,1086.0,724.0,17532.0,20.58,D3,22.3,0.4
360.0,0.0,0.0,180.0,0.0,1086.0,724.0,17532.0,19.05,D3,22.6,0.44
360.0,0.0,0.0,180.0,0.0,1086.0,724.0,17532.0,13.99,D3,24.4,0.37
360.0,0.0,0.0,180.0,0.0,1086.0,724.0,17532.0,22.67,D3,24.4,0.51
360.0,0.0,0.0,180.0,0.0,1086.0,724.0,17532.0,27.49,D3,24.7,0.49
360.0,0.0,0.0,180.0,0.0,1086.0,724.0,17532.0,18.49,D3,22.1,0.42
360.0,0.0,0.0,180.0,0.0,1086.0,724.0,17532.0,35.85,D3,23.1,0.51
360.0,0.0,0.0,180.0,0.0,1086.0,724.0,17532.0,22.67,D3,24.7,0.52
360.0,0.0,0.0,180.0,0.0,1086.0,724.0,17532.0,18.65,D3,20.8,0.44
360.0,0.0,0.0,180.0,0.0,1086.0,724.0,17532.0,14.15,D3,21.4,0.43
360.0,0.0,0.0,180.0,0.0,1086.0,724.0,17532.0,17.2,D3,22.0,0.56
360.0,0.0,0.0,180.0,0.0,1086.0,724.0,17532.0,17.44,D3,23.8,0.49
360.0,0.0,0.0,180.0,0.0,1086.0,724.0,17532.0,31.51,D3,23.8,0.46
360.0,0.0,0.0,180.0,0.0,1086.0,724.0,17532.0,21.7,D3,21.5,0.52
360.0,0.0,0.0,180.0,0.0,1086.0,724.0,17532.0,24.52,D3,19.0,0.47
360.0,0.0,0.0,180.0,0.0,1086.0,724.0,17532.0,24.52,D3,22.5,0.42
360.0,0.0,0.0,180.0,0.0,1086.0,724.0,17532.0,26.36,D3,20.2,0.45
360.0,0.0,0.0,180.0,0.0,1086.0,724.0,17532.0,16.4,D3,19.0,0.5
360.0,0.0,0.0,180.0,0.0,1086.0,724.0,17532.0,23.79,D3,19.5,0.35
360.0,0.0,0.0,180.0,0.0,1086.0,724.0,17532.0,32.07,D3,22.7,0.44
360.0,0.0,0.0,180.0,0.0,1086.0,724.0,17532.0,12.86,D3,24.7,0.52
360.0,0.0,0.0,180.0,0.0,1086.0,724.0,17532.0,14.15,D3,22.1,0.42
818.1818181818181,0.0,0.0,180.0,0.0,811.0909090909091,540.7272727272729,3.0,44.49,D3,22.4,0.53
692.3076923076923,0.0,0.0,180.0,0.0,886.6153846153845,591.0769230769231,3.0,46.9,D3,24.4,0.52
562.5,0.0,0.0,180.0,0.0,964.5,643.0,3.0,44.99,D3,18.9,0.45
782.6086956521739,0.0,0.0,180.0,0.0,832.4347826086956,554.9565217391304,3.0,46.73,D3,23.0,0.42
600.0,0.0,0.0,180.0,0.0,942.0,628.0,3.0,48.64,D3,22.0,0.44
545.4545454545454,0.0,0.0,180.0,0.0,974.7272727272726,649.8181818181819,3.0,46.31,D3,23.1,0.58
857.1428571428572,0.0,0.0,180.0,0.0,787.7142857142856,525.1428571428571,3.0,47.06,D3,21.0,0.54
818.1818181818181,0.0,0.0,180.0,0.0,811.0909090909091,540.7272727272729,3.0,51.21,D3,20.4,0.46
514.2857142857143,0.0,0.0,180.0,0.0,993.4285714285714,662.2857142857143,3.0,46.4,D3,22.3,0.42
818.1818181818181,0.0,0.0,180.0,0.0,811.0909090909091,540.7272727272729,90.0,59.8,D3,25.3,0.46
692.3076923076923,0.0,0.0,180.0,0.0,886.6153846153845,591.0769230769231,90.0,67.6,D3,23.7,0.46
562.5,0.0,0.0,180.0,0.0,964.5,643.0,90.0,64.7,D3,21.0,0.39
782.6086956521739,0.0,0.0,180.0,0.0,832.4347826086956,554.9565217391304,90.0,68.0,D3,19.3,0.45
600.0,0.0,0.0,180.0,0.0,942.0,628.0,90.0,72.2,D3,18.6,0.52
545.4545454545454,0.0,0.0,180.0,0.0,974.7272727272726,649.8181818181819,90.0,66.0,D3,24.6,0.36
857.1428571428572,0.0,0.0,180.0,0.0,787.7142857142856,525.1428571428571,90.0,70.3,D3,20.1,0.49
818.1818181818181,0.0,0.0,180.0,0.0,811.0909090909091,540.7272727272729,90.0,77.1,D3,21.3,0.52
514.2857142857143,0.0,0.0,180.0,0.0,993.4285714285714,662.2857142857143,90.0,70.7,D3,24.6,0.42
450.0,0.0,0.0,180.0,0.0,1032.0,688.0,7.0,30.13,D3,18.8,0.53
450.0,0.0,0.0,180.0,0.0,1032.0,688.0,14.0,38.43,D3,25.0,0.42
450.0,0.0,0.0,180.0,0.0,1032.0,688.0,28.0,43.07,D3,21.5,0.47
450.0,0.0,0.0,180.0,0.0,1032.0,688.0,96.0,46.25,D3,19.7,0.43
400.0,0.0,0.0,180.0,0.0,1062.0,708.0,7.0,31.04,D3,21.5,0.43
400.0,0.0,0.0,180.0,0.0,1062.0,708.0,14.0,31.32,D3,20.6,0.42
400.0,0.0,0.0,180.0,0.0,1062.0,708.0,28.0,38.91,D3,22.9,0.48
400.0,0.0,0.0,180.0,0.0,1062.0,708.0,96.0,38.98,D3,20.7,0.49
360.0,0.0,0.0,180.0,0.0,1086.0,724.0,7.0,25.24,D3,18.2,0.45
360.0,0.0,0.0,180.0,0.0,1086.0,724.0,14.0,31.08,D3,21.6,0.38
360.0,0.0,0.0,180.0,0.0,1086.0,724.0,28.0,34.07,D3,19.3,0.47
360.0,0.0,0.0,180.0,0.0,1086.0,724.0,96.0,36.76,D3,22.4,0.47
327.27272727272725,0.0,0.0,180.0,0.0,1105.6363636363635,737.0909090909091,7.0,23.82,D3,19.6,0.44
327.27272727272725,0.0,0.0,180.0,0.0,1105.6363636363635,737.0909090909091,14.0,25.2,D3,21.0,0.54
327.27272727272725,0.0,0.0,180.0,0.0,1105.6363636363635,737.0909090909091,28.0,28.0,D3,22.4,0.37
327.27272727272725,0.0,0.0,180.0,0.0,1105.6363636363635,737.0909090909091,96.0,33.67,D3,21.6,0.34
360.0,0.0,0.0,180.0,0.0,1086.0,724.0,13880.0,70.41,D3,22.5,0.41
360.0,0.0,0.0,180.0,0.0,1086.0,724.0,13880.0,64.91,D3,23.4,0.49
360.0,0.0,0.0,180.0,0.0,1086.0,724.0,13880.0,64.48,D3,19.7,0.4
360.0,0.0,0.0,180.0,0.0,1086.0,724.0,13880.0,61.6,D3,21.9,0.4
360.0,0.0,0.0,180.0,0.0,1086.0,724.0,13880.0,68.14,D3,15.3,0.5
360.0,0.0,0.0,180.0,0.0,1086.0,724.0,13880.0,63.69,D3,22.5,0.47
360.0,0.0,0.0,180.0,0.0,1086.0,724.0,13880.0,73.21,D3,21.4,0.47
360.0,0.0,0.0,180.0,0.0,1086.0,724.0,13880.0,62.99,D3,20.0,0.49
360.0,0.0,0.0,180.0,0.0,1086.0,724.0,13880.0,65.18,D3,22.6,0.43
360.0,0.0,0.0,180.0,0.0,1086.0,724.0,13880.0,66.75,D3,24.3,0.43
360.0,0.0,0.0,180.0,0.0,1086.0,724.0,13880.0,65.79,D3,21.0,0.49
360.0,0.0,0.0,180.0,0.0,1086.0,724.0,13880.0,62.3,D3,20.1,0.38
360.0,0.0,0.0,180.0,0.0,1086.0,724.0,24837.0,51.95,D3,22.3,0.34
360.0,0.0,0.0,180.0,0.0,1086.0,724.0,24837.0,46.43,D3,19.3,0.43
360.0,0.0,0.0,180.0,0.0,1086.0,724.0,24837.0,51.34,D3,20.7,0.5
360.0,0.0,0.0,180.0,0.0,1086.0,724.0,24837.0,54.26,D3,24.4,0.46
360.0,0.0,0.0,180.0,0.0,1086.0,724.0,24837.0,52.95,D3,22.1,0.49
360.0,0.0,0.0,180.0,0.0,1086.0,724.0,24837.0,39.29,D3,18.2,0.35
360.0,0.0,0.0,180.0,0.0,1086.0,724.0,24837.0,41.74,D3,18.4,0.47
360.0,0.0,0.0,180.0,0.0,1086.0,724.0,24837.0,45.89,D3,22.3,0.48
360.0,0.0,0.0,180.0,0.0,1086.0,724.0,24837.0,50.72,D3,23.7,0.38
360.0,0.0,0.0,180.0,0.0,1086.0,724.0,24837.0,62.77,D3,18.8,0.49
360.0,0.0,0.0,180.0,0.0,1086.0,724.0,24837.0,52.87,D3,22.9,0.44
360.0,0.0,0.0,180.0,0.0,1086.0,724.0,24837.0,42.97,D3,24.7,0.6
360.0,0.0,0.0,180.0,0.0,1086.0,724.0,13880.0,71.81,D3,25.8,0.34
360.0,0.0,0.0,180.0,0.0,1086.0,724.0,13880.0,66.75,D3,22.7,0.52
360.0,0.0,0.0,180.0,0.0,1086.0,724.0,13880.0,67.79,D3,23.0,0.43
360.0,0.0,0.0,180.0,0.0,1086.0,724.0,13880.0,63.95,D3,17.7,0.37
360.0,0.0,0.0,180.0,0.0,1086.0,724.0,13880.0,70.33,D3,26.2,0.42
360.0,0.0,0.0,180.0,0.0,1086.0,724.0,13880.0,70.24,D3,20.8,0.46
360.0,0.0,0.0,180.0,0.0,1086.0,724.0,13880.0,54.44,D3,20.1,0.5
360.0,0.0,0.0,180.0,0.0,1086.0,724.0,13880.0,67.36,D3,21.5,0.54
360.0,0.0,0.0,180.0,0.0,1086.0,724.0,13880.0,69.1,D3,25.0,0.52
360.0,0.0,0.0,180.0,0.0,1086.0,724.0,13880.0,66.4,D3,26.4,0.4
360.0,0.0,0.0,180.0,0.0,1086.0,724.0,13880.0,72.86,D3,22.3,0.51
360.0,0.0,0.0,180.0,0.0,1086.0,724.0,13880.0,71.29,D3,24.0,0.47
360.0,0.0,0.0,180.0,0.0,1086.0,724.0,13880.0,72.07,D3,22.1,0.42
360.0,0.0,0.0,180.0,0.0,1086.0,724.0,13880.0,88.04,D3,19.9,0.44
360.0,0.0,0.0,180.0,0.0,1086.0,724.0,13880.0,76.0,D3,25.0,0.41
360.0,0.0,0.0,180.0,0.0,1086.0,724.0,13880.0,63.34,D3,20.8,0.45
360.0,0.0,0.0,180.0,0.0,1086.0,724.0,13880.0,63.95,D3,25.1,0.41
360.0,0.0,0.0,180.0,0.0,1086.0,724.0,13880.0,55.49,D3,24.6,0.4
360.0,0.0,0.0,180.0,0.0,1086.0,724.0,13880.0,58.81,D3,23.2,0.47
360.0,0.0,0.0,180.0,0.0,1086.0,724.0,13880.0,64.22,D3,25.7,0.48
360.0,0.0,0.0,180.0,0.0,1086.0,724.0,13880.0,65.26,D3,26.5,0.44
