cement,slag,fly_ash,water,superplasticizer,coarse_agg,fine_agg,age,strength,source,temperature,humidity
360.0,0.0,0.0,180.0,0.0,1086.0,724.0,1.0,13.35,D4,27.7,0.65
360.0,0.0,0.0,180.0,0.0,1086.0,724.0,2.0,23.2,D4,24.5,0.67
360.0,0.0,0.0,180.0,0.0,1086.0,724.0,7.0,32.07,D4,24.4,0.6
360.0,0.0,0.0,180.0,0.0,1086.0,724.0,28.0,39.72,D4,26.3,0.57
360.0,0.0,0.0,180.0,0.0,1086.0,724.0,28.0,46.64,D4,24.7,0.55
360.0,0.0,0.0,180.0,0.0,1086.0,724.0,1.0,43.55,D4,25.2,0.55
360.0,0.0,0.0,180.0,0.0,1086.0,724.0,28.0,54.8,D4,20.0,0.64
360.0,0.0,0.0,180.0,0.0,1086.0,724.0,28.0,58.23,D4,25.0,0.63
360.0,0.0,0.0,180.0,0.0,1086.0,724.0,28.0,54.31,D4,21.3,0.6
360.0,0.0,0.0,180.0,0.0,1086.0,724.0,28.0,37.6,D4,22.6,0.63
360.0,0.0,0.0,180.0,0.0,1086.0,724.0,28.0,60.39,D4,22.3,0.61
360.0,0.0,0.0,180.0,0.0,1086.0,724.0,28.0,58.23,D4,22.9,0.65
360.0,0.0,0.0,180.0,0.0,1086.0,724.0,28.0,65.2,D4,23.9,0.65
360.0,0.0,0.0,180.0,0.0,1086.0,724.0,28.0,53.88,D4,24.0,0.55
360.0,0.0,0.0,180.0,0.0,1086.0,724.0,1.0,43.38,D4,26.3,0.61
360.0,0.0,0.0,180.0,0.0,1086.0,724.0,7.0,51.36,D4,25.4,0.52
360.0,0.0,0.0,180.0,0.0,1086.0,724.0,28.0,57.74,D4,21.2,0.61
360.0,0.0,0.0,180.0,0.0,1086.0,724.0,28.0,54.31,D4,25.2,0.63
360.0,0.0,0.0,180.0,0.0,1086.0,724.0,7.0,23.52,D4,25.6,0.53
360.0,0.0,0.0,180.0,0.0,1086.0,724.0,28.0,52.09,D4,24.3,0.58
360.0,0.0,0.0,180.0,0.0,1086.0,724.0,28.0,54.7,D4,24.9,0.6
360.0,0.0,0.0,180.0,0.0,1086.0,724.0,30.0,53.72,D4,25.4,0.61
360.0,0.0,0.0,180.0,0.0,1086.0,724.0,28.0,48.43,D4,26.5,0.59
360.0,0.0,0.0,180.0,0.0,1086.0,724.0,28.0,50.47,D4,21.9,0.54
360.0,0.0,0.0,180.0,0.0,1086.0,724.0,28.0,44.2,D4,24.5,0.6
360.0,0.0,0.0,180.0,0.0,1086.0,724.0,28.0,50.87,D4,28.0,0.52
360.0,0.0,0.0,180.0,0.0,1086.0,724.0,28.0,39.72,D4,27.8,0.59
360.0,0.0,0.0,180.0,0.0,1086.0,724.0,28.0,42.9,D4,26.7,0.58
360.0,0.0,0.0,180.0,0.0,1086.0,724.0,28.0,42.9,D4,26.1,0.59
360.0,0.0,0.0,180.0,0.0,1086.0,724.0,28.0,31.09,D4,28.3,0.57
360.0,0.0,0.0,180.0,0.0,1086.0,724.0,28.0,41.67,D4,28.8,0.52
360.0,0.0,0.0,180.0,0.0,1086.0,724.0,28.0,41.02,D4,24.7,0.58
360.0,0.0,0.0,180.0,0.0,1086.0,724.0,28.0,42.9,D4,23.1,0.65
360.0,0.0,0.0,180.0,0.0,1086.0,724.0,28.0,41.67,D4,24.5,0.66
360.0,0.0,0.0,180.0,0.0,1086.0,724.0,28.0,38.74,D4,31.2,0.72
360.0,0.0,0.0,180.0,0.0,1086.0,724.0,7.0,44.52,D4,21.9,0.68
360.0,0.0,0.0,180.0,0.0,1086.0,724.0,28.0,49.9,D4,24.1,0.54
360.0,0.0,0.0,180.0,0.0,1086.0,724.0,28.0,44.85,D4,22.2,0.58
360.0,0.0,0.0,180.0,0.0,1086.0,724.0,28.0,44.2,D4,25.2,0.6
360.0,0.0,0.0,180.0,0.0,1086.0,724.0,28.0,49.24,D4,22.6,0.6
360.0,0.0,0.0,180.0,0.0,1086.0,724.0,28.0,42.9,D4,24.8,0.6
360.0,0.0,0.0,180.0,0.0,1086.0,724.0,28.0,49.16,D4,21.1,0.72
360.0,0.0,0.0,180.0,0.0,1086.0,724.0,28.0,52.74,D4,26.2,0.55
360.0,0.0,0.0,180.0,0.0,1086.0,724.0,28.0,35.57,D4,27.4,0.56
360.0,0.0,0.0,180.0,0.0,1086.0,724.0,1.0,17.5,D4,24.2,0.68
360.0,0.0,0.0,180.0,0.0,1086.0,724.0,4.0,36.55,D4,24.7,0.57
360.0,0.0,0.0,180.0,0.0,1086.0,724.0,7.0,37.85,D4,24.7,0.62
360.0,0.0,0.0,180.0,0.0,1086.0,724.0,28.0,44.85,D4,25.4,0.65
360.0,0.0,0.0,180.0,0.0,1086.0,724.0,28.0,46.07,D4,24.9,0.62
360.0,0.0,0.0,180.0,0.0,1086.0,724.0,28.0,48.35,D4,26.5,0.61
360.0,0.0,0.0,180.0,0.0,1086.0,724.0,28.0,59.8,D4,27.5,0.65
360.0,0.0,0.0,180.0,0.0,1086.0,724.0,28.0,42.0,D4,23.4,0.56
360.0,0.0,0.0,180.0,0.0,1086.0,724.0,28.0,47.05,D4,24.4,0.58
360.0,0.0,0.0,180.0,0.0,1086.0,724.0,7.0,36.87,D4,26.8,0.63
360.0,0.0,0.0,180.0,0.0,1086.0,724.0,28.0,45.74,D4,22.2,0.5
360.0,0.0,0.0,180.0,0.0,1086.0,724.0,28.0,35.0,D4,21.1,0.67
360.0,0.0,0.0,180.0,0.0,1086.0,724.0,28.0,42.9,D4,25.5,0.62
360.0,0.0,0.0,180.0,0.0,1086.0,724.0,28.0,52.17,D4,26.0,0.61
360.0,0.0,0.0,180.0,0.0,1086.0,724.0,28.0,36.87,D4,23.6,0.52
360.0,0.0,0.0,180.0,0.0,1086.0,724.0,28.0,41.67,D4,23.8,0.54
360.0,0.0,0.0,180.0,0.0,1086.0,724.0,28.0,48.35,D4,23.5,0.58
360.0,0.0,0.0,180.0,0.0,1086.0,724.0,28.0,46.07,D4,23.3,0.64
360.0,0.0,0.0,180.0,0.0,1086.0,724.0,28.0,46.72,D4,26.4,0.5
360.0,0.0,0.0,180.0,0.0,1086.0,724.0,2.0,20.67,D4,22.6,0.64
360.0,0.0,0.0,180.0,0.0,1086.0,724.0,28.0,44.2,D4,24.5,0.58
360.0,0.0,0.0,180.0,0.0,1086.0,724.0,2.0,29.22,D4,23.2,0.59
360.0,0.0,0.0,180.0,0.0,1086.0,724.0,9.0,39.07,D4,22.1,0.61
360.0,0.0,0.0,180.0,0.0,1086.0,724.0,30.0,41.02,D4,26.7,0.61
360.0,0.0,0.0,180.0,0.0,1086.0,724.0,28.0,35.73,D4,24.0,0.56
360.0,0.0,0.0,180.0,0.0,1086.0,724.0,28.0,46.07,D4,25.4,0.63
360.0,0.0,0.0,180.0,0.0,1086.0,724.0,28.0,33.7,D4,22.0,0.48
360.0,0.0,0.0,180.0,0.0,1086.0,724.0,28.0,28.81,D4,23.5,0.58
360.0,0.0,0.0,180.0,0.0,1086.0,724.0,28.0,41.35,D4,26.5,0.61
360.0,0.0,0.0,180.0,0.0,1086.0,724.0,7.0,29.55,D4,30.2,0.58
360.0,0.0,0.0,180.0,0.0,1086.0,724.0,28.0,37.2,D4,21.0,0.51
360.0,0.0,0.0,180.0,0.0,1086.0,724.0,28.0,38.17,D4,24.6,0.64
360.0,0.0,0.0,180.0,0.0,1086.0,724.0,28.0,41.35,D4,25.8,0.54
360.0,0.0,0.0,180.0,0.0,1086.0,724.0,28.0,47.7,D4,23.8,0.6
360.0,0.0,0.0,180.0,0.0,1086.0,724.0,7.0,25.15,D4,26.7,0.61
360.0,0.0,0.0,180.0,0.0,1086.0,724.0,28.0,33.7,D4,23.3,0.6
360.0,0.0,0.0,180.0,0.0,1086.0,724.0,28.0,46.72,D4,25.3,0.66
360.0,0.0,0.0,180.0,0.0,1086.0,724.0,28.0,45.42,D4,24.0,0.6
360.0,0.0,0.0,180.0,0.0,1086.0,724.0,28.0,27.02,D4,27.4,0.62
360.0,0.0,0.0,180.0,0.0,1086.0,724.0,28.0,24.5,D4,23.6,0.6
360.0,0.0,0.0,180.0,0.0,1086.0,724.0,28.0,34.02,D4,24.3,0.63
360.0,0.0,0.0,180.0,0.0,1086.0,724.0,28.0,27.02,D4,26.9,0.67
360.0,0.0,0.0,180.0,0.0,1086.0,724.0,28.0,36.55,D4,22.9,0.61
360.0,0.0,0.0,180.0,0.0,1086.0,724.0,28.0,17.17,D4,25.1,0.64
360.0,0.0,0.0,180.0,0.0,1086.0,724.0,28.0,23.12,D4,21.4,0.67
360.0,0.0,0.0,180.0,0.0,1086.0,724.0,28.0,17.17,D4,22.8,0.67
360.0,0.0,0.0,180.0,0.0,1086.0,724.0,28.0,33.37,D4,25.8,0.58
360.0,0.0,0.0,180.0,0.0,1086.0,724.0,28.0,18.72,D4,23.0,0.65
360.0,0.0,0.0,180.0,0.0,1086.0,724.0,28.0,10.74,D4,23.9,0.61
360.0,0.0,0.0,180.0,0.0,1086.0,724.0,28.0,11.15,D4,26.0,0.66
360.0,0.0,0.0,180.0,0.0,1086.0,724.0,28.0,12.78,D4,23.8,0.63
360.0,0.0,0.0,180.0,0.0,1086.0,724.0,28.0,8.87,D4,26.6,0.61
360.0,0.0,0.0,180.0,0.0,1086.0,724.0,28.0,24.17,D4,25.4,0.62
428.5714285714286,0.0,0.0,180.0,0.0,1044.857142857143,696.5714285714286,28.0,24.18,D4,25.9,0.61
428.5714285714286,0.0,0.0,180.0,0.0,1044.857142857143,696.5714285714286,28.0,22.88,D4,27.5,0.61
428.5714285714286,0.0,0.0,180.0,0.0,1044.857142857143,696.5714285714286,28.0,23.75,D4,25.6,0.59
400.0,0.0,0.0,180.0,0.0,1062.0,708.0,28.0,22.66,D4,28.1,0.59
400.0,0.0,0.0,180.0,0.0,1062.0,708.0,28.0,24.18,D4,26.8,0.69
400.0,0.0,0.0,180.0,0.0,1062.0,708.0,28.0,24.62,D4,24.0,0.62
400.0,0.0,0.0,180.0,0.0,1062.0,708.0,28.0,25.49,D4,27.6,0.57
400.0,0.0,0.0,180.0,0.0,1062.0,708.0,28.0,25.49,D4,25.5,0.59
400.0,0.0,0.0,180.0,0.0,1062.0,708.0,28.0,26.36,D4,24.2,0.65
400.0,0.0,0.0,180.0,0.0,1062.0,708.0,28.0,24.4,D4,25.6,0.56
400.0,0.0,0.0,180.0,0.0,1062.0,708.0,28.0,25.06,D4,27.2,0.53
400.0,0.0,0.0,180.0,0.0,1062.0,708.0,28.0,26.58,D4,25.9,0.53
400.0,0.0,0.0,180.0,0.0,1062.0,708.0,28.0,24.84,D4,28.6,0.51
400.0,0.0,0.0,180.0,0.0,1062.0,708.0,28.0,24.4,D4,27.2,0.54
400.0,0.0,0.0,180.0,0.0,1062.0,708.0,28.0,23.97,D4,26.0,0.54
400.0,0.0,0.0,180.0,0.0,1062.0,708.0,28.0,27.23,D4,22.9,0.67
400.0,0.0,0.0,180.0,0.0,1062.0,708.0,28.0,28.76,D4,24.6,0.6
400.0,0.0,0.0,180.0,0.0,1062.0,708.0,28.0,27.02,D4,25.1,0.58
400.0,0.0,0.0,180.0,0.0,1062.0,708.0,28.0,24.84,D4,26.4,0.53
400.0,0.0,0.0,180.0,0.0,1062.0,708.0,28.0,26.58,D4,26.3,0.59
400.0,0.0,0.0,180.0,0.0,1062.0,708.0,28.0,26.15,D4,25.3,0.51
400.0,0.0,0.0,180.0,0.0,1062.0,708.0,28.0,27.45,D4,25.2,0.58
400.0,0.0,0.0,180.0,0.0,1062.0,708.0,28.0,27.89,D4,26.4,0.7
400.0,0.0,0.0,180.0,0.0,1062.0,708.0,28.0,29.2,D4,23.3,0.63
400.0,0.0,0.0,180.0,0.0,1062.0,708.0,28.0,26.15,D4,28.4,0.59
400.0,0.0,0.0,180.0,0.0,1062.0,708.0,28.0,28.11,D4,20.9,0.63
400.0,0.0,0.0,180.0,0.0,1062.0,708.0,28.0,26.58,D4,27.9,0.57
400.0,0.0,0.0,180.0,0.0,1062.0,708.0,28.0,27.02,D4,24.9,0.56
400.0,0.0,0.0,180.0,0.0,1062.0,708.0,28.0,26.36,D4,27.0,0.69
400.0,0.0,0.0,180.0,0.0,1062.0,708.0,28.0,25.71,D4,25.7,0.54
400.0,0.0,0.0,180.0,0.0,1062.0,708.0,28.0,23.75,D4,25.7,0.58
400.0,0.0,0.0,180.0,0.0,1062.0,708.0,28.0,25.06,D4,26.1,0.62
400.0,0.0,0.0,180.0,0.0,1062.0,708.0,28.0,27.89,D4,26.6,0.55
400.0,0.0,0.0,180.0,0.0,1062.0,708.0,28.0,23.75,D4,24.3,0.63
400.0,0.0,0.0,180.0,0.0,1062.0,708.0,28.0,25.93,D4,27.1,0.58
400.0,0.0,0.0,180.0,0.0,1062.0,708.0,28.0,24.62,D4,22.8,0.63
400.0,0.0,0.0,180.0,0.0,1062.0,708.0,28.0,26.58,D4,25.0,0.63
400.0,0.0,0.0,180.0,0.0,1062.0,708.0,28.0,25.93,D4,26.7,0.59
400.0,0.0,0.0,180.0,0.0,1062.0,708.0,28.0,24.62,D4,27.0,0.69
382.97872340425533,0.0,0.0,180.0,0.0,1072.212765957447,714.8085106382979,28.0,20.48,D4,25.9,0.57
382.97872340425533,0.0,0.0,180.0,0.0,1072.212765957447,714.8085106382979,28.0,20.92,D4,24.2,0.67
382.97872340425533,0.0,0.0,180.0,0.0,1072.212765957447,714.8085106382979,28.0,19.61,D4,26.8,0.66
360.0,0.0,0.0,180.0,0.0,1086.0,724.0,28.0,17.65,D4,23.7,0.69
360.0,0.0,0.0,180.0,0.0,1086.0,724.0,28.0,16.78,D4,28.5,0.61
360.0,0.0,0.0,180.0,0.0,1086.0,724.0,28.0,15.69,D4,24.8,0.56
461.53846153846155,0.0,0.0,180.0,0.0,1025.076923076923,683.3846153846155,28.0,25.71,D4,21.9,0.7
461.53846153846155,0.0,0.0,180.0,0.0,1025.076923076923,683.3846153846155,28.0,28.76,D4,22.6,0.58
461.53846153846155,0.0,0.0,180.0,0.0,1025.076923076923,683.3846153846155,28.0,27.89,D4,25.1,0.56
486.4864864864865,0.0,0.0,180.0,0.0,1010.108108108108,673.4054054054054,28.0,26.8,D4,25.3,0.59
486.4864864864865,0.0,0.0,180.0,0.0,1010.108108108108,673.4054054054054,28.0,30.94,D4,28.9,0.55
486.4864864864865,0.0,0.0,180.0,0.0,1010.108108108108,673.4054054054054,28.0,29.85,D4,22.9,0.63
339.62264150943395,0.0,0.0,180.0,0.0,1098.2264150943397,732.1509433962265,28.0,18.3,D4,25.1,0.57
339.62264150943395,0.0,0.0,180.0,0.0,1098.2264150943397,732.1509433962265,28.0,16.56,D4,22.9,0.59
339.62264150943395,0.0,0.0,180.0,0.0,1098.2264150943397,732.1509433962265,28.0,18.52,D4,24.0,0.65
339.62264150943395,0.0,0.0,180.0,0.0,1098.2264150943397,732.1509433962265,28.0,16.56,D4,28.4,0.63
339.62264150943395,0.0,0.0,180.0,0.0,1098.2264150943397,732.1509433962265,28.0,18.52,D4,22.7,0.6
339.62264150943395,0.0,0.0,180.0,0.0,1098.2264150943397,732.1509433962265,28.0,17.43,D4,26.2,0.61
339.62264150943395,0.0,0.0,180.0,0.0,1098.2264150943397,732.1509433962265,28.0,18.3,D4,25.8,0.6
339.62264150943395,0.0,0.0,180.0,0.0,1098.2264150943397,732.1509433962265,28.0,16.78,D4,25.0,0.58
339.62264150943395,0.0,0.0,180.0,0.0,1098.2264150943397,732.1509433962265,28.0,16.56,D4,26.0,0.6
339.62264150943395,0.0,0.0,180.0,0.0,1098.2264150943397,732.1509433962265,28.0,16.12,D4,22.7,0.62
339.62264150943395,0.0,0.0,180.0,0.0,1098.2264150943397,732.1509433962265,28.0,17.65,D4,28.3,0.59
339.62264150943395,0.0,0.0,180.0,0.0,1098.2264150943397,732.1509433962265,28.0,17.43,D4,28.8,0.62
500.0,0.0,0.0,180.0,0.0,1002.0,668.0,3.0,37.85,D4,25.1,0.56
500.0,0.0,0.0,180.0,0.0,1002.0,668.0,7.0,42.83,D4,29.8,0.57
500.0,0.0,0.0,180.0,0.0,1002.0,668.0,28.0,56.1,D4,24.2,0.56
500.0,0.0,0.0,180.0,0.0,1002.0,668.0,90.0,65.9,D4,25.8,0.57
500.0,0.0,0.0,180.0,0.0,1002.0,668.0,180.0,70.2,D4,27.9,0.66
500.0,0.0,0.0,180.0,0.0,1002.0,668.0,365.0,77.4,D4,24.1,0.64
750.0,0.0,0.0,180.0,0.0,852.0,568.0,3.0,52.95,D4,22.2,0.55
750.0,0.0,0.0,180.0,0.0,852.0,568.0,7.0,62.6,D4,21.8,0.62
750.0,0.0,0.0,180.0,0.0,852.0,568.0,28.0,72.6,D4,29.1,0.58
750.0,0.0,0.0,180.0,0.0,852.0,568.0,90.0,75.9,D4,23.9,0.57
750.0,0.0,0.0,180.0,0.0,852.0,568.0,180.0,83.4,D4,24.6,0.53
750.0,0.0,0.0,180.0,0.0,852.0,568.0,365.0,94.1,D4,22.8,0.65
720.0,0.0,0.0,180.0,0.0,870.0,580.0,3.0,63.7,D4,26.9,0.53
720.0,0.0,0.0,180.0,0.0,870.0,580.0,7.0,77.3,D4,23.4,0.6
720.0,0.0,0.0,180.0,0.0,870.0,580.0,28.0,95.1,D4,24.0,0.55
720.0,0.0,0.0,180.0,0.0,870.0,580.0,90.0,99.8,D4,25.6,0.64
720.0,0.0,0.0,180.0,0.0,870.0,580.0,180.0,105.1,D4,22.9,0.58
720.0,0.0,0.0,180.0,0.0,870.0,580.0,365.0,109.2,D4,24.6,0.59
750.0,0.0,0.0,180.0,0.0,852.0,568.0,3.0,61.0,D4,27.8,0.59
750.0,0.0,0.0,180.0,0.0,852.0,568.0,7.0,75.2,D4,25.9,0.62
750.0,0.0,0.0,180.0,0.0,852.0,568.0,28.0,94.3,D4,25.3,0.6
750.0,0.0,0.0,180.0,0.0,852.0,568.0,90.0,98.0,D4,25.4,0.6
750.0,0.0,0.0,180.0,0.0,852.0,568.0,180.0,100.1,D4,24.2,0.57
750.0,0.0,0.0,180.0,0.0,852.0,568.0,365.0,108.2,D4,29.0,0.52
428.5714285714286,0.0,0.0,180.0,0.0,1044.857142857143,696.5714285714286,3.0,35.52,D4,23.4,0.54
428.5714285714286,0.0,0.0,180.0,0.0,1044.857142857143,696.5714285714286,7.0,46.56,D4,25.4,0.64
428.5714285714286,0.0,0.0,180.0,0.0,1044.857142857143,696.5714285714286,28.0,63.8,D4,25.2,0.58
428.5714285714286,0.0,0.0,180.0,0.0,1044.857142857143,696.5714285714286,90.0,68.6,D4,27.0,0.57
428.5714285714286,0.0,0.0,180.0,0.0,1044.857142857143,696.5714285714286,180.0,67.0,D4,27.2,0.53
428.5714285714286,0.0,0.0,180.0,0.0,1044.857142857143,696.5714285714286,365.0,78.5,D4,24.9,0.51
428.5714285714286,0.0,0.0,180.0,0.0,1044.857142857143,696.5714285714286,3.0,33.86,D4,25.6,0.56
428.5714285714286,0.0,0.0,180.0,0.0,1044.857142857143,696.5714285714286,7.0,41.09,D4,25.7,0.64
428.5714285714286,0.0,0.0,180.0,0.0,1044.857142857143,696.5714285714286,28.0,61.3,D4,20.5,0.57
428.5714285714286,0.0,0.0,180.0,0.0,1044.857142857143,696.5714285714286,90.0,68.0,D4,21.8,0.62
428.5714285714286,0.0,0.0,180.0,0.0,1044.857142857143,696.5714285714286,180.0,70.9,D4,23.8,0.57
428.5714285714286,0.0,0.0,180.0,0.0,1044.857142857143,696.5714285714286,365.0,75.4,D4,23.9,0.63
750.0,0.0,0.0,180.0,0.0,852.0,568.0,3.0,55.7,D4,22.6,0.58
750.0,0.0,0.0,180.0,0.0,852.0,568.0,7.0,62.6,D4,26.5,0.54
750.0,0.0,0.0,180.0,0.0,852.0,568.0,28.0,75.6,D4,25.0,0.59
750.0,0.0,0.0,180.0,0.0,852.0,568.0,90.0,80.7,D4,24.6,0.69
750.0,0.0,0.0,180.0,0.0,852.0,568.0,180.0,81.8,D4,22.5,0.69
750.0,0.0,0.0,180.0,0.0,852.0,568.0,365.0,87.0,D4,24.9,0.62
720.0,0.0,0.0,180.0,0.0,870.0,580.0,3.0,59.8,D4,19.7,0.59
720.0,0.0,0.0,180.0,0.0,870.0,580.0,7.0,67.7,D4,24.7,0.62
720.0,0.0,0.0,180.0,0.0,870.0,580.0,28.0,79.6,D4,25.1,0.62
720.0,0.0,0.0,180.0,0.0,870.0,580.0,90.0,82.7,D4,25.5,0.6
720.0,0.0,0.0,180.0,0.0,870.0,580.0,180.0,83.4,D4,21.9,0.62
720.0,0.0,0.0,180.0,0.0,870.0,580.0,365.0,85.1,D4,25.4,0.61
500.0,0.0,0.0,180.0,0.0,1002.0,668.0,3.0,36.35,D4,22.9,0.58
500.0,0.0,0.0,180.0,0.0,1002.0,668.0,7.0,45.57,D4,23.4,0.54
500.0,0.0,0.0,180.0,0.0,1002.0,668.0,28.0,54.9,D4,26.4,0.58
500.0,0.0,0.0,180.0,0.0,1002.0,668.0,90.0,67.2,D4,29.0,0.64
500.0,0.0,0.0,180.0,0.0,1002.0,668.0,180.0,68.0,D4,25.1,0.6
500.0,0.0,0.0,180.0,0.0,1002.0,668.0,365.0,74.1,D4,23.4,0.62
450.0,0.0,0.0,180.0,0.0,1032.0,688.0,3.0,33.28,D4,25.4,0.59
450.0,0.0,0.0,180.0,0.0,1032.0,688.0,7.0,38.43,D4,26.9,0.55
450.0,0.0,0.0,180.0,0.0,1032.0,688.0,28.0,50.8,D4,26.2,0.59
450.0,0.0,0.0,180.0,0.0,1032.0,688.0,90.0,51.63,D4,30.5,0.55
450.0,0.0,0.0,180.0,0.0,1032.0,688.0,180.0,53.37,D4,23.6,0.55
450.0,0.0,0.0,180.0,0.0,1032.0,688.0,365.0,56.3,D4,25.5,0.66
360.0,0.0,0.0,180.0,0.0,1086.0,724.0,28.0,13.38,D4,28.1,0.58
360.0,0.0,0.0,180.0,0.0,1086.0,724.0,28.0,11.19,D4,28.0,0.56
360.0,0.0,0.0,180.0,0.0,1086.0,724.0,28.0,11.33,D4,21.1,0.68
360.0,0.0,0.0,180.0,0.0,1086.0,724.0,28.0,12.22,D4,25.0,0.64
360.0,0.0,0.0,180.0,0.0,1086.0,724.0,28.0,13.66,D4,28.0,0.58
360.0,0.0,0.0,180.0,0.0,1086.0,724.0,28.0,14.14,D4,30.8,0.62
360.0,0.0,0.0,180.0,0.0,1086.0,724.0,28.0,14.2,D4,26.4,0.59
360.0,0.0,0.0,180.0,0.0,1086.0,724.0,28.0,13.79,D4,24.3,0.57
360.0,0.0,0.0,180.0,0.0,1086.0,724.0,28.0,15.57,D4,23.0,0.62
360.0,0.0,0.0,180.0,0.0,1086.0,724.0,28.0,15.78,D4,29.4,0.58
360.0,0.0,0.0,180.0,0.0,1086.0,724.0,28.0,15.98,D4,26.5,0.6
360.0,0.0,0.0,180.0,0.0,1086.0,724.0,28.0,16.26,D4,23.3,0.65
360.0,0.0,0.0,180.0,0.0,1086.0,724.0,28.0,16.53,D4,24.6,0.65
360.0,0.0,0.0,180.0,0.0,1086.0,724.0,28.0,16.74,D4,25.6,0.57
360.0,0.0,0.0,180.0,0.0,1086.0,724.0,28.0,16.12,D4,26.1,0.62
360.0,0.0,0.0,180.0,0.0,1086.0,724.0,28.0,15.71,D4,23.2,0.54
360.0,0.0,0.0,180.0,0.0,1086.0,724.0,28.0,16.26,D4,23.8,0.62
360.0,0.0,0.0,180.0,0.0,1086.0,724.0,28.0,16.53,D4,21.7,0.61
360.0,0.0,0.0,180.0,0.0,1086.0,724.0,28.0,16.6,D4,27.1,0.62
360.0,0.0,0.0,180.0,0.0,1086.0,724.0,28.0,17.35,D4,24.3,0.59
360.0,0.0,0.0,180.0,0.0,1086.0,724.0,28.0,17.76,D4,25.9,0.7
360.0,0.0,0.0,180.0,0.0,1086.0,724.0,28.0,18.04,D4,27.8,0.55
360.0,0.0,0.0,180.0,0.0,1086.0,724.0,28.0,18.45,D4,25.4,0.65
360.0,0.0,0.0,180.0,0.0,1086.0,724.0,28.0,21.05,D4,24.8,0.55
360.0,0.0,0.0,180.0,0.0,1086.0,724.0,28.0,19.34,D4,25.4,0.63
360.0,0.0,0.0,180.0,0.0,1086.0,724.0,28.0,19.54,D4,25.1,0.63
360.0,0.0,0.0,180.0,0.0,1086.0,724.0,28.0,19.89,D4,27.5,0.6
360.0,0.0,0.0,180.0,0.0,1086.0,724.0,28.0,20.09,D4,25.6,0.58
360.0,0.0,0.0,180.0,0.0,1086.0,724.0,28.0,17.76,D4,23.9,0.61
360.0,0.0,0.0,180.0,0.0,1086.0,724.0,28.0,18.24,D4,27.1,0.61
360.0,0.0,0.0,180.0,0.0,1086.0,724.0,28.0,17.7,D4,27.5,0.69
360.0,0.0,0.0,180.0,0.0,1086.0,724.0,28.0,17.28,D4,22.3,0.56
360.0,0.0,0.0,180.0,0.0,1086.0,724.0,28.0,17.22,D4,28.1,0.57
360.0,0.0,0.0,180.0,0.0,1086.0,724.0,28.0,17.7,D4,25.7,0.61
360.0,0.0,0.0,180.0,0.0,1086.0,724.0,28.0,17.97,D4,25.6,0.59
360.0,0.0,0.0,180.0,0.0,1086.0,724.0,28.0,18.38,D4,27.0,0.59
360.0,0.0,0.0,180.0,0.0,1086.0,724.0,28.0,18.59,D4,23.9,0.65
360.0,0.0,0.0,180.0,0.0,1086.0,724.0,28.0,19.2,D4,26.9,0.46
360.0,0.0,0.0,180.0,0.0,1086.0,724.0,28.0,19.75,D4,24.2,0.57
360.0,0.0,0.0,180.0,0.0,1086.0,724.0,28.0,20.09,D4,22.1,0.51
360.0,0.0,0.0,180.0,0.0,1086.0,724.0,28.0,19.13,D4,23.0,0.54
360.0,0.0,0.0,180.0,0.0,1086.0,724.0,28.0,19.27,D4,26.1,0.72
360.0,0.0,0.0,180.0,0.0,1086.0,724.0,28.0,16.19,D4,23.1,0.63
360.0,0.0,0.0,180.0,0.0,1086.0,724.0,28.0,15.85,D4,28.2,0.65
360.0,0.0,0.0,180.0,0.0,1086.0,724.0,28.0,15.57,D4,27.4,0.6
360.0,0.0,0.0,180.0,0.0,1086.0,724.0,28.0,15.16,D4,27.7,0.64
360.0,0.0,0.0,180.0,0.0,1086.0,724.0,28.0,15.03,D4,25.2,0.51
360.0,0.0,0.0,180.0,0.0,1086.0,724.0,28.0,15.16,D4,25.5,0.65
360.0,0.0,0.0,180.0,0.0,1086.0,724.0,28.0,16.05,D4,22.6,0.56
360.0,0.0,0.0,180.0,0.0,1086.0,724.0,28.0,16.26,D4,27.0,0.57
360.0,0.0,0.0,180.0,0.0,1086.0,724.0,28.0,16.53,D4,25.8,0.63
360.0,0.0,0.0,180.0,0.0,1086.0,724.0,28.0,16.53,D4,26.1,0.62
360.0,0.0,0.0,180.0,0.0,1086.0,724.0,28.0,17.01,D4,28.4,0.6
360.0,0.0,0.0,180.0,0.0,1086.0,724.0,28.0,17.49,D4,23.8,0.53
360.0,0.0,0.0,180.0,0.0,1086.0,724.0,28.0,14.27,D4,24.7,0.6
360.0,0.0,0.0,180.0,0.0,1086.0,724.0,28.0,14.68,D4,25.7,0.65
360.0,0.0,0.0,180.0,0.0,1086.0,724.0,28.0,14.96,D4,23.1,0.57
360.0,0.0,0.0,180.0,0.0,1086.0,724.0,28.0,16.39,D4,24.6,0.67
360.0,0.0,0.0,180.0,0.0,1086.0,724.0,28.0,16.39,D4,26.0,0.56
360.0,0.0,0.0,180.0,0.0,1086.0,724.0,28.0,17.01,D4,24.3,0.6
360.0,0.0,0.0,180.0,0.0,1086.0,724.0,28.0,16.46,D4,27.6,0.68
360.0,0.0,0.0,180.0,0.0,1086.0,724.0,28.0,17.56,D4,22.0,0.57
360.0,0.0,0.0,180.0,0.0,1086.0,724.0,28.0,18.17,D4,27.2,0.65
360.0,0.0,0.0,180.0,0.0,1086.0,724.0,28.0,18.17,D4,26.3,0.7
360.0,0.0,0.0,180.0,0.0,1086.0,724.0,28.0,17.9,D4,23.9,0.61
360.0,0.0,0.0,180.0,0.0,1086.0,724.0,28.0,17.42,D4,23.2,0.57
360.0,0.0,0.0,180.0,0.0,1086.0,724.0,28.0,17.9,D4,20.8,0.56
360.0,0.0,0.0,180.0,0.0,1086.0,724.0,28.0,18.04,D4,23.4,0.67
360.0,0.0,0.0,180.0,0.0,1086.0,724.0,28.0,17.9,D4,27.1,0.66
360.0,0.0,0.0,180.0,0.0,1086.0,724.0,28.0,18.17,D4,24.9,0.67
360.0,0.0,0.0,180.0,0.0,1086.0,724.0,28.0,18.52,D4,27.3,0.6
360.0,0.0,0.0,180.0,0.0,1086.0,724.0,28.0,19.06,D4,23.8,0.65
360.0,0.0,0.0,180.0,0.0,1086.0,724.0,28.0,19.06,D4,26.4,0.6
360.0,0.0,0.0,180.0,0.0,1086.0,724.0,28.0,19.06,D4,23.6,0.56
360.0,0.0,0.0,180.0,0.0,1086.0,724.0,28.0,19.41,D4,23.1,0.66
360.0,0.0,0.0,180.0,0.0,1086.0,724.0,28.0,19.75,D4,24.8,0.68
360.0,0.0,0.0,180.0,0.0,1086.0,724.0,28.0,18.59,D4,23.7,0.55
360.0,0.0,0.0,180.0,0.0,1086.0,724.0,28.0,18.72,D4,21.9,0.55
360.0,0.0,0.0,180.0,0.0,1086.0,724.0,28.0,18.93,D4,24.6,0.6
360.0,0.0,0.0,180.0,0.0,1086.0,724.0,28.0,19.27,D4,25.2,0.65
360.0,0.0,0.0,180.0,0.0,1086.0,724.0,28.0,19.82,D4,27.5,0.54
360.0,0.0,0.0,180.0,0.0,1086.0,724.0,28.0,18.86,D4,26.9,0.61
360.0,0.0,0.0,180.0,0.0,1086.0,724.0,28.0,18.93,D4,27.4,0.57
360.0,0.0,0.0,180.0,0.0,1086.0,724.0,28.0,19.2,D4,26.4,0.64
360.0,0.0,0.0,180.0,0.0,1086.0,724.0,28.0,19.75,D4,25.7,0.56
360.0,0.0,0.0,180.0,0.0,1086.0,724.0,28.0,20.16,D4,22.5,0.64
360.0,0.0,0.0,180.0,0.0,1086.0,724.0,28.0,20.57,D4,25.3,0.59
360.0,0.0,0.0,180.0,0.0,1086.0,724.0,28.0,21.12,D4,26.2,0.55
360.0,0.0,0.0,180.0,0.0,1086.0,724.0,28.0,21.12,D4,27.9,0.6
360.0,0.0,0.0,180.0,0.0,1086.0,724.0,28.0,21.46,D4,26.4,0.5
360.0,0.0,0.0,180.0,0.0,1086.0,724.0,28.0,20.71,D4,27.5,0.57
360.0,0.0,0.0,180.0,0.0,1086.0,724.0,28.0,20.16,D4,22.9,0.62
360.0,0.0,0.0,180.0,0.0,1086.0,724.0,28.0,19.75,D4,24.3,0.51
360.0,0.0,0.0,180.0,0.0,1086.0,724.0,28.0,20.71,D4,25.9,0.47
360.0,0.0,0.0,180.0,0.0,1086.0,724.0,28.0,20.43,D4,27.3,0.48
360.0,0.0,0.0,180.0,0.0,1086.0,724.0,28.0,21.94,D4,24.7,0.67
360.0,0.0,0.0,180.0,0.0,1086.0,724.0,28.0,21.67,D4,24.8,0.6
360.0,0.0,0.0,180.0,0.0,1086.0,724.0,28.0,23.51,D4,26.4,0.57
360.0,0.0,0.0,180.0,0.0,1086.0,724.0,28.0,22.08,D4,22.7,0.65
360.0,0.0,0.0,180.0,0.0,1086.0,724.0,28.0,22.49,D4,28.2,0.58
360.0,0.0,0.0,180.0,0.0,1086.0,724.0,28.0,22.21,D4,23.2,0.61
360.0,0.0,0.0,180.0,0.0,1086.0,724.0,28.0,22.08,D4,21.2,0.6
360.0,0.0,0.0,180.0,0.0,1086.0,724.0,28.0,22.62,D4,25.0,0.58
360.0,0.0,0.0,180.0,0.0,1086.0,724.0,28.0,21.87,D4,28.4,0.61
360.0,0.0,0.0,180.0,0.0,1086.0,724.0,28.0,21.67,D4,26.2,0.64
360.0,0.0,0.0,180.0,0.0,1086.0,724.0,28.0,22.14,D4,26.5,0.59
360.0,0.0,0.0,180.0,0.0,1086.0,724.0,28.0,22.42,D4,25.1,0.58
360.0,0.0,0.0,180.0,0.0,1086.0,724.0,28.0,22.69,D4,24.7,0.58
360.0,0.0,0.0,180.0,0.0,1086.0,724.0,28.0,22.69,D4,21.9,0.49
360.0,0.0,0.0,180.0,0.0,1086.0,724.0,28.0,21.73,D4,20.5,0.61
360.0,0.0,0.0,180.0,0.0,1086.0,724.0,28.0,21.12,D4,25.4,0.54
360.0,0.0,0.0,180.0,0.0,1086.0,724.0,28.0,20.91,D4,27.6,0.63
360.0,0.0,0.0,180.0,0.0,1086.0,724.0,28.0,20.57,D4,25.7,0.6
360.0,0.0,0.0,180.0,0.0,1086.0,724.0,28.0,20.78,D4,26.2,0.61
360.0,0.0,0.0,180.0,0.0,1086.0,724.0,28.0,20.43,D4,28.2,0.64
360.0,0.0,0.0,180.0,0.0,1086.0,724.0,28.0,20.23,D4,25.7,0.55
360.0,0.0,0.0,180.0,0.0,1086.0,724.0,28.0,21.19,D4,24.8,0.62
360.0,0.0,0.0,180.0,0.0,1086.0,724.0,28.0,21.94,D4,23.4,0.61
360.0,0.0,0.0,180.0,0.0,1086.0,724.0,28.0,22.35,D4,29.0,0.59
360.0,0.0,0.0,180.0,0.0,1086.0,724.0,28.0,22.69,D4,26.1,0.55
360.0,0.0,0.0,180.0,0.0,1086.0,724.0,28.0,22.97,D4,23.1,0.63
360.0,0.0,0.0,180.0,0.0,1086.0,724.0,28.0,23.45,D4,22.7,0.64
360.0,0.0,0.0,180.0,0.0,1086.0,724.0,28.0,23.51,D4,27.5,0.61
360.0,0.0,0.0,180.0,0.0,1086.0,724.0,28.0,24.2,D4,22.9,0.55
360.0,0.0,0.0,180.0,0.0,1086.0,724.0,28.0,25.64,D4,28.7,0.57
360.0,0.0,0.0,180.0,0.0,1086.0,724.0,28.0,25.91,D4,19.5,0.6
360.0,0.0,0.0,180.0,0.0,1086.0,724.0,28.0,25.64,D4,27.8,0.63
360.0,0.0,0.0,180.0,0.0,1086.0,724.0,28.0,25.64,D4,26.0,0.52
360.0,0.0,0.0,180.0,0.0,1086.0,724.0,28.0,25.84,D4,25.2,0.57
360.0,0.0,0.0,180.0,0.0,1086.0,724.0,28.0,25.57,D4,24.6,0.58
360.0,0.0,0.0,180.0,0.0,1086.0,724.0,28.0,25.64,D4,28.8,0.6
360.0,0.0,0.0,180.0,0.0,1086.0,724.0,28.0,25.91,D4,26.4,0.53
360.0,0.0,0.0,180.0,0.0,1086.0,724.0,28.0,26.18,D4,23.2,0.59
360.0,0.0,0.0,180.0,0.0,1086.0,724.0,28.0,26.59,D4,21.6,0.58
360.0,0.0,0.0,180.0,0.0,1086.0,724.0,28.0,26.66,D4,25.4,0.55
360.0,0.0,0.0,180.0,0.0,1086.0,724.0,28.0,27.35,D4,25.0,0.59
360.0,0.0,0.0,180.0,0.0,1086.0,724.0,28.0,27.35,D4,22.0,0.57
360.0,0.0,0.0,180.0,0.0,1086.0,724.0,28.0,29.95,D4,24.9,0.62
360.0,0.0,0.0,180.0,0.0,1086.0,724.0,28.0,28.92,D4,23.9,0.56
360.0,0.0,0.0,180.0,0.0,1086.0,724.0,28.0,29.54,D4,25.0,0.6
360.0,0.0,0.0,180.0,0.0,1086.0,724.0,28.0,29.47,D4,26.5,0.56
360.0,0.0,0.0,180.0,0.0,1086.0,724.0,28.0,29.47,D4,28.0,0.57
360.0,0.0,0.0,180.0,0.0,1086.0,724.0,28.0,28.03,D4,26.8,0.61
360.0,0.0,0.0,180.0,0.0,1086.0,724.0,28.0,27.69,D4,23.6,0.61
360.0,0.0,0.0,180.0,0.0,1086.0,724.0,28.0,27.35,D4,25.7,0.58
360.0,0.0,0.0,180.0,0.0,1086.0,724.0,28.0,26.8,D4,25.1,0.59
360.0,0.0,0.0,180.0,0.0,1086.0,724.0,28.0,25.57,D4,22.3,0.53
360.0,0.0,0.0,180.0,0.0,1086.0,724.0,28.0,25.29,D4,25.8,0.67
360.0,0.0,0.0,180.0,0.0,1086.0,724.0,28.0,25.29,D4,28.7,0.63
360.0,0.0,0.0,180.0,0.0,1086.0,724.0,28.0,24.88,D4,25.1,0.63
360.0,0.0,0.0,180.0,0.0,1086.0,724.0,28.0,24.34,D4,21.8,0.52
360.0,0.0,0.0,180.0,0.0,1086.0,724.0,28.0,24.06,D4,25.1,0.57
360.0,0.0,0.0,180.0,0.0,1086.0,724.0,28.0,24.06,D4,22.6,0.58
360.0,0.0,0.0,180.0,0.0,1086.0,724.0,28.0,24.34,D4,26.7,0.5
360.0,0.0,0.0,180.0,0.0,1086.0,724.0,28.0,24.61,D4,26.0,0.64
360.0,0.0,0.0,180.0,0.0,1086.0,724.0,28.0,23.51,D4,24.7,0.67
360.0,0.0,0.0,180.0,0.0,1086.0,724.0,28.0,23.51,D4,24.3,0.7
360.0,0.0,0.0,180.0,0.0,1086.0,724.0,28.0,24.34,D4,24.6,0.55
360.0,0.0,0.0,180.0,0.0,1086.0,724.0,28.0,24.68,D4,25.0,0.61
360.0,0.0,0.0,180.0,0.0,1086.0,724.0,28.0,24.75,D4,23.5,0.67
360.0,0.0,0.0,180.0,0.0,1086.0,724.0,28.0,24.75,D4,22.2,0.59
360.0,0.0,0.0,180.0,0.0,1086.0,724.0,28.0,24.95,D4,27.3,0.57
360.0,0.0,0.0,180.0,0.0,1086.0,724.0,28.0,25.43,D4,24.2,0.51
360.0,0.0,0.0,180.0,0.0,1086.0,724.0,28.0,25.7,D4,25.3,0.66
360.0,0.0,0.0,180.0,0.0,1086.0,724.0,28.0,25.64,D4,25.6,0.6
360.0,0.0,0.0,180.0,0.0,1086.0,724.0,28.0,25.64,D4,25.6,0.56
360.0,0.0,0.0,180.0,0.0,1086.0,724.0,28.0,26.39,D4,22.7,0.61
360.0,0.0,0.0,180.0,0.0,1086.0,724.0,28.0,26.39,D4,21.6,0.61
360.0,0.0,0.0,180.0,0.0,1086.0,724.0,28.0,26.53,D4,23.8,0.61
360.0,0.0,0.0,180.0,0.0,1086.0,724.0,28.0,26.87,D4,25.8,0.59
360.0,0.0,0.0,180.0,0.0,1086.0,724.0,28.0,26.53,D4,23.5,0.68
360.0,0.0,0.0,180.0,0.0,1086.0,724.0,28.0,26.87,D4,24.3,0.59
360.0,0.0,0.0,180.0,0.0,1086.0,724.0,28.0,27.07,D4,29.3,0.68
360.0,0.0,0.0,180.0,0.0,1086.0,724.0,28.0,27.48,D4,21.3,0.63
360.0,0.0,0.0,180.0,0.0,1086.0,724.0,28.0,27.21,D4,23.5,0.62
360.0,0.0,0.0,180.0,0.0,1086.0,724.0,28.0,27.89,D4,28.8,0.59
360.0,0.0,0.0,180.0,0.0,1086.0,724.0,28.0,27.76,D4,24.9,0.65
360.0,0.0,0.0,180.0,0.0,1086.0,724.0,28.0,25.09,D4,23.6,0.61
360.0,0.0,0.0,180.0,0.0,1086.0,724.0,28.0,25.02,D4,27.3,0.55
360.0,0.0,0.0,180.0,0.0,1086.0,724.0,28.0,25.91,D4,25.1,0.55
360.0,0.0,0.0,180.0,0.0,1086.0,724.0,28.0,25.84,D4,24.3,0.62
360.0,0.0,0.0,180.0,0.0,1086.0,724.0,28.0,26.12,D4,25.4,0.55
360.0,0.0,0.0,180.0,0.0,1086.0,724.0,28.0,26.53,D4,23.7,0.6
360.0,0.0,0.0,180.0,0.0,1086.0,724.0,28.0,26.8,D4,23.0,0.65
360.0,0.0,0.0,180.0,0.0,1086.0,724.0,28.0,27.14,D4,24.8,0.62
360.0,0.0,0.0,180.0,0.0,1086.0,724.0,28.0,27.55,D4,23.0,0.56
360.0,0.0,0.0,180.0,0.0,1086.0,724.0,28.0,28.1,D4,25.0,0.67
360.0,0.0,0.0,180.0,0.0,1086.0,724.0,28.0,28.58,D4,25.7,0.63
360.0,0.0,0.0,180.0,0.0,1086.0,724.0,28.0,28.58,D4,26.7,0.65
360.0,0.0,0.0,180.0,0.0,1086.0,724.0,28.0,28.58,D4,27.3,0.49
360.0,0.0,0.0,180.0,0.0,1086.0,724.0,28.0,28.58,D4,24.2,0.62
360.0,0.0,0.0,180.0,0.0,1086.0,724.0,28.0,27.76,D4,26.0,0.64
360.0,0.0,0.0,180.0,0.0,1086.0,724.0,28.0,28.03,D4,26.0,0.69
360.0,0.0,0.0,180.0,0.0,1086.0,724.0,28.0,28.72,D4,25.7,0.53
360.0,0.0,0.0,180.0,0.0,1086.0,724.0,28.0,29.47,D4,24.0,0.66
360.0,0.0,0.0,180.0,0.0,1086.0,724.0,28.0,28.92,D4,22.9,0.68
360.0,0.0,0.0,180.0,0.0,1086.0,724.0,28.0,29.67,D4,26.0,0.5
360.0,0.0,0.0,180.0,0.0,1086.0,724.0,28.0,29.74,D4,21.6,0.62
360.0,0.0,0.0,180.0,0.0,1086.0,724.0,28.0,29.13,D4,24.5,0.63
360.0,0.0,0.0,180.0,0.0,1086.0,724.0,28.0,30.02,D4,19.9,0.58
360.0,0.0,0.0,180.0,0.0,1086.0,724.0,28.0,30.7,D4,22.3,0.58
360.0,0.0,0.0,180.0,0.0,1086.0,724.0,28.0,31.45,D4,23.2,0.63
360.0,0.0,0.0,180.0,0.0,1086.0,724.0,28.0,32.07,D4,27.2,0.57
360.0,0.0,0.0,180.0,0.0,1086.0,724.0,28.0,30.98,D4,26.4,0.59
360.0,0.0,0.0,180.0,0.0,1086.0,724.0,28.0,32.28,D4,23.9,0.64
360.0,0.0,0.0,180.0,0.0,1086.0,724.0,28.0,32.14,D4,26.5,0.69
360.0,0.0,0.0,180.0,0.0,1086.0,724.0,28.0,33.1,D4,26.8,0.63
360.0,0.0,0.0,180.0,0.0,1086.0,724.0,28.0,32.69,D4,24.7,0.61
360.0,0.0,0.0,180.0,0.0,1086.0,724.0,28.0,32.21,D4,22.2,0.57
360.0,0.0,0.0,180.0,0.0,1086.0,724.0,28.0,33.1,D4,24.6,0.55
360.0,0.0,0.0,180.0,0.0,1086.0,724.0,28.0,33.1,D4,24.8,0.66
360.0,0.0,0.0,180.0,0.0,1086.0,724.0,28.0,33.1,D4,22.5,0.59
360.0,0.0,0.0,180.0,0.0,1086.0,724.0,28.0,32.21,D4,25.7,0.66
360.0,0.0,0.0,180.0,0.0,1086.0,724.0,28.0,32.21,D4,25.6,0.58
360.0,0.0,0.0,180.0,0.0,1086.0,724.0,28.0,32.21,D4,25.9,0.57
360.0,0.0,0.0,180.0,0.0,1086.0,724.0,28.0,32.21,D4,25.6,0.62
360.0,0.0,0.0,180.0,0.0,1086.0,724.0,28.0,31.87,D4,26.5,0.6
360.0,0.0,0.0,180.0,0.0,1086.0,724.0,28.0,31.66,D4,24.6,0.54
360.0,0.0,0.0,180.0,0.0,1086.0,724.0,28.0,31.59,D4,25.4,0.69
360.0,0.0,0.0,180.0,0.0,1086.0,724.0,28.0,31.87,D4,24.2,0.57
360.0,0.0,0.0,180.0,0.0,1086.0,724.0,28.0,31.32,D4,23.8,0.65
360.0,0.0,0.0,180.0,0.0,1086.0,724.0,28.0,31.32,D4,27.7,0.64
360.0,0.0,0.0,180.0,0.0,1086.0,724.0,28.0,30.91,D4,20.9,0.54
360.0,0.0,0.0,180.0,0.0,1086.0,724.0,28.0,30.02,D4,26.8,0.55
360.0,0.0,0.0,180.0,0.0,1086.0,724.0,28.0,29.26,D4,23.8,0.58
360.0,0.0,0.0,180.0,0.0,1086.0,724.0,28.0,28.72,D4,23.5,0.56
360.0,0.0,0.0,180.0,0.0,1086.0,724.0,28.0,28.17,D4,25.5,0.69
360.0,0.0,0.0,180.0,0.0,1086.0,724.0,28.0,28.58,D4,22.0,0.59
360.0,0.0,0.0,180.0,0.0,1086.0,724.0,28.0,30.7,D4,23.4,0.64
360.0,0.0,0.0,180.0,0.0,1086.0,724.0,28.0,31.32,D4,23.3,0.63
360.0,0.0,0.0,180.0,0.0,1086.0,724.0,28.0,31.59,D4,24.6,0.61
360.0,0.0,0.0,180.0,0.0,1086.0,724.0,28.0,32.0,D4,23.4,0.6
360.0,0.0,0.0,180.0,0.0,1086.0,724.0,28.0,32.28,D4,28.2,0.66
360.0,0.0,0.0,180.0,0.0,1086.0,724.0,28.0,32.07,D4,28.6,0.56
360.0,0.0,0.0,180.0,0.0,1086.0,724.0,28.0,31.66,D4,21.0,0.69
360.0,0.0,0.0,180.0,0.0,1086.0,724.0,28.0,33.3,D4,26.1,0.54
360.0,0.0,0.0,180.0,0.0,1086.0,724.0,28.0,33.3,D4,26.7,0.64
360.0,0.0,0.0,180.0,0.0,1086.0,724.0,28.0,33.92,D4,26.1,0.53
360.0,0.0,0.0,180.0,0.0,1086.0,724.0,28.0,34.67,D4,23.7,0.58
360.0,0.0,0.0,180.0,0.0,1086.0,724.0,28.0,31.32,D4,24.5,0.6
360.0,0.0,0.0,180.0,0.0,1086.0,724.0,28.0,31.11,D4,23.5,0.58
360.0,0.0,0.0,180.0,0.0,1086.0,724.0,28.0,32.62,D4,24.2,0.59
360.0,0.0,0.0,180.0,0.0,1086.0,724.0,28.0,33.71,D4,22.6,0.53
360.0,0.0,0.0,180.0,0.0,1086.0,724.0,28.0,33.51,D4,24.8,0.55
360.0,0.0,0.0,180.0,0.0,1086.0,724.0,28.0,34.19,D4,22.0,0.62
360.0,0.0,0.0,180.0,0.0,1086.0,724.0,28.0,34.33,D4,24.6,0.6
360.0,0.0,0.0,180.0,0.0,1086.0,724.0,28.0,34.33,D4,22.5,0.57
360.0,0.0,0.0,180.0,0.0,1086.0,724.0,28.0,34.06,D4,25.4,0.67
360.0,0.0,0.0,180.0,0.0,1086.0,724.0,28.0,34.12,D4,23.6,0.54
360.0,0.0,0.0,180.0,0.0,1086.0,724.0,28.0,34.33,D4,25.6,0.58
360.0,0.0,0.0,180.0,0.0,1086.0,724.0,28.0,34.81,D4,27.2,0.57
360.0,0.0,0.0,180.0,0.0,1086.0,724.0,28.0,34.33,D4,28.2,0.63
360.0,0.0,0.0,180.0,0.0,1086.0,724.0,28.0,35.29,D4,19.9,0.6
360.0,0.0,0.0,180.0,0.0,1086.0,724.0,28.0,35.42,D4,23.3,0.59
360.0,0.0,0.0,180.0,0.0,1086.0,724.0,28.0,35.7,D4,24.4,0.51
360.0,0.0,0.0,180.0,0.0,1086.0,724.0,28.0,36.66,D4,25.9,0.64
360.0,0.0,0.0,180.0,0.0,1086.0,724.0,28.0,36.11,D4,21.7,0.59
360.0,0.0,0.0,180.0,0.0,1086.0,724.0,28.0,36.45,D4,23.0,0.61
360.0,0.0,0.0,180.0,0.0,1086.0,724.0,28.0,36.59,D4,25.3,0.56
360.0,0.0,0.0,180.0,0.0,1086.0,724.0,28.0,35.97,D4,25.2,0.55
360.0,0.0,0.0,180.0,0.0,1086.0,724.0,28.0,36.79,D4,25.8,0.67
360.0,0.0,0.0,180.0,0.0,1086.0,724.0,28.0,37.2,D4,25.9,0.51
360.0,0.0,0.0,180.0,0.0,1086.0,724.0,28.0,37.41,D4,25.7,0.55
360.0,0.0,0.0,180.0,0.0,1086.0,724.0,28.0,38.57,D4,25.4,0.67
360.0,0.0,0.0,180.0,0.0,1086.0,724.0,28.0,41.24,D4,25.1,0.63
360.0,0.0,0.0,180.0,0.0,1086.0,724.0,28.0,43.64,D4,26.3,0.58
360.0,0.0,0.0,180.0,0.0,1086.0,724.0,28.0,39.6,D4,20.5,0.66
360.0,0.0,0.0,180.0,0.0,1086.0,724.0,28.0,39.33,D4,28.1,0.62
360.0,0.0,0.0,180.0,0.0,1086.0,724.0,28.0,39.05,D4,20.6,0.61
360.0,0.0,0.0,180.0,0.0,1086.0,724.0,28.0,38.57,D4,22.8,0.61
360.0,0.0,0.0,180.0,0.0,1086.0,724.0,28.0,38.09,D4,24.5,0.62
360.0,0.0,0.0,180.0,0.0,1086.0,724.0,28.0,38.23,D4,26.3,0.63
360.0,0.0,0.0,180.0,0.0,1086.0,724.0,28.0,37.82,D4,19.0,0.71
360.0,0.0,0.0,180.0,0.0,1086.0,724.0,28.0,39.46,D4,24.9,0.59
360.0,0.0,0.0,180.0,0.0,1086.0,724.0,28.0,40.01,D4,26.6,0.59
360.0,0.0,0.0,180.0,0.0,1086.0,724.0,28.0,40.28,D4,27.0,0.54
360.0,0.0,0.0,180.0,0.0,1086.0,724.0,28.0,40.9,D4,23.6,0.6
295.08196721311475,0.0,0.0,180.0,0.0,1124.950819672131,749.9672131147541,28.0,26.49,D4,24.4,0.69
333.3333333333333,0.0,0.0,180.0,0.0,1102.0,734.6666666666667,28.0,28.59,D4,23.8,0.65
290.3225806451613,0.0,0.0,180.0,0.0,1127.8064516129032,751.8709677419355,28.0,23.09,D4,24.2,0.57
310.3448275862069,0.0,0.0,180.0,0.0,1115.7931034482758,743.8620689655172,28.0,23.09,D4,22.9,0.6
339.62264150943395,0.0,0.0,180.0,0.0,1098.2264150943397,732.1509433962265,28.0,23.36,D4,23.2,0.54
352.94117647058823,0.0,0.0,180.0,0.0,1090.235294117647,726.8235294117648,28.0,26.58,D4,25.9,0.55
382.97872340425533,0.0,0.0,180.0,0.0,1072.212765957447,714.8085106382979,28.0,36.78,D4,25.3,0.61
305.08474576271186,0.0,0.0,180.0,0.0,1118.9491525423728,745.9661016949153,28.0,31.98,D4,26.0,0.58
315.7894736842106,0.0,0.0,180.0,0.0,1112.5263157894735,741.6842105263158,28.0,26.06,D4,25.4,0.55
409.09090909090907,0.0,0.0,180.0,0.0,1056.5454545454545,704.3636363636365,28.0,30.5,D4,26.4,0.62
315.7894736842106,0.0,0.0,180.0,0.0,1112.5263157894735,741.6842105263158,28.0,25.27,D4,26.8,0.6
305.08474576271186,0.0,0.0,180.0,0.0,1118.9491525423728,745.9661016949153,28.0,20.22,D4,21.5,0.52
6000.0,0.0,0.0,180.0,0.0,-2298.0,-1532.0,28.0,22.31,D4,23.3,0.5
300.0,0.0,0.0,180.0,0.0,1122.0,748.0,28.0,18.65,D4,24.5,0.57
391.30434782608694,0.0,0.0,180.0,0.0,1067.2173913043478,711.4782608695652,28.0,31.46,D4,25.0,0.52
400.0,0.0,0.0,180.0,0.0,1062.0,708.0,28.0,29.02,D4,23.7,0.51
272.7272727272727,0.0,0.0,180.0,0.0,1138.3636363636365,758.909090909091,28.0,13.16,D4,26.8,0.66
450.0,0.0,0.0,180.0,0.0,1032.0,688.0,28.0,29.02,D4,29.0,0.6
375.0,0.0,0.0,180.0,0.0,1077.0,718.0,28.0,25.53,D4,25.4,0.59
375.0,0.0,0.0,180.0,0.0,1077.0,718.0,28.0,24.92,D4,25.2,0.59
418.60465116279073,0.0,0.0,180.0,0.0,1050.8372093023254,700.5581395348837,28.0,35.38,D4,26.7,0.54
285.7142857142857,0.0,0.0,180.0,0.0,1130.5714285714284,753.7142857142858,28.0,14.9,D4,21.3,0.62
264.70588235294116,0.0,0.0,180.0,0.0,1143.1764705882354,762.1176470588236,28.0,14.9,D4,25.1,0.59
450.0,0.0,0.0,180.0,0.0,1032.0,688.0,28.0,31.29,D4,27.0,0.56
3600.0,0.0,0.0,180.0,0.0,-858.0,-572.0,28.0,23.44,D4,23.7,0.57
339.62264150943395,0.0,0.0,180.0,0.0,1098.2264150943397,732.1509433962265,28.0,16.56,D4,22.5,0.54
276.9230769230769,0.0,0.0,180.0,0.0,1135.8461538461536,757.2307692307692,28.0,22.05,D4,24.6,0.58
276.9230769230769,0.0,0.0,180.0,0.0,1135.8461538461536,757.2307692307692,28.0,19.0,D4,24.9,0.59
400.0,0.0,0.0,180.0,0.0,1062.0,708.0,28.0,28.67,D4,23.2,0.58
300.0,0.0,0.0,180.0,0.0,1122.0,748.0,28.0,19.17,D4,29.2,0.6
360.0,0.0,0.0,180.0,0.0,1086.0,724.0,28.0,24.49,D4,24.0,0.6
300.0,0.0,0.0,180.0,0.0,1122.0,748.0,28.0,14.73,D4,22.7,0.61
327.27272727272725,0.0,0.0,180.0,0.0,1105.6363636363635,737.0909090909091,28.0,20.31,D4,24.8,0.65
276.9230769230769,0.0,0.0,180.0,0.0,1135.8461538461536,757.2307692307692,28.0,16.04,D4,26.8,0.63
253.5211267605634,0.0,0.0,180.0,0.0,1149.887323943662,766.5915492957747,28.0,11.42,D4,25.0,0.65
240.0,0.0,0.0,180.0,0.0,1158.0,772.0,28.0,11.16,D4,26.0,0.56
264.70588235294116,0.0,0.0,180.0,0.0,1143.1764705882354,762.1176470588236,28.0,14.21,D4,23.3,0.57
290.3225806451613,0.0,0.0,180.0,0.0,1127.8064516129032,751.8709677419355,28.0,21.18,D4,28.0,0.63
339.62264150943395,0.0,0.0,180.0,0.0,1098.2264150943397,732.1509433962265,28.0,21.35,D4,26.1,0.63
360.0,0.0,0.0,180.0,0.0,1086.0,724.0,28.0,15.6,D4,27.1,0.57
240.0,0.0,0.0,180.0,0.0,1158.0,772.0,28.0,12.38,D4,25.7,0.63
290.3225806451613,0.0,0.0,180.0,0.0,1127.8064516129032,751.8709677419355,28.0,21.53,D4,26.6,0.55
268.65671641791045,0.0,0.0,180.0,0.0,1140.8059701492537,760.5373134328358,28.0,13.51,D4,23.3,0.62
333.3333333333333,0.0,0.0,180.0,0.0,1102.0,734.6666666666667,28.0,19.87,D4,24.0,0.6
272.7272727272727,0.0,0.0,180.0,0.0,1138.3636363636365,758.909090909091,28.0,15.77,D4,27.7,0.53
257.14285714285717,0.0,0.0,180.0,0.0,1147.7142857142856,765.1428571428571,28.0,11.5,D4,28.1,0.58
327.27272727272725,0.0,0.0,180.0,0.0,1105.6363636363635,737.0909090909091,28.0,14.73,D4,22.7,0.71
276.9230769230769,0.0,0.0,180.0,0.0,1135.8461538461536,757.2307692307692,28.0,15.43,D4,25.5,0.61
300.0,0.0,0.0,180.0,0.0,1122.0,748.0,28.0,18.91,D4,24.1,0.72
240.0,0.0,0.0,180.0,0.0,1158.0,772.0,28.0,15.86,D4,23.6,0.53
290.3225806451613,0.0,0.0,180.0,0.0,1127.8064516129032,751.8709677419355,28.0,20.65,D4,25.6,0.64
327.27272727272725,0.0,0.0,180.0,0.0,1105.6363636363635,737.0909090909091,28.0,28.5,D4,27.3,0.47
264.70588235294116,0.0,0.0,180.0,0.0,1143.1764705882354,762.1176470588236,28.0,18.65,D4,25.9,0.6
276.9230769230769,0.0,0.0,180.0,0.0,1135.8461538461536,757.2307692307692,28.0,16.38,D4,24.4,0.63
240.0,0.0,0.0,180.0,0.0,1158.0,772.0,28.0,12.46,D4,26.0,0.64
290.3225806451613,0.0,0.0,180.0,0.0,1127.8064516129032,751.8709677419355,28.0,12.11,D4,24.3,0.56
310.3448275862069,0.0,0.0,180.0,0.0,1115.7931034482758,743.8620689655172,28.0,18.82,D4,25.8,0.65
264.70588235294116,0.0,0.0,180.0,0.0,1143.1764705882354,762.1176470588236,28.0,13.68,D4,27.8,0.57
253.5211267605634,0.0,0.0,180.0,0.0,1149.887323943662,766.5915492957747,28.0,15.34,D4,20.8,0.59
200.0,0.0,0.0,180.0,0.0,1182.0,788.0,28.0,6.54,D4,26.6,0.58
400.0,0.0,0.0,180.0,0.0,1062.0,708.0,28.0,9.24,D4,21.9,0.54
400.0,0.0,0.0,180.0,0.0,1062.0,708.0,28.0,14.25,D4,27.5,0.68
400.0,0.0,0.0,180.0,0.0,1062.0,708.0,28.0,9.66,D4,23.7,0.6
400.0,0.0,0.0,180.0,0.0,1062.0,708.0,28.0,11.16,D4,22.6,0.65
400.0,0.0,0.0,180.0,0.0,1062.0,708.0,28.0,10.33,D4,26.4,0.65
400.0,0.0,0.0,180.0,0.0,1062.0,708.0,28.0,11.16,D4,25.7,0.55
400.0,0.0,0.0,180.0,0.0,1062.0,708.0,28.0,16.01,D4,23.0,0.66
400.0,0.0,0.0,180.0,0.0,1062.0,708.0,28.0,14.09,D4,22.5,0.63
400.0,0.0,0.0,180.0,0.0,1062.0,708.0,28.0,11.41,D4,24.6,0.55
400.0,0.0,0.0,180.0,0.0,1062.0,708.0,28.0,12.92,D4,22.6,0.62
400.0,0.0,0.0,180.0,0.0,1062.0,708.0,28.0,15.67,D4,22.9,0.55
400.0,0.0,0.0,180.0,0.0,1062.0,708.0,28.0,19.26,D4,25.2,0.68
400.0,0.0,0.0,180.0,0.0,1062.0,708.0,28.0,20.18,D4,23.1,0.64
400.0,0.0,0.0,180.0,0.0,1062.0,708.0,28.0,20.68,D4,25.9,0.6
400.0,0.0,0.0,180.0,0.0,1062.0,708.0,28.0,21.18,D4,28.0,0.66
400.0,0.0,0.0,180.0,0.0,1062.0,708.0,28.0,21.27,D4,24.7,0.52
400.0,0.0,0.0,180.0,0.0,1062.0,708.0,28.0,22.1,D4,25.3,0.56
400.0,0.0,0.0,180.0,0.0,1062.0,708.0,28.0,21.18,D4,29.0,0.59
400.0,0.0,0.0,180.0,0.0,1062.0,708.0,28.0,18.43,D4,22.6,0.71
400.0,0.0,0.0,180.0,0.0,1062.0,708.0,28.0,17.93,D4,27.4,0.55
400.0,0.0,0.0,180.0,0.0,1062.0,708.0,28.0,15.17,D4,27.1,0.51
400.0,0.0,0.0,180.0,0.0,1062.0,708.0,28.0,20.6,D4,26.7,0.53
400.0,0.0,0.0,180.0,0.0,1062.0,708.0,28.0,25.19,D4,27.6,0.65
400.0,0.0,0.0,180.0,0.0,1062.0,708.0,28.0,30.7,D4,25.6,0.57
400.0,0.0,0.0,180.0,0.0,1062.0,708.0,28.0,21.1,D4,23.8,0.59
400.0,0.0,0.0,180.0,0.0,1062.0,708.0,28.0,18.43,D4,27.2,0.64
400.0,0.0,0.0,180.0,0.0,1062.0,708.0,28.0,21.1,D4,27.3,0.59
400.0,0.0,0.0,180.0,0.0,1062.0,708.0,28.0,21.35,D4,27.2,0.61
400.0,0.0,0.0,180.0,0.0,1062.0,708.0,28.0,24.36,D4,25.1,0.63
400.0,0.0,0.0,180.0,0.0,1062.0,708.0,28.0,31.79,D4,23.6,0.58
400.0,0.0,0.0,180.0,0.0,1062.0,708.0,28.0,18.43,D4,25.4,0.59
400.0,0.0,0.0,180.0,0.0,1062.0,708.0,28.0,18.93,D4,26.9,0.61
400.0,0.0,0.0,180.0,0.0,1062.0,708.0,28.0,21.35,D4,27.0,0.64
400.0,0.0,0.0,180.0,0.0,1062.0,708.0,28.0,22.52,D4,24.1,0.56
400.0,0.0,0.0,180.0,0.0,1062.0,708.0,28.0,23.61,D4,25.6,0.45
400.0,0.0,0.0,180.0,0.0,1062.0,708.0,28.0,24.11,D4,22.4,0.63
400.0,0.0,0.0,180.0,0.0,1062.0,708.0,28.0,24.86,D4,27.0,0.65
400.0,0.0,0.0,180.0,0.0,1062.0,708.0,28.0,25.78,D4,23.4,0.61
400.0,0.0,0.0,180.0,0.0,1062.0,708.0,28.0,26.28,D4,26.6,0.61
400.0,0.0,0.0,180.0,0.0,1062.0,708.0,28.0,27.36,D4,22.7,0.57
400.0,0.0,0.0,180.0,0.0,1062.0,708.0,28.0,31.04,D4,27.1,0.63
400.0,0.0,0.0,180.0,0.0,1062.0,708.0,28.0,37.22,D4,25.6,0.64
400.0,0.0,0.0,180.0,0.0,1062.0,708.0,28.0,29.28,D4,23.4,0.6
400.0,0.0,0.0,180.0,0.0,1062.0,708.0,28.0,28.11,D4,26.4,0.72
400.0,0.0,0.0,180.0,0.0,1062.0,708.0,28.0,26.53,D4,23.8,0.52
400.0,0.0,0.0,180.0,0.0,1062.0,708.0,28.0,25.78,D4,26.5,0.61
400.0,0.0,0.0,180.0,0.0,1062.0,708.0,28.0,25.11,D4,24.5,0.54
400.0,0.0,0.0,180.0,0.0,1062.0,708.0,28.0,22.52,D4,21.6,0.64
400.0,0.0,0.0,180.0,0.0,1062.0,708.0,28.0,22.1,D4,23.0,0.52
400.0,0.0,0.0,180.0,0.0,1062.0,708.0,28.0,26.28,D4,24.1,0.53
400.0,0.0,0.0,180.0,0.0,1062.0,708.0,28.0,24.77,D4,27.7,0.57
400.0,0.0,0.0,180.0,0.0,1062.0,708.0,28.0,20.35,D4,26.8,0.61
400.0,0.0,0.0,180.0,0.0,1062.0,708.0,28.0,20.6,D4,28.2,0.57
400.0,0.0,0.0,180.0,0.0,1062.0,708.0,28.0,19.18,D4,28.3,0.57
400.0,0.0,0.0,180.0,0.0,1062.0,708.0,28.0,18.85,D4,23.9,0.59
400.0,0.0,0.0,180.0,0.0,1062.0,708.0,28.0,22.52,D4,24.6,0.59
400.0,0.0,0.0,180.0,0.0,1062.0,708.0,28.0,23.61,D4,24.2,0.67
400.0,0.0,0.0,180.0,0.0,1062.0,708.0,28.0,25.53,D4,23.7,0.63
400.0,0.0,0.0,180.0,0.0,1062.0,708.0,28.0,28.11,D4,21.3,0.58
400.0,0.0,0.0,180.0,0.0,1062.0,708.0,28.0,28.45,D4,25.0,0.7
400.0,0.0,0.0,180.0,0.0,1062.0,708.0,28.0,29.62,D4,22.4,0.62
400.0,0.0,0.0,180.0,0.0,1062.0,708.0,28.0,30.29,D4,24.9,0.55
400.0,0.0,0.0,180.0,0.0,1062.0,708.0,28.0,30.7,D4,29.2,0.61
400.0,0.0,0.0,180.0,0.0,1062.0,708.0,28.0,31.45,D4,24.0,0.63
400.0,0.0,0.0,180.0,0.0,1062.0,708.0,28.0,33.38,D4,25.4,0.57
400.0,0.0,0.0,180.0,0.0,1062.0,708.0,28.0,34.04,D4,26.8,0.55
400.0,0.0,0.0,180.0,0.0,1062.0,708.0,28.0,32.79,D4,25.6,0.6
400.0,0.0,0.0,180.0,0.0,1062.0,708.0,28.0,29.62,D4,25.6,0.58
400.0,0.0,0.0,180.0,0.0,1062.0,708.0,28.0,29.2,D4,24.3,0.67
400.0,0.0,0.0,180.0,0.0,1062.0,708.0,28.0,28.11,D4,24.5,0.64
400.0,0.0,0.0,180.0,0.0,1062.0,708.0,28.0,27.7,D4,23.1,0.57
400.0,0.0,0.0,180.0,0.0,1062.0,708.0,28.0,27.36,D4,26.7,0.62
400.0,0.0,0.0,180.0,0.0,1062.0,708.0,28.0,26.19,D4,21.5,0.66
400.0,0.0,0.0,180.0,0.0,1062.0,708.0,28.0,25.19,D4,26.9,0.53
400.0,0.0,0.0,180.0,0.0,1062.0,708.0,28.0,22.94,D4,22.2,0.55
400.0,0.0,0.0,180.0,0.0,1062.0,708.0,28.0,22.6,D4,26.9,0.6
400.0,0.0,0.0,180.0,0.0,1062.0,708.0,28.0,18.85,D4,24.3,0.6
400.0,0.0,0.0,180.0,0.0,1062.0,708.0,28.0,18.35,D4,22.5,0.6
400.0,0.0,0.0,180.0,0.0,1062.0,708.0,28.0,16.93,D4,26.2,0.58
400.0,0.0,0.0,180.0,0.0,1062.0,708.0,28.0,18.43,D4,26.9,0.58
400.0,0.0,0.0,180.0,0.0,1062.0,708.0,28.0,22.19,D4,24.1,0.62
400.0,0.0,0.0,180.0,0.0,1062.0,708.0,28.0,24.02,D4,26.4,0.66
400.0,0.0,0.0,180.0,0.0,1062.0,708.0,28.0,24.44,D4,20.4,0.58
400.0,0.0,0.0,180.0,0.0,1062.0,708.0,28.0,25.86,D4,22.4,0.72
400.0,0.0,0.0,180.0,0.0,1062.0,708.0,28.0,26.28,D4,27.6,0.7
400.0,0.0,0.0,180.0,0.0,1062.0,708.0,28.0,26.61,D4,24.6,0.67
400.0,0.0,0.0,180.0,0.0,1062.0,708.0,28.0,27.03,D4,21.3,0.63
400.0,0.0,0.0,180.0,0.0,1062.0,708.0,28.0,27.86,D4,23.6,0.7
400.0,0.0,0.0,180.0,0.0,1062.0,708.0,28.0,28.45,D4,23.2,0.59
400.0,0.0,0.0,180.0,0.0,1062.0,708.0,28.0,29.45,D4,24.7,0.56
400.0,0.0,0.0,180.0,0.0,1062.0,708.0,28.0,30.04,D4,24.3,0.57
400.0,0.0,0.0,180.0,0.0,1062.0,708.0,28.0,30.45,D4,25.4,0.55
400.0,0.0,0.0,180.0,0.0,1062.0,708.0,28.0,33.04,D4,24.9,0.61
400.0,0.0,0.0,180.0,0.0,1062.0,708.0,28.0,33.96,D4,27.7,0.61
400.0,0.0,0.0,180.0,0.0,1062.0,708.0,28.0,31.45,D4,25.8,0.61
400.0,0.0,0.0,180.0,0.0,1062.0,708.0,28.0,30.37,D4,25.9,0.6
400.0,0.0,0.0,180.0,0.0,1062.0,708.0,28.0,30.04,D4,27.3,0.61
400.0,0.0,0.0,180.0,0.0,1062.0,708.0,28.0,29.53,D4,24.2,0.69
400.0,0.0,0.0,180.0,0.0,1062.0,708.0,28.0,28.87,D4,22.5,0.63
400.0,0.0,0.0,180.0,0.0,1062.0,708.0,28.0,28.53,D4,27.4,0.65
400.0,0.0,0.0,180.0,0.0,1062.0,708.0,28.0,28.03,D4,25.3,0.61
400.0,0.0,0.0,180.0,0.0,1062.0,708.0,28.0,27.45,D4,25.3,0.52
400.0,0.0,0.0,180.0,0.0,1062.0,708.0,28.0,27.11,D4,23.7,0.51
400.0,0.0,0.0,180.0,0.0,1062.0,708.0,28.0,26.36,D4,23.8,0.7
400.0,0.0,0.0,180.0,0.0,1062.0,708.0,28.0,25.03,D4,26.7,0.57
400.0,0.0,0.0,180.0,0.0,1062.0,708.0,28.0,24.11,D4,27.0,0.57
400.0,0.0,0.0,180.0,0.0,1062.0,708.0,28.0,23.69,D4,26.6,0.61
400.0,0.0,0.0,180.0,0.0,1062.0,708.0,28.0,23.27,D4,26.6,0.63
400.0,0.0,0.0,180.0,0.0,1062.0,708.0,28.0,19.6,D4,26.1,0.63
400.0,0.0,0.0,180.0,0.0,1062.0,708.0,28.0,22.85,D4,25.3,0.69
400.0,0.0,0.0,180.0,0.0,1062.0,708.0,28.0,25.86,D4,24.6,0.68
400.0,0.0,0.0,180.0,0.0,1062.0,708.0,28.0,27.28,D4,27.4,0.56
400.0,0.0,0.0,180.0,0.0,1062.0,708.0,28.0,27.78,D4,24.3,0.65
400.0,0.0,0.0,180.0,0.0,1062.0,708.0,28.0,29.45,D4,25.7,0.58
400.0,0.0,0.0,180.0,0.0,1062.0,708.0,28.0,30.37,D4,23.4,0.59
400.0,0.0,0.0,180.0,0.0,1062.0,708.0,28.0,31.12,D4,23.7,0.55
400.0,0.0,0.0,180.0,0.0,1062.0,708.0,28.0,32.62,D4,24.5,0.52
400.0,0.0,0.0,180.0,0.0,1062.0,708.0,28.0,32.96,D4,23.4,0.6
400.0,0.0,0.0,180.0,0.0,1062.0,708.0,28.0,33.46,D4,26.6,0.55
400.0,0.0,0.0,180.0,0.0,1062.0,708.0,28.0,37.72,D4,22.3,0.65
400.0,0.0,0.0,180.0,0.0,1062.0,708.0,28.0,36.55,D4,25.2,0.59
400.0,0.0,0.0,180.0,0.0,1062.0,708.0,28.0,33.21,D4,25.3,0.62
400.0,0.0,0.0,180.0,0.0,1062.0,708.0,28.0,31.54,D4,21.4,0.67
400.0,0.0,0.0,180.0,0.0,1062.0,708.0,28.0,30.95,D4,24.1,0.53
400.0,0.0,0.0,180.0,0.0,1062.0,708.0,28.0,30.04,D4,25.5,0.56
400.0,0.0,0.0,180.0,0.0,1062.0,708.0,28.0,29.78,D4,25.9,0.61
400.0,0.0,0.0,180.0,0.0,1062.0,708.0,28.0,29.28,D4,24.6,0.62
400.0,0.0,0.0,180.0,0.0,1062.0,708.0,28.0,26.61,D4,26.4,0.66
400.0,0.0,0.0,180.0,0.0,1062.0,708.0,28.0,26.28,D4,24.8,0.64
400.0,0.0,0.0,180.0,0.0,1062.0,708.0,28.0,26.61,D4,25.0,0.6
400.0,0.0,0.0,180.0,0.0,1062.0,708.0,28.0,27.78,D4,25.5,0.62
400.0,0.0,0.0,180.0,0.0,1062.0,708.0,28.0,28.45,D4,26.9,0.62
400.0,0.0,0.0,180.0,0.0,1062.0,708.0,28.0,31.04,D4,23.6,0.53
400.0,0.0,0.0,180.0,0.0,1062.0,708.0,28.0,31.54,D4,24.0,0.59
400.0,0.0,0.0,180.0,0.0,1062.0,708.0,28.0,32.96,D4,23.7,0.61
400.0,0.0,0.0,180.0,0.0,1062.0,708.0,28.0,34.96,D4,24.3,0.62
400.0,0.0,0.0,180.0,0.0,1062.0,708.0,28.0,40.22,D4,27.9,0.55
400.0,0.0,0.0,180.0,0.0,1062.0,708.0,28.0,33.29,D4,26.1,0.54
400.0,0.0,0.0,180.0,0.0,1062.0,708.0,28.0,32.87,D4,22.7,0.59
400.0,0.0,0.0,180.0,0.0,1062.0,708.0,28.0,30.37,D4,23.8,0.7
400.0,0.0,0.0,180.0,0.0,1062.0,708.0,28.0,27.78,D4,25.7,0.56
400.0,0.0,0.0,180.0,0.0,1062.0,708.0,28.0,25.78,D4,23.2,0.66
400.0,0.0,0.0,180.0,0.0,1062.0,708.0,28.0,29.2,D4,23.5,0.68
400.0,0.0,0.0,180.0,0.0,1062.0,708.0,28.0,28.78,D4,27.7,0.6
400.0,0.0,0.0,180.0,0.0,1062.0,708.0,28.0,36.97,D4,23.8,0.57
400.0,0.0,0.0,180.0,0.0,1062.0,708.0,28.0,40.72,D4,26.9,0.63
400.0,0.0,0.0,180.0,0.0,1062.0,708.0,28.0,44.48,D4,27.5,0.61
360.0,0.0,0.0,180.0,0.0,1086.0,724.0,28.0,16.5,D4,23.5,0.56
360.0,0.0,0.0,180.0,0.0,1086.0,724.0,28.0,17.92,D4,23.2,0.57
360.0,0.0,0.0,180.0,0.0,1086.0,724.0,28.0,20.6,D4,24.4,0.62
360.0,0.0,0.0,180.0,0.0,1086.0,724.0,28.0,21.88,D4,22.8,0.65
360.0,0.0,0.0,180.0,0.0,1086.0,724.0,28.0,23.46,D4,25.2,0.58
360.0,0.0,0.0,180.0,0.0,1086.0,724.0,28.0,22.69,D4,24.6,0.6
360.0,0.0,0.0,180.0,0.0,1086.0,724.0,28.0,26.31,D4,25.7,0.63
360.0,0.0,0.0,180.0,0.0,1086.0,724.0,28.0,23.02,D4,27.8,0.59
360.0,0.0,0.0,180.0,0.0,1086.0,724.0,28.0,24.45,D4,26.6,0.59
360.0,0.0,0.0,180.0,0.0,1086.0,724.0,28.0,27.89,D4,26.0,0.56
360.0,0.0,0.0,180.0,0.0,1086.0,724.0,28.0,28.84,D4,21.1,0.56
360.0,0.0,0.0,180.0,0.0,1086.0,724.0,28.0,29.84,D4,25.9,0.73
360.0,0.0,0.0,180.0,0.0,1086.0,724.0,28.0,28.12,D4,28.4,0.59
360.0,0.0,0.0,180.0,0.0,1086.0,724.0,28.0,30.27,D4,19.0,0.67
360.0,0.0,0.0,180.0,0.0,1086.0,724.0,28.0,31.84,D4,26.4,0.68
360.0,0.0,0.0,180.0,0.0,1086.0,724.0,28.0,32.17,D4,24.7,0.59
360.0,0.0,0.0,180.0,0.0,1086.0,724.0,28.0,35.65,D4,23.3,0.62
360.0,0.0,0.0,180.0,0.0,1086.0,724.0,28.0,40.08,D4,26.6,0.61
360.0,0.0,0.0,180.0,0.0,1086.0,724.0,28.0,40.89,D4,28.4,0.52
360.0,0.0,0.0,180.0,0.0,1086.0,724.0,28.0,41.03,D4,26.6,0.52
360.0,0.0,0.0,180.0,0.0,1086.0,724.0,28.0,20.21,D4,24.3,0.6
360.0,0.0,0.0,180.0,0.0,1086.0,724.0,28.0,24.83,D4,23.1,0.58
360.0,0.0,0.0,180.0,0.0,1086.0,724.0,28.0,23.93,D4,25.3,0.69
360.0,0.0,0.0,180.0,0.0,1086.0,724.0,28.0,24.45,D4,26.7,0.59
360.0,0.0,0.0,180.0,0.0,1086.0,724.0,28.0,35.13,D4,24.2,0.7
360.0,0.0,0.0,180.0,0.0,1086.0,724.0,12053.0,26.2,D4,24.4,0.58
360.0,0.0,0.0,180.0,0.0,1086.0,724.0,12053.0,27.01,D4,30.6,0.7
360.0,0.0,0.0,180.0,0.0,1086.0,724.0,12053.0,24.11,D4,27.2,0.63
360.0,0.0,0.0,180.0,0.0,1086.0,724.0,12053.0,3.38,D4,27.3,0.63
360.0,0.0,0.0,180.0,0.0,1086.0,724.0,12053.0,4.66,D4,22.1,0.57
360.0,0.0,0.0,180.0,0.0,1086.0,724.0,12053.0,7.48,D4,23.6,0.63
360.0,0.0,0.0,180.0,0.0,1086.0,724.0,12053.0,11.17,D4,25.1,0.68
360.0,0.0,0.0,180.0,0.0,1086.0,724.0,12053.0,18.73,D4,23.0,0.59
360.0,0.0,0.0,180.0,0.0,1086.0,724.0,12053.0,13.34,D4,28.2,0.58
360.0,0.0,0.0,180.0,0.0,1086.0,724.0,12053.0,15.11,D4,27.8,0.59
360.0,0.0,0.0,180.0,0.0,1086.0,724.0,12053.0,9.81,D4,23.9,0.68
360.0,0.0,0.0,180.0,0.0,1086.0,724.0,12053.0,14.71,D4,28.6,0.64
360.0,0.0,0.0,180.0,0.0,1086.0,724.0,12053.0,12.62,D4,25.0,0.67
360.0,0.0,0.0,180.0,0.0,1086.0,724.0,12053.0,9.97,D4,30.2,0.62
360.0,0.0,0.0,180.0,0.0,1086.0,724.0,12053.0,9.57,D4,25.3,0.6
360.0,0.0,0.0,180.0,0.0,1086.0,724.0,12053.0,18.17,D4,26.2,0.62
360.0,0.0,0.0,180.0,0.0,1086.0,724.0,12053.0,18.89,D4,27.8,0.65
360.0,0.0,0.0,180.0,0.0,1086.0,724.0,12053.0,16.48,D4,27.6,0.59
300.0,0.0,0.0,180.0,0.0,1122.0,748.0,7.0,19.62,D4,26.0,0.67
300.0,0.0,0.0,180.0,0.0,1122.0,748.0,28.0,23.62,D4,24.7,0.62
300.0,0.0,0.0,180.0,0.0,1122.0,748.0,90.0,27.25,D4,26.0,0.48
300.0,0.0,0.0,180.0,0.0,1122.0,748.0,7.0,18.89,D4,23.4,0.64
300.0,0.0,0.0,180.0,0.0,1122.0,748.0,28.0,23.33,D4,25.3,0.54
300.0,0.0,0.0,180.0,0.0,1122.0,748.0,90.0,27.11,D4,22.8,0.64
300.0,0.0,0.0,180.0,0.0,1122.0,748.0,7.0,18.22,D4,21.4,0.65
300.0,0.0,0.0,180.0,0.0,1122.0,748.0,28.0,22.66,D4,25.1,0.62
300.0,0.0,0.0,180.0,0.0,1122.0,748.0,90.0,26.89,D4,27.5,0.63
300.0,0.0,0.0,180.0,0.0,1122.0,748.0,7.0,17.91,D4,26.9,0.65
300.0,0.0,0.0,180.0,0.0,1122.0,748.0,28.0,23.12,D4,24.8,0.58
300.0,0.0,0.0,180.0,0.0,1122.0,748.0,90.0,27.09,D4,28.5,0.64
327.27272727272725,0.0,0.0,180.0,0.0,1105.6363636363635,737.0909090909091,7.0,17.02,D4,23.9,0.66
327.27272727272725,0.0,0.0,180.0,0.0,1105.6363636363635,737.0909090909091,28.0,22.03,D4,21.2,0.69
327.27272727272725,0.0,0.0,180.0,0.0,1105.6363636363635,737.0909090909091,90.0,25.33,D4,20.6,0.54
327.27272727272725,0.0,0.0,180.0,0.0,1105.6363636363635,737.0909090909091,7.0,16.63,D4,22.6,0.62
327.27272727272725,0.0,0.0,180.0,0.0,1105.6363636363635,737.0909090909091,28.0,21.76,D4,26.6,0.55
327.27272727272725,0.0,0.0,180.0,0.0,1105.6363636363635,737.0909090909091,90.0,25.04,D4,23.7,0.55
327.27272727272725,0.0,0.0,180.0,0.0,1105.6363636363635,737.0909090909091,7.0,16.04,D4,25.9,0.62
327.27272727272725,0.0,0.0,180.0,0.0,1105.6363636363635,737.0909090909091,28.0,21.18,D4,28.3,0.6
327.27272727272725,0.0,0.0,180.0,0.0,1105.6363636363635,737.0909090909091,90.0,24.75,D4,22.8,0.66
327.27272727272725,0.0,0.0,180.0,0.0,1105.6363636363635,737.0909090909091,7.0,15.19,D4,26.0,0.58
327.27272727272725,0.0,0.0,180.0,0.0,1105.6363636363635,737.0909090909091,28.0,20.88,D4,26.1,0.59
327.27272727272725,0.0,0.0,180.0,0.0,1105.6363636363635,737.0909090909091,90.0,24.62,D4,23.3,0.61
367.34693877551024,0.0,0.0,180.0,0.0,1081.5918367346935,721.0612244897959,1.0,12.82,D4,27.7,0.56
400.0,0.0,0.0,180.0,0.0,1062.0,708.0,1.0,14.8,D4,24.4,0.56
439.0243902439025,0.0,0.0,180.0,0.0,1038.5853658536585,692.3902439024391,1.0,21.83,D4,24.2,0.66
367.34693877551024,0.0,0.0,180.0,0.0,1081.5918367346935,721.0612244897959,3.0,20.3,D4,29.2,0.57
400.0,0.0,0.0,180.0,0.0,1062.0,708.0,3.0,23.9,D4,26.0,0.66
439.0243902439025,0.0,0.0,180.0,0.0,1038.5853658536585,692.3902439024391,3.0,28.2,D4,26.9,0.63
367.34693877551024,0.0,0.0,180.0,0.0,1081.5918367346935,721.0612244897959,7.0,30.6,D4,27.7,0.52
400.0,0.0,0.0,180.0,0.0,1062.0,708.0,7.0,33.6,D4,23.7,0.63
439.0243902439025,0.0,0.0,180.0,0.0,1038.5853658536585,692.3902439024391,7.0,39.8,D4,27.5,0.63
367.34693877551024,0.0,0.0,180.0,0.0,1081.5918367346935,721.0612244897959,14.0,33.2,D4,24.0,0.62
400.0,0.0,0.0,180.0,0.0,1062.0,708.0,14.0,38.4,D4,23.9,0.59
439.0243902439025,0.0,0.0,180.0,0.0,1038.5853658536585,692.3902439024391,14.0,48.7,D4,24.5,0.55
360.0,0.0,0.0,180.0,0.0,1086.0,724.0,180.0,18.04,D4,23.8,0.67
360.0,0.0,0.0,180.0,0.0,1086.0,724.0,180.0,13.98,D4,26.6,0.59
360.0,0.0,0.0,180.0,0.0,1086.0,724.0,180.0,17.31,D4,25.5,0.56
360.0,0.0,0.0,180.0,0.0,1086.0,724.0,180.0,14.63,D4,24.0,0.62
360.0,0.0,0.0,180.0,0.0,1086.0,724.0,180.0,16.3,D4,26.3,0.56
360.0,0.0,0.0,180.0,0.0,1086.0,724.0,180.0,16.37,D4,24.4,0.55
360.0,0.0,0.0,180.0,0.0,1086.0,724.0,180.0,8.91,D4,24.3,0.58
360.0,0.0,0.0,180.0,0.0,1086.0,724.0,180.0,17.09,D4,25.1,0.57
360.0,0.0,0.0,180.0,0.0,1086.0,724.0,180.0,9.56,D4,25.9,0.55
360.0,0.0,0.0,180.0,0.0,1086.0,724.0,180.0,11.08,D4,25.8,0.64
360.0,0.0,0.0,180.0,0.0,1086.0,724.0,180.0,12.02,D4,24.3,0.59
360.0,0.0,0.0,180.0,0.0,1086.0,724.0,180.0,16.08,D4,26.7,0.66
360.0,0.0,0.0,180.0,0.0,1086.0,724.0,180.0,12.82,D4,24.6,0.56
360.0,0.0,0.0,180.0,0.0,1086.0,724.0,180.0,11.23,D4,23.7,0.51
360.0,0.0,0.0,180.0,0.0,1086.0,724.0,180.0,17.17,D4,22.1,0.61
360.0,0.0,0.0,180.0,0.0,1086.0,724.0,180.0,13.33,D4,27.0,0.69
360.0,0.0,0.0,180.0,0.0,1086.0,724.0,180.0,11.81,D4,25.0,0.63
360.0,0.0,0.0,180.0,0.0,1086.0,724.0,180.0,15.14,D4,25.4,0.76
360.0,0.0,0.0,180.0,0.0,1086.0,724.0,180.0,17.02,D4,27.1,0.62
360.0,0.0,0.0,180.0,0.0,1086.0,724.0,180.0,16.15,D4,24.0,0.61
360.0,0.0,0.0,180.0,0.0,1086.0,724.0,180.0,14.27,D4,22.3,0.49
600.0,0.0,0.0,180.0,0.0,942.0,628.0,3.0,38.35,D4,25.1,0.62
600.0,0.0,0.0,180.0,0.0,942.0,628.0,7.0,42.22,D4,25.6,0.61
600.0,0.0,0.0,180.0,0.0,942.0,628.0,14.0,50.94,D4,24.5,0.58
600.0,0.0,0.0,180.0,0.0,942.0,628.0,28.0,52.39,D4,27.9,0.59
600.0,0.0,0.0,180.0,0.0,942.0,628.0,90.0,54.33,D4,20.0,0.6
600.0,0.0,0.0,180.0,0.0,942.0,628.0,180.0,54.72,D4,27.2,0.59
600.0,0.0,0.0,180.0,0.0,942.0,628.0,365.0,55.1,D4,26.6,0.7
450.0,0.0,0.0,180.0,0.0,1032.0,688.0,3.0,18.88,D4,25.9,0.58
450.0,0.0,0.0,180.0,0.0,1032.0,688.0,7.0,31.96,D4,18.3,0.61
450.0,0.0,0.0,180.0,0.0,1032.0,688.0,14.0,38.64,D4,27.6,0.58
450.0,0.0,0.0,180.0,0.0,1032.0,688.0,28.0,39.32,D4,22.9,0.64
450.0,0.0,0.0,180.0,0.0,1032.0,688.0,90.0,46.1,D4,24.0,0.61
450.0,0.0,0.0,180.0,0.0,1032.0,688.0,180.0,46.77,D4,24.7,0.59
450.0,0.0,0.0,180.0,0.0,1032.0,688.0,365.0,47.65,D4,25.8,0.5
360.0,0.0,0.0,180.0,0.0,1086.0,724.0,3.0,16.17,D4,26.3,0.61
360.0,0.0,0.0,180.0,0.0,1086.0,724.0,7.0,18.88,D4,26.8,0.58
360.0,0.0,0.0,180.0,0.0,1086.0,724.0,14.0,29.15,D4,26.6,0.6
360.0,0.0,0.0,180.0,0.0,1086.0,724.0,28.0,38.16,D4,25.5,0.54
360.0,0.0,0.0,180.0,0.0,1086.0,724.0,90.0,40.19,D4,25.8,0.67
360.0,0.0,0.0,180.0,0.0,1086.0,724.0,180.0,40.58,D4,22.8,0.64
360.0,0.0,0.0,180.0,0.0,1086.0,724.0,365.0,41.84,D4,23.5,0.67
300.0,0.0,0.0,180.0,0.0,1122.0,748.0,3.0,8.62,D4,26.8,0.66
300.0,0.0,0.0,180.0,0.0,1122.0,748.0,7.0,13.56,D4,26.7,0.63
300.0,0.0,0.0,180.0,0.0,1122.0,748.0,14.0,30.02,D4,26.4,0.54
300.0,0.0,0.0,180.0,0.0,1122.0,748.0,28.0,31.86,D4,24.0,0.69
300.0,0.0,0.0,180.0,0.0,1122.0,748.0,90.0,31.96,D4,26.8,0.55
300.0,0.0,0.0,180.0,0.0,1122.0,748.0,180.0,32.64,D4,22.7,0.59
300.0,0.0,0.0,180.0,0.0,1122.0,748.0,365.0,33.6,D4,27.2,0.64
257.14285714285717,0.0,0.0,180.0,0.0,1147.7142857142856,765.1428571428571,3.0,5.04,D4,24.5,0.64
257.14285714285717,0.0,0.0,180.0,0.0,1147.7142857142856,765.1428571428571,7.0,5.91,D4,28.4,0.63
257.14285714285717,0.0,0.0,180.0,0.0,1147.7142857142856,765.1428571428571,14.0,15.49,D4,22.0,0.58
257.14285714285717,0.0,0.0,180.0,0.0,1147.7142857142856,765.1428571428571,28.0,19.76,D4,28.5,0.57
257.14285714285717,0.0,0.0,180.0,0.0,1147.7142857142856,765.1428571428571,90.0,22.56,D4,24.3,0.73
257.14285714285717,0.0,0.0,180.0,0.0,1147.7142857142856,765.1428571428571,180.0,23.44,D4,24.2,0.6
257.14285714285717,0.0,0.0,180.0,0.0,1147.7142857142856,765.1428571428571,365.0,26.15,D4,25.4,0.59
360.0,0.0,0.0,180.0,0.0,1086.0,724.0,6575.0,24.87,D4,23.6,0.56
360.0,0.0,0.0,180.0,0.0,1086.0,724.0,6575.0,26.52,D4,24.9,0.61
360.0,0.0,0.0,180.0,0.0,1086.0,724.0,6575.0,28.21,D4,23.5,0.61
360.0,0.0,0.0,180.0,0.0,1086.0,724.0,6575.0,29.86,D4,23.6,0.6
360.0,0.0,0.0,180.0,0.0,1086.0,724.0,6575.0,32.4,D4,26.0,0.62
360.0,0.0,0.0,180.0,0.0,1086.0,724.0,6575.0,33.62,D4,23.2,0.69
360.0,0.0,0.0,180.0,0.0,1086.0,724.0,6575.0,34.9,D4,23.5,0.57
360.0,0.0,0.0,180.0,0.0,1086.0,724.0,6575.0,36.49,D4,22.3,0.6
360.0,0.0,0.0,180.0,0.0,1086.0,724.0,6575.0,38.13,D4,24.0,0.57
360.0,0.0,0.0,180.0,0.0,1086.0,724.0,6575.0,39.83,D4,27.6,0.61
360.0,0.0,0.0,180.0,0.0,1086.0,724.0,6575.0,36.49,D4,23.3,0.57
360.0,0.0,0.0,180.0,0.0,1086.0,724.0,6575.0,37.28,D4,23.5,0.57
360.0,0.0,0.0,180.0,0.0,1086.0,724.0,6575.0,38.13,D4,25.4,0.53
360.0,0.0,0.0,180.0,0.0,1086.0,724.0,6575.0,41.47,D4,24.3,0.6
360.0,0.0,0.0,180.0,0.0,1086.0,724.0,6575.0,43.17,D4,29.5,0.62
360.0,0.0,0.0,180.0,0.0,1086.0,724.0,6575.0,44.81,D4,24.7,0.69
360.0,0.0,0.0,180.0,0.0,1086.0,724.0,6575.0,46.46,D4,25.7,0.62
360.0,0.0,0.0,180.0,0.0,1086.0,724.0,6575.0,48.1,D4,26.9,0.58
400.0,0.0,0.0,180.0,0.0,1062.0,708.0,28.0,8.02,D4,26.8,0.53
400.0,0.0,0.0,180.0,0.0,1062.0,708.0,28.0,9.15,D4,25.5,0.54
400.0,0.0,0.0,180.0,0.0,1062.0,708.0,28.0,10.23,D4,24.7,0.54
400.0,0.0,0.0,180.0,0.0,1062.0,708.0,28.0,11.54,D4,29.0,0.69
400.0,0.0,0.0,180.0,0.0,1062.0,708.0,28.0,12.9,D4,24.8,0.61
400.0,0.0,0.0,180.0,0.0,1062.0,708.0,28.0,12.51,D4,24.1,0.57
400.0,0.0,0.0,180.0,0.0,1062.0,708.0,28.0,10.69,D4,23.7,0.55
400.0,0.0,0.0,180.0,0.0,1062.0,708.0,28.0,14.27,D4,21.5,0.56
400.0,0.0,0.0,180.0,0.0,1062.0,708.0,28.0,14.44,D4,26.6,0.57
400.0,0.0,0.0,180.0,0.0,1062.0,708.0,28.0,16.37,D4,20.3,0.67
400.0,0.0,0.0,180.0,0.0,1062.0,708.0,28.0,17.0,D4,25.0,0.6
400.0,0.0,0.0,180.0,0.0,1062.0,708.0,28.0,15.86,D4,24.6,0.53
400.0,0.0,0.0,180.0,0.0,1062.0,708.0,28.0,14.5,D4,29.5,0.72
400.0,0.0,0.0,180.0,0.0,1062.0,708.0,28.0,13.36,D4,21.3,0.54
400.0,0.0,0.0,180.0,0.0,1062.0,708.0,28.0,15.41,D4,23.2,0.57
400.0,0.0,0.0,180.0,0.0,1062.0,708.0,28.0,18.36,D4,24.7,0.67
400.0,0.0,0.0,180.0,0.0,1062.0,708.0,28.0,17.96,D4,24.6,0.62
400.0,0.0,0.0,180.0,0.0,1062.0,708.0,28.0,21.15,D4,23.9,0.58
400.0,0.0,0.0,180.0,0.0,1062.0,708.0,28.0,21.77,D4,24.8,0.54
400.0,0.0,0.0,180.0,0.0,1062.0,708.0,28.0,20.52,D4,22.5,0.55
400.0,0.0,0.0,180.0,0.0,1062.0,708.0,28.0,4.84,D4,25.7,0.55
400.0,0.0,0.0,180.0,0.0,1062.0,708.0,28.0,5.32,D4,20.4,0.6
400.0,0.0,0.0,180.0,0.0,1062.0,708.0,28.0,7.18,D4,24.9,0.61
400.0,0.0,0.0,180.0,0.0,1062.0,708.0,28.0,8.98,D4,23.8,0.59
400.0,0.0,0.0,180.0,0.0,1062.0,708.0,28.0,7.52,D4,27.0,0.6
400.0,0.0,0.0,180.0,0.0,1062.0,708.0,28.0,6.84,D4,28.5,0.55
400.0,0.0,0.0,180.0,0.0,1062.0,708.0,28.0,6.1,D4,24.3,0.61
400.0,0.0,0.0,180.0,0.0,1062.0,708.0,28.0,8.54,D4,27.8,0.66
400.0,0.0,0.0,180.0,0.0,1062.0,708.0,28.0,9.52,D4,24.4,0.59
400.0,0.0,0.0,180.0,0.0,1062.0,708.0,28.0,8.4,D4,23.1,0.59
400.0,0.0,0.0,180.0,0.0,1062.0,708.0,28.0,9.15,D4,28.5,0.6
400.0,0.0,0.0,180.0,0.0,1062.0,708.0,28.0,11.32,D4,26.0,0.66
400.0,0.0,0.0,180.0,0.0,1062.0,708.0,28.0,11.21,D4,25.0,0.56
400.0,0.0,0.0,180.0,0.0,1062.0,708.0,28.0,10.87,D4,26.4,0.67
400.0,0.0,0.0,180.0,0.0,1062.0,708.0,28.0,10.03,D4,25.5,0.62
400.0,0.0,0.0,180.0,0.0,1062.0,708.0,28.0,14.4,D4,24.9,0.6
400.0,0.0,0.0,180.0,0.0,1062.0,708.0,28.0,14.57,D4,22.3,0.66
400.0,0.0,0.0,180.0,0.0,1062.0,708.0,28.0,15.45,D4,24.5,0.54
400.0,0.0,0.0,180.0,0.0,1062.0,708.0,28.0,15.75,D4,26.2,0.63
400.0,0.0,0.0,180.0,0.0,1062.0,708.0,28.0,14.97,D4,24.8,0.62
360.0,0.0,0.0,180.0,0.0,1086.0,724.0,28.0,10.46,D4,26.8,0.55
360.0,0.0,0.0,180.0,0.0,1086.0,724.0,28.0,11.21,D4,25.8,0.62
360.0,0.0,0.0,180.0,0.0,1086.0,724.0,28.0,10.79,D4,23.2,0.61
360.0,0.0,0.0,180.0,0.0,1086.0,724.0,28.0,13.28,D4,22.4,0.59
360.0,0.0,0.0,180.0,0.0,1086.0,724.0,28.0,10.38,D4,24.7,0.64
360.0,0.0,0.0,180.0,0.0,1086.0,724.0,28.0,10.46,D4,24.0,0.57
360.0,0.0,0.0,180.0,0.0,1086.0,724.0,28.0,10.38,D4,25.7,0.61
360.0,0.0,0.0,180.0,0.0,1086.0,724.0,28.0,10.29,D4,23.6,0.59
360.0,0.0,0.0,180.0,0.0,1086.0,724.0,28.0,10.61,D4,23.8,0.57
360.0,0.0,0.0,180.0,0.0,1086.0,724.0,28.0,10.76,D4,27.1,0.63
360.0,0.0,0.0,180.0,0.0,1086.0,724.0,28.0,11.21,D4,25.3,0.59
360.0,0.0,0.0,180.0,0.0,1086.0,724.0,28.0,11.95,D4,23.6,0.53
360.0,0.0,0.0,180.0,0.0,1086.0,724.0,28.0,15.19,D4,25.0,0.51
360.0,0.0,0.0,180.0,0.0,1086.0,724.0,28.0,9.71,D4,27.8,0.64
360.0,0.0,0.0,180.0,0.0,1086.0,724.0,28.0,10.21,D4,25.6,0.54
360.0,0.0,0.0,180.0,0.0,1086.0,724.0,28.0,11.06,D4,26.2,0.61
360.0,0.0,0.0,180.0,0.0,1086.0,724.0,28.0,13.61,D4,23.5,0.6
360.0,0.0,0.0,180.0,0.0,1086.0,724.0,28.0,11.28,D4,27.1,0.58
360.0,0.0,0.0,180.0,0.0,1086.0,724.0,28.0,11.58,D4,29.6,0.7
360.0,0.0,0.0,180.0,0.0,1086.0,724.0,28.0,13.28,D4,23.4,0.61
360.0,0.0,0.0,180.0,0.0,1086.0,724.0,28.0,12.7,D4,22.6,0.64
360.0,0.0,0.0,180.0,0.0,1086.0,724.0,28.0,12.33,D4,25.4,0.61
360.0,0.0,0.0,180.0,0.0,1086.0,724.0,28.0,11.95,D4,26.8,0.59
360.0,0.0,0.0,180.0,0.0,1086.0,724.0,28.0,12.7,D4,24.8,0.6
360.0,0.0,0.0,180.0,0.0,1086.0,724.0,28.0,13.3,D4,22.9,0.67
360.0,0.0,0.0,180.0,0.0,1086.0,724.0,28.0,13.45,D4,24.8,0.65
360.0,0.0,0.0,180.0,0.0,1086.0,724.0,28.0,13.45,D4,26.2,0.7
360.0,0.0,0.0,180.0,0.0,1086.0,724.0,28.0,12.25,D4,24.2,0.61
360.0,0.0,0.0,180.0,0.0,1086.0,724.0,28.0,12.4,D4,26.2,0.56
360.0,0.0,0.0,180.0,0.0,1086.0,724.0,28.0,12.18,D4,27.3,0.58
360.0,0.0,0.0,180.0,0.0,1086.0,724.0,28.0,12.7,D4,25.5,0.54
360.0,0.0,0.0,180.0,0.0,1086.0,724.0,28.0,17.43,D4,24.9,0.64
360.0,0.0,0.0,180.0,0.0,1086.0,724.0,28.0,15.94,D4,26.7,0.57
360.0,0.0,0.0,180.0,0.0,1086.0,724.0,28.0,13.6,D4,23.3,0.45
360.0,0.0,0.0,180.0,0.0,1086.0,724.0,28.0,13.74,D4,23.1,0.72
360.0,0.0,0.0,180.0,0.0,1086.0,724.0,28.0,13.74,D4,24.5,0.57
360.0,0.0,0.0,180.0,0.0,1086.0,724.0,28.0,13.89,D4,24.0,0.57
360.0,0.0,0.0,180.0,0.0,1086.0,724.0,28.0,13.96,D4,23.4,0.68
360.0,0.0,0.0,180.0,0.0,1086.0,724.0,28.0,18.34,D4,28.7,0.54
360.0,0.0,0.0,180.0,0.0,1086.0,724.0,28.0,13.6,D4,29.3,0.66
360.0,0.0,0.0,180.0,0.0,1086.0,724.0,28.0,17.55,D4,24.3,0.57
360.0,0.0,0.0,180.0,0.0,1086.0,724.0,28.0,22.41,D4,25.2,0.53
360.0,0.0,0.0,180.0,0.0,1086.0,724.0,28.0,15.01,D4,24.6,0.69
360.0,0.0,0.0,180.0,0.0,1086.0,724.0,28.0,14.64,D4,27.2,0.65
360.0,0.0,0.0,180.0,0.0,1086.0,724.0,28.0,12.1,D4,27.6,0.65
360.0,0.0,0.0,180.0,0.0,1086.0,724.0,28.0,14.49,D4,21.4,0.62
360.0,0.0,0.0,180.0,0.0,1086.0,724.0,28.0,22.91,D4,26.0,0.63
360.0,0.0,0.0,180.0,0.0,1086.0,724.0,28.0,19.75,D4,22.4,0.54
360.0,0.0,0.0,180.0,0.0,1086.0,724.0,28.0,21.58,D4,28.5,0.61
360.0,0.0,0.0,180.0,0.0,1086.0,724.0,28.0,20.75,D4,25.9,0.55
360.0,0.0,0.0,180.0,0.0,1086.0,724.0,28.0,14.94,D4,23.4,0.53
360.0,0.0,0.0,180.0,0.0,1086.0,724.0,28.0,18.53,D4,24.5,0.62
360.0,0.0,0.0,180.0,0.0,1086.0,724.0,28.0,15.91,D4,24.4,0.66
360.0,0.0,0.0,180.0,0.0,1086.0,724.0,28.0,17.43,D4,26.1,0.58
360.0,0.0,0.0,180.0,0.0,1086.0,724.0,28.0,15.84,D4,27.1,0.59
360.0,0.0,0.0,180.0,0.0,1086.0,724.0,28.0,15.84,D4,22.7,0.54
360.0,0.0,0.0,180.0,0.0,1086.0,724.0,28.0,14.49,D4,28.7,0.6
360.0,0.0,0.0,180.0,0.0,1086.0,724.0,28.0,15.99,D4,28.2,0.64
360.0,0.0,0.0,180.0,0.0,1086.0,724.0,28.0,15.99,D4,23.2,0.64
360.0,0.0,0.0,180.0,0.0,1086.0,724.0,28.0,18.26,D4,25.1,0.63
360.0,0.0,0.0,180.0,0.0,1086.0,724.0,28.0,16.43,D4,28.4,0.57
360.0,0.0,0.0,180.0,0.0,1086.0,724.0,28.0,19.42,D4,27.5,0.57
360.0,0.0,0.0,180.0,0.0,1086.0,724.0,28.0,16.58,D4,24.3,0.64
360.0,0.0,0.0,180.0,0.0,1086.0,724.0,28.0,16.81,D4,26.6,0.64
360.0,0.0,0.0,180.0,0.0,1086.0,724.0,28.0,17.18,D4,31.0,0.59
360.0,0.0,0.0,180.0,0.0,1086.0,724.0,28.0,16.88,D4,25.2,0.58
360.0,0.0,0.0,180.0,0.0,1086.0,724.0,28.0,17.55,D4,23.7,0.66
360.0,0.0,0.0,180.0,0.0,1086.0,724.0,28.0,17.18,D4,25.3,0.58
360.0,0.0,0.0,180.0,0.0,1086.0,724.0,28.0,16.88,D4,25.5,0.64
360.0,0.0,0.0,180.0,0.0,1086.0,724.0,28.0,17.11,D4,24.0,0.59
360.0,0.0,0.0,180.0,0.0,1086.0,724.0,28.0,17.93,D4,25.9,0.55
360.0,0.0,0.0,180.0,0.0,1086.0,724.0,28.0,19.05,D4,22.5,0.68
360.0,0.0,0.0,180.0,0.0,1086.0,724.0,28.0,19.42,D4,23.7,0.61
360.0,0.0,0.0,180.0,0.0,1086.0,724.0,28.0,17.93,D4,26.5,0.56
360.0,0.0,0.0,180.0,0.0,1086.0,724.0,28.0,17.18,D4,21.5,0.53
360.0,0.0,0.0,180.0,0.0,1086.0,724.0,28.0,20.92,D4,26.8,0.54
360.0,0.0,0.0,180.0,0.0,1086.0,724.0,28.0,18.0,D4,21.0,0.58
360.0,0.0,0.0,180.0,0.0,1086.0,724.0,28.0,16.21,D4,21.5,0.7
360.0,0.0,0.0,180.0,0.0,1086.0,724.0,28.0,18.08,D4,24.0,0.57
360.0,0.0,0.0,180.0,0.0,1086.0,724.0,28.0,18.08,D4,25.6,0.67
360.0,0.0,0.0,180.0,0.0,1086.0,724.0,28.0,18.68,D4,27.7,0.59
360.0,0.0,0.0,180.0,0.0,1086.0,724.0,28.0,23.31,D4,25.1,0.54
360.0,0.0,0.0,180.0,0.0,1086.0,724.0,28.0,19.42,D4,24.5,0.58
360.0,0.0,0.0,180.0,0.0,1086.0,724.0,28.0,19.94,D4,26.2,0.54
360.0,0.0,0.0,180.0,0.0,1086.0,724.0,28.0,19.35,D4,23.3,0.56
360.0,0.0,0.0,180.0,0.0,1086.0,724.0,28.0,18.68,D4,25.3,0.56
360.0,0.0,0.0,180.0,0.0,1086.0,724.0,28.0,20.17,D4,22.6,0.5
360.0,0.0,0.0,180.0,0.0,1086.0,724.0,28.0,20.54,D4,25.2,0.68
360.0,0.0,0.0,180.0,0.0,1086.0,724.0,28.0,20.92,D4,24.7,0.61
360.0,0.0,0.0,180.0,0.0,1086.0,724.0,28.0,21.07,D4,23.4,0.57
360.0,0.0,0.0,180.0,0.0,1086.0,724.0,28.0,20.92,D4,25.3,0.61
360.0,0.0,0.0,180.0,0.0,1086.0,724.0,28.0,25.86,D4,25.3,0.56
360.0,0.0,0.0,180.0,0.0,1086.0,724.0,28.0,21.92,D4,27.4,0.47
360.0,0.0,0.0,180.0,0.0,1086.0,724.0,28.0,22.87,D4,21.8,0.75
360.0,0.0,0.0,180.0,0.0,1086.0,724.0,28.0,17.9,D4,24.8,0.61
360.0,0.0,0.0,180.0,0.0,1086.0,724.0,28.0,21.29,D4,23.5,0.57
360.0,0.0,0.0,180.0,0.0,1086.0,724.0,28.0,22.87,D4,26.7,0.5
360.0,0.0,0.0,180.0,0.0,1086.0,724.0,28.0,21.29,D4,26.5,0.53
360.0,0.0,0.0,180.0,0.0,1086.0,724.0,28.0,22.24,D4,26.0,0.68
360.0,0.0,0.0,180.0,0.0,1086.0,724.0,28.0,22.48,D4,23.6,0.68
360.0,0.0,0.0,180.0,0.0,1086.0,724.0,28.0,21.0,D4,26.8,0.64
360.0,0.0,0.0,180.0,0.0,1086.0,724.0,28.0,22.87,D4,21.9,0.54
360.0,0.0,0.0,180.0,0.0,1086.0,724.0,28.0,23.18,D4,21.5,0.68
360.0,0.0,0.0,180.0,0.0,1086.0,724.0,28.0,22.08,D4,22.4,0.62
360.0,0.0,0.0,180.0,0.0,1086.0,724.0,28.0,23.66,D4,24.9,0.63
360.0,0.0,0.0,180.0,0.0,1086.0,724.0,28.0,18.92,D4,26.4,0.62
360.0,0.0,0.0,180.0,0.0,1086.0,724.0,28.0,23.26,D4,19.0,0.52
360.0,0.0,0.0,180.0,0.0,1086.0,724.0,28.0,18.51,D4,27.6,0.54
360.0,0.0,0.0,180.0,0.0,1086.0,724.0,28.0,25.07,D4,25.3,0.57
360.0,0.0,0.0,180.0,0.0,1086.0,724.0,28.0,28.93,D4,21.9,0.63
360.0,0.0,0.0,180.0,0.0,1086.0,724.0,28.0,23.66,D4,25.2,0.53
360.0,0.0,0.0,180.0,0.0,1086.0,724.0,28.0,25.23,D4,27.2,0.59
360.0,0.0,0.0,180.0,0.0,1086.0,724.0,28.0,25.62,D4,26.2,0.59
360.0,0.0,0.0,180.0,0.0,1086.0,724.0,28.0,25.9,D4,27.2,0.64
360.0,0.0,0.0,180.0,0.0,1086.0,724.0,28.0,21.41,D4,22.3,0.63
360.0,0.0,0.0,180.0,0.0,1086.0,724.0,28.0,25.4,D4,24.2,0.55
360.0,0.0,0.0,180.0,0.0,1086.0,724.0,28.0,27.04,D4,23.2,0.67
360.0,0.0,0.0,180.0,0.0,1086.0,724.0,28.0,23.66,D4,28.4,0.54
360.0,0.0,0.0,180.0,0.0,1086.0,724.0,28.0,22.08,D4,26.3,0.65
360.0,0.0,0.0,180.0,0.0,1086.0,724.0,28.0,25.86,D4,30.7,0.57
360.0,0.0,0.0,180.0,0.0,1086.0,724.0,28.0,11.62,D4,24.1,0.61
360.0,0.0,0.0,180.0,0.0,1086.0,724.0,28.0,12.45,D4,23.6,0.61
360.0,0.0,0.0,180.0,0.0,1086.0,724.0,28.0,12.04,D4,24.7,0.61
360.0,0.0,0.0,180.0,0.0,1086.0,724.0,28.0,11.45,D4,27.8,0.63
360.0,0.0,0.0,180.0,0.0,1086.0,724.0,28.0,11.54,D4,24.3,0.62
360.0,0.0,0.0,180.0,0.0,1086.0,724.0,28.0,11.62,D4,25.2,0.64
360.0,0.0,0.0,180.0,0.0,1086.0,724.0,28.0,11.54,D4,25.2,0.62
360.0,0.0,0.0,180.0,0.0,1086.0,724.0,28.0,11.45,D4,25.1,0.54
360.0,0.0,0.0,180.0,0.0,1086.0,724.0,28.0,11.79,D4,23.7,0.61
360.0,0.0,0.0,180.0,0.0,1086.0,724.0,28.0,11.95,D4,24.7,0.57
360.0,0.0,0.0,180.0,0.0,1086.0,724.0,28.0,12.45,D4,24.6,0.54
360.0,0.0,0.0,180.0,0.0,1086.0,724.0,28.0,13.28,D4,25.0,0.59
360.0,0.0,0.0,180.0,0.0,1086.0,724.0,28.0,12.87,D4,26.9,0.61
360.0,0.0,0.0,180.0,0.0,1086.0,724.0,28.0,10.79,D4,28.5,0.61
360.0,0.0,0.0,180.0,0.0,1086.0,724.0,28.0,9.13,D4,23.3,0.65
360.0,0.0,0.0,180.0,0.0,1086.0,724.0,28.0,12.28,D4,24.2,0.67
360.0,0.0,0.0,180.0,0.0,1086.0,724.0,28.0,12.28,D4,23.3,0.62
360.0,0.0,0.0,180.0,0.0,1086.0,724.0,28.0,12.53,D4,25.4,0.63
360.0,0.0,0.0,180.0,0.0,1086.0,724.0,28.0,12.87,D4,23.9,0.6
360.0,0.0,0.0,180.0,0.0,1086.0,724.0,28.0,12.37,D4,25.5,0.64
360.0,0.0,0.0,180.0,0.0,1086.0,724.0,28.0,14.11,D4,27.2,0.62
360.0,0.0,0.0,180.0,0.0,1086.0,724.0,28.0,13.7,D4,19.9,0.6
360.0,0.0,0.0,180.0,0.0,1086.0,724.0,28.0,13.28,D4,26.0,0.71
360.0,0.0,0.0,180.0,0.0,1086.0,724.0,28.0,14.11,D4,24.1,0.57
360.0,0.0,0.0,180.0,0.0,1086.0,724.0,28.0,14.77,D4,25.9,0.67
360.0,0.0,0.0,180.0,0.0,1086.0,724.0,28.0,14.94,D4,23.2,0.53
360.0,0.0,0.0,180.0,0.0,1086.0,724.0,28.0,14.94,D4,27.4,0.64
360.0,0.0,0.0,180.0,0.0,1086.0,724.0,28.0,13.61,D4,26.8,0.67
360.0,0.0,0.0,180.0,0.0,1086.0,724.0,28.0,13.78,D4,26.1,0.5
360.0,0.0,0.0,180.0,0.0,1086.0,724.0,28.0,13.53,D4,26.6,0.61
360.0,0.0,0.0,180.0,0.0,1086.0,724.0,28.0,14.11,D4,23.5,0.64
360.0,0.0,0.0,180.0,0.0,1086.0,724.0,28.0,16.6,D4,23.8,0.61
360.0,0.0,0.0,180.0,0.0,1086.0,724.0,28.0,14.94,D4,26.5,0.62
360.0,0.0,0.0,180.0,0.0,1086.0,724.0,28.0,15.11,D4,23.5,0.61
360.0,0.0,0.0,180.0,0.0,1086.0,724.0,28.0,15.27,D4,27.9,0.55
360.0,0.0,0.0,180.0,0.0,1086.0,724.0,28.0,15.27,D4,24.4,0.72
360.0,0.0,0.0,180.0,0.0,1086.0,724.0,28.0,15.44,D4,26.0,0.57
360.0,0.0,0.0,180.0,0.0,1086.0,724.0,28.0,15.6,D4,29.2,0.62
360.0,0.0,0.0,180.0,0.0,1086.0,724.0,28.0,15.77,D4,23.6,0.57
360.0,0.0,0.0,180.0,0.0,1086.0,724.0,28.0,15.11,D4,25.1,0.49
360.0,0.0,0.0,180.0,0.0,1086.0,724.0,28.0,19.51,D4,27.1,0.55
360.0,0.0,0.0,180.0,0.0,1086.0,724.0,28.0,16.6,D4,26.9,0.53
360.0,0.0,0.0,180.0,0.0,1086.0,724.0,28.0,16.68,D4,24.3,0.65
360.0,0.0,0.0,180.0,0.0,1086.0,724.0,28.0,16.27,D4,24.0,0.57
360.0,0.0,0.0,180.0,0.0,1086.0,724.0,28.0,13.45,D4,24.5,0.57
360.0,0.0,0.0,180.0,0.0,1086.0,724.0,28.0,16.1,D4,27.9,0.55
360.0,0.0,0.0,180.0,0.0,1086.0,724.0,28.0,16.27,D4,24.4,0.6
360.0,0.0,0.0,180.0,0.0,1086.0,724.0,28.0,16.02,D4,25.2,0.56
360.0,0.0,0.0,180.0,0.0,1086.0,724.0,28.0,16.35,D4,24.1,0.65
360.0,0.0,0.0,180.0,0.0,1086.0,724.0,28.0,16.43,D4,26.4,0.62
360.0,0.0,0.0,180.0,0.0,1086.0,724.0,28.0,17.35,D4,25.3,0.57
360.0,0.0,0.0,180.0,0.0,1086.0,724.0,28.0,20.58,D4,23.0,0.64
360.0,0.0,0.0,180.0,0.0,1086.0,724.0,28.0,17.68,D4,23.1,0.6
360.0,0.0,0.0,180.0,0.0,1086.0,724.0,28.0,17.26,D4,21.0,0.6
360.0,0.0,0.0,180.0,0.0,1086.0,724.0,28.0,17.6,D4,23.3,0.53
360.0,0.0,0.0,180.0,0.0,1086.0,724.0,28.0,17.6,D4,26.6,0.6
360.0,0.0,0.0,180.0,0.0,1086.0,724.0,28.0,16.1,D4,27.6,0.62
360.0,0.0,0.0,180.0,0.0,1086.0,724.0,28.0,17.76,D4,26.4,0.67
360.0,0.0,0.0,180.0,0.0,1086.0,724.0,28.0,17.76,D4,26.1,0.56
360.0,0.0,0.0,180.0,0.0,1086.0,724.0,28.0,18.09,D4,24.7,0.71
360.0,0.0,0.0,180.0,0.0,1086.0,724.0,28.0,18.26,D4,26.5,0.63
360.0,0.0,0.0,180.0,0.0,1086.0,724.0,28.0,21.58,D4,25.6,0.52
360.0,0.0,0.0,180.0,0.0,1086.0,724.0,28.0,18.43,D4,28.6,0.56
360.0,0.0,0.0,180.0,0.0,1086.0,724.0,28.0,18.68,D4,24.8,0.67
360.0,0.0,0.0,180.0,0.0,1086.0,724.0,28.0,19.09,D4,27.7,0.66
360.0,0.0,0.0,180.0,0.0,1086.0,724.0,28.0,18.76,D4,26.7,0.6
360.0,0.0,0.0,180.0,0.0,1086.0,724.0,28.0,19.51,D4,26.5,0.61
360.0,0.0,0.0,180.0,0.0,1086.0,724.0,28.0,19.09,D4,21.0,0.54
360.0,0.0,0.0,180.0,0.0,1086.0,724.0,28.0,18.76,D4,26.9,0.67
360.0,0.0,0.0,180.0,0.0,1086.0,724.0,28.0,19.01,D4,24.7,0.55
360.0,0.0,0.0,180.0,0.0,1086.0,724.0,28.0,19.92,D4,24.1,0.64
360.0,0.0,0.0,180.0,0.0,1086.0,724.0,28.0,21.17,D4,22.0,0.67
360.0,0.0,0.0,180.0,0.0,1086.0,724.0,28.0,21.58,D4,25.0,0.6
360.0,0.0,0.0,180.0,0.0,1086.0,724.0,28.0,19.92,D4,25.1,0.65
360.0,0.0,0.0,180.0,0.0,1086.0,724.0,28.0,19.09,D4,22.4,0.69
360.0,0.0,0.0,180.0,0.0,1086.0,724.0,28.0,23.24,D4,22.1,0.61
360.0,0.0,0.0,180.0,0.0,1086.0,724.0,28.0,20.0,D4,26.0,0.59
360.0,0.0,0.0,180.0,0.0,1086.0,724.0,28.0,18.01,D4,26.7,0.6
360.0,0.0,0.0,180.0,0.0,1086.0,724.0,28.0,20.09,D4,25.4,0.56
360.0,0.0,0.0,180.0,0.0,1086.0,724.0,28.0,20.09,D4,27.3,0.56
360.0,0.0,0.0,180.0,0.0,1086.0,724.0,28.0,20.75,D4,24.8,0.62
360.0,0.0,0.0,180.0,0.0,1086.0,724.0,28.0,25.9,D4,24.9,0.59
360.0,0.0,0.0,180.0,0.0,1086.0,724.0,28.0,21.58,D4,23.2,0.62
360.0,0.0,0.0,180.0,0.0,1086.0,724.0,28.0,22.16,D4,21.9,0.53
360.0,0.0,0.0,180.0,0.0,1086.0,724.0,28.0,21.5,D4,28.7,0.6
360.0,0.0,0.0,180.0,0.0,1086.0,724.0,28.0,20.75,D4,27.3,0.65
360.0,0.0,0.0,180.0,0.0,1086.0,724.0,28.0,22.41,D4,22.2,0.54
360.0,0.0,0.0,180.0,0.0,1086.0,724.0,28.0,22.83,D4,25.3,0.6
360.0,0.0,0.0,180.0,0.0,1086.0,724.0,28.0,23.24,D4,24.8,0.51
360.0,0.0,0.0,180.0,0.0,1086.0,724.0,28.0,23.41,D4,24.5,0.53
360.0,0.0,0.0,180.0,0.0,1086.0,724.0,28.0,23.24,D4,24.2,0.64
360.0,0.0,0.0,180.0,0.0,1086.0,724.0,28.0,27.22,D4,25.8,0.58
360.0,0.0,0.0,180.0,0.0,1086.0,724.0,28.0,23.07,D4,26.6,0.69
360.0,0.0,0.0,180.0,0.0,1086.0,724.0,28.0,24.07,D4,25.8,0.62
360.0,0.0,0.0,180.0,0.0,1086.0,724.0,28.0,18.84,D4,24.8,0.63
360.0,0.0,0.0,180.0,0.0,1086.0,724.0,28.0,22.41,D4,24.7,0.55
360.0,0.0,0.0,180.0,0.0,1086.0,724.0,28.0,24.07,D4,26.9,0.58
360.0,0.0,0.0,180.0,0.0,1086.0,724.0,28.0,22.41,D4,25.9,0.56
360.0,0.0,0.0,180.0,0.0,1086.0,724.0,28.0,23.24,D4,25.1,0.55
360.0,0.0,0.0,180.0,0.0,1086.0,724.0,28.0,23.66,D4,24.9,0.63
360.0,0.0,0.0,180.0,0.0,1086.0,724.0,28.0,23.9,D4,25.7,0.64
360.0,0.0,0.0,180.0,0.0,1086.0,724.0,28.0,24.07,D4,24.1,0.62
360.0,0.0,0.0,180.0,0.0,1086.0,724.0,28.0,24.4,D4,26.6,0.56
360.0,0.0,0.0,180.0,0.0,1086.0,724.0,28.0,23.24,D4,22.8,0.62
360.0,0.0,0.0,180.0,0.0,1086.0,724.0,28.0,24.9,D4,24.2,0.5
360.0,0.0,0.0,180.0,0.0,1086.0,724.0,28.0,25.07,D4,26.2,0.67
360.0,0.0,0.0,180.0,0.0,1086.0,724.0,28.0,24.49,D4,22.7,0.54
360.0,0.0,0.0,180.0,0.0,1086.0,724.0,28.0,23.24,D4,21.9,0.54
360.0,0.0,0.0,180.0,0.0,1086.0,724.0,28.0,25.07,D4,25.1,0.61
360.0,0.0,0.0,180.0,0.0,1086.0,724.0,28.0,30.46,D4,21.6,0.61
360.0,0.0,0.0,180.0,0.0,1086.0,724.0,28.0,24.9,D4,22.4,0.6
360.0,0.0,0.0,180.0,0.0,1086.0,724.0,28.0,26.56,D4,26.5,0.54
360.0,0.0,0.0,180.0,0.0,1086.0,724.0,28.0,26.98,D4,24.6,0.66
360.0,0.0,0.0,180.0,0.0,1086.0,724.0,28.0,27.22,D4,27.6,0.52
360.0,0.0,0.0,180.0,0.0,1086.0,724.0,28.0,26.48,D4,22.6,0.53
360.0,0.0,0.0,180.0,0.0,1086.0,724.0,28.0,26.73,D4,24.8,0.59
360.0,0.0,0.0,180.0,0.0,1086.0,724.0,28.0,28.47,D4,25.8,0.54
360.0,0.0,0.0,180.0,0.0,1086.0,724.0,28.0,24.9,D4,22.7,0.66
360.0,0.0,0.0,180.0,0.0,1086.0,724.0,28.0,23.24,D4,27.1,0.54
360.0,0.0,0.0,180.0,0.0,1086.0,724.0,28.0,27.22,D4,26.0,0.68
360.0,0.0,0.0,180.0,0.0,1086.0,724.0,28.0,34.85,D4,21.8,0.65
360.0,0.0,0.0,180.0,0.0,1086.0,724.0,28.0,34.34,D4,24.9,0.66
360.0,0.0,0.0,180.0,0.0,1086.0,724.0,28.0,34.34,D4,25.8,0.69
360.0,0.0,0.0,180.0,0.0,1086.0,724.0,28.0,36.36,D4,23.8,0.6
360.0,0.0,0.0,180.0,0.0,1086.0,724.0,28.0,36.36,D4,22.0,0.55
360.0,0.0,0.0,180.0,0.0,1086.0,724.0,28.0,33.33,D4,25.6,0.59
360.0,0.0,0.0,180.0,0.0,1086.0,724.0,28.0,37.37,D4,29.4,0.57
360.0,0.0,0.0,180.0,0.0,1086.0,724.0,28.0,35.86,D4,24.2,0.56
360.0,0.0,0.0,180.0,0.0,1086.0,724.0,28.0,34.34,D4,28.1,0.61
360.0,0.0,0.0,180.0,0.0,1086.0,724.0,28.0,38.89,D4,23.5,0.58
360.0,0.0,0.0,180.0,0.0,1086.0,724.0,28.0,37.88,D4,25.4,0.56
360.0,0.0,0.0,180.0,0.0,1086.0,724.0,28.0,36.87,D4,26.5,0.59
360.0,0.0,0.0,180.0,0.0,1086.0,724.0,28.0,35.35,D4,25.0,0.63
360.0,0.0,0.0,180.0,0.0,1086.0,724.0,28.0,37.37,D4,24.4,0.65
360.0,0.0,0.0,180.0,0.0,1086.0,724.0,28.0,36.36,D4,26.5,0.52
360.0,0.0,0.0,180.0,0.0,1086.0,724.0,28.0,25.76,D4,28.8,0.58
360.0,0.0,0.0,180.0,0.0,1086.0,724.0,28.0,27.27,D4,25.6,0.59
360.0,0.0,0.0,180.0,0.0,1086.0,724.0,28.0,26.77,D4,24.0,0.54
360.0,0.0,0.0,180.0,0.0,1086.0,724.0,28.0,10.18,D4,24.6,0.59
360.0,0.0,0.0,180.0,0.0,1086.0,724.0,28.0,9.79,D4,30.0,0.61
360.0,0.0,0.0,180.0,0.0,1086.0,724.0,28.0,11.43,D4,25.3,0.63
360.0,0.0,0.0,180.0,0.0,1086.0,724.0,28.0,12.37,D4,23.8,0.6
360.0,0.0,0.0,180.0,0.0,1086.0,724.0,28.0,9.94,D4,22.7,0.56
360.0,0.0,0.0,180.0,0.0,1086.0,724.0,28.0,10.57,D4,21.3,0.7
360.0,0.0,0.0,180.0,0.0,1086.0,724.0,28.0,7.2,D4,25.7,0.64
360.0,0.0,0.0,180.0,0.0,1086.0,724.0,28.0,7.52,D4,26.3,0.63
360.0,0.0,0.0,180.0,0.0,1086.0,724.0,28.0,11.51,D4,24.2,0.65
360.0,0.0,0.0,180.0,0.0,1086.0,724.0,28.0,12.92,D4,25.0,0.61
360.0,0.0,0.0,180.0,0.0,1086.0,724.0,28.0,13.78,D4,22.7,0.66
360.0,0.0,0.0,180.0,0.0,1086.0,724.0,28.0,10.18,D4,25.3,0.6
360.0,0.0,0.0,180.0,0.0,1086.0,724.0,28.0,9.79,D4,26.0,0.6
360.0,0.0,0.0,180.0,0.0,1086.0,724.0,28.0,9.71,D4,23.9,0.63
360.0,0.0,0.0,180.0,0.0,1086.0,724.0,28.0,9.24,D4,28.4,0.68
360.0,0.0,0.0,180.0,0.0,1086.0,724.0,28.0,10.18,D4,23.3,0.68
360.0,0.0,0.0,180.0,0.0,1086.0,724.0,28.0,11.9,D4,25.6,0.63
360.0,0.0,0.0,180.0,0.0,1086.0,724.0,28.0,10.73,D4,26.7,0.63
227.8481012658228,0.0,0.0,180.0,0.0,1165.2911392405065,776.860759493671,28.0,13.32,D4,24.8,0.63
227.8481012658228,0.0,0.0,180.0,0.0,1165.2911392405065,776.860759493671,28.0,13.73,D4,24.6,0.65
339.62264150943395,0.0,0.0,180.0,0.0,1098.2264150943397,732.1509433962265,28.0,22.41,D4,22.1,0.66
339.62264150943395,0.0,0.0,180.0,0.0,1098.2264150943397,732.1509433962265,28.0,22.47,D4,27.7,0.59
428.5714285714286,0.0,0.0,180.0,0.0,1044.857142857143,696.5714285714286,28.0,30.34,D4,24.7,0.67
428.5714285714286,0.0,0.0,180.0,0.0,1044.857142857143,696.5714285714286,28.0,30.39,D4,26.1,0.62
450.0,0.0,0.0,180.0,0.0,1032.0,688.0,28.0,35.08,D4,26.3,0.63
450.0,0.0,0.0,180.0,0.0,1032.0,688.0,28.0,35.09,D4,23.7,0.67
227.8481012658228,0.0,0.0,180.0,0.0,1165.2911392405065,776.860759493671,28.0,13.32,D4,24.6,0.64
227.8481012658228,0.0,0.0,180.0,0.0,1165.2911392405065,776.860759493671,28.0,13.73,D4,27.7,0.65
339.62264150943395,0.0,0.0,180.0,0.0,1098.2264150943397,732.1509433962265,28.0,22.41,D4,22.8,0.58
339.62264150943395,0.0,0.0,180.0,0.0,1098.2264150943397,732.1509433962265,28.0,22.47,D4,29.3,0.67
428.5714285714286,0.0,0.0,180.0,0.0,1044.857142857143,696.5714285714286,28.0,30.34,D4,23.5,0.63
428.5714285714286,0.0,0.0,180.0,0.0,1044.857142857143,696.5714285714286,28.0,30.39,D4,22.6,0.61
450.0,0.0,0.0,180.0,0.0,1032.0,688.0,28.0,35.08,D4,25.3,0.66
450.0,0.0,0.0,180.0,0.0,1032.0,688.0,28.0,35.09,D4,29.4,0.73
227.8481012658228,0.0,0.0,180.0,0.0,1165.2911392405065,776.860759493671,28.0,13.32,D4,21.2,0.54
227.8481012658228,0.0,0.0,180.0,0.0,1165.2911392405065,776.860759493671,28.0,13.73,D4,24.7,0.56
339.62264150943395,0.0,0.0,180.0,0.0,1098.2264150943397,732.1509433962265,28.0,22.41,D4,26.0,0.73
339.62264150943395,0.0,0.0,180.0,0.0,1098.2264150943397,732.1509433962265,28.0,22.47,D4,25.1,0.62
428.5714285714286,0.0,0.0,180.0,0.0,1044.857142857143,696.5714285714286,28.0,30.34,D4,25.8,0.61
428.5714285714286,0.0,0.0,180.0,0.0,1044.857142857143,696.5714285714286,28.0,30.39,D4,23.6,0.59
450.0,0.0,0.0,180.0,0.0,1032.0,688.0,28.0,35.08,D4,23.8,0.66
450.0,0.0,0.0,180.0,0.0,1032.0,688.0,28.0,35.09,D4,24.7,0.73
227.8481012658228,0.0,0.0,180.0,0.0,1165.2911392405065,776.860759493671,28.0,13.32,D4,22.7,0.57
227.8481012658228,0.0,0.0,180.0,0.0,1165.2911392405065,776.860759493671,28.0,13.73,D4,24.9,0.6
339.62264150943395,0.0,0.0,180.0,0.0,1098.2264150943397,732.1509433962265,28.0,22.41,D4,24.2,0.58
339.62264150943395,0.0,0.0,180.0,0.0,1098.2264150943397,732.1509433962265,28.0,22.47,D4,24.1,0.64
428.5714285714286,0.0,0.0,180.0,0.0,1044.857142857143,696.5714285714286,28.0,30.34,D4,25.6,0.66
428.5714285714286,0.0,0.0,180.0,0.0,1044.857142857143,696.5714285714286,28.0,30.39,D4,21.4,0.68
450.0,0.0,0.0,180.0,0.0,1032.0,688.0,28.0,35.08,D4,24.5,0.64
450.0,0.0,0.0,180.0,0.0,1032.0,688.0,28.0,35.09,D4,29.6,0.73
360.0,0.0,0.0,180.0,0.0,1086.0,724.0,7.0,14.78,D4,22.8,0.57
360.0,0.0,0.0,180.0,0.0,1086.0,724.0,28.0,19.3,D4,27.6,0.56
360.0,0.0,0.0,180.0,0.0,1086.0,724.0,56.0,24.34,D4,25.1,0.67
360.0,0.0,0.0,180.0,0.0,1086.0,724.0,28.0,21.32,D4,23.8,0.61
360.0,0.0,0.0,180.0,0.0,1086.0,724.0,56.0,25.22,D4,22.4,0.53
400.0,0.0,0.0,180.0,0.0,1062.0,708.0,7.0,17.51,D4,25.3,0.58
400.0,0.0,0.0,180.0,0.0,1062.0,708.0,28.0,26.78,D4,27.9,0.61
400.0,0.0,0.0,180.0,0.0,1062.0,708.0,56.0,30.0,D4,24.2,0.57
400.0,0.0,0.0,180.0,0.0,1062.0,708.0,28.0,27.79,D4,24.8,0.55
400.0,0.0,0.0,180.0,0.0,1062.0,708.0,56.0,31.25,D4,27.0,0.59
486.4864864864865,0.0,0.0,180.0,0.0,1010.108108108108,673.4054054054054,7.0,27.97,D4,25.7,0.55
486.4864864864865,0.0,0.0,180.0,0.0,1010.108108108108,673.4054054054054,28.0,35.5,D4,21.9,0.63
486.4864864864865,0.0,0.0,180.0,0.0,1010.108108108108,673.4054054054054,56.0,38.02,D4,25.2,0.5
486.4864864864865,0.0,0.0,180.0,0.0,1010.108108108108,673.4054054054054,28.0,36.25,D4,28.0,0.6
486.4864864864865,0.0,0.0,180.0,0.0,1010.108108108108,673.4054054054054,56.0,38.99,D4,24.9,0.63
514.2857142857143,0.0,0.0,180.0,0.0,993.4285714285714,662.2857142857143,7.0,36.29,D4,19.5,0.6
514.2857142857143,0.0,0.0,180.0,0.0,993.4285714285714,662.2857142857143,28.0,43.7,D4,25.8,0.65
514.2857142857143,0.0,0.0,180.0,0.0,993.4285714285714,662.2857142857143,56.0,46.33,D4,24.6,0.53
514.2857142857143,0.0,0.0,180.0,0.0,993.4285714285714,662.2857142857143,28.0,45.0,D4,21.3,0.56
514.2857142857143,0.0,0.0,180.0,0.0,993.4285714285714,662.2857142857143,56.0,48.91,D4,21.6,0.58
360.0,0.0,0.0,180.0,0.0,1086.0,724.0,7.0,13.46,D4,27.0,0.64
360.0,0.0,0.0,180.0,0.0,1086.0,724.0,28.0,18.98,D4,23.5,0.61
360.0,0.0,0.0,180.0,0.0,1086.0,724.0,56.0,23.17,D4,23.2,0.71
360.0,0.0,0.0,180.0,0.0,1086.0,724.0,28.0,19.34,D4,24.9,0.56
360.0,0.0,0.0,180.0,0.0,1086.0,724.0,56.0,23.66,D4,23.7,0.53
400.0,0.0,0.0,180.0,0.0,1062.0,708.0,7.0,16.71,D4,25.2,0.69
400.0,0.0,0.0,180.0,0.0,1062.0,708.0,28.0,25.92,D4,24.6,0.53
400.0,0.0,0.0,180.0,0.0,1062.0,708.0,56.0,28.13,D4,22.6,0.63
400.0,0.0,0.0,180.0,0.0,1062.0,708.0,28.0,26.66,D4,24.0,0.55
400.0,0.0,0.0,180.0,0.0,1062.0,708.0,56.0,30.94,D4,25.9,0.5
486.4864864864865,0.0,0.0,180.0,0.0,1010.108108108108,673.4054054054054,7.0,26.42,D4,25.1,0.58
486.4864864864865,0.0,0.0,180.0,0.0,1010.108108108108,673.4054054054054,28.0,35.3,D4,24.8,0.64
486.4864864864865,0.0,0.0,180.0,0.0,1010.108108108108,673.4054054054054,56.0,37.14,D4,28.9,0.54
486.4864864864865,0.0,0.0,180.0,0.0,1010.108108108108,673.4054054054054,28.0,35.88,D4,26.5,0.63
486.4864864864865,0.0,0.0,180.0,0.0,1010.108108108108,673.4054054054054,56.0,37.96,D4,26.7,0.64
514.2857142857143,0.0,0.0,180.0,0.0,993.4285714285714,662.2857142857143,7.0,34.08,D4,24.7,0.54
514.2857142857143,0.0,0.0,180.0,0.0,993.4285714285714,662.2857142857143,28.0,43.26,D4,25.4,0.59
514.2857142857143,0.0,0.0,180.0,0.0,993.4285714285714,662.2857142857143,56.0,45.62,D4,24.1,0.68
514.2857142857143,0.0,0.0,180.0,0.0,993.4285714285714,662.2857142857143,28.0,44.65,D4,26.6,0.63
514.2857142857143,0.0,0.0,180.0,0.0,993.4285714285714,662.2857142857143,56.0,49.24,D4,24.8,0.59
360.0,0.0,0.0,180.0,0.0,1086.0,724.0,28.0,26.56,D4,25.4,0.62
360.0,0.0,0.0,180.0,0.0,1086.0,724.0,28.0,24.98,D4,25.3,0.57
360.0,0.0,0.0,180.0,0.0,1086.0,724.0,28.0,25.07,D4,25.0,0.66
360.0,0.0,0.0,180.0,0.0,1086.0,724.0,28.0,24.9,D4,30.9,0.66
360.0,0.0,0.0,180.0,0.0,1086.0,724.0,28.0,27.06,D4,23.7,0.61
360.0,0.0,0.0,180.0,0.0,1086.0,724.0,28.0,24.9,D4,23.6,0.61
360.0,0.0,0.0,180.0,0.0,1086.0,724.0,28.0,25.73,D4,26.4,0.55
360.0,0.0,0.0,180.0,0.0,1086.0,724.0,28.0,26.15,D4,23.8,0.53
360.0,0.0,0.0,180.0,0.0,1086.0,724.0,28.0,24.9,D4,24.4,0.58
360.0,0.0,0.0,180.0,0.0,1086.0,724.0,28.0,26.98,D4,22.8,0.6
360.0,0.0,0.0,180.0,0.0,1086.0,724.0,28.0,22.08,D4,26.0,0.65
360.0,0.0,0.0,180.0,0.0,1086.0,724.0,28.0,30.96,D4,26.0,0.65
360.0,0.0,0.0,180.0,0.0,1086.0,724.0,28.0,30.96,D4,24.4,0.61
360.0,0.0,0.0,180.0,0.0,1086.0,724.0,28.0,29.71,D4,26.4,0.66
360.0,0.0,0.0,180.0,0.0,1086.0,724.0,28.0,37.85,D4,21.3,0.55
360.0,0.0,0.0,180.0,0.0,1086.0,724.0,28.0,29.28,D4,23.6,0.65
360.0,0.0,0.0,180.0,0.0,1086.0,724.0,28.0,26.75,D4,24.7,0.56
360.0,0.0,0.0,180.0,0.0,1086.0,724.0,28.0,26.5,D4,22.7,0.66
360.0,0.0,0.0,180.0,0.0,1086.0,724.0,28.0,26.75,D4,21.5,0.6
360.0,0.0,0.0,180.0,0.0,1086.0,724.0,28.0,26.75,D4,24.4,0.5
360.0,0.0,0.0,180.0,0.0,1086.0,724.0,28.0,27.25,D4,26.4,0.64
360.0,0.0,0.0,180.0,0.0,1086.0,724.0,28.0,31.75,D4,27.6,0.64
360.0,0.0,0.0,180.0,0.0,1086.0,724.0,28.0,30.0,D4,23.9,0.58
360.0,0.0,0.0,180.0,0.0,1086.0,724.0,28.0,30.0,D4,26.5,0.58
360.0,0.0,0.0,180.0,0.0,1086.0,724.0,28.0,31.38,D4,26.3,0.59
360.0,0.0,0.0,180.0,0.0,1086.0,724.0,28.0,30.8,D4,27.4,0.5
360.0,0.0,0.0,180.0,0.0,1086.0,724.0,28.0,30.8,D4,24.3,0.48
360.0,0.0,0.0,180.0,0.0,1086.0,724.0,28.0,30.0,D4,21.4,0.67
360.0,0.0,0.0,180.0,0.0,1086.0,724.0,28.0,30.0,D4,25.1,0.56
360.0,0.0,0.0,180.0,0.0,1086.0,724.0,28.0,29.38,D4,23.0,0.69
360.0,0.0,0.0,180.0,0.0,1086.0,724.0,28.0,32.3,D4,23.6,0.67
360.0,0.0,0.0,180.0,0.0,1086.0,724.0,28.0,31.38,D4,24.4,0.68
360.0,0.0,0.0,180.0,0.0,1086.0,724.0,28.0,33.63,D4,24.3,0.57
360.0,0.0,0.0,180.0,0.0,1086.0,724.0,28.0,42.5,D4,25.3,0.52
360.0,0.0,0.0,180.0,0.0,1086.0,724.0,28.0,43.75,D4,26.4,0.55
360.0,0.0,0.0,180.0,0.0,1086.0,724.0,28.0,40.0,D4,24.3,0.58
360.0,0.0,0.0,180.0,0.0,1086.0,724.0,28.0,39.38,D4,25.8,0.48
360.0,0.0,0.0,180.0,0.0,1086.0,724.0,28.0,39.38,D4,25.0,0.58
360.0,0.0,0.0,180.0,0.0,1086.0,724.0,28.0,40.38,D4,26.9,0.59
360.0,0.0,0.0,180.0,0.0,1086.0,724.0,28.0,21.38,D4,24.6,0.54
360.0,0.0,0.0,180.0,0.0,1086.0,724.0,28.0,33.25,D4,24.8,0.55
360.0,0.0,0.0,180.0,0.0,1086.0,724.0,28.0,39.3,D4,24.3,0.59
360.0,0.0,0.0,180.0,0.0,1086.0,724.0,28.0,22.4,D4,24.7,0.62
360.0,0.0,0.0,180.0,0.0,1086.0,724.0,28.0,24.0,D4,23.4,0.56
360.0,0.0,0.0,180.0,0.0,1086.0,724.0,28.0,23.4,D4,23.2,0.61
360.0,0.0,0.0,180.0,0.0,1086.0,724.0,28.0,32.1,D4,26.6,0.61
360.0,0.0,0.0,180.0,0.0,1086.0,724.0,28.0,33.6,D4,22.8,0.6
360.0,0.0,0.0,180.0,0.0,1086.0,724.0,28.0,32.6,D4,24.4,0.57
360.0,0.0,0.0,180.0,0.0,1086.0,724.0,28.0,37.2,D4,27.0,0.53
360.0,0.0,0.0,180.0,0.0,1086.0,724.0,28.0,37.2,D4,24.3,0.68
360.0,0.0,0.0,180.0,0.0,1086.0,724.0,28.0,36.7,D4,26.7,0.63
360.0,0.0,0.0,180.0,0.0,1086.0,724.0,28.0,45.4,D4,23.8,0.65
360.0,0.0,0.0,180.0,0.0,1086.0,724.0,28.0,49.9,D4,22.9,0.6
360.0,0.0,0.0,180.0,0.0,1086.0,724.0,28.0,45.4,D4,21.8,0.59
360.0,0.0,0.0,180.0,0.0,1086.0,724.0,28.0,22.4,D4,27.6,0.62
360.0,0.0,0.0,180.0,0.0,1086.0,724.0,28.0,24.0,D4,22.7,0.51
360.0,0.0,0.0,180.0,0.0,1086.0,724.0,28.0,23.4,D4,26.5,0.54
360.0,0.0,0.0,180.0,0.0,1086.0,724.0,28.0,32.1,D4,23.0,0.56
360.0,0.0,0.0,180.0,0.0,1086.0,724.0,28.0,33.6,D4,27.6,0.58
360.0,0.0,0.0,180.0,0.0,1086.0,724.0,28.0,32.6,D4,29.4,0.56
360.0,0.0,0.0,180.0,0.0,1086.0,724.0,28.0,37.2,D4,21.6,0.62
360.0,0.0,0.0,180.0,0.0,1086.0,724.0,28.0,37.2,D4,22.8,0.6
360.0,0.0,0.0,180.0,0.0,1086.0,724.0,28.0,36.7,D4,26.5,0.67
360.0,0.0,0.0,180.0,0.0,1086.0,724.0,28.0,45.4,D4,26.0,0.72
360.0,0.0,0.0,180.0,0.0,1086.0,724.0,28.0,49.9,D4,26.6,0.54
360.0,0.0,0.0,180.0,0.0,1086.0,724.0,28.0,45.4,D4,23.9,0.61
360.0,0.0,0.0,180.0,0.0,1086.0,724.0,28.0,29.1,D4,29.0,0.61
360.0,0.0,0.0,180.0,0.0,1086.0,724.0,28.0,31.6,D4,25.2,0.6
360.0,0.0,0.0,180.0,0.0,1086.0,724.0,28.0,32.6,D4,22.6,0.55
360.0,0.0,0.0,180.0,0.0,1086.0,724.0,28.0,34.7,D4,24.5,0.55
360.0,0.0,0.0,180.0,0.0,1086.0,724.0,28.0,38.7,D4,22.6,0.61
360.0,0.0,0.0,180.0,0.0,1086.0,724.0,28.0,37.2,D4,28.2,0.55
360.0,0.0,0.0,180.0,0.0,1086.0,724.0,28.0,38.2,D4,23.7,0.61
360.0,0.0,0.0,180.0,0.0,1086.0,724.0,28.0,39.2,D4,26.0,0.59
360.0,0.0,0.0,180.0,0.0,1086.0,724.0,28.0,40.8,D4,24.1,0.61
360.0,0.0,0.0,180.0,0.0,1086.0,724.0,28.0,48.9,D4,23.8,0.55
360.0,0.0,0.0,180.0,0.0,1086.0,724.0,28.0,51.0,D4,21.2,0.61
360.0,0.0,0.0,180.0,0.0,1086.0,724.0,28.0,45.4,D4,26.2,0.56
360.0,0.0,0.0,180.0,0.0,1086.0,724.0,28.0,29.1,D4,27.6,0.61
360.0,0.0,0.0,180.0,0.0,1086.0,724.0,28.0,31.6,D4,23.2,0.67
360.0,0.0,0.0,180.0,0.0,1086.0,724.0,28.0,32.6,D4,21.9,0.61
360.0,0.0,0.0,180.0,0.0,1086.0,724.0,28.0,34.7,D4,26.6,0.62
360.0,0.0,0.0,180.0,0.0,1086.0,724.0,28.0,38.7,D4,21.7,0.64
360.0,0.0,0.0,180.0,0.0,1086.0,724.0,28.0,37.2,D4,27.4,0.53
360.0,0.0,0.0,180.0,0.0,1086.0,724.0,28.0,38.2,D4,23.2,0.69
360.0,0.0,0.0,180.0,0.0,1086.0,724.0,28.0,39.2,D4,22.8,0.55
360.0,0.0,0.0,180.0,0.0,1086.0,724.0,28.0,40.8,D4,25.5,0.64
360.0,0.0,0.0,180.0,0.0,1086.0,724.0,28.0,48.9,D4,22.9,0.64
360.0,0.0,0.0,180.0,0.0,1086.0,724.0,28.0,51.0,D4,23.6,0.55
360.0,0.0,0.0,180.0,0.0,1086.0,724.0,28.0,45.4,D4,25.7,0.65
360.0,0.0,0.0,180.0,0.0,1086.0,724.0,28.0,33.6,D4,20.1,0.62
360.0,0.0,0.0,180.0,0.0,1086.0,724.0,28.0,33.1,D4,28.3,0.69
360.0,0.0,0.0,180.0,0.0,1086.0,724.0,28.0,33.1,D4,25.1,0.61
360.0,0.0,0.0,180.0,0.0,1086.0,724.0,28.0,33.6,D4,22.4,0.59
360.0,0.0,0.0,180.0,0.0,1086.0,724.0,28.0,39.2,D4,23.0,0.57
360.0,0.0,0.0,180.0,0.0,1086.0,724.0,28.0,38.2,D4,27.0,0.51
360.0,0.0,0.0,180.0,0.0,1086.0,724.0,28.0,41.8,D4,26.2,0.58
360.0,0.0,0.0,180.0,0.0,1086.0,724.0,28.0,42.8,D4,27.8,0.59
360.0,0.0,0.0,180.0,0.0,1086.0,724.0,28.0,43.8,D4,23.6,0.61
360.0,0.0,0.0,180.0,0.0,1086.0,724.0,28.0,44.3,D4,25.6,0.53
360.0,0.0,0.0,180.0,0.0,1086.0,724.0,28.0,47.4,D4,25.9,0.59
360.0,0.0,0.0,180.0,0.0,1086.0,724.0,28.0,43.3,D4,26.4,0.63
360.0,0.0,0.0,180.0,0.0,1086.0,724.0,28.0,33.6,D4,27.3,0.63
360.0,0.0,0.0,180.0,0.0,1086.0,724.0,28.0,33.1,D4,23.6,0.51
360.0,0.0,0.0,180.0,0.0,1086.0,724.0,28.0,33.1,D4,24.8,0.64
360.0,0.0,0.0,180.0,0.0,1086.0,724.0,28.0,33.6,D4,23.8,0.59
360.0,0.0,0.0,180.0,0.0,1086.0,724.0,28.0,39.2,D4,24.9,0.59
360.0,0.0,0.0,180.0,0.0,1086.0,724.0,28.0,38.2,D4,26.4,0.48
360.0,0.0,0.0,180.0,0.0,1086.0,724.0,28.0,41.8,D4,21.7,0.67
360.0,0.0,0.0,180.0,0.0,1086.0,724.0,28.0,42.8,D4,27.2,0.61
360.0,0.0,0.0,180.0,0.0,1086.0,724.0,28.0,43.8,D4,22.7,0.52
360.0,0.0,0.0,180.0,0.0,1086.0,724.0,28.0,44.3,D4,24.4,0.62
360.0,0.0,0.0,180.0,0.0,1086.0,724.0,28.0,47.4,D4,27.5,0.62
360.0,0.0,0.0,180.0,0.0,1086.0,724.0,28.0,43.3,D4,25.7,0.66
360.0,0.0,0.0,180.0,0.0,1086.0,724.0,28.0,22.9,D4,25.7,0.58
360.0,0.0,0.0,180.0,0.0,1086.0,724.0,28.0,23.4,D4,22.6,0.6
360.0,0.0,0.0,180.0,0.0,1086.0,724.0,28.0,22.4,D4,22.9,0.57
360.0,0.0,0.0,180.0,0.0,1086.0,724.0,28.0,26.0,D4,26.9,0.63
360.0,0.0,0.0,180.0,0.0,1086.0,724.0,28.0,25.5,D4,23.8,0.56
360.0,0.0,0.0,180.0,0.0,1086.0,724.0,28.0,26.0,D4,24.0,0.56
360.0,0.0,0.0,180.0,0.0,1086.0,724.0,28.0,29.6,D4,26.9,0.6
360.0,0.0,0.0,180.0,0.0,1086.0,724.0,28.0,29.1,D4,22.9,0.54
360.0,0.0,0.0,180.0,0.0,1086.0,724.0,28.0,30.1,D4,25.5,0.68
360.0,0.0,0.0,180.0,0.0,1086.0,724.0,28.0,33.6,D4,25.1,0.7
360.0,0.0,0.0,180.0,0.0,1086.0,724.0,28.0,32.6,D4,25.0,0.58
360.0,0.0,0.0,180.0,0.0,1086.0,724.0,28.0,33.6,D4,24.0,0.53
360.0,0.0,0.0,180.0,0.0,1086.0,724.0,28.0,22.9,D4,23.8,0.62
360.0,0.0,0.0,180.0,0.0,1086.0,724.0,28.0,23.4,D4,22.8,0.58
360.0,0.0,0.0,180.0,0.0,1086.0,724.0,28.0,22.4,D4,26.0,0.66
360.0,0.0,0.0,180.0,0.0,1086.0,724.0,28.0,26.0,D4,23.7,0.56
360.0,0.0,0.0,180.0,0.0,1086.0,724.0,28.0,25.5,D4,26.9,0.63
360.0,0.0,0.0,180.0,0.0,1086.0,724.0,28.0,26.0,D4,24.6,0.61
360.0,0.0,0.0,180.0,0.0,1086.0,724.0,28.0,29.6,D4,22.9,0.57
360.0,0.0,0.0,180.0,0.0,1086.0,724.0,28.0,29.1,D4,24.5,0.61
360.0,0.0,0.0,180.0,0.0,1086.0,724.0,28.0,30.1,D4,24.2,0.64
360.0,0.0,0.0,180.0,0.0,1086.0,724.0,28.0,33.6,D4,27.0,0.6
360.0,0.0,0.0,180.0,0.0,1086.0,724.0,28.0,32.6,D4,24.3,0.6
360.0,0.0,0.0,180.0,0.0,1086.0,724.0,28.0,33.6,D4,24.4,0.56
360.0,0.0,0.0,180.0,0.0,1086.0,724.0,28.0,35.7,D4,27.8,0.66
360.0,0.0,0.0,180.0,0.0,1086.0,724.0,28.0,35.2,D4,26.0,0.65
360.0,0.0,0.0,180.0,0.0,1086.0,724.0,28.0,31.6,D4,28.3,0.58
360.0,0.0,0.0,180.0,0.0,1086.0,724.0,28.0,34.1,D4,27.5,0.59
360.0,0.0,0.0,180.0,0.0,1086.0,724.0,28.0,35.7,D4,23.2,0.67
360.0,0.0,0.0,180.0,0.0,1086.0,724.0,28.0,35.7,D4,27.0,0.54
360.0,0.0,0.0,180.0,0.0,1086.0,724.0,28.0,37.2,D4,28.1,0.63
360.0,0.0,0.0,180.0,0.0,1086.0,724.0,28.0,40.8,D4,28.1,0.57
360.0,0.0,0.0,180.0,0.0,1086.0,724.0,28.0,38.7,D4,27.0,0.69
360.0,0.0,0.0,180.0,0.0,1086.0,724.0,28.0,38.2,D4,26.9,0.6
360.0,0.0,0.0,180.0,0.0,1086.0,724.0,28.0,39.2,D4,24.4,0.66
360.0,0.0,0.0,180.0,0.0,1086.0,724.0,28.0,40.3,D4,23.3,0.56
360.0,0.0,0.0,180.0,0.0,1086.0,724.0,28.0,35.7,D4,24.3,0.54
360.0,0.0,0.0,180.0,0.0,1086.0,724.0,28.0,35.2,D4,21.7,0.59
360.0,0.0,0.0,180.0,0.0,1086.0,724.0,28.0,31.6,D4,27.7,0.61
360.0,0.0,0.0,180.0,0.0,1086.0,724.0,28.0,34.1,D4,24.4,0.57
360.0,0.0,0.0,180.0,0.0,1086.0,724.0,28.0,35.7,D4,27.6,0.64
360.0,0.0,0.0,180.0,0.0,1086.0,724.0,28.0,35.7,D4,22.5,0.59
360.0,0.0,0.0,180.0,0.0,1086.0,724.0,28.0,37.2,D4,27.2,0.5
360.0,0.0,0.0,180.0,0.0,1086.0,724.0,28.0,40.8,D4,24.0,0.63
360.0,0.0,0.0,180.0,0.0,1086.0,724.0,28.0,38.7,D4,22.4,0.56
360.0,0.0,0.0,180.0,0.0,1086.0,724.0,28.0,38.2,D4,28.3,0.58
360.0,0.0,0.0,180.0,0.0,1086.0,724.0,28.0,39.2,D4,27.2,0.68
360.0,0.0,0.0,180.0,0.0,1086.0,724.0,28.0,40.3,D4,25.4,0.69
360.0,0.0,0.0,180.0,0.0,1086.0,724.0,28.0,33.1,D4,25.1,0.57
360.0,0.0,0.0,180.0,0.0,1086.0,724.0,28.0,33.1,D4,25.9,0.63
360.0,0.0,0.0,180.0,0.0,1086.0,724.0,28.0,33.1,D4,25.4,0.57
360.0,0.0,0.0,180.0,0.0,1086.0,724.0,28.0,34.7,D4,23.4,0.59
360.0,0.0,0.0,180.0,0.0,1086.0,724.0,28.0,37.2,D4,24.2,0.57
360.0,0.0,0.0,180.0,0.0,1086.0,724.0,28.0,34.7,D4,28.9,0.51
360.0,0.0,0.0,180.0,0.0,1086.0,724.0,28.0,38.7,D4,30.3,0.6
360.0,0.0,0.0,180.0,0.0,1086.0,724.0,28.0,38.2,D4,28.1,0.61
360.0,0.0,0.0,180.0,0.0,1086.0,724.0,28.0,36.7,D4,26.0,0.57
360.0,0.0,0.0,180.0,0.0,1086.0,724.0,28.0,43.8,D4,24.3,0.65
360.0,0.0,0.0,180.0,0.0,1086.0,724.0,28.0,43.3,D4,23.4,0.58
360.0,0.0,0.0,180.0,0.0,1086.0,724.0,28.0,42.8,D4,23.5,0.57
360.0,0.0,0.0,180.0,0.0,1086.0,724.0,28.0,33.1,D4,23.9,0.63
360.0,0.0,0.0,180.0,0.0,1086.0,724.0,28.0,33.1,D4,29.3,0.52
360.0,0.0,0.0,180.0,0.0,1086.0,724.0,28.0,33.1,D4,28.6,0.65
360.0,0.0,0.0,180.0,0.0,1086.0,724.0,28.0,34.7,D4,26.5,0.58
360.0,0.0,0.0,180.0,0.0,1086.0,724.0,28.0,37.2,D4,23.1,0.65
360.0,0.0,0.0,180.0,0.0,1086.0,724.0,28.0,34.7,D4,26.8,0.66
360.0,0.0,0.0,180.0,0.0,1086.0,724.0,28.0,38.7,D4,24.5,0.63
360.0,0.0,0.0,180.0,0.0,1086.0,724.0,28.0,38.2,D4,20.7,0.56
360.0,0.0,0.0,180.0,0.0,1086.0,724.0,28.0,36.7,D4,25.6,0.54
360.0,0.0,0.0,180.0,0.0,1086.0,724.0,28.0,43.8,D4,23.3,0.53
360.0,0.0,0.0,180.0,0.0,1086.0,724.0,28.0,43.3,D4,23.4,0.66
360.0,0.0,0.0,180.0,0.0,1086.0,724.0,28.0,42.8,D4,24.5,0.59
360.0,0.0,0.0,180.0,0.0,1086.0,724.0,28.0,41.61,D4,24.0,0.57
360.0,0.0,0.0,180.0,0.0,1086.0,724.0,28.0,35.5,D4,24.9,0.59
360.0,0.0,0.0,180.0,0.0,1086.0,724.0,28.0,34.54,D4,24.8,0.65
360.0,0.0,0.0,180.0,0.0,1086.0,724.0,28.0,35.5,D4,21.2,0.64
360.0,0.0,0.0,180.0,0.0,1086.0,724.0,28.0,36.18,D4,28.0,0.62
360.0,0.0,0.0,180.0,0.0,1086.0,724.0,28.0,35.39,D4,23.0,0.63
360.0,0.0,0.0,180.0,0.0,1086.0,724.0,28.0,36.18,D4,23.1,0.61
360.0,0.0,0.0,180.0,0.0,1086.0,724.0,28.0,35.39,D4,24.3,0.62
360.0,0.0,0.0,180.0,0.0,1086.0,724.0,28.0,50.84,D4,24.8,0.61
360.0,0.0,0.0,180.0,0.0,1086.0,724.0,28.0,51.47,D4,27.9,0.6
360.0,0.0,0.0,180.0,0.0,1086.0,724.0,28.0,50.84,D4,25.5,0.64
360.0,0.0,0.0,180.0,0.0,1086.0,724.0,28.0,51.47,D4,26.1,0.62
360.0,0.0,0.0,180.0,0.0,1086.0,724.0,28.0,49.07,D4,25.5,0.56
360.0,0.0,0.0,180.0,0.0,1086.0,724.0,28.0,51.53,D4,25.5,0.63
360.0,0.0,0.0,180.0,0.0,1086.0,724.0,28.0,49.07,D4,25.6,0.61
360.0,0.0,0.0,180.0,0.0,1086.0,724.0,28.0,51.53,D4,21.1,0.63
360.0,0.0,0.0,180.0,0.0,1086.0,724.0,28.0,59.08,D4,24.5,0.59
360.0,0.0,0.0,180.0,0.0,1086.0,724.0,28.0,59.18,D4,27.3,0.64
360.0,0.0,0.0,180.0,0.0,1086.0,724.0,28.0,59.08,D4,32.9,0.6
360.0,0.0,0.0,180.0,0.0,1086.0,724.0,28.0,59.18,D4,22.6,0.64
360.0,0.0,0.0,180.0,0.0,1086.0,724.0,28.0,53.73,D4,25.8,0.58
360.0,0.0,0.0,180.0,0.0,1086.0,724.0,28.0,54.23,D4,23.9,0.58
360.0,0.0,0.0,180.0,0.0,1086.0,724.0,28.0,53.73,D4,29.1,0.63
360.0,0.0,0.0,180.0,0.0,1086.0,724.0,28.0,54.23,D4,22.3,0.58
360.0,0.0,0.0,180.0,0.0,1086.0,724.0,28.0,51.47,D4,26.2,0.71
360.0,0.0,0.0,180.0,0.0,1086.0,724.0,28.0,56.48,D4,22.2,0.63
360.0,0.0,0.0,180.0,0.0,1086.0,724.0,28.0,63.52,D4,24.4,0.6
360.0,0.0,0.0,180.0,0.0,1086.0,724.0,28.0,56.4,D4,24.9,0.64
360.0,0.0,0.0,180.0,0.0,1086.0,724.0,28.0,51.47,D4,27.1,0.58
360.0,0.0,0.0,180.0,0.0,1086.0,724.0,28.0,56.48,D4,22.8,0.65
360.0,0.0,0.0,180.0,0.0,1086.0,724.0,28.0,63.52,D4,26.3,0.64
360.0,0.0,0.0,180.0,0.0,1086.0,724.0,28.0,56.4,D4,25.0,0.66
360.0,0.0,0.0,180.0,0.0,1086.0,724.0,28.0,59.01,D4,25.5,0.58
360.0,0.0,0.0,180.0,0.0,1086.0,724.0,28.0,58.93,D4,26.9,0.54
360.0,0.0,0.0,180.0,0.0,1086.0,724.0,28.0,52.56,D4,22.4,0.57
360.0,0.0,0.0,180.0,0.0,1086.0,724.0,28.0,58.83,D4,26.6,0.59
360.0,0.0,0.0,180.0,0.0,1086.0,724.0,28.0,55.58,D4,23.9,0.68
360.0,0.0,0.0,180.0,0.0,1086.0,724.0,28.0,60.84,D4,27.2,0.71
360.0,0.0,0.0,180.0,0.0,1086.0,724.0,28.0,54.88,D4,25.7,0.62
360.0,0.0,0.0,180.0,0.0,1086.0,724.0,28.0,44.64,D4,24.6,0.6
360.0,0.0,0.0,180.0,0.0,1086.0,724.0,28.0,59.01,D4,23.8,0.58
360.0,0.0,0.0,180.0,0.0,1086.0,724.0,28.0,58.93,D4,26.6,0.64
360.0,0.0,0.0,180.0,0.0,1086.0,724.0,28.0,52.56,D4,27.5,0.71
360.0,0.0,0.0,180.0,0.0,1086.0,724.0,28.0,58.83,D4,23.9,0.69
360.0,0.0,0.0,180.0,0.0,1086.0,724.0,28.0,55.58,D4,22.7,0.66
360.0,0.0,0.0,180.0,0.0,1086.0,724.0,28.0,60.84,D4,26.4,0.66
360.0,0.0,0.0,180.0,0.0,1086.0,724.0,28.0,54.88,D4,22.1,0.64
360.0,0.0,0.0,180.0,0.0,1086.0,724.0,28.0,44.64,D4,22.4,0.6
360.0,0.0,0.0,180.0,0.0,1086.0,724.0,28.0,41.07,D4,22.9,0.56
360.0,0.0,0.0,180.0,0.0,1086.0,724.0,28.0,42.96,D4,24.2,0.6
360.0,0.0,0.0,180.0,0.0,1086.0,724.0,28.0,42.31,D4,22.3,0.62
360.0,0.0,0.0,180.0,0.0,1086.0,724.0,28.0,45.43,D4,21.1,0.53
360.0,0.0,0.0,180.0,0.0,1086.0,724.0,28.0,45.43,D4,22.7,0.59
360.0,0.0,0.0,180.0,0.0,1086.0,724.0,28.0,44.31,D4,26.3,0.56
360.0,0.0,0.0,180.0,0.0,1086.0,724.0,28.0,41.07,D4,22.5,0.65
360.0,0.0,0.0,180.0,0.0,1086.0,724.0,28.0,42.96,D4,24.3,0.57
360.0,0.0,0.0,180.0,0.0,1086.0,724.0,28.0,42.31,D4,28.9,0.62
360.0,0.0,0.0,180.0,0.0,1086.0,724.0,28.0,45.43,D4,24.9,0.56
360.0,0.0,0.0,180.0,0.0,1086.0,724.0,28.0,45.43,D4,25.7,0.68
360.0,0.0,0.0,180.0,0.0,1086.0,724.0,28.0,44.31,D4,23.1,0.51
360.0,0.0,0.0,180.0,0.0,1086.0,724.0,28.0,48.71,D4,29.3,0.62
360.0,0.0,0.0,180.0,0.0,1086.0,724.0,28.0,47.5,D4,23.9,0.54
360.0,0.0,0.0,180.0,0.0,1086.0,724.0,28.0,52.53,D4,24.5,0.57
360.0,0.0,0.0,180.0,0.0,1086.0,724.0,28.0,45.9,D4,27.6,0.61
360.0,0.0,0.0,180.0,0.0,1086.0,724.0,28.0,45.28,D4,24.6,0.61
360.0,0.0,0.0,180.0,0.0,1086.0,724.0,28.0,47.45,D4,25.1,0.61
360.0,0.0,0.0,180.0,0.0,1086.0,724.0,28.0,49.99,D4,24.4,0.61
360.0,0.0,0.0,180.0,0.0,1086.0,724.0,28.0,42.97,D4,24.5,0.57
360.0,0.0,0.0,180.0,0.0,1086.0,724.0,28.0,43.19,D4,25.7,0.59
360.0,0.0,0.0,180.0,0.0,1086.0,724.0,28.0,48.71,D4,26.1,0.6
360.0,0.0,0.0,180.0,0.0,1086.0,724.0,28.0,47.5,D4,23.7,0.61
360.0,0.0,0.0,180.0,0.0,1086.0,724.0,28.0,52.53,D4,23.5,0.6
360.0,0.0,0.0,180.0,0.0,1086.0,724.0,28.0,45.9,D4,23.8,0.64
360.0,0.0,0.0,180.0,0.0,1086.0,724.0,28.0,45.28,D4,22.2,0.6
360.0,0.0,0.0,180.0,0.0,1086.0,724.0,28.0,47.45,D4,21.8,0.61
360.0,0.0,0.0,180.0,0.0,1086.0,724.0,28.0,49.99,D4,25.6,0.58
360.0,0.0,0.0,180.0,0.0,1086.0,724.0,28.0,42.97,D4,26.9,0.55
360.0,0.0,0.0,180.0,0.0,1086.0,724.0,28.0,43.19,D4,26.7,0.61
360.0,0.0,0.0,180.0,0.0,1086.0,724.0,28.0,58.46,D4,20.2,0.66
360.0,0.0,0.0,180.0,0.0,1086.0,724.0,28.0,58.61,D4,24.5,0.62
360.0,0.0,0.0,180.0,0.0,1086.0,724.0,28.0,59.59,D4,22.8,0.56
360.0,0.0,0.0,180.0,0.0,1086.0,724.0,28.0,58.46,D4,25.3,0.64
360.0,0.0,0.0,180.0,0.0,1086.0,724.0,28.0,58.61,D4,24.2,0.58
360.0,0.0,0.0,180.0,0.0,1086.0,724.0,28.0,59.59,D4,26.2,0.64
360.0,0.0,0.0,180.0,0.0,1086.0,724.0,28.0,53.93,D4,25.0,0.58
360.0,0.0,0.0,180.0,0.0,1086.0,724.0,28.0,56.91,D4,21.2,0.62
360.0,0.0,0.0,180.0,0.0,1086.0,724.0,28.0,53.4,D4,23.1,0.57
360.0,0.0,0.0,180.0,0.0,1086.0,724.0,28.0,60.79,D4,25.0,0.58
360.0,0.0,0.0,180.0,0.0,1086.0,724.0,28.0,53.93,D4,25.2,0.52
360.0,0.0,0.0,180.0,0.0,1086.0,724.0,28.0,56.91,D4,22.2,0.63
360.0,0.0,0.0,180.0,0.0,1086.0,724.0,28.0,53.4,D4,21.9,0.62
360.0,0.0,0.0,180.0,0.0,1086.0,724.0,28.0,60.79,D4,25.1,0.62
360.0,0.0,0.0,180.0,0.0,1086.0,724.0,28.0,69.02,D4,22.2,0.61
360.0,0.0,0.0,180.0,0.0,1086.0,724.0,28.0,72.79,D4,21.7,0.56
360.0,0.0,0.0,180.0,0.0,1086.0,724.0,28.0,71.18,D4,24.1,0.65
360.0,0.0,0.0,180.0,0.0,1086.0,724.0,28.0,71.78,D4,24.0,0.65
360.0,0.0,0.0,180.0,0.0,1086.0,724.0,28.0,72.31,D4,23.2,0.56
360.0,0.0,0.0,180.0,0.0,1086.0,724.0,28.0,70.35,D4,23.6,0.63
360.0,0.0,0.0,180.0,0.0,1086.0,724.0,28.0,72.91,D4,25.0,0.64
360.0,0.0,0.0,180.0,0.0,1086.0,724.0,28.0,67.59,D4,23.6,0.58
360.0,0.0,0.0,180.0,0.0,1086.0,724.0,28.0,69.02,D4,25.1,0.59
360.0,0.0,0.0,180.0,0.0,1086.0,724.0,28.0,72.79,D4,24.2,0.63
360.0,0.0,0.0,180.0,0.0,1086.0,724.0,28.0,71.18,D4,25.3,0.52
360.0,0.0,0.0,180.0,0.0,1086.0,724.0,28.0,71.78,D4,26.8,0.55
360.0,0.0,0.0,180.0,0.0,1086.0,724.0,28.0,72.31,D4,26.7,0.55
360.0,0.0,0.0,180.0,0.0,1086.0,724.0,28.0,70.35,D4,27.6,0.51
360.0,0.0,0.0,180.0,0.0,1086.0,724.0,28.0,72.91,D4,26.7,0.65
360.0,0.0,0.0,180.0,0.0,1086.0,724.0,28.0,67.59,D4,25.5,0.5
360.0,0.0,0.0,180.0,0.0,1086.0,724.0,28.0,77.04,D4,24.1,0.62
360.0,0.0,0.0,180.0,0.0,1086.0,724.0,28.0,77.04,D4,24.2,0.64
360.0,0.0,0.0,180.0,0.0,1086.0,724.0,28.0,39.62,D4,23.2,0.59
360.0,0.0,0.0,180.0,0.0,1086.0,724.0,28.0,42.11,D4,25.0,0.57
360.0,0.0,0.0,180.0,0.0,1086.0,724.0,28.0,41.28,D4,26.4,0.61
360.0,0.0,0.0,180.0,0.0,1086.0,724.0,28.0,40.09,D4,23.5,0.6
360.0,0.0,0.0,180.0,0.0,1086.0,724.0,28.0,39.62,D4,24.9,0.65
360.0,0.0,0.0,180.0,0.0,1086.0,724.0,28.0,42.11,D4,23.6,0.47
360.0,0.0,0.0,180.0,0.0,1086.0,724.0,28.0,41.28,D4,25.4,0.55
360.0,0.0,0.0,180.0,0.0,1086.0,724.0,28.0,40.09,D4,23.9,0.63
360.0,0.0,0.0,180.0,0.0,1086.0,724.0,28.0,60.01,D4,23.5,0.6
360.0,0.0,0.0,180.0,0.0,1086.0,724.0,28.0,59.29,D4,23.6,0.64
360.0,0.0,0.0,180.0,0.0,1086.0,724.0,28.0,60.01,D4,26.0,0.61
360.0,0.0,0.0,180.0,0.0,1086.0,724.0,28.0,59.29,D4,24.8,0.59
360.0,0.0,0.0,180.0,0.0,1086.0,724.0,28.0,30.62,D4,24.1,0.58
360.0,0.0,0.0,180.0,0.0,1086.0,724.0,28.0,31.32,D4,25.5,0.72
360.0,0.0,0.0,180.0,0.0,1086.0,724.0,28.0,32.34,D4,24.2,0.68
360.0,0.0,0.0,180.0,0.0,1086.0,724.0,28.0,30.62,D4,27.3,0.62
360.0,0.0,0.0,180.0,0.0,1086.0,724.0,28.0,31.32,D4,23.1,0.6
360.0,0.0,0.0,180.0,0.0,1086.0,724.0,28.0,32.34,D4,24.6,0.63
360.0,0.0,0.0,180.0,0.0,1086.0,724.0,28.0,27.12,D4,22.2,0.64
360.0,0.0,0.0,180.0,0.0,1086.0,724.0,28.0,28.59,D4,24.3,0.62
360.0,0.0,0.0,180.0,0.0,1086.0,724.0,28.0,27.12,D4,21.6,0.56
360.0,0.0,0.0,180.0,0.0,1086.0,724.0,28.0,28.59,D4,26.5,0.69
360.0,0.0,0.0,180.0,0.0,1086.0,724.0,28.0,52.7,D4,26.5,0.61
360.0,0.0,0.0,180.0,0.0,1086.0,724.0,28.0,69.92,D4,26.6,0.7
360.0,0.0,0.0,180.0,0.0,1086.0,724.0,28.0,72.27,D4,25.1,0.61
360.0,0.0,0.0,180.0,0.0,1086.0,724.0,28.0,68.94,D4,23.2,0.59
360.0,0.0,0.0,180.0,0.0,1086.0,724.0,28.0,75.3,D4,23.4,0.67
360.0,0.0,0.0,180.0,0.0,1086.0,724.0,28.0,68.99,D4,28.1,0.62
360.0,0.0,0.0,180.0,0.0,1086.0,724.0,28.0,65.4,D4,27.9,0.61
360.0,0.0,0.0,180.0,0.0,1086.0,724.0,28.0,52.7,D4,25.2,0.54
360.0,0.0,0.0,180.0,0.0,1086.0,724.0,28.0,69.92,D4,24.0,0.63
360.0,0.0,0.0,180.0,0.0,1086.0,724.0,28.0,72.27,D4,27.7,0.58
360.0,0.0,0.0,180.0,0.0,1086.0,724.0,28.0,68.94,D4,23.6,0.58
360.0,0.0,0.0,180.0,0.0,1086.0,724.0,28.0,75.3,D4,25.5,0.58
360.0,0.0,0.0,180.0,0.0,1086.0,724.0,28.0,68.99,D4,27.7,0.62
360.0,0.0,0.0,180.0,0.0,1086.0,724.0,28.0,65.4,D4,23.3,0.52
360.0,0.0,0.0,180.0,0.0,1086.0,724.0,28.0,26.76,D4,26.7,0.59
360.0,0.0,0.0,180.0,0.0,1086.0,724.0,28.0,26.7,D4,26.0,0.65
360.0,0.0,0.0,180.0,0.0,1086.0,724.0,28.0,25.61,D4,24.9,0.54
360.0,0.0,0.0,180.0,0.0,1086.0,724.0,28.0,25.61,D4,23.0,0.61
360.0,0.0,0.0,180.0,0.0,1086.0,724.0,28.0,24.8,D4,23.6,0.57
360.0,0.0,0.0,180.0,0.0,1086.0,724.0,28.0,25.64,D4,25.6,0.58
360.0,0.0,0.0,180.0,0.0,1086.0,724.0,28.0,30.97,D4,22.2,0.68
360.0,0.0,0.0,180.0,0.0,1086.0,724.0,28.0,32.74,D4,25.3,0.52
360.0,0.0,0.0,180.0,0.0,1086.0,724.0,28.0,26.76,D4,26.1,0.64
360.0,0.0,0.0,180.0,0.0,1086.0,724.0,28.0,26.7,D4,27.0,0.58
360.0,0.0,0.0,180.0,0.0,1086.0,724.0,28.0,25.61,D4,22.2,0.57
360.0,0.0,0.0,180.0,0.0,1086.0,724.0,28.0,25.61,D4,27.6,0.54
360.0,0.0,0.0,180.0,0.0,1086.0,724.0,28.0,24.8,D4,28.4,0.64
360.0,0.0,0.0,180.0,0.0,1086.0,724.0,28.0,25.64,D4,25.8,0.59
360.0,0.0,0.0,180.0,0.0,1086.0,724.0,28.0,30.97,D4,22.9,0.58
360.0,0.0,0.0,180.0,0.0,1086.0,724.0,28.0,32.74,D4,24.3,0.61
360.0,0.0,0.0,180.0,0.0,1086.0,724.0,28.0,22.43,D4,24.9,0.59
360.0,0.0,0.0,180.0,0.0,1086.0,724.0,28.0,27.77,D4,25.5,0.5
360.0,0.0,0.0,180.0,0.0,1086.0,724.0,28.0,26.47,D4,25.0,0.58
360.0,0.0,0.0,180.0,0.0,1086.0,724.0,28.0,28.64,D4,25.6,0.64
360.0,0.0,0.0,180.0,0.0,1086.0,724.0,28.0,28.63,D4,24.8,0.52
360.0,0.0,0.0,180.0,0.0,1086.0,724.0,28.0,22.43,D4,25.5,0.55
360.0,0.0,0.0,180.0,0.0,1086.0,724.0,28.0,27.77,D4,24.1,0.58
360.0,0.0,0.0,180.0,0.0,1086.0,724.0,28.0,26.47,D4,24.3,0.56
360.0,0.0,0.0,180.0,0.0,1086.0,724.0,28.0,28.64,D4,23.8,0.6
360.0,0.0,0.0,180.0,0.0,1086.0,724.0,28.0,28.63,D4,28.8,0.55
360.0,0.0,0.0,180.0,0.0,1086.0,724.0,28.0,25.43,D4,27.9,0.58
360.0,0.0,0.0,180.0,0.0,1086.0,724.0,28.0,25.29,D4,26.1,0.6
360.0,0.0,0.0,180.0,0.0,1086.0,724.0,28.0,24.72,D4,27.7,0.63
360.0,0.0,0.0,180.0,0.0,1086.0,724.0,28.0,25.43,D4,26.6,0.66
360.0,0.0,0.0,180.0,0.0,1086.0,724.0,28.0,25.29,D4,25.4,0.59
360.0,0.0,0.0,180.0,0.0,1086.0,724.0,28.0,24.72,D4,22.0,0.69
360.0,0.0,0.0,180.0,0.0,1086.0,724.0,28.0,70.79,D4,24.5,0.59
360.0,0.0,0.0,180.0,0.0,1086.0,724.0,28.0,65.47,D4,24.3,0.64
360.0,0.0,0.0,180.0,0.0,1086.0,724.0,28.0,71.06,D4,22.7,0.7
360.0,0.0,0.0,180.0,0.0,1086.0,724.0,28.0,72.03,D4,22.0,0.61
360.0,0.0,0.0,180.0,0.0,1086.0,724.0,28.0,69.18,D4,26.0,0.53
360.0,0.0,0.0,180.0,0.0,1086.0,724.0,28.0,70.79,D4,25.6,0.6
360.0,0.0,0.0,180.0,0.0,1086.0,724.0,28.0,65.47,D4,22.7,0.57
360.0,0.0,0.0,180.0,0.0,1086.0,724.0,28.0,71.06,D4,23.5,0.59
360.0,0.0,0.0,180.0,0.0,1086.0,724.0,28.0,72.03,D4,27.3,0.7
360.0,0.0,0.0,180.0,0.0,1086.0,724.0,28.0,69.18,D4,23.2,0.54
360.0,0.0,0.0,180.0,0.0,1086.0,724.0,28.0,19.79,D4,25.3,0.62
360.0,0.0,0.0,180.0,0.0,1086.0,724.0,28.0,20.77,D4,24.6,0.56
360.0,0.0,0.0,180.0,0.0,1086.0,724.0,28.0,19.79,D4,26.0,0.58
360.0,0.0,0.0,180.0,0.0,1086.0,724.0,28.0,20.77,D4,23.3,0.64
360.0,0.0,0.0,180.0,0.0,1086.0,724.0,28.0,81.73,D4,25.2,0.62
360.0,0.0,0.0,180.0,0.0,1086.0,724.0,28.0,80.95,D4,25.3,0.59
360.0,0.0,0.0,180.0,0.0,1086.0,724.0,28.0,81.8,D4,25.5,0.57
360.0,0.0,0.0,180.0,0.0,1086.0,724.0,28.0,81.73,D4,25.2,0.62
360.0,0.0,0.0,180.0,0.0,1086.0,724.0,28.0,80.95,D4,25.7,0.69
360.0,0.0,0.0,180.0,0.0,1086.0,724.0,28.0,81.8,D4,29.4,0.55
360.0,0.0,0.0,180.0,0.0,1086.0,724.0,28.0,81.01,D4,30.1,0.7
360.0,0.0,0.0,180.0,0.0,1086.0,724.0,28.0,81.31,D4,23.7,0.66
360.0,0.0,0.0,180.0,0.0,1086.0,724.0,28.0,79.38,D4,20.4,0.67
360.0,0.0,0.0,180.0,0.0,1086.0,724.0,28.0,81.01,D4,26.2,0.62
360.0,0.0,0.0,180.0,0.0,1086.0,724.0,28.0,81.31,D4,25.4,0.66
360.0,0.0,0.0,180.0,0.0,1086.0,724.0,28.0,79.38,D4,27.1,0.55
360.0,0.0,0.0,180.0,0.0,1086.0,724.0,28.0,26.47,D4,25.6,0.57
360.0,0.0,0.0,180.0,0.0,1086.0,724.0,28.0,26.41,D4,25.1,0.64
360.0,0.0,0.0,180.0,0.0,1086.0,724.0,28.0,26.47,D4,27.3,0.61
360.0,0.0,0.0,180.0,0.0,1086.0,724.0,28.0,26.41,D4,27.5,0.59
360.0,0.0,0.0,180.0,0.0,1086.0,724.0,28.0,49.1,D4,22.2,0.47
360.0,0.0,0.0,180.0,0.0,1086.0,724.0,28.0,48.99,D4,23.4,0.58
360.0,0.0,0.0,180.0,0.0,1086.0,724.0,28.0,49.1,D4,24.8,0.54
360.0,0.0,0.0,180.0,0.0,1086.0,724.0,28.0,48.99,D4,25.2,0.62
360.0,0.0,0.0,180.0,0.0,1086.0,724.0,28.0,73.59,D4,24.5,0.59
360.0,0.0,0.0,180.0,0.0,1086.0,724.0,28.0,69.23,D4,25.9,0.57
360.0,0.0,0.0,180.0,0.0,1086.0,724.0,28.0,73.59,D4,27.0,0.73
360.0,0.0,0.0,180.0,0.0,1086.0,724.0,28.0,69.23,D4,28.4,0.65
360.0,0.0,0.0,180.0,0.0,1086.0,724.0,28.0,79.52,D4,26.2,0.65
360.0,0.0,0.0,180.0,0.0,1086.0,724.0,28.0,73.07,D4,23.3,0.71
360.0,0.0,0.0,180.0,0.0,1086.0,724.0,28.0,79.52,D4,24.7,0.64
360.0,0.0,0.0,180.0,0.0,1086.0,724.0,28.0,73.07,D4,24.8,0.56
360.0,0.0,0.0,180.0,0.0,1086.0,724.0,28.0,76.44,D4,26.0,0.56
360.0,0.0,0.0,180.0,0.0,1086.0,724.0,28.0,79.77,D4,25.8,0.65
360.0,0.0,0.0,180.0,0.0,1086.0,724.0,28.0,76.44,D4,29.1,0.5
360.0,0.0,0.0,180.0,0.0,1086.0,724.0,28.0,79.77,D4,24.1,0.6
360.0,0.0,0.0,180.0,0.0,1086.0,724.0,28.0,53.95,D4,25.8,0.49
360.0,0.0,0.0,180.0,0.0,1086.0,724.0,28.0,52.91,D4,29.7,0.6
360.0,0.0,0.0,180.0,0.0,1086.0,724.0,28.0,55.89,D4,23.8,0.64
360.0,0.0,0.0,180.0,0.0,1086.0,724.0,28.0,58.25,D4,25.3,0.61
360.0,0.0,0.0,180.0,0.0,1086.0,724.0,28.0,59.4,D4,23.1,0.65
360.0,0.0,0.0,180.0,0.0,1086.0,724.0,28.0,58.46,D4,25.2,0.7
360.0,0.0,0.0,180.0,0.0,1086.0,724.0,28.0,47.01,D4,23.4,0.59
360.0,0.0,0.0,180.0,0.0,1086.0,724.0,28.0,53.88,D4,27.1,0.74
360.0,0.0,0.0,180.0,0.0,1086.0,724.0,28.0,53.95,D4,25.3,0.61
360.0,0.0,0.0,180.0,0.0,1086.0,724.0,28.0,52.91,D4,23.1,0.65
360.0,0.0,0.0,180.0,0.0,1086.0,724.0,28.0,55.89,D4,26.7,0.57
360.0,0.0,0.0,180.0,0.0,1086.0,724.0,28.0,58.25,D4,25.4,0.68
360.0,0.0,0.0,180.0,0.0,1086.0,724.0,28.0,59.4,D4,26.9,0.65
360.0,0.0,0.0,180.0,0.0,1086.0,724.0,28.0,58.46,D4,22.7,0.67
360.0,0.0,0.0,180.0,0.0,1086.0,724.0,28.0,47.01,D4,25.7,0.6
360.0,0.0,0.0,180.0,0.0,1086.0,724.0,28.0,53.88,D4,26.5,0.54
360.0,0.0,0.0,180.0,0.0,1086.0,724.0,28.0,72.74,D4,24.2,0.62
360.0,0.0,0.0,180.0,0.0,1086.0,724.0,28.0,80.47,D4,22.5,0.52
360.0,0.0,0.0,180.0,0.0,1086.0,724.0,28.0,83.41,D4,24.9,0.58
360.0,0.0,0.0,180.0,0.0,1086.0,724.0,28.0,76.98,D4,27.5,0.61
360.0,0.0,0.0,180.0,0.0,1086.0,724.0,28.0,69.69,D4,27.3,0.72
360.0,0.0,0.0,180.0,0.0,1086.0,724.0,28.0,79.76,D4,24.1,0.62
360.0,0.0,0.0,180.0,0.0,1086.0,724.0,28.0,67.96,D4,22.4,0.61
360.0,0.0,0.0,180.0,0.0,1086.0,724.0,28.0,68.89,D4,24.1,0.6
360.0,0.0,0.0,180.0,0.0,1086.0,724.0,28.0,72.74,D4,24.1,0.53
360.0,0.0,0.0,180.0,0.0,1086.0,724.0,28.0,80.47,D4,25.9,0.6
360.0,0.0,0.0,180.0,0.0,1086.0,724.0,28.0,83.41,D4,24.8,0.61
360.0,0.0,0.0,180.0,0.0,1086.0,724.0,28.0,76.98,D4,23.5,0.55
360.0,0.0,0.0,180.0,0.0,1086.0,724.0,28.0,69.69,D4,27.2,0.54
360.0,0.0,0.0,180.0,0.0,1086.0,724.0,28.0,79.76,D4,25.3,0.58
360.0,0.0,0.0,180.0,0.0,1086.0,724.0,28.0,67.96,D4,25.9,0.6
360.0,0.0,0.0,180.0,0.0,1086.0,724.0,28.0,68.89,D4,21.6,0.58
360.0,0.0,0.0,180.0,0.0,1086.0,724.0,28.0,53.58,D4,20.2,0.55
360.0,0.0,0.0,180.0,0.0,1086.0,724.0,28.0,53.86,D4,22.1,0.61
360.0,0.0,0.0,180.0,0.0,1086.0,724.0,28.0,54.64,D4,24.0,0.63
360.0,0.0,0.0,180.0,0.0,1086.0,724.0,28.0,54.71,D4,26.2,0.61
360.0,0.0,0.0,180.0,0.0,1086.0,724.0,28.0,48.82,D4,20.3,0.57
360.0,0.0,0.0,180.0,0.0,1086.0,724.0,28.0,53.58,D4,28.2,0.63
360.0,0.0,0.0,180.0,0.0,1086.0,724.0,28.0,53.86,D4,25.3,0.59
360.0,0.0,0.0,180.0,0.0,1086.0,724.0,28.0,54.64,D4,27.7,0.54
360.0,0.0,0.0,180.0,0.0,1086.0,724.0,28.0,54.71,D4,23.2,0.65
360.0,0.0,0.0,180.0,0.0,1086.0,724.0,28.0,48.82,D4,26.0,0.62
360.0,0.0,0.0,180.0,0.0,1086.0,724.0,28.0,67.23,D4,25.2,0.59
360.0,0.0,0.0,180.0,0.0,1086.0,724.0,28.0,69.63,D4,26.6,0.52
360.0,0.0,0.0,180.0,0.0,1086.0,724.0,28.0,69.19,D4,24.5,0.56
360.0,0.0,0.0,180.0,0.0,1086.0,724.0,28.0,78.79,D4,25.9,0.7
360.0,0.0,0.0,180.0,0.0,1086.0,724.0,28.0,67.23,D4,27.2,0.52
360.0,0.0,0.0,180.0,0.0,1086.0,724.0,28.0,69.63,D4,23.7,0.59
360.0,0.0,0.0,180.0,0.0,1086.0,724.0,28.0,69.19,D4,25.5,0.6
360.0,0.0,0.0,180.0,0.0,1086.0,724.0,28.0,78.79,D4,21.2,0.62
360.0,0.0,0.0,180.0,0.0,1086.0,724.0,28.0,24.83,D4,26.4,0.53
360.0,0.0,0.0,180.0,0.0,1086.0,724.0,28.0,22.97,D4,28.9,0.61
360.0,0.0,0.0,180.0,0.0,1086.0,724.0,28.0,24.83,D4,22.5,0.52
360.0,0.0,0.0,180.0,0.0,1086.0,724.0,28.0,22.97,D4,24.8,0.6
360.0,0.0,0.0,180.0,0.0,1086.0,724.0,28.0,51.2,D4,26.8,0.57
360.0,0.0,0.0,180.0,0.0,1086.0,724.0,28.0,51.0,D4,25.1,0.56
360.0,0.0,0.0,180.0,0.0,1086.0,724.0,28.0,51.2,D4,25.3,0.64
360.0,0.0,0.0,180.0,0.0,1086.0,724.0,28.0,51.0,D4,24.2,0.59
360.0,0.0,0.0,180.0,0.0,1086.0,724.0,28.0,74.81,D4,24.1,0.62
360.0,0.0,0.0,180.0,0.0,1086.0,724.0,28.0,75.14,D4,24.8,0.63
360.0,0.0,0.0,180.0,0.0,1086.0,724.0,28.0,74.81,D4,25.1,0.66
360.0,0.0,0.0,180.0,0.0,1086.0,724.0,28.0,75.14,D4,22.6,0.54
360.0,0.0,0.0,180.0,0.0,1086.0,724.0,28.0,31.18,D4,24.9,0.65
360.0,0.0,0.0,180.0,0.0,1086.0,724.0,28.0,30.54,D4,28.1,0.6
360.0,0.0,0.0,180.0,0.0,1086.0,724.0,28.0,31.87,D4,24.2,0.58
360.0,0.0,0.0,180.0,0.0,1086.0,724.0,28.0,32.06,D4,22.5,0.54
360.0,0.0,0.0,180.0,0.0,1086.0,724.0,28.0,31.18,D4,24.7,0.63
360.0,0.0,0.0,180.0,0.0,1086.0,724.0,28.0,30.54,D4,23.6,0.55
360.0,0.0,0.0,180.0,0.0,1086.0,724.0,28.0,31.87,D4,22.3,0.63
360.0,0.0,0.0,180.0,0.0,1086.0,724.0,28.0,32.06,D4,25.3,0.7
360.0,0.0,0.0,180.0,0.0,1086.0,724.0,28.0,66.4,D4,23.6,0.65
360.0,0.0,0.0,180.0,0.0,1086.0,724.0,28.0,63.97,D4,23.8,0.67
360.0,0.0,0.0,180.0,0.0,1086.0,724.0,28.0,66.4,D4,25.3,0.56
360.0,0.0,0.0,180.0,0.0,1086.0,724.0,28.0,63.97,D4,21.9,0.64
360.0,0.0,0.0,180.0,0.0,1086.0,724.0,28.0,9.63,D4,21.5,0.54
360.0,0.0,0.0,180.0,0.0,1086.0,724.0,28.0,11.84,D4,26.3,0.59
360.0,0.0,0.0,180.0,0.0,1086.0,724.0,28.0,12.37,D4,21.1,0.69
360.0,0.0,0.0,180.0,0.0,1086.0,724.0,28.0,5.08,D4,23.0,0.57
360.0,0.0,0.0,180.0,0.0,1086.0,724.0,28.0,4.44,D4,21.4,0.66
360.0,0.0,0.0,180.0,0.0,1086.0,724.0,28.0,3.39,D4,24.0,0.65
360.0,0.0,0.0,180.0,0.0,1086.0,724.0,28.0,4.97,D4,25.9,0.65
360.0,0.0,0.0,180.0,0.0,1086.0,724.0,28.0,6.35,D4,25.2,0.54
360.0,0.0,0.0,180.0,0.0,1086.0,724.0,28.0,7.19,D4,29.8,0.63
360.0,0.0,0.0,180.0,0.0,1086.0,724.0,28.0,21.15,D4,27.2,0.59
360.0,0.0,0.0,180.0,0.0,1086.0,724.0,28.0,29.81,D4,23.1,0.65
360.0,0.0,0.0,180.0,0.0,1086.0,724.0,28.0,29.51,D4,22.6,0.52
360.0,0.0,0.0,180.0,0.0,1086.0,724.0,28.0,26.55,D4,30.4,0.62
360.0,0.0,0.0,180.0,0.0,1086.0,724.0,28.0,35.71,D4,27.1,0.61
360.0,0.0,0.0,180.0,0.0,1086.0,724.0,28.0,36.9,D4,26.2,0.5
360.0,0.0,0.0,180.0,0.0,1086.0,724.0,28.0,18.4,D4,25.1,0.56
360.0,0.0,0.0,180.0,0.0,1086.0,724.0,28.0,31.81,D4,25.5,0.51
360.0,0.0,0.0,180.0,0.0,1086.0,724.0,28.0,33.95,D4,22.0,0.56
360.0,0.0,0.0,180.0,0.0,1086.0,724.0,28.0,15.86,D4,25.3,0.63
360.0,0.0,0.0,180.0,0.0,1086.0,724.0,28.0,23.8,D4,25.1,0.61
360.0,0.0,0.0,180.0,0.0,1086.0,724.0,28.0,15.01,D4,23.2,0.61
360.0,0.0,0.0,180.0,0.0,1086.0,724.0,28.0,31.73,D4,23.9,0.55
360.0,0.0,0.0,180.0,0.0,1086.0,724.0,28.0,41.96,D4,28.0,0.66
360.0,0.0,0.0,180.0,0.0,1086.0,724.0,28.0,43.23,D4,24.7,0.6
360.0,0.0,0.0,180.0,0.0,1086.0,724.0,28.0,19.46,D4,29.1,0.6
360.0,0.0,0.0,180.0,0.0,1086.0,724.0,28.0,25.8,D4,21.5,0.65
360.0,0.0,0.0,180.0,0.0,1086.0,724.0,28.0,25.91,D4,24.0,0.55
360.0,0.0,0.0,180.0,0.0,1086.0,724.0,28.0,23.06,D4,21.9,0.61
360.0,0.0,0.0,180.0,0.0,1086.0,724.0,28.0,32.68,D4,22.6,0.62
360.0,0.0,0.0,180.0,0.0,1086.0,724.0,28.0,35.32,D4,23.3,0.57
360.0,0.0,0.0,180.0,0.0,1086.0,724.0,28.0,17.55,D4,25.6,0.63
360.0,0.0,0.0,180.0,0.0,1086.0,724.0,28.0,20.09,D4,25.5,0.62
360.0,0.0,0.0,180.0,0.0,1086.0,724.0,28.0,21.68,D4,23.6,0.59
360.0,0.0,0.0,180.0,0.0,1086.0,724.0,28.0,16.71,D4,20.5,0.59
360.0,0.0,0.0,180.0,0.0,1086.0,724.0,28.0,29.51,D4,28.0,0.63
360.0,0.0,0.0,180.0,0.0,1086.0,724.0,28.0,34.16,D4,24.4,0.64
360.0,0.0,0.0,180.0,0.0,1086.0,724.0,28.0,9.3,D4,22.8,0.6
360.0,0.0,0.0,180.0,0.0,1086.0,724.0,28.0,11.53,D4,25.5,0.66
360.0,0.0,0.0,180.0,0.0,1086.0,724.0,28.0,12.8,D4,25.4,0.63
360.0,0.0,0.0,180.0,0.0,1086.0,724.0,28.0,2.75,D4,24.4,0.51
360.0,0.0,0.0,180.0,0.0,1086.0,724.0,28.0,4.13,D4,25.3,0.53
360.0,0.0,0.0,180.0,0.0,1086.0,724.0,28.0,5.29,D4,22.7,0.66
360.0,0.0,0.0,180.0,0.0,1086.0,724.0,28.0,12.69,D4,26.5,0.59
360.0,0.0,0.0,180.0,0.0,1086.0,724.0,28.0,16.19,D4,23.0,0.61
360.0,0.0,0.0,180.0,0.0,1086.0,724.0,28.0,18.09,D4,23.8,0.66
360.0,0.0,0.0,180.0,0.0,1086.0,724.0,28.0,9.84,D4,26.3,0.6
360.0,0.0,0.0,180.0,0.0,1086.0,724.0,28.0,14.38,D4,27.4,0.6
360.0,0.0,0.0,180.0,0.0,1086.0,724.0,28.0,15.23,D4,28.2,0.56
360.0,0.0,0.0,180.0,0.0,1086.0,724.0,28.0,7.09,D4,27.1,0.62
360.0,0.0,0.0,180.0,0.0,1086.0,724.0,28.0,13.33,D4,24.4,0.63
360.0,0.0,0.0,180.0,0.0,1086.0,724.0,28.0,15.23,D4,21.9,0.57
360.0,0.0,0.0,180.0,0.0,1086.0,724.0,28.0,8.46,D4,27.8,0.55
360.0,0.0,0.0,180.0,0.0,1086.0,724.0,28.0,10.68,D4,27.7,0.73
360.0,0.0,0.0,180.0,0.0,1086.0,724.0,28.0,10.79,D4,23.7,0.6
360.0,0.0,0.0,180.0,0.0,1086.0,724.0,28.0,9.1,D4,26.8,0.57
360.0,0.0,0.0,180.0,0.0,1086.0,724.0,28.0,13.22,D4,24.3,0.64
360.0,0.0,0.0,180.0,0.0,1086.0,724.0,28.0,15.44,D4,28.0,0.6
360.0,0.0,0.0,180.0,0.0,1086.0,724.0,28.0,13.54,D4,24.0,0.55
360.0,0.0,0.0,180.0,0.0,1086.0,724.0,28.0,16.71,D4,29.0,0.62
360.0,0.0,0.0,180.0,0.0,1086.0,724.0,28.0,18.72,D4,26.6,0.56
360.0,0.0,0.0,180.0,0.0,1086.0,724.0,28.0,5.29,D4,28.6,0.68
360.0,0.0,0.0,180.0,0.0,1086.0,724.0,28.0,6.35,D4,24.1,0.62
360.0,0.0,0.0,180.0,0.0,1086.0,724.0,28.0,6.35,D4,25.8,0.59
360.0,0.0,0.0,180.0,0.0,1086.0,724.0,28.0,5.4,D4,23.1,0.61
360.0,0.0,0.0,180.0,0.0,1086.0,724.0,28.0,7.4,D4,26.7,0.65
360.0,0.0,0.0,180.0,0.0,1086.0,724.0,28.0,7.61,D4,26.8,0.61
360.0,0.0,0.0,180.0,0.0,1086.0,724.0,28.0,6.03,D4,29.8,0.71
360.0,0.0,0.0,180.0,0.0,1086.0,724.0,28.0,8.57,D4,26.0,0.66
360.0,0.0,0.0,180.0,0.0,1086.0,724.0,28.0,8.99,D4,26.4,0.62
360.0,0.0,0.0,180.0,0.0,1086.0,724.0,28.0,28.13,D4,24.1,0.55
360.0,0.0,0.0,180.0,0.0,1086.0,724.0,28.0,36.17,D4,26.1,0.59
360.0,0.0,0.0,180.0,0.0,1086.0,724.0,28.0,45.69,D4,24.2,0.62
360.0,0.0,0.0,180.0,0.0,1086.0,724.0,28.0,32.15,D4,25.2,0.56
360.0,0.0,0.0,180.0,0.0,1086.0,724.0,28.0,38.5,D4,25.3,0.66
360.0,0.0,0.0,180.0,0.0,1086.0,724.0,28.0,42.94,D4,24.3,0.55
360.0,0.0,0.0,180.0,0.0,1086.0,724.0,28.0,12.91,D4,25.1,0.57
360.0,0.0,0.0,180.0,0.0,1086.0,724.0,28.0,15.23,D4,24.2,0.57
360.0,0.0,0.0,180.0,0.0,1086.0,724.0,28.0,15.76,D4,24.2,0.64
360.0,0.0,0.0,180.0,0.0,1086.0,724.0,28.0,13.43,D4,27.2,0.56
360.0,0.0,0.0,180.0,0.0,1086.0,724.0,28.0,19.56,D4,25.4,0.51
360.0,0.0,0.0,180.0,0.0,1086.0,724.0,28.0,24.33,D4,25.7,0.65
360.0,0.0,0.0,180.0,0.0,1086.0,724.0,28.0,9.63,D4,22.1,0.58
360.0,0.0,0.0,180.0,0.0,1086.0,724.0,28.0,12.91,D4,25.8,0.55
360.0,0.0,0.0,180.0,0.0,1086.0,724.0,28.0,15.65,D4,26.1,0.56
360.0,0.0,0.0,180.0,0.0,1086.0,724.0,28.0,11.42,D4,24.2,0.69
360.0,0.0,0.0,180.0,0.0,1086.0,724.0,28.0,15.23,D4,29.2,0.57
360.0,0.0,0.0,180.0,0.0,1086.0,724.0,28.0,16.61,D4,20.4,0.59
360.0,0.0,0.0,180.0,0.0,1086.0,724.0,28.0,3.91,D4,26.6,0.58
360.0,0.0,0.0,180.0,0.0,1086.0,724.0,28.0,7.3,D4,26.4,0.54
360.0,0.0,0.0,180.0,0.0,1086.0,724.0,28.0,7.93,D4,26.1,0.56
360.0,0.0,0.0,180.0,0.0,1086.0,724.0,28.0,28.13,D4,25.4,0.53
360.0,0.0,0.0,180.0,0.0,1086.0,724.0,28.0,35.53,D4,26.1,0.65
360.0,0.0,0.0,180.0,0.0,1086.0,724.0,28.0,36.38,D4,26.7,0.61
360.0,0.0,0.0,180.0,0.0,1086.0,724.0,28.0,5.82,D4,23.5,0.72
360.0,0.0,0.0,180.0,0.0,1086.0,724.0,28.0,7.3,D4,25.6,0.56
360.0,0.0,0.0,180.0,0.0,1086.0,724.0,28.0,10.04,D4,24.6,0.56
360.0,0.0,0.0,180.0,0.0,1086.0,724.0,28.0,3.59,D4,22.8,0.68
360.0,0.0,0.0,180.0,0.0,1086.0,724.0,28.0,4.66,D4,26.4,0.65
360.0,0.0,0.0,180.0,0.0,1086.0,724.0,28.0,5.93,D4,23.9,0.62
360.0,0.0,0.0,180.0,0.0,1086.0,724.0,28.0,16.19,D4,22.0,0.54
360.0,0.0,0.0,180.0,0.0,1086.0,724.0,28.0,21.47,D4,23.9,0.69
360.0,0.0,0.0,180.0,0.0,1086.0,724.0,28.0,21.47,D4,23.4,0.6
360.0,0.0,0.0,180.0,0.0,1086.0,724.0,28.0,9.52,D4,27.1,0.58
360.0,0.0,0.0,180.0,0.0,1086.0,724.0,28.0,12.8,D4,25.3,0.66
360.0,0.0,0.0,180.0,0.0,1086.0,724.0,28.0,12.38,D4,27.8,0.6
360.0,0.0,0.0,180.0,0.0,1086.0,724.0,28.0,13.74,D4,23.7,0.54
360.0,0.0,0.0,180.0,0.0,1086.0,724.0,28.0,19.31,D4,26.7,0.6
360.0,0.0,0.0,180.0,0.0,1086.0,724.0,28.0,21.57,D4,30.7,0.56
360.0,0.0,0.0,180.0,0.0,1086.0,724.0,28.0,55.47,D4,25.7,0.45
360.0,0.0,0.0,180.0,0.0,1086.0,724.0,28.0,40.71,D4,26.7,0.56
360.0,0.0,0.0,180.0,0.0,1086.0,724.0,28.0,50.67,D4,26.4,0.57
360.0,0.0,0.0,180.0,0.0,1086.0,724.0,28.0,42.22,D4,22.2,0.54
360.0,0.0,0.0,180.0,0.0,1086.0,724.0,28.0,35.87,D4,26.2,0.63
360.0,0.0,0.0,180.0,0.0,1086.0,724.0,28.0,40.53,D4,25.6,0.56
360.0,0.0,0.0,180.0,0.0,1086.0,724.0,28.0,50.27,D4,24.5,0.62
360.0,0.0,0.0,180.0,0.0,1086.0,724.0,28.0,48.89,D4,23.2,0.54
360.0,0.0,0.0,180.0,0.0,1086.0,724.0,28.0,34.22,D4,26.4,0.65
360.0,0.0,0.0,180.0,0.0,1086.0,724.0,28.0,52.67,D4,23.1,0.54
360.0,0.0,0.0,180.0,0.0,1086.0,724.0,28.0,52.98,D4,29.3,0.48
360.0,0.0,0.0,180.0,0.0,1086.0,724.0,28.0,37.78,D4,25.2,0.66
360.0,0.0,0.0,180.0,0.0,1086.0,724.0,28.0,53.73,D4,22.6,0.56
360.0,0.0,0.0,180.0,0.0,1086.0,724.0,28.0,46.58,D4,24.0,0.69
360.0,0.0,0.0,180.0,0.0,1086.0,724.0,28.0,45.78,D4,24.4,0.63
360.0,0.0,0.0,180.0,0.0,1086.0,724.0,28.0,31.47,D4,29.8,0.64
360.0,0.0,0.0,180.0,0.0,1086.0,724.0,28.0,51.29,D4,23.2,0.65
360.0,0.0,0.0,180.0,0.0,1086.0,724.0,28.0,45.47,D4,24.8,0.61
360.0,0.0,0.0,180.0,0.0,1086.0,724.0,28.0,50.89,D4,23.9,0.61
360.0,0.0,0.0,180.0,0.0,1086.0,724.0,28.0,37.78,D4,26.0,0.66
360.0,0.0,0.0,180.0,0.0,1086.0,724.0,28.0,59.02,D4,24.0,0.61
360.0,0.0,0.0,180.0,0.0,1086.0,724.0,28.0,58.58,D4,22.7,0.56
360.0,0.0,0.0,180.0,0.0,1086.0,724.0,28.0,60.04,D4,24.6,0.63
360.0,0.0,0.0,180.0,0.0,1086.0,724.0,28.0,58.49,D4,24.4,0.49
360.0,0.0,0.0,180.0,0.0,1086.0,724.0,28.0,45.07,D4,23.8,0.67
360.0,0.0,0.0,180.0,0.0,1086.0,724.0,28.0,48.0,D4,23.9,0.67
360.0,0.0,0.0,180.0,0.0,1086.0,724.0,28.0,37.78,D4,27.4,0.66
360.0,0.0,0.0,180.0,0.0,1086.0,724.0,28.0,48.13,D4,24.4,0.66
360.0,0.0,0.0,180.0,0.0,1086.0,724.0,28.0,46.09,D4,22.7,0.6
360.0,0.0,0.0,180.0,0.0,1086.0,724.0,28.0,47.87,D4,24.1,0.59
360.0,0.0,0.0,180.0,0.0,1086.0,724.0,28.0,45.29,D4,25.1,0.54
360.0,0.0,0.0,180.0,0.0,1086.0,724.0,28.0,48.09,D4,22.3,0.69
360.0,0.0,0.0,180.0,0.0,1086.0,724.0,28.0,46.62,D4,28.3,0.58
360.0,0.0,0.0,180.0,0.0,1086.0,724.0,28.0,47.56,D4,26.7,0.62
360.0,0.0,0.0,180.0,0.0,1086.0,724.0,28.0,46.13,D4,27.9,0.61
360.0,0.0,0.0,180.0,0.0,1086.0,724.0,28.0,45.91,D4,25.8,0.53
360.0,0.0,0.0,180.0,0.0,1086.0,724.0,28.0,47.47,D4,20.8,0.51
360.0,0.0,0.0,180.0,0.0,1086.0,724.0,28.0,33.16,D4,28.1,0.6
360.0,0.0,0.0,180.0,0.0,1086.0,724.0,28.0,33.56,D4,23.3,0.58
360.0,0.0,0.0,180.0,0.0,1086.0,724.0,28.0,33.02,D4,23.4,0.6
360.0,0.0,0.0,180.0,0.0,1086.0,724.0,28.0,33.6,D4,25.3,0.65
360.0,0.0,0.0,180.0,0.0,1086.0,724.0,28.0,31.42,D4,27.8,0.61
360.0,0.0,0.0,180.0,0.0,1086.0,724.0,28.0,35.51,D4,27.1,0.64
360.0,0.0,0.0,180.0,0.0,1086.0,724.0,28.0,35.07,D4,26.8,0.62
360.0,0.0,0.0,180.0,0.0,1086.0,724.0,28.0,35.2,D4,24.4,0.58
360.0,0.0,0.0,180.0,0.0,1086.0,724.0,28.0,37.64,D4,24.3,0.55
360.0,0.0,0.0,180.0,0.0,1086.0,724.0,28.0,35.16,D4,25.7,0.61
360.0,0.0,0.0,180.0,0.0,1086.0,724.0,28.0,24.13,D4,24.7,0.6
360.0,0.0,0.0,180.0,0.0,1086.0,724.0,28.0,28.49,D4,26.8,0.65
360.0,0.0,0.0,180.0,0.0,1086.0,724.0,28.0,28.13,D4,26.7,0.59
360.0,0.0,0.0,180.0,0.0,1086.0,724.0,28.0,28.98,D4,26.2,0.59
360.0,0.0,0.0,180.0,0.0,1086.0,724.0,28.0,27.64,D4,19.9,0.59
360.0,0.0,0.0,180.0,0.0,1086.0,724.0,28.0,30.62,D4,25.3,0.55
360.0,0.0,0.0,180.0,0.0,1086.0,724.0,28.0,31.78,D4,24.8,0.67
360.0,0.0,0.0,180.0,0.0,1086.0,724.0,28.0,31.16,D4,25.3,0.66
360.0,0.0,0.0,180.0,0.0,1086.0,724.0,28.0,31.42,D4,23.5,0.54
360.0,0.0,0.0,180.0,0.0,1086.0,724.0,28.0,31.24,D4,22.4,0.64
360.0,0.0,0.0,180.0,0.0,1086.0,724.0,28.0,55.47,D4,25.9,0.51
360.0,0.0,0.0,180.0,0.0,1086.0,724.0,28.0,40.71,D4,24.3,0.65
360.0,0.0,0.0,180.0,0.0,1086.0,724.0,28.0,50.67,D4,26.1,0.57
360.0,0.0,0.0,180.0,0.0,1086.0,724.0,28.0,42.22,D4,23.7,0.62
360.0,0.0,0.0,180.0,0.0,1086.0,724.0,28.0,35.87,D4,27.8,0.5
360.0,0.0,0.0,180.0,0.0,1086.0,724.0,28.0,40.53,D4,27.0,0.54
360.0,0.0,0.0,180.0,0.0,1086.0,724.0,28.0,50.27,D4,25.6,0.62
360.0,0.0,0.0,180.0,0.0,1086.0,724.0,28.0,48.89,D4,24.6,0.56
360.0,0.0,0.0,180.0,0.0,1086.0,724.0,28.0,34.22,D4,26.7,0.56
360.0,0.0,0.0,180.0,0.0,1086.0,724.0,28.0,52.67,D4,25.8,0.67
360.0,0.0,0.0,180.0,0.0,1086.0,724.0,28.0,52.98,D4,25.5,0.71
360.0,0.0,0.0,180.0,0.0,1086.0,724.0,28.0,37.78,D4,27.1,0.65
360.0,0.0,0.0,180.0,0.0,1086.0,724.0,28.0,53.73,D4,27.9,0.55
360.0,0.0,0.0,180.0,0.0,1086.0,724.0,28.0,46.58,D4,22.5,0.69
360.0,0.0,0.0,180.0,0.0,1086.0,724.0,28.0,45.78,D4,22.9,0.52
360.0,0.0,0.0,180.0,0.0,1086.0,724.0,28.0,31.47,D4,23.4,0.58
360.0,0.0,0.0,180.0,0.0,1086.0,724.0,28.0,51.29,D4,22.0,0.6
360.0,0.0,0.0,180.0,0.0,1086.0,724.0,28.0,45.47,D4,24.9,0.7
360.0,0.0,0.0,180.0,0.0,1086.0,724.0,28.0,50.89,D4,26.2,0.65
360.0,0.0,0.0,180.0,0.0,1086.0,724.0,28.0,37.78,D4,25.0,0.58
360.0,0.0,0.0,180.0,0.0,1086.0,724.0,28.0,59.02,D4,23.9,0.55
360.0,0.0,0.0,180.0,0.0,1086.0,724.0,28.0,58.58,D4,27.3,0.65
360.0,0.0,0.0,180.0,0.0,1086.0,724.0,28.0,60.04,D4,25.3,0.57
360.0,0.0,0.0,180.0,0.0,1086.0,724.0,28.0,58.49,D4,25.7,0.61
360.0,0.0,0.0,180.0,0.0,1086.0,724.0,28.0,45.07,D4,27.3,0.53
360.0,0.0,0.0,180.0,0.0,1086.0,724.0,28.0,48.0,D4,24.8,0.63
360.0,0.0,0.0,180.0,0.0,1086.0,724.0,28.0,37.78,D4,29.1,0.62
360.0,0.0,0.0,180.0,0.0,1086.0,724.0,28.0,48.13,D4,24.1,0.54
360.0,0.0,0.0,180.0,0.0,1086.0,724.0,28.0,46.09,D4,29.0,0.65
360.0,0.0,0.0,180.0,0.0,1086.0,724.0,28.0,47.87,D4,23.1,0.63
360.0,0.0,0.0,180.0,0.0,1086.0,724.0,28.0,45.29,D4,26.0,0.64
360.0,0.0,0.0,180.0,0.0,1086.0,724.0,28.0,48.09,D4,23.7,0.58
360.0,0.0,0.0,180.0,0.0,1086.0,724.0,28.0,46.62,D4,27.2,0.61
360.0,0.0,0.0,180.0,0.0,1086.0,724.0,28.0,47.56,D4,24.0,0.6
360.0,0.0,0.0,180.0,0.0,1086.0,724.0,28.0,46.13,D4,25.6,0.59
360.0,0.0,0.0,180.0,0.0,1086.0,724.0,28.0,45.91,D4,23.7,0.61
360.0,0.0,0.0,180.0,0.0,1086.0,724.0,28.0,47.47,D4,26.9,0.66
360.0,0.0,0.0,180.0,0.0,1086.0,724.0,28.0,33.16,D4,23.7,0.65
360.0,0.0,0.0,180.0,0.0,1086.0,724.0,28.0,33.56,D4,28.4,0.54
360.0,0.0,0.0,180.0,0.0,1086.0,724.0,28.0,33.02,D4,23.0,0.65
360.0,0.0,0.0,180.0,0.0,1086.0,724.0,28.0,33.6,D4,22.3,0.66
360.0,0.0,0.0,180.0,0.0,1086.0,724.0,28.0,31.42,D4,26.9,0.59
360.0,0.0,0.0,180.0,0.0,1086.0,724.0,28.0,35.51,D4,23.8,0.63
360.0,0.0,0.0,180.0,0.0,1086.0,724.0,28.0,35.07,D4,25.0,0.62
360.0,0.0,0.0,180.0,0.0,1086.0,724.0,28.0,35.2,D4,24.4,0.56
360.0,0.0,0.0,180.0,0.0,1086.0,724.0,28.0,37.64,D4,22.4,0.58
360.0,0.0,0.0,180.0,0.0,1086.0,724.0,28.0,35.16,D4,24.8,0.64
360.0,0.0,0.0,180.0,0.0,1086.0,724.0,28.0,24.13,D4,27.5,0.58
360.0,0.0,0.0,180.0,0.0,1086.0,724.0,28.0,28.49,D4,27.0,0.65
360.0,0.0,0.0,180.0,0.0,1086.0,724.0,28.0,28.13,D4,25.5,0.67
360.0,0.0,0.0,180.0,0.0,1086.0,724.0,28.0,28.98,D4,27.2,0.66
360.0,0.0,0.0,180.0,0.0,1086.0,724.0,28.0,27.64,D4,22.9,0.7
360.0,0.0,0.0,180.0,0.0,1086.0,724.0,28.0,30.62,D4,24.3,0.6
360.0,0.0,0.0,180.0,0.0,1086.0,724.0,28.0,31.78,D4,25.8,0.61
360.0,0.0,0.0,180.0,0.0,1086.0,724.0,28.0,31.16,D4,24.7,0.62
360.0,0.0,0.0,180.0,0.0,1086.0,724.0,28.0,31.42,D4,24.5,0.6
360.0,0.0,0.0,180.0,0.0,1086.0,724.0,28.0,31.24,D4,22.6,0.63
360.0,0.0,0.0,180.0,0.0,1086.0,724.0,28.0,54.46,D4,20.8,0.51
360.0,0.0,0.0,180.0,0.0,1086.0,724.0,28.0,56.25,D4,26.6,0.61
360.0,0.0,0.0,180.0,0.0,1086.0,724.0,28.0,68.91,D4,25.5,0.53
360.0,0.0,0.0,180.0,0.0,1086.0,724.0,28.0,66.47,D4,26.8,0.55
360.0,0.0,0.0,180.0,0.0,1086.0,724.0,28.0,77.84,D4,24.1,0.64
360.0,0.0,0.0,180.0,0.0,1086.0,724.0,28.0,77.73,D4,23.6,0.59
360.0,0.0,0.0,180.0,0.0,1086.0,724.0,28.0,92.2,D4,25.0,0.63
360.0,0.0,0.0,180.0,0.0,1086.0,724.0,28.0,83.52,D4,26.7,0.59
360.0,0.0,0.0,180.0,0.0,1086.0,724.0,28.0,88.45,D4,24.5,0.66
360.0,0.0,0.0,180.0,0.0,1086.0,724.0,28.0,90.89,D4,26.6,0.59
360.0,0.0,0.0,180.0,0.0,1086.0,724.0,28.0,94.15,D4,23.0,0.5
360.0,0.0,0.0,180.0,0.0,1086.0,724.0,28.0,90.42,D4,24.7,0.61
360.0,0.0,0.0,180.0,0.0,1086.0,724.0,28.0,55.25,D4,24.9,0.49
360.0,0.0,0.0,180.0,0.0,1086.0,724.0,28.0,57.14,D4,27.5,0.53
360.0,0.0,0.0,180.0,0.0,1086.0,724.0,28.0,68.95,D4,25.4,0.56
360.0,0.0,0.0,180.0,0.0,1086.0,724.0,28.0,63.59,D4,28.5,0.55
360.0,0.0,0.0,180.0,0.0,1086.0,724.0,28.0,77.49,D4,22.3,0.57
360.0,0.0,0.0,180.0,0.0,1086.0,724.0,28.0,77.44,D4,25.3,0.55
360.0,0.0,0.0,180.0,0.0,1086.0,724.0,28.0,91.25,D4,25.4,0.53
360.0,0.0,0.0,180.0,0.0,1086.0,724.0,28.0,86.27,D4,26.2,0.68
360.0,0.0,0.0,180.0,0.0,1086.0,724.0,28.0,88.29,D4,23.4,0.57
360.0,0.0,0.0,180.0,0.0,1086.0,724.0,28.0,91.51,D4,28.4,0.49
360.0,0.0,0.0,180.0,0.0,1086.0,724.0,28.0,92.51,D4,25.0,0.58
360.0,0.0,0.0,180.0,0.0,1086.0,724.0,28.0,88.7,D4,22.8,0.54
360.0,0.0,0.0,180.0,0.0,1086.0,724.0,28.0,56.11,D4,25.0,0.56
360.0,0.0,0.0,180.0,0.0,1086.0,724.0,28.0,57.47,D4,24.4,0.64
360.0,0.0,0.0,180.0,0.0,1086.0,724.0,28.0,64.61,D4,30.6,0.58
360.0,0.0,0.0,180.0,0.0,1086.0,724.0,28.0,66.64,D4,27.1,0.54
360.0,0.0,0.0,180.0,0.0,1086.0,724.0,28.0,76.01,D4,25.1,0.62
360.0,0.0,0.0,180.0,0.0,1086.0,724.0,28.0,74.08,D4,24.8,0.66
360.0,0.0,0.0,180.0,0.0,1086.0,724.0,28.0,79.17,D4,26.9,0.63
360.0,0.0,0.0,180.0,0.0,1086.0,724.0,28.0,82.35,D4,27.0,0.48
360.0,0.0,0.0,180.0,0.0,1086.0,724.0,28.0,83.25,D4,19.2,0.54
360.0,0.0,0.0,180.0,0.0,1086.0,724.0,28.0,84.42,D4,26.3,0.6
360.0,0.0,0.0,180.0,0.0,1086.0,724.0,28.0,85.95,D4,25.1,0.59
360.0,0.0,0.0,180.0,0.0,1086.0,724.0,28.0,84.86,D4,22.4,0.58
360.0,0.0,0.0,180.0,0.0,1086.0,724.0,28.0,57.31,D4,26.8,0.55
360.0,0.0,0.0,180.0,0.0,1086.0,724.0,28.0,58.47,D4,29.5,0.53
360.0,0.0,0.0,180.0,0.0,1086.0,724.0,28.0,64.66,D4,26.1,0.7
360.0,0.0,0.0,180.0,0.0,1086.0,724.0,28.0,65.38,D4,27.2,0.6
360.0,0.0,0.0,180.0,0.0,1086.0,724.0,28.0,76.44,D4,28.6,0.63
360.0,0.0,0.0,180.0,0.0,1086.0,724.0,28.0,74.49,D4,23.3,0.6
360.0,0.0,0.0,180.0,0.0,1086.0,724.0,28.0,80.04,D4,21.3,0.6
360.0,0.0,0.0,180.0,0.0,1086.0,724.0,28.0,79.98,D4,26.3,0.6
360.0,0.0,0.0,180.0,0.0,1086.0,724.0,28.0,84.04,D4,24.5,0.54
360.0,0.0,0.0,180.0,0.0,1086.0,724.0,28.0,86.5,D4,22.3,0.52
360.0,0.0,0.0,180.0,0.0,1086.0,724.0,28.0,84.57,D4,24.8,0.62
360.0,0.0,0.0,180.0,0.0,1086.0,724.0,28.0,86.34,D4,26.5,0.61
360.0,0.0,0.0,180.0,0.0,1086.0,724.0,28.0,52.0,D4,24.7,0.65
360.0,0.0,0.0,180.0,0.0,1086.0,724.0,28.0,52.92,D4,23.4,0.64
360.0,0.0,0.0,180.0,0.0,1086.0,724.0,28.0,61.53,D4,24.6,0.56
360.0,0.0,0.0,180.0,0.0,1086.0,724.0,28.0,60.32,D4,25.0,0.66
360.0,0.0,0.0,180.0,0.0,1086.0,724.0,28.0,65.02,D4,21.1,0.64
360.0,0.0,0.0,180.0,0.0,1086.0,724.0,28.0,66.21,D4,24.7,0.63
360.0,0.0,0.0,180.0,0.0,1086.0,724.0,28.0,72.09,D4,22.3,0.71
360.0,0.0,0.0,180.0,0.0,1086.0,724.0,28.0,68.98,D4,26.3,0.7
360.0,0.0,0.0,180.0,0.0,1086.0,724.0,28.0,73.49,D4,21.9,0.63
360.0,0.0,0.0,180.0,0.0,1086.0,724.0,28.0,70.81,D4,27.0,0.63
360.0,0.0,0.0,180.0,0.0,1086.0,724.0,28.0,72.52,D4,24.2,0.65
360.0,0.0,0.0,180.0,0.0,1086.0,724.0,28.0,76.18,D4,23.9,0.57
360.0,0.0,0.0,180.0,0.0,1086.0,724.0,28.0,53.95,D4,25.6,0.57
360.0,0.0,0.0,180.0,0.0,1086.0,724.0,28.0,54.72,D4,23.3,0.63
360.0,0.0,0.0,180.0,0.0,1086.0,724.0,28.0,63.66,D4,25.6,0.56
360.0,0.0,0.0,180.0,0.0,1086.0,724.0,28.0,59.73,D4,23.5,0.63
360.0,0.0,0.0,180.0,0.0,1086.0,724.0,28.0,63.85,D4,23.9,0.61
360.0,0.0,0.0,180.0,0.0,1086.0,724.0,28.0,65.16,D4,25.8,0.56
360.0,0.0,0.0,180.0,0.0,1086.0,724.0,28.0,73.23,D4,22.7,0.6
360.0,0.0,0.0,180.0,0.0,1086.0,724.0,28.0,67.04,D4,22.5,0.67
360.0,0.0,0.0,180.0,0.0,1086.0,724.0,28.0,71.71,D4,25.5,0.6
360.0,0.0,0.0,180.0,0.0,1086.0,724.0,28.0,73.58,D4,24.9,0.6
360.0,0.0,0.0,180.0,0.0,1086.0,724.0,28.0,71.79,D4,25.3,0.62
360.0,0.0,0.0,180.0,0.0,1086.0,724.0,28.0,75.75,D4,25.7,0.62
360.0,0.0,0.0,180.0,0.0,1086.0,724.0,28.0,58.15,D4,25.1,0.58
360.0,0.0,0.0,180.0,0.0,1086.0,724.0,28.0,49.24,D4,26.2,0.62
360.0,0.0,0.0,180.0,0.0,1086.0,724.0,28.0,60.16,D4,25.2,0.55
360.0,0.0,0.0,180.0,0.0,1086.0,724.0,28.0,65.15,D4,21.0,0.56
360.0,0.0,0.0,180.0,0.0,1086.0,724.0,28.0,73.33,D4,21.5,0.57
360.0,0.0,0.0,180.0,0.0,1086.0,724.0,28.0,68.18,D4,28.9,0.62
360.0,0.0,0.0,180.0,0.0,1086.0,724.0,28.0,76.25,D4,25.0,0.61
360.0,0.0,0.0,180.0,0.0,1086.0,724.0,28.0,75.7,D4,26.9,0.59
360.0,0.0,0.0,180.0,0.0,1086.0,724.0,28.0,78.33,D4,24.3,0.63
360.0,0.0,0.0,180.0,0.0,1086.0,724.0,28.0,81.48,D4,24.9,0.62
360.0,0.0,0.0,180.0,0.0,1086.0,724.0,28.0,79.8,D4,24.1,0.59
360.0,0.0,0.0,180.0,0.0,1086.0,724.0,28.0,83.11,D4,29.9,0.55
360.0,0.0,0.0,180.0,0.0,1086.0,724.0,28.0,57.13,D4,25.5,0.56
360.0,0.0,0.0,180.0,0.0,1086.0,724.0,28.0,50.56,D4,23.9,0.53
360.0,0.0,0.0,180.0,0.0,1086.0,724.0,28.0,58.48,D4,21.7,0.61
360.0,0.0,0.0,180.0,0.0,1086.0,724.0,28.0,63.12,D4,28.9,0.56
360.0,0.0,0.0,180.0,0.0,1086.0,724.0,28.0,73.24,D4,24.7,0.58
360.0,0.0,0.0,180.0,0.0,1086.0,724.0,28.0,66.44,D4,26.5,0.59
360.0,0.0,0.0,180.0,0.0,1086.0,724.0,28.0,75.61,D4,26.7,0.65
360.0,0.0,0.0,180.0,0.0,1086.0,724.0,28.0,77.62,D4,24.1,0.65
360.0,0.0,0.0,180.0,0.0,1086.0,724.0,28.0,78.7,D4,26.3,0.6
360.0,0.0,0.0,180.0,0.0,1086.0,724.0,28.0,79.0,D4,23.8,0.66
360.0,0.0,0.0,180.0,0.0,1086.0,724.0,28.0,79.38,D4,23.0,0.5
360.0,0.0,0.0,180.0,0.0,1086.0,724.0,28.0,83.16,D4,27.3,0.69
360.0,0.0,0.0,180.0,0.0,1086.0,724.0,28.0,49.51,D4,24.7,0.63
360.0,0.0,0.0,180.0,0.0,1086.0,724.0,28.0,50.76,D4,26.0,0.61
360.0,0.0,0.0,180.0,0.0,1086.0,724.0,28.0,64.35,D4,25.8,0.56
360.0,0.0,0.0,180.0,0.0,1086.0,724.0,28.0,65.92,D4,26.3,0.58
360.0,0.0,0.0,180.0,0.0,1086.0,724.0,28.0,72.27,D4,21.9,0.63
360.0,0.0,0.0,180.0,0.0,1086.0,724.0,28.0,69.78,D4,23.8,0.63
360.0,0.0,0.0,180.0,0.0,1086.0,724.0,28.0,70.84,D4,24.4,0.63
360.0,0.0,0.0,180.0,0.0,1086.0,724.0,28.0,73.34,D4,23.3,0.56
360.0,0.0,0.0,180.0,0.0,1086.0,724.0,28.0,75.4,D4,25.9,0.55
360.0,0.0,0.0,180.0,0.0,1086.0,724.0,28.0,77.22,D4,27.4,0.61
360.0,0.0,0.0,180.0,0.0,1086.0,724.0,28.0,77.92,D4,27.7,0.64
360.0,0.0,0.0,180.0,0.0,1086.0,724.0,28.0,78.82,D4,24.3,0.6
360.0,0.0,0.0,180.0,0.0,1086.0,724.0,28.0,50.21,D4,25.6,0.67
360.0,0.0,0.0,180.0,0.0,1086.0,724.0,28.0,51.45,D4,25.9,0.6
360.0,0.0,0.0,180.0,0.0,1086.0,724.0,28.0,62.38,D4,26.2,0.6
360.0,0.0,0.0,180.0,0.0,1086.0,724.0,28.0,64.95,D4,23.2,0.63
360.0,0.0,0.0,180.0,0.0,1086.0,724.0,28.0,71.57,D4,28.6,0.66
360.0,0.0,0.0,180.0,0.0,1086.0,724.0,28.0,70.24,D4,26.9,0.53
360.0,0.0,0.0,180.0,0.0,1086.0,724.0,28.0,72.26,D4,26.9,0.54
360.0,0.0,0.0,180.0,0.0,1086.0,724.0,28.0,75.5,D4,27.4,0.58
360.0,0.0,0.0,180.0,0.0,1086.0,724.0,28.0,74.74,D4,26.1,0.76
360.0,0.0,0.0,180.0,0.0,1086.0,724.0,28.0,79.1,D4,22.9,0.59
360.0,0.0,0.0,180.0,0.0,1086.0,724.0,28.0,78.9,D4,24.7,0.59
360.0,0.0,0.0,180.0,0.0,1086.0,724.0,28.0,76.49,D4,21.7,0.63
360.0,0.0,0.0,180.0,0.0,1086.0,724.0,28.0,53.97,D4,25.8,0.65
360.0,0.0,0.0,180.0,0.0,1086.0,724.0,28.0,51.97,D4,24.7,0.61
360.0,0.0,0.0,180.0,0.0,1086.0,724.0,28.0,60.84,D4,24.9,0.66
360.0,0.0,0.0,180.0,0.0,1086.0,724.0,28.0,61.41,D4,27.4,0.54
360.0,0.0,0.0,180.0,0.0,1086.0,724.0,28.0,66.16,D4,24.1,0.56
360.0,0.0,0.0,180.0,0.0,1086.0,724.0,28.0,69.86,D4,24.5,0.66
360.0,0.0,0.0,180.0,0.0,1086.0,724.0,28.0,70.76,D4,25.0,0.6
360.0,0.0,0.0,180.0,0.0,1086.0,724.0,28.0,73.47,D4,21.3,0.54
360.0,0.0,0.0,180.0,0.0,1086.0,724.0,28.0,75.97,D4,24.5,0.53
360.0,0.0,0.0,180.0,0.0,1086.0,724.0,28.0,72.33,D4,20.0,0.56
360.0,0.0,0.0,180.0,0.0,1086.0,724.0,28.0,77.08,D4,23.8,0.6
360.0,0.0,0.0,180.0,0.0,1086.0,724.0,28.0,74.82,D4,26.7,0.62
360.0,0.0,0.0,180.0,0.0,1086.0,724.0,28.0,54.27,D4,25.9,0.58
360.0,0.0,0.0,180.0,0.0,1086.0,724.0,28.0,51.58,D4,23.8,0.62
360.0,0.0,0.0,180.0,0.0,1086.0,724.0,28.0,61.48,D4,25.1,0.58
360.0,0.0,0.0,180.0,0.0,1086.0,724.0,28.0,61.97,D4,22.9,0.66
360.0,0.0,0.0,180.0,0.0,1086.0,724.0,28.0,66.32,D4,25.0,0.73
360.0,0.0,0.0,180.0,0.0,1086.0,724.0,28.0,68.93,D4,30.9,0.58
360.0,0.0,0.0,180.0,0.0,1086.0,724.0,28.0,72.71,D4,28.7,0.62
360.0,0.0,0.0,180.0,0.0,1086.0,724.0,28.0,71.04,D4,25.1,0.62
360.0,0.0,0.0,180.0,0.0,1086.0,724.0,28.0,76.4,D4,25.3,0.61
360.0,0.0,0.0,180.0,0.0,1086.0,724.0,28.0,74.2,D4,23.0,0.63
360.0,0.0,0.0,180.0,0.0,1086.0,724.0,28.0,77.65,D4,23.4,0.62
360.0,0.0,0.0,180.0,0.0,1086.0,724.0,28.0,75.33,D4,25.7,0.58
360.0,0.0,0.0,180.0,0.0,1086.0,724.0,28.0,51.09,D4,24.0,0.67
360.0,0.0,0.0,180.0,0.0,1086.0,724.0,28.0,49.71,D4,26.8,0.61
360.0,0.0,0.0,180.0,0.0,1086.0,724.0,28.0,56.66,D4,28.1,0.58
360.0,0.0,0.0,180.0,0.0,1086.0,724.0,28.0,54.75,D4,25.7,0.72
360.0,0.0,0.0,180.0,0.0,1086.0,724.0,28.0,60.64,D4,25.2,0.59
360.0,0.0,0.0,180.0,0.0,1086.0,724.0,28.0,63.46,D4,21.6,0.61
360.0,0.0,0.0,180.0,0.0,1086.0,724.0,28.0,72.03,D4,26.5,0.61
360.0,0.0,0.0,180.0,0.0,1086.0,724.0,28.0,69.37,D4,22.7,0.59
360.0,0.0,0.0,180.0,0.0,1086.0,724.0,28.0,76.87,D4,24.2,0.62
360.0,0.0,0.0,180.0,0.0,1086.0,724.0,28.0,76.74,D4,26.9,0.56
360.0,0.0,0.0,180.0,0.0,1086.0,724.0,28.0,82.52,D4,27.1,0.63
360.0,0.0,0.0,180.0,0.0,1086.0,724.0,28.0,80.37,D4,24.1,0.51
360.0,0.0,0.0,180.0,0.0,1086.0,724.0,28.0,52.16,D4,24.2,0.54
360.0,0.0,0.0,180.0,0.0,1086.0,724.0,28.0,49.29,D4,23.6,0.69
360.0,0.0,0.0,180.0,0.0,1086.0,724.0,28.0,53.92,D4,22.6,0.54
360.0,0.0,0.0,180.0,0.0,1086.0,724.0,28.0,57.71,D4,23.7,0.5
360.0,0.0,0.0,180.0,0.0,1086.0,724.0,28.0,64.61,D4,21.8,0.54
360.0,0.0,0.0,180.0,0.0,1086.0,724.0,28.0,59.86,D4,26.4,0.69
360.0,0.0,0.0,180.0,0.0,1086.0,724.0,28.0,71.94,D4,25.8,0.51
360.0,0.0,0.0,180.0,0.0,1086.0,724.0,28.0,70.88,D4,26.1,0.55
360.0,0.0,0.0,180.0,0.0,1086.0,724.0,28.0,79.47,D4,23.1,0.53
360.0,0.0,0.0,180.0,0.0,1086.0,724.0,28.0,74.85,D4,22.6,0.59
360.0,0.0,0.0,180.0,0.0,1086.0,724.0,28.0,80.14,D4,25.1,0.58
360.0,0.0,0.0,180.0,0.0,1086.0,724.0,28.0,81.06,D4,25.1,0.58
360.0,0.0,0.0,180.0,0.0,1086.0,724.0,28.0,45.09,D4,24.7,0.69
360.0,0.0,0.0,180.0,0.0,1086.0,724.0,28.0,46.37,D4,24.4,0.54
360.0,0.0,0.0,180.0,0.0,1086.0,724.0,28.0,54.14,D4,28.4,0.59
360.0,0.0,0.0,180.0,0.0,1086.0,724.0,28.0,54.16,D4,25.9,0.62
360.0,0.0,0.0,180.0,0.0,1086.0,724.0,28.0,60.46,D4,28.9,0.55
360.0,0.0,0.0,180.0,0.0,1086.0,724.0,28.0,59.83,D4,27.5,0.62
360.0,0.0,0.0,180.0,0.0,1086.0,724.0,28.0,68.46,D4,28.4,0.58
360.0,0.0,0.0,180.0,0.0,1086.0,724.0,28.0,69.77,D4,22.9,0.62
360.0,0.0,0.0,180.0,0.0,1086.0,724.0,28.0,72.86,D4,26.2,0.59
360.0,0.0,0.0,180.0,0.0,1086.0,724.0,28.0,74.04,D4,24.1,0.5
360.0,0.0,0.0,180.0,0.0,1086.0,724.0,28.0,79.2,D4,21.7,0.67
360.0,0.0,0.0,180.0,0.0,1086.0,724.0,28.0,78.76,D4,28.0,0.7
360.0,0.0,0.0,180.0,0.0,1086.0,724.0,28.0,44.22,D4,24.4,0.59
360.0,0.0,0.0,180.0,0.0,1086.0,724.0,28.0,46.63,D4,22.9,0.56
360.0,0.0,0.0,180.0,0.0,1086.0,724.0,28.0,51.16,D4,24.2,0.68
360.0,0.0,0.0,180.0,0.0,1086.0,724.0,28.0,53.33,D4,23.4,0.69
360.0,0.0,0.0,180.0,0.0,1086.0,724.0,28.0,58.22,D4,23.6,0.59
360.0,0.0,0.0,180.0,0.0,1086.0,724.0,28.0,60.5,D4,24.6,0.59
360.0,0.0,0.0,180.0,0.0,1086.0,724.0,28.0,69.74,D4,28.5,0.6
360.0,0.0,0.0,180.0,0.0,1086.0,724.0,28.0,71.43,D4,23.7,0.52
360.0,0.0,0.0,180.0,0.0,1086.0,724.0,28.0,74.89,D4,28.3,0.59
360.0,0.0,0.0,180.0,0.0,1086.0,724.0,28.0,71.43,D4,26.7,0.69
360.0,0.0,0.0,180.0,0.0,1086.0,724.0,28.0,77.53,D4,25.8,0.59
360.0,0.0,0.0,180.0,0.0,1086.0,724.0,28.0,76.19,D4,26.5,0.55
360.0,0.0,0.0,180.0,0.0,1086.0,724.0,28.0,38.78,D4,25.0,0.62
360.0,0.0,0.0,180.0,0.0,1086.0,724.0,28.0,39.72,D4,27.6,0.57
360.0,0.0,0.0,180.0,0.0,1086.0,724.0,28.0,46.84,D4,26.1,0.6
360.0,0.0,0.0,180.0,0.0,1086.0,724.0,28.0,47.5,D4,21.7,0.54
360.0,0.0,0.0,180.0,0.0,1086.0,724.0,28.0,53.36,D4,25.6,0.55
360.0,0.0,0.0,180.0,0.0,1086.0,724.0,28.0,52.09,D4,26.6,0.64
360.0,0.0,0.0,180.0,0.0,1086.0,724.0,28.0,63.01,D4,24.4,0.61
360.0,0.0,0.0,180.0,0.0,1086.0,724.0,28.0,61.74,D4,25.3,0.56
360.0,0.0,0.0,180.0,0.0,1086.0,724.0,28.0,72.41,D4,23.8,0.61
360.0,0.0,0.0,180.0,0.0,1086.0,724.0,28.0,74.85,D4,22.2,0.57
360.0,0.0,0.0,180.0,0.0,1086.0,724.0,28.0,78.03,D4,21.9,0.56
360.0,0.0,0.0,180.0,0.0,1086.0,724.0,28.0,73.92,D4,21.9,0.66
360.0,0.0,0.0,180.0,0.0,1086.0,724.0,28.0,41.22,D4,26.3,0.64
360.0,0.0,0.0,180.0,0.0,1086.0,724.0,28.0,43.16,D4,20.0,0.6
360.0,0.0,0.0,180.0,0.0,1086.0,724.0,28.0,47.42,D4,23.7,0.61
360.0,0.0,0.0,180.0,0.0,1086.0,724.0,28.0,47.04,D4,23.5,0.6
360.0,0.0,0.0,180.0,0.0,1086.0,724.0,28.0,55.16,D4,24.4,0.62
360.0,0.0,0.0,180.0,0.0,1086.0,724.0,28.0,51.95,D4,21.3,0.56
360.0,0.0,0.0,180.0,0.0,1086.0,724.0,28.0,65.74,D4,25.8,0.64
360.0,0.0,0.0,180.0,0.0,1086.0,724.0,28.0,61.1,D4,22.5,0.62
360.0,0.0,0.0,180.0,0.0,1086.0,724.0,28.0,69.98,D4,27.3,0.59
360.0,0.0,0.0,180.0,0.0,1086.0,724.0,28.0,72.47,D4,23.8,0.58
360.0,0.0,0.0,180.0,0.0,1086.0,724.0,28.0,74.32,D4,24.8,0.64
360.0,0.0,0.0,180.0,0.0,1086.0,724.0,28.0,75.46,D4,25.0,0.59
360.0,0.0,0.0,180.0,0.0,1086.0,724.0,28.0,28.57,D4,25.5,0.57
360.0,0.0,0.0,180.0,0.0,1086.0,724.0,28.0,27.56,D4,25.1,0.58
360.0,0.0,0.0,180.0,0.0,1086.0,724.0,28.0,38.06,D4,24.1,0.64
360.0,0.0,0.0,180.0,0.0,1086.0,724.0,28.0,38.05,D4,25.7,0.52
360.0,0.0,0.0,180.0,0.0,1086.0,724.0,28.0,47.86,D4,25.9,0.58
360.0,0.0,0.0,180.0,0.0,1086.0,724.0,28.0,47.27,D4,23.5,0.65
360.0,0.0,0.0,180.0,0.0,1086.0,724.0,28.0,58.44,D4,25.9,0.59
360.0,0.0,0.0,180.0,0.0,1086.0,724.0,28.0,57.32,D4,27.4,0.61
360.0,0.0,0.0,180.0,0.0,1086.0,724.0,28.0,63.44,D4,26.4,0.65
360.0,0.0,0.0,180.0,0.0,1086.0,724.0,28.0,66.67,D4,26.9,0.64
360.0,0.0,0.0,180.0,0.0,1086.0,724.0,28.0,68.23,D4,25.3,0.58
360.0,0.0,0.0,180.0,0.0,1086.0,724.0,28.0,69.49,D4,23.1,0.59
360.0,0.0,0.0,180.0,0.0,1086.0,724.0,28.0,17.07,D4,23.4,0.65
360.0,0.0,0.0,180.0,0.0,1086.0,724.0,28.0,16.33,D4,25.6,0.65
360.0,0.0,0.0,180.0,0.0,1086.0,724.0,28.0,36.7,D4,26.9,0.6
360.0,0.0,0.0,180.0,0.0,1086.0,724.0,28.0,35.41,D4,30.6,0.6
360.0,0.0,0.0,180.0,0.0,1086.0,724.0,28.0,46.81,D4,27.0,0.61
360.0,0.0,0.0,180.0,0.0,1086.0,724.0,28.0,46.5,D4,22.7,0.67
360.0,0.0,0.0,180.0,0.0,1086.0,724.0,28.0,58.95,D4,23.5,0.65
360.0,0.0,0.0,180.0,0.0,1086.0,724.0,28.0,56.84,D4,29.6,0.63
360.0,0.0,0.0,180.0,0.0,1086.0,724.0,28.0,62.38,D4,24.6,0.55
360.0,0.0,0.0,180.0,0.0,1086.0,724.0,28.0,60.85,D4,25.1,0.59
360.0,0.0,0.0,180.0,0.0,1086.0,724.0,28.0,69.83,D4,23.1,0.59
360.0,0.0,0.0,180.0,0.0,1086.0,724.0,28.0,68.85,D4,28.1,0.67
360.0,0.0,0.0,180.0,0.0,1086.0,724.0,28.0,29.95,D4,26.0,0.59
360.0,0.0,0.0,180.0,0.0,1086.0,724.0,28.0,31.98,D4,23.5,0.66
360.0,0.0,0.0,180.0,0.0,1086.0,724.0,28.0,51.11,D4,23.0,0.57
360.0,0.0,0.0,180.0,0.0,1086.0,724.0,28.0,49.33,D4,25.6,0.58
360.0,0.0,0.0,180.0,0.0,1086.0,724.0,28.0,62.74,D4,25.1,0.62
360.0,0.0,0.0,180.0,0.0,1086.0,724.0,28.0,59.23,D4,26.7,0.68
360.0,0.0,0.0,180.0,0.0,1086.0,724.0,28.0,65.26,D4,26.1,0.59
360.0,0.0,0.0,180.0,0.0,1086.0,724.0,28.0,65.7,D4,24.5,0.47
360.0,0.0,0.0,180.0,0.0,1086.0,724.0,28.0,74.21,D4,23.9,0.52
360.0,0.0,0.0,180.0,0.0,1086.0,724.0,28.0,71.73,D4,24.7,0.61
360.0,0.0,0.0,180.0,0.0,1086.0,724.0,28.0,81.4,D4,23.9,0.53
360.0,0.0,0.0,180.0,0.0,1086.0,724.0,28.0,78.01,D4,24.7,0.56
360.0,0.0,0.0,180.0,0.0,1086.0,724.0,28.0,26.1,D4,25.0,0.6
360.0,0.0,0.0,180.0,0.0,1086.0,724.0,28.0,25.98,D4,23.2,0.48
360.0,0.0,0.0,180.0,0.0,1086.0,724.0,28.0,42.91,D4,26.3,0.58
360.0,0.0,0.0,180.0,0.0,1086.0,724.0,28.0,43.21,D4,24.3,0.54
360.0,0.0,0.0,180.0,0.0,1086.0,724.0,28.0,55.62,D4,23.3,0.53
360.0,0.0,0.0,180.0,0.0,1086.0,724.0,28.0,53.82,D4,24.3,0.56
360.0,0.0,0.0,180.0,0.0,1086.0,724.0,28.0,62.15,D4,25.5,0.55
360.0,0.0,0.0,180.0,0.0,1086.0,724.0,28.0,54.81,D4,25.2,0.62
360.0,0.0,0.0,180.0,0.0,1086.0,724.0,28.0,58.83,D4,25.8,0.66
360.0,0.0,0.0,180.0,0.0,1086.0,724.0,28.0,72.84,D4,26.8,0.58
360.0,0.0,0.0,180.0,0.0,1086.0,724.0,28.0,76.06,D4,27.6,0.57
360.0,0.0,0.0,180.0,0.0,1086.0,724.0,28.0,75.14,D4,25.6,0.58
360.0,0.0,0.0,180.0,0.0,1086.0,724.0,28.0,12.69,D4,22.9,0.54
360.0,0.0,0.0,180.0,0.0,1086.0,724.0,28.0,12.53,D4,24.5,0.54
360.0,0.0,0.0,180.0,0.0,1086.0,724.0,28.0,29.38,D4,23.0,0.52
360.0,0.0,0.0,180.0,0.0,1086.0,724.0,28.0,29.11,D4,28.4,0.53
360.0,0.0,0.0,180.0,0.0,1086.0,724.0,28.0,41.59,D4,29.0,0.68
360.0,0.0,0.0,180.0,0.0,1086.0,724.0,28.0,42.08,D4,26.3,0.57
360.0,0.0,0.0,180.0,0.0,1086.0,724.0,28.0,57.17,D4,26.7,0.45
360.0,0.0,0.0,180.0,0.0,1086.0,724.0,28.0,56.03,D4,25.5,0.57
360.0,0.0,0.0,180.0,0.0,1086.0,724.0,28.0,67.69,D4,25.7,0.52
360.0,0.0,0.0,180.0,0.0,1086.0,724.0,28.0,66.58,D4,21.8,0.6
360.0,0.0,0.0,180.0,0.0,1086.0,724.0,28.0,69.94,D4,24.9,0.6
360.0,0.0,0.0,180.0,0.0,1086.0,724.0,28.0,72.19,D4,23.2,0.6
360.0,0.0,0.0,180.0,0.0,1086.0,724.0,28.0,19.26,D4,25.6,0.6
360.0,0.0,0.0,180.0,0.0,1086.0,724.0,28.0,18.62,D4,24.9,0.58
360.0,0.0,0.0,180.0,0.0,1086.0,724.0,28.0,28.04,D4,28.9,0.53
360.0,0.0,0.0,180.0,0.0,1086.0,724.0,28.0,27.62,D4,26.8,0.6
360.0,0.0,0.0,180.0,0.0,1086.0,724.0,28.0,40.8,D4,25.6,0.65
360.0,0.0,0.0,180.0,0.0,1086.0,724.0,28.0,38.8,D4,24.5,0.69
360.0,0.0,0.0,180.0,0.0,1086.0,724.0,28.0,54.14,D4,28.4,0.59
360.0,0.0,0.0,180.0,0.0,1086.0,724.0,28.0,52.67,D4,24.9,0.59
360.0,0.0,0.0,180.0,0.0,1086.0,724.0,28.0,60.08,D4,25.7,0.63
360.0,0.0,0.0,180.0,0.0,1086.0,724.0,28.0,60.93,D4,25.1,0.67
360.0,0.0,0.0,180.0,0.0,1086.0,724.0,28.0,64.05,D4,24.2,0.58
360.0,0.0,0.0,180.0,0.0,1086.0,724.0,28.0,68.75,D4,25.1,0.63
360.0,0.0,0.0,180.0,0.0,1086.0,724.0,28.0,30.96,D4,21.1,0.56
360.0,0.0,0.0,180.0,0.0,1086.0,724.0,28.0,29.27,D4,21.9,0.62
360.0,0.0,0.0,180.0,0.0,1086.0,724.0,28.0,46.3,D4,25.7,0.65
360.0,0.0,0.0,180.0,0.0,1086.0,724.0,28.0,47.89,D4,28.1,0.54
360.0,0.0,0.0,180.0,0.0,1086.0,724.0,28.0,60.15,D4,25.7,0.57
360.0,0.0,0.0,180.0,0.0,1086.0,724.0,28.0,59.54,D4,23.6,0.65
360.0,0.0,0.0,180.0,0.0,1086.0,724.0,28.0,67.46,D4,22.1,0.63
360.0,0.0,0.0,180.0,0.0,1086.0,724.0,28.0,71.9,D4,26.6,0.65
360.0,0.0,0.0,180.0,0.0,1086.0,724.0,28.0,78.57,D4,23.9,0.64
360.0,0.0,0.0,180.0,0.0,1086.0,724.0,28.0,79.08,D4,26.3,0.58
360.0,0.0,0.0,180.0,0.0,1086.0,724.0,28.0,80.82,D4,25.8,0.71
360.0,0.0,0.0,180.0,0.0,1086.0,724.0,28.0,83.67,D4,26.0,0.61
360.0,0.0,0.0,180.0,0.0,1086.0,724.0,28.0,28.21,D4,25.1,0.45
360.0,0.0,0.0,180.0,0.0,1086.0,724.0,28.0,28.85,D4,25.8,0.59
360.0,0.0,0.0,180.0,0.0,1086.0,724.0,28.0,41.41,D4,24.8,0.58
360.0,0.0,0.0,180.0,0.0,1086.0,724.0,28.0,40.79,D4,23.7,0.64
360.0,0.0,0.0,180.0,0.0,1086.0,724.0,28.0,56.0,D4,23.1,0.58
360.0,0.0,0.0,180.0,0.0,1086.0,724.0,28.0,56.84,D4,20.2,0.65
360.0,0.0,0.0,180.0,0.0,1086.0,724.0,28.0,67.51,D4,24.6,0.63
360.0,0.0,0.0,180.0,0.0,1086.0,724.0,28.0,68.41,D4,28.0,0.55
360.0,0.0,0.0,180.0,0.0,1086.0,724.0,28.0,70.89,D4,26.5,0.59
360.0,0.0,0.0,180.0,0.0,1086.0,724.0,28.0,74.81,D4,25.5,0.56
360.0,0.0,0.0,180.0,0.0,1086.0,724.0,28.0,73.83,D4,23.5,0.61
360.0,0.0,0.0,180.0,0.0,1086.0,724.0,28.0,75.6,D4,27.0,0.56
360.0,0.0,0.0,180.0,0.0,1086.0,724.0,28.0,12.9,D4,24.8,0.6
360.0,0.0,0.0,180.0,0.0,1086.0,724.0,28.0,13.04,D4,28.1,0.59
360.0,0.0,0.0,180.0,0.0,1086.0,724.0,28.0,34.34,D4,23.0,0.59
360.0,0.0,0.0,180.0,0.0,1086.0,724.0,28.0,33.8,D4,23.5,0.7
360.0,0.0,0.0,180.0,0.0,1086.0,724.0,28.0,41.66,D4,23.3,0.58
360.0,0.0,0.0,180.0,0.0,1086.0,724.0,28.0,53.25,D4,22.0,0.5
360.0,0.0,0.0,180.0,0.0,1086.0,724.0,28.0,49.18,D4,23.1,0.65
360.0,0.0,0.0,180.0,0.0,1086.0,724.0,28.0,49.72,D4,25.2,0.65
360.0,0.0,0.0,180.0,0.0,1086.0,724.0,28.0,60.64,D4,23.6,0.5
360.0,0.0,0.0,180.0,0.0,1086.0,724.0,28.0,60.12,D4,17.3,0.56
360.0,0.0,0.0,180.0,0.0,1086.0,724.0,28.0,67.81,D4,27.1,0.62
360.0,0.0,0.0,180.0,0.0,1086.0,724.0,28.0,67.73,D4,21.6,0.63
360.0,0.0,0.0,180.0,0.0,1086.0,724.0,28.0,11.4,D4,26.2,0.6
360.0,0.0,0.0,180.0,0.0,1086.0,724.0,28.0,11.61,D4,25.1,0.6
360.0,0.0,0.0,180.0,0.0,1086.0,724.0,28.0,26.4,D4,29.2,0.55
360.0,0.0,0.0,180.0,0.0,1086.0,724.0,28.0,27.82,D4,27.0,0.48
360.0,0.0,0.0,180.0,0.0,1086.0,724.0,28.0,39.67,D4,24.0,0.7
360.0,0.0,0.0,180.0,0.0,1086.0,724.0,28.0,39.98,D4,23.6,0.55
360.0,0.0,0.0,180.0,0.0,1086.0,724.0,28.0,48.85,D4,28.0,0.61
360.0,0.0,0.0,180.0,0.0,1086.0,724.0,28.0,49.17,D4,22.0,0.59
360.0,0.0,0.0,180.0,0.0,1086.0,724.0,28.0,56.75,D4,25.4,0.64
360.0,0.0,0.0,180.0,0.0,1086.0,724.0,28.0,59.03,D4,24.7,0.61
360.0,0.0,0.0,180.0,0.0,1086.0,724.0,28.0,65.16,D4,24.3,0.61
360.0,0.0,0.0,180.0,0.0,1086.0,724.0,28.0,65.91,D4,25.7,0.47
360.0,0.0,0.0,180.0,0.0,1086.0,724.0,28.0,12.4,D4,25.4,0.56
360.0,0.0,0.0,180.0,0.0,1086.0,724.0,28.0,12.47,D4,25.9,0.64
360.0,0.0,0.0,180.0,0.0,1086.0,724.0,28.0,31.21,D4,25.3,0.63
360.0,0.0,0.0,180.0,0.0,1086.0,724.0,28.0,31.22,D4,25.8,0.55
360.0,0.0,0.0,180.0,0.0,1086.0,724.0,28.0,39.63,D4,25.2,0.52
360.0,0.0,0.0,180.0,0.0,1086.0,724.0,28.0,39.48,D4,23.7,0.61
360.0,0.0,0.0,180.0,0.0,1086.0,724.0,28.0,50.83,D4,25.0,0.45
360.0,0.0,0.0,180.0,0.0,1086.0,724.0,28.0,45.38,D4,23.6,0.54
360.0,0.0,0.0,180.0,0.0,1086.0,724.0,28.0,57.97,D4,23.4,0.69
360.0,0.0,0.0,180.0,0.0,1086.0,724.0,28.0,53.51,D4,24.3,0.67
360.0,0.0,0.0,180.0,0.0,1086.0,724.0,28.0,57.44,D4,24.8,0.62
360.0,0.0,0.0,180.0,0.0,1086.0,724.0,28.0,65.96,D4,25.1,0.62
360.0,0.0,0.0,180.0,0.0,1086.0,724.0,28.0,21.8,D4,26.8,0.5
360.0,0.0,0.0,180.0,0.0,1086.0,724.0,28.0,22.58,D4,24.0,0.56
360.0,0.0,0.0,180.0,0.0,1086.0,724.0,28.0,30.41,D4,25.4,0.59
360.0,0.0,0.0,180.0,0.0,1086.0,724.0,28.0,33.63,D4,25.2,0.56
360.0,0.0,0.0,180.0,0.0,1086.0,724.0,28.0,38.34,D4,23.8,0.58
360.0,0.0,0.0,180.0,0.0,1086.0,724.0,28.0,39.83,D4,25.1,0.66
360.0,0.0,0.0,180.0,0.0,1086.0,724.0,28.0,49.24,D4,27.0,0.57
360.0,0.0,0.0,180.0,0.0,1086.0,724.0,28.0,45.45,D4,25.4,0.58
360.0,0.0,0.0,180.0,0.0,1086.0,724.0,28.0,55.81,D4,25.5,0.64
360.0,0.0,0.0,180.0,0.0,1086.0,724.0,28.0,52.82,D4,23.6,0.53
360.0,0.0,0.0,180.0,0.0,1086.0,724.0,28.0,64.39,D4,28.9,0.56
360.0,0.0,0.0,180.0,0.0,1086.0,724.0,28.0,60.54,D4,23.7,0.56
360.0,0.0,0.0,180.0,0.0,1086.0,724.0,28.0,28.57,D4,21.7,0.6
360.0,0.0,0.0,180.0,0.0,1086.0,724.0,28.0,27.56,D4,26.7,0.58
360.0,0.0,0.0,180.0,0.0,1086.0,724.0,28.0,38.06,D4,24.8,0.58
360.0,0.0,0.0,180.0,0.0,1086.0,724.0,28.0,38.05,D4,24.4,0.57
360.0,0.0,0.0,180.0,0.0,1086.0,724.0,28.0,47.86,D4,23.9,0.55
360.0,0.0,0.0,180.0,0.0,1086.0,724.0,28.0,47.27,D4,28.7,0.63
360.0,0.0,0.0,180.0,0.0,1086.0,724.0,28.0,58.44,D4,25.7,0.58
360.0,0.0,0.0,180.0,0.0,1086.0,724.0,28.0,57.32,D4,26.1,0.63
360.0,0.0,0.0,180.0,0.0,1086.0,724.0,28.0,63.44,D4,25.3,0.54
360.0,0.0,0.0,180.0,0.0,1086.0,724.0,28.0,66.67,D4,25.5,0.57
360.0,0.0,0.0,180.0,0.0,1086.0,724.0,28.0,68.23,D4,27.8,0.59
360.0,0.0,0.0,180.0,0.0,1086.0,724.0,28.0,69.49,D4,24.5,0.59
360.0,0.0,0.0,180.0,0.0,1086.0,724.0,28.0,17.07,D4,22.1,0.64
360.0,0.0,0.0,180.0,0.0,1086.0,724.0,28.0,16.33,D4,26.7,0.58
360.0,0.0,0.0,180.0,0.0,1086.0,724.0,28.0,36.7,D4,26.0,0.64
360.0,0.0,0.0,180.0,0.0,1086.0,724.0,28.0,35.41,D4,25.2,0.62
360.0,0.0,0.0,180.0,0.0,1086.0,724.0,28.0,46.81,D4,25.9,0.59
360.0,0.0,0.0,180.0,0.0,1086.0,724.0,28.0,46.5,D4,24.3,0.55
360.0,0.0,0.0,180.0,0.0,1086.0,724.0,28.0,58.95,D4,25.0,0.64
360.0,0.0,0.0,180.0,0.0,1086.0,724.0,28.0,56.84,D4,24.7,0.55
360.0,0.0,0.0,180.0,0.0,1086.0,724.0,28.0,62.38,D4,23.8,0.6
360.0,0.0,0.0,180.0,0.0,1086.0,724.0,28.0,60.85,D4,27.4,0.6
360.0,0.0,0.0,180.0,0.0,1086.0,724.0,28.0,69.83,D4,22.2,0.59
360.0,0.0,0.0,180.0,0.0,1086.0,724.0,28.0,68.85,D4,29.7,0.58
360.0,0.0,0.0,180.0,0.0,1086.0,724.0,28.0,29.95,D4,26.8,0.56
360.0,0.0,0.0,180.0,0.0,1086.0,724.0,28.0,31.98,D4,21.4,0.52
360.0,0.0,0.0,180.0,0.0,1086.0,724.0,28.0,51.11,D4,24.6,0.67
360.0,0.0,0.0,180.0,0.0,1086.0,724.0,28.0,49.33,D4,24.7,0.58
360.0,0.0,0.0,180.0,0.0,1086.0,724.0,28.0,62.74,D4,25.8,0.59
360.0,0.0,0.0,180.0,0.0,1086.0,724.0,28.0,59.23,D4,23.0,0.59
360.0,0.0,0.0,180.0,0.0,1086.0,724.0,28.0,65.26,D4,25.1,0.65
360.0,0.0,0.0,180.0,0.0,1086.0,724.0,28.0,65.7,D4,24.8,0.7
360.0,0.0,0.0,180.0,0.0,1086.0,724.0,28.0,74.21,D4,23.5,0.61
360.0,0.0,0.0,180.0,0.0,1086.0,724.0,28.0,71.73,D4,23.2,0.59
360.0,0.0,0.0,180.0,0.0,1086.0,724.0,28.0,81.4,D4,26.8,0.54
360.0,0.0,0.0,180.0,0.0,1086.0,724.0,28.0,78.01,D4,21.6,0.53
360.0,0.0,0.0,180.0,0.0,1086.0,724.0,28.0,26.1,D4,26.0,0.51
360.0,0.0,0.0,180.0,0.0,1086.0,724.0,28.0,25.98,D4,26.6,0.56
360.0,0.0,0.0,180.0,0.0,1086.0,724.0,28.0,42.91,D4,24.6,0.5
360.0,0.0,0.0,180.0,0.0,1086.0,724.0,28.0,43.21,D4,25.1,0.65
360.0,0.0,0.0,180.0,0.0,1086.0,724.0,28.0,55.62,D4,27.3,0.62
360.0,0.0,0.0,180.0,0.0,1086.0,724.0,28.0,53.82,D4,23.6,0.59
360.0,0.0,0.0,180.0,0.0,1086.0,724.0,28.0,62.15,D4,23.8,0.66
360.0,0.0,0.0,180.0,0.0,1086.0,724.0,28.0,54.81,D4,24.0,0.55
360.0,0.0,0.0,180.0,0.0,1086.0,724.0,28.0,58.83,D4,27.3,0.56
360.0,0.0,0.0,180.0,0.0,1086.0,724.0,28.0,72.84,D4,27.6,0.5
360.0,0.0,0.0,180.0,0.0,1086.0,724.0,28.0,76.06,D4,22.2,0.64
360.0,0.0,0.0,180.0,0.0,1086.0,724.0,28.0,75.14,D4,27.0,0.56
360.0,0.0,0.0,180.0,0.0,1086.0,724.0,28.0,12.69,D4,26.6,0.6
360.0,0.0,0.0,180.0,0.0,1086.0,724.0,28.0,12.53,D4,28.1,0.65
360.0,0.0,0.0,180.0,0.0,1086.0,724.0,28.0,29.38,D4,25.8,0.67
360.0,0.0,0.0,180.0,0.0,1086.0,724.0,28.0,29.11,D4,24.9,0.6
360.0,0.0,0.0,180.0,0.0,1086.0,724.0,28.0,41.59,D4,27.3,0.62
360.0,0.0,0.0,180.0,0.0,1086.0,724.0,28.0,42.08,D4,26.4,0.55
360.0,0.0,0.0,180.0,0.0,1086.0,724.0,28.0,57.17,D4,29.5,0.68
360.0,0.0,0.0,180.0,0.0,1086.0,724.0,28.0,56.03,D4,26.9,0.59
360.0,0.0,0.0,180.0,0.0,1086.0,724.0,28.0,67.69,D4,25.3,0.6
360.0,0.0,0.0,180.0,0.0,1086.0,724.0,28.0,66.58,D4,22.7,0.58
360.0,0.0,0.0,180.0,0.0,1086.0,724.0,28.0,69.94,D4,23.8,0.66
360.0,0.0,0.0,180.0,0.0,1086.0,724.0,28.0,72.19,D4,22.1,0.61
360.0,0.0,0.0,180.0,0.0,1086.0,724.0,28.0,19.26,D4,24.6,0.64
360.0,0.0,0.0,180.0,0.0,1086.0,724.0,28.0,18.62,D4,26.9,0.62
360.0,0.0,0.0,180.0,0.0,1086.0,724.0,28.0,28.04,D4,25.0,0.59
360.0,0.0,0.0,180.0,0.0,1086.0,724.0,28.0,27.62,D4,27.0,0.65
360.0,0.0,0.0,180.0,0.0,1086.0,724.0,28.0,40.8,D4,25.7,0.62
360.0,0.0,0.0,180.0,0.0,1086.0,724.0,28.0,38.8,D4,24.2,0.55
360.0,0.0,0.0,180.0,0.0,1086.0,724.0,28.0,54.14,D4,25.2,0.55
360.0,0.0,0.0,180.0,0.0,1086.0,724.0,28.0,52.67,D4,25.9,0.61
360.0,0.0,0.0,180.0,0.0,1086.0,724.0,28.0,60.08,D4,25.3,0.65
360.0,0.0,0.0,180.0,0.0,1086.0,724.0,28.0,60.93,D4,25.3,0.68
360.0,0.0,0.0,180.0,0.0,1086.0,724.0,28.0,64.05,D4,23.5,0.51
360.0,0.0,0.0,180.0,0.0,1086.0,724.0,28.0,68.75,D4,24.1,0.6
360.0,0.0,0.0,180.0,0.0,1086.0,724.0,28.0,30.96,D4,29.5,0.62
360.0,0.0,0.0,180.0,0.0,1086.0,724.0,28.0,29.27,D4,27.5,0.61
360.0,0.0,0.0,180.0,0.0,1086.0,724.0,28.0,46.3,D4,22.1,0.65
360.0,0.0,0.0,180.0,0.0,1086.0,724.0,28.0,47.89,D4,20.3,0.63
360.0,0.0,0.0,180.0,0.0,1086.0,724.0,28.0,60.15,D4,25.2,0.55
360.0,0.0,0.0,180.0,0.0,1086.0,724.0,28.0,59.54,D4,26.8,0.55
360.0,0.0,0.0,180.0,0.0,1086.0,724.0,28.0,67.46,D4,24.0,0.62
360.0,0.0,0.0,180.0,0.0,1086.0,724.0,28.0,71.9,D4,27.0,0.65
360.0,0.0,0.0,180.0,0.0,1086.0,724.0,28.0,78.57,D4,25.1,0.61
360.0,0.0,0.0,180.0,0.0,1086.0,724.0,28.0,79.08,D4,24.7,0.52
360.0,0.0,0.0,180.0,0.0,1086.0,724.0,28.0,80.82,D4,26.5,0.55
360.0,0.0,0.0,180.0,0.0,1086.0,724.0,28.0,83.67,D4,23.9,0.63
360.0,0.0,0.0,180.0,0.0,1086.0,724.0,28.0,28.21,D4,24.4,0.58
360.0,0.0,0.0,180.0,0.0,1086.0,724.0,28.0,28.85,D4,26.3,0.61
360.0,0.0,0.0,180.0,0.0,1086.0,724.0,28.0,41.41,D4,24.9,0.65
360.0,0.0,0.0,180.0,0.0,1086.0,724.0,28.0,40.79,D4,28.8,0.54
360.0,0.0,0.0,180.0,0.0,1086.0,724.0,28.0,56.0,D4,26.4,0.58
360.0,0.0,0.0,180.0,0.0,1086.0,724.0,28.0,56.84,D4,26.3,0.57
360.0,0.0,0.0,180.0,0.0,1086.0,724.0,28.0,67.51,D4,24.9,0.62
360.0,0.0,0.0,180.0,0.0,1086.0,724.0,28.0,68.41,D4,26.7,0.64
360.0,0.0,0.0,180.0,0.0,1086.0,724.0,28.0,70.89,D4,24.4,0.53
360.0,0.0,0.0,180.0,0.0,1086.0,724.0,28.0,74.81,D4,25.6,0.6
360.0,0.0,0.0,180.0,0.0,1086.0,724.0,28.0,73.83,D4,23.2,0.64
360.0,0.0,0.0,180.0,0.0,1086.0,724.0,28.0,75.6,D4,27.1,0.51
360.0,0.0,0.0,180.0,0.0,1086.0,724.0,28.0,12.9,D4,25.6,0.6
360.0,0.0,0.0,180.0,0.0,1086.0,724.0,28.0,13.04,D4,29.0,0.54
360.0,0.0,0.0,180.0,0.0,1086.0,724.0,28.0,34.34,D4,29.8,0.57
360.0,0.0,0.0,180.0,0.0,1086.0,724.0,28.0,33.8,D4,26.5,0.47
360.0,0.0,0.0,180.0,0.0,1086.0,724.0,28.0,41.66,D4,25.1,0.67
360.0,0.0,0.0,180.0,0.0,1086.0,724.0,28.0,53.25,D4,23.1,0.58
360.0,0.0,0.0,180.0,0.0,1086.0,724.0,28.0,49.18,D4,26.8,0.56
360.0,0.0,0.0,180.0,0.0,1086.0,724.0,28.0,49.72,D4,25.4,0.62
360.0,0.0,0.0,180.0,0.0,1086.0,724.0,28.0,60.64,D4,26.1,0.55
360.0,0.0,0.0,180.0,0.0,1086.0,724.0,28.0,60.12,D4,28.5,0.54
360.0,0.0,0.0,180.0,0.0,1086.0,724.0,28.0,67.81,D4,23.4,0.68
360.0,0.0,0.0,180.0,0.0,1086.0,724.0,28.0,67.73,D4,23.2,0.69
360.0,0.0,0.0,180.0,0.0,1086.0,724.0,28.0,11.4,D4,24.5,0.57
360.0,0.0,0.0,180.0,0.0,1086.0,724.0,28.0,11.61,D4,26.6,0.65
360.0,0.0,0.0,180.0,0.0,1086.0,724.0,28.0,26.4,D4,26.1,0.62
360.0,0.0,0.0,180.0,0.0,1086.0,724.0,28.0,27.82,D4,23.2,0.53
360.0,0.0,0.0,180.0,0.0,1086.0,724.0,28.0,39.67,D4,26.5,0.55
360.0,0.0,0.0,180.0,0.0,1086.0,724.0,28.0,39.98,D4,22.6,0.68
360.0,0.0,0.0,180.0,0.0,1086.0,724.0,28.0,48.85,D4,23.3,0.53
360.0,0.0,0.0,180.0,0.0,1086.0,724.0,28.0,49.17,D4,24.8,0.71
360.0,0.0,0.0,180.0,0.0,1086.0,724.0,28.0,56.75,D4,23.9,0.57
360.0,0.0,0.0,180.0,0.0,1086.0,724.0,28.0,59.03,D4,26.8,0.68
360.0,0.0,0.0,180.0,0.0,1086.0,724.0,28.0,65.16,D4,25.6,0.58
360.0,0.0,0.0,180.0,0.0,1086.0,724.0,28.0,65.91,D4,28.5,0.64
360.0,0.0,0.0,180.0,0.0,1086.0,724.0,28.0,12.4,D4,24.5,0.67
360.0,0.0,0.0,180.0,0.0,1086.0,724.0,28.0,12.47,D4,24.8,0.67
360.0,0.0,0.0,180.0,0.0,1086.0,724.0,28.0,31.21,D4,27.4,0.57
360.0,0.0,0.0,180.0,0.0,1086.0,724.0,28.0,31.22,D4,24.8,0.56
360.0,0.0,0.0,180.0,0.0,1086.0,724.0,28.0,39.63,D4,28.0,0.6
360.0,0.0,0.0,180.0,0.0,1086.0,724.0,28.0,39.48,D4,26.1,0.53
360.0,0.0,0.0,180.0,0.0,1086.0,724.0,28.0,50.83,D4,20.3,0.61
360.0,0.0,0.0,180.0,0.0,1086.0,724.0,28.0,45.38,D4,27.4,0.56
360.0,0.0,0.0,180.0,0.0,1086.0,724.0,28.0,57.97,D4,26.8,0.65
360.0,0.0,0.0,180.0,0.0,1086.0,724.0,28.0,53.51,D4,26.9,0.57
360.0,0.0,0.0,180.0,0.0,1086.0,724.0,28.0,57.44,D4,21.2,0.51
360.0,0.0,0.0,180.0,0.0,1086.0,724.0,28.0,65.96,D4,23.7,0.67
360.0,0.0,0.0,180.0,0.0,1086.0,724.0,28.0,21.8,D4,23.8,0.61
360.0,0.0,0.0,180.0,0.0,1086.0,724.0,28.0,22.58,D4,23.3,0.6
360.0,0.0,0.0,180.0,0.0,1086.0,724.0,28.0,30.41,D4,28.5,0.65
360.0,0.0,0.0,180.0,0.0,1086.0,724.0,28.0,33.63,D4,25.0,0.64
360.0,0.0,0.0,180.0,0.0,1086.0,724.0,28.0,38.34,D4,24.9,0.56
360.0,0.0,0.0,180.0,0.0,1086.0,724.0,28.0,39.83,D4,26.1,0.58
360.0,0.0,0.0,180.0,0.0,1086.0,724.0,28.0,49.24,D4,26.1,0.54
360.0,0.0,0.0,180.0,0.0,1086.0,724.0,28.0,45.45,D4,18.3,0.53
360.0,0.0,0.0,180.0,0.0,1086.0,724.0,28.0,55.81,D4,23.7,0.63
360.0,0.0,0.0,180.0,0.0,1086.0,724.0,28.0,52.82,D4,22.2,0.62
360.0,0.0,0.0,180.0,0.0,1086.0,724.0,28.0,64.39,D4,25.8,0.64
360.0,0.0,0.0,180.0,0.0,1086.0,724.0,28.0,60.54,D4,24.4,0.66
360.0,0.0,0.0,180.0,0.0,1086.0,724.0,28.0,22.1,D4,25.0,0.64
360.0,0.0,0.0,180.0,0.0,1086.0,724.0,28.0,21.67,D4,20.8,0.64
360.0,0.0,0.0,180.0,0.0,1086.0,724.0,28.0,29.52,D4,24.4,0.5
360.0,0.0,0.0,180.0,0.0,1086.0,724.0,28.0,30.04,D4,27.2,0.58
360.0,0.0,0.0,180.0,0.0,1086.0,724.0,28.0,33.24,D4,27.8,0.65
360.0,0.0,0.0,180.0,0.0,1086.0,724.0,28.0,34.65,D4,26.4,0.54
360.0,0.0,0.0,180.0,0.0,1086.0,724.0,28.0,39.13,D4,22.3,0.6
360.0,0.0,0.0,180.0,0.0,1086.0,724.0,28.0,39.1,D4,27.5,0.63
360.0,0.0,0.0,180.0,0.0,1086.0,724.0,28.0,43.13,D4,26.4,0.62
360.0,0.0,0.0,180.0,0.0,1086.0,724.0,28.0,40.07,D4,24.8,0.62
360.0,0.0,0.0,180.0,0.0,1086.0,724.0,28.0,43.8,D4,20.9,0.63
360.0,0.0,0.0,180.0,0.0,1086.0,724.0,28.0,46.31,D4,26.9,0.61
360.0,0.0,0.0,180.0,0.0,1086.0,724.0,28.0,28.34,D4,23.8,0.53
360.0,0.0,0.0,180.0,0.0,1086.0,724.0,28.0,29.41,D4,25.7,0.63
360.0,0.0,0.0,180.0,0.0,1086.0,724.0,28.0,36.15,D4,25.1,0.61
360.0,0.0,0.0,180.0,0.0,1086.0,724.0,28.0,35.62,D4,28.1,0.53
360.0,0.0,0.0,180.0,0.0,1086.0,724.0,28.0,43.46,D4,24.7,0.67
360.0,0.0,0.0,180.0,0.0,1086.0,724.0,28.0,42.55,D4,25.0,0.63
360.0,0.0,0.0,180.0,0.0,1086.0,724.0,28.0,47.5,D4,28.2,0.53
360.0,0.0,0.0,180.0,0.0,1086.0,724.0,28.0,44.9,D4,23.7,0.56
360.0,0.0,0.0,180.0,0.0,1086.0,724.0,28.0,48.08,D4,26.6,0.57
360.0,0.0,0.0,180.0,0.0,1086.0,724.0,28.0,46.41,D4,24.6,0.57
360.0,0.0,0.0,180.0,0.0,1086.0,724.0,28.0,51.7,D4,23.0,0.61
360.0,0.0,0.0,180.0,0.0,1086.0,724.0,28.0,52.21,D4,25.0,0.55
360.0,0.0,0.0,180.0,0.0,1086.0,724.0,28.0,22.81,D4,26.4,0.66
360.0,0.0,0.0,180.0,0.0,1086.0,724.0,28.0,23.22,D4,27.7,0.65
360.0,0.0,0.0,180.0,0.0,1086.0,724.0,28.0,30.32,D4,27.9,0.63
360.0,0.0,0.0,180.0,0.0,1086.0,724.0,28.0,30.02,D4,24.4,0.6
360.0,0.0,0.0,180.0,0.0,1086.0,724.0,28.0,33.79,D4,23.0,0.65
360.0,0.0,0.0,180.0,0.0,1086.0,724.0,28.0,34.93,D4,24.4,0.59
360.0,0.0,0.0,180.0,0.0,1086.0,724.0,28.0,36.87,D4,22.6,0.56
360.0,0.0,0.0,180.0,0.0,1086.0,724.0,28.0,37.82,D4,24.6,0.66
360.0,0.0,0.0,180.0,0.0,1086.0,724.0,28.0,42.98,D4,24.3,0.62
360.0,0.0,0.0,180.0,0.0,1086.0,724.0,28.0,38.64,D4,26.5,0.57
360.0,0.0,0.0,180.0,0.0,1086.0,724.0,28.0,44.15,D4,20.6,0.58
360.0,0.0,0.0,180.0,0.0,1086.0,724.0,28.0,43.4,D4,23.5,0.56
360.0,0.0,0.0,180.0,0.0,1086.0,724.0,28.0,29.14,D4,23.5,0.7
360.0,0.0,0.0,180.0,0.0,1086.0,724.0,28.0,28.6,D4,27.4,0.6
360.0,0.0,0.0,180.0,0.0,1086.0,724.0,28.0,34.25,D4,22.8,0.61
360.0,0.0,0.0,180.0,0.0,1086.0,724.0,28.0,33.61,D4,25.5,0.64
360.0,0.0,0.0,180.0,0.0,1086.0,724.0,28.0,41.68,D4,24.7,0.54
360.0,0.0,0.0,180.0,0.0,1086.0,724.0,28.0,42.05,D4,27.1,0.65
360.0,0.0,0.0,180.0,0.0,1086.0,724.0,28.0,46.99,D4,26.2,0.57
360.0,0.0,0.0,180.0,0.0,1086.0,724.0,28.0,46.9,D4,25.2,0.69
360.0,0.0,0.0,180.0,0.0,1086.0,724.0,28.0,48.75,D4,23.9,0.58
360.0,0.0,0.0,180.0,0.0,1086.0,724.0,28.0,48.26,D4,21.3,0.65
360.0,0.0,0.0,180.0,0.0,1086.0,724.0,28.0,25.25,D4,25.5,0.48
360.0,0.0,0.0,180.0,0.0,1086.0,724.0,28.0,22.95,D4,26.1,0.54
360.0,0.0,0.0,180.0,0.0,1086.0,724.0,28.0,32.25,D4,21.9,0.59
360.0,0.0,0.0,180.0,0.0,1086.0,724.0,28.0,28.55,D4,22.5,0.5
360.0,0.0,0.0,180.0,0.0,1086.0,724.0,28.0,36.71,D4,25.5,0.63
360.0,0.0,0.0,180.0,0.0,1086.0,724.0,28.0,35.36,D4,25.7,0.62
360.0,0.0,0.0,180.0,0.0,1086.0,724.0,28.0,38.16,D4,23.0,0.55
360.0,0.0,0.0,180.0,0.0,1086.0,724.0,28.0,41.02,D4,23.9,0.6
360.0,0.0,0.0,180.0,0.0,1086.0,724.0,28.0,41.97,D4,21.3,0.64
360.0,0.0,0.0,180.0,0.0,1086.0,724.0,28.0,42.5,D4,27.8,0.49
360.0,0.0,0.0,180.0,0.0,1086.0,724.0,28.0,48.56,D4,22.4,0.54
360.0,0.0,0.0,180.0,0.0,1086.0,724.0,28.0,47.2,D4,26.1,0.58
360.0,0.0,0.0,180.0,0.0,1086.0,724.0,28.0,29.74,D4,24.9,0.6
360.0,0.0,0.0,180.0,0.0,1086.0,724.0,28.0,29.62,D4,27.6,0.6
360.0,0.0,0.0,180.0,0.0,1086.0,724.0,28.0,32.65,D4,23.4,0.64
360.0,0.0,0.0,180.0,0.0,1086.0,724.0,28.0,33.7,D4,25.1,0.62
360.0,0.0,0.0,180.0,0.0,1086.0,724.0,28.0,38.19,D4,21.6,0.63
360.0,0.0,0.0,180.0,0.0,1086.0,724.0,28.0,40.47,D4,21.1,0.53
360.0,0.0,0.0,180.0,0.0,1086.0,724.0,28.0,46.53,D4,26.2,0.61
360.0,0.0,0.0,180.0,0.0,1086.0,724.0,28.0,47.31,D4,21.4,0.58
360.0,0.0,0.0,180.0,0.0,1086.0,724.0,28.0,48.84,D4,24.5,0.67
360.0,0.0,0.0,180.0,0.0,1086.0,724.0,28.0,48.12,D4,27.0,0.61
360.0,0.0,0.0,180.0,0.0,1086.0,724.0,28.0,24.18,D4,26.5,0.57
360.0,0.0,0.0,180.0,0.0,1086.0,724.0,28.0,21.77,D4,23.7,0.64
360.0,0.0,0.0,180.0,0.0,1086.0,724.0,28.0,34.78,D4,21.8,0.63
360.0,0.0,0.0,180.0,0.0,1086.0,724.0,28.0,31.12,D4,26.0,0.56
360.0,0.0,0.0,180.0,0.0,1086.0,724.0,28.0,41.72,D4,27.7,0.58
360.0,0.0,0.0,180.0,0.0,1086.0,724.0,28.0,39.55,D4,23.7,0.58
360.0,0.0,0.0,180.0,0.0,1086.0,724.0,28.0,42.78,D4,23.4,0.66
360.0,0.0,0.0,180.0,0.0,1086.0,724.0,28.0,46.52,D4,24.0,0.61
360.0,0.0,0.0,180.0,0.0,1086.0,724.0,28.0,49.38,D4,26.1,0.64
360.0,0.0,0.0,180.0,0.0,1086.0,724.0,28.0,52.52,D4,27.5,0.58
360.0,0.0,0.0,180.0,0.0,1086.0,724.0,28.0,25.72,D4,22.5,0.62
360.0,0.0,0.0,180.0,0.0,1086.0,724.0,28.0,25.82,D4,22.0,0.67
360.0,0.0,0.0,180.0,0.0,1086.0,724.0,28.0,36.5,D4,29.7,0.58
360.0,0.0,0.0,180.0,0.0,1086.0,724.0,28.0,37.33,D4,24.6,0.61
360.0,0.0,0.0,180.0,0.0,1086.0,724.0,28.0,45.02,D4,25.5,0.53
360.0,0.0,0.0,180.0,0.0,1086.0,724.0,28.0,42.85,D4,23.6,0.56
360.0,0.0,0.0,180.0,0.0,1086.0,724.0,28.0,48.06,D4,26.0,0.58
360.0,0.0,0.0,180.0,0.0,1086.0,724.0,28.0,50.36,D4,26.9,0.55
360.0,0.0,0.0,180.0,0.0,1086.0,724.0,28.0,52.59,D4,25.6,0.67
360.0,0.0,0.0,180.0,0.0,1086.0,724.0,28.0,52.06,D4,28.5,0.56
360.0,0.0,0.0,180.0,0.0,1086.0,724.0,28.0,18.85,D4,24.3,0.64
360.0,0.0,0.0,180.0,0.0,1086.0,724.0,28.0,18.85,D4,24.5,0.61
360.0,0.0,0.0,180.0,0.0,1086.0,724.0,28.0,28.54,D4,25.5,0.6
360.0,0.0,0.0,180.0,0.0,1086.0,724.0,28.0,29.06,D4,25.9,0.67
360.0,0.0,0.0,180.0,0.0,1086.0,724.0,28.0,33.66,D4,25.5,0.49
360.0,0.0,0.0,180.0,0.0,1086.0,724.0,28.0,34.88,D4,22.4,0.59
360.0,0.0,0.0,180.0,0.0,1086.0,724.0,28.0,38.29,D4,25.6,0.55
360.0,0.0,0.0,180.0,0.0,1086.0,724.0,28.0,37.32,D4,24.3,0.5
360.0,0.0,0.0,180.0,0.0,1086.0,724.0,28.0,39.98,D4,23.8,0.54
360.0,0.0,0.0,180.0,0.0,1086.0,724.0,28.0,39.53,D4,25.1,0.6
360.0,0.0,0.0,180.0,0.0,1086.0,724.0,28.0,24.81,D4,23.1,0.56
360.0,0.0,0.0,180.0,0.0,1086.0,724.0,28.0,22.33,D4,22.7,0.64
360.0,0.0,0.0,180.0,0.0,1086.0,724.0,28.0,36.28,D4,19.8,0.59
360.0,0.0,0.0,180.0,0.0,1086.0,724.0,28.0,33.38,D4,28.5,0.58
360.0,0.0,0.0,180.0,0.0,1086.0,724.0,28.0,41.18,D4,26.1,0.58
360.0,0.0,0.0,180.0,0.0,1086.0,724.0,28.0,39.75,D4,24.8,0.6
360.0,0.0,0.0,180.0,0.0,1086.0,724.0,28.0,46.46,D4,23.7,0.58
360.0,0.0,0.0,180.0,0.0,1086.0,724.0,28.0,45.28,D4,19.2,0.56
360.0,0.0,0.0,180.0,0.0,1086.0,724.0,28.0,47.87,D4,23.5,0.65
360.0,0.0,0.0,180.0,0.0,1086.0,724.0,28.0,47.96,D4,26.4,0.57
360.0,0.0,0.0,180.0,0.0,1086.0,724.0,28.0,19.6,D4,26.9,0.58
360.0,0.0,0.0,180.0,0.0,1086.0,724.0,28.0,19.84,D4,26.3,0.62
360.0,0.0,0.0,180.0,0.0,1086.0,724.0,28.0,31.03,D4,25.3,0.62
360.0,0.0,0.0,180.0,0.0,1086.0,724.0,28.0,30.78,D4,27.6,0.56
360.0,0.0,0.0,180.0,0.0,1086.0,724.0,28.0,35.52,D4,24.3,0.64
360.0,0.0,0.0,180.0,0.0,1086.0,724.0,28.0,37.42,D4,27.2,0.63
360.0,0.0,0.0,180.0,0.0,1086.0,724.0,28.0,39.24,D4,24.2,0.61
360.0,0.0,0.0,180.0,0.0,1086.0,724.0,28.0,38.71,D4,23.2,0.58
360.0,0.0,0.0,180.0,0.0,1086.0,724.0,28.0,41.27,D4,23.0,0.58
360.0,0.0,0.0,180.0,0.0,1086.0,724.0,28.0,41.59,D4,22.9,0.59
360.0,0.0,0.0,180.0,0.0,1086.0,724.0,28.0,21.57,D4,26.3,0.54
360.0,0.0,0.0,180.0,0.0,1086.0,724.0,28.0,22.46,D4,23.5,0.6
360.0,0.0,0.0,180.0,0.0,1086.0,724.0,28.0,35.31,D4,22.9,0.64
360.0,0.0,0.0,180.0,0.0,1086.0,724.0,28.0,34.56,D4,26.4,0.64
360.0,0.0,0.0,180.0,0.0,1086.0,724.0,28.0,39.85,D4,25.7,0.58
360.0,0.0,0.0,180.0,0.0,1086.0,724.0,28.0,40.74,D4,26.9,0.65
360.0,0.0,0.0,180.0,0.0,1086.0,724.0,28.0,44.01,D4,26.0,0.7
360.0,0.0,0.0,180.0,0.0,1086.0,724.0,28.0,44.92,D4,23.5,0.58
360.0,0.0,0.0,180.0,0.0,1086.0,724.0,28.0,45.5,D4,25.2,0.63
360.0,0.0,0.0,180.0,0.0,1086.0,724.0,28.0,47.53,D4,25.3,0.49
360.0,0.0,0.0,180.0,0.0,1086.0,724.0,28.0,24.09,D4,23.2,0.54
360.0,0.0,0.0,180.0,0.0,1086.0,724.0,28.0,24.28,D4,22.8,0.6
360.0,0.0,0.0,180.0,0.0,1086.0,724.0,28.0,29.64,D4,23.6,0.55
360.0,0.0,0.0,180.0,0.0,1086.0,724.0,28.0,29.89,D4,29.1,0.7
360.0,0.0,0.0,180.0,0.0,1086.0,724.0,28.0,34.86,D4,24.2,0.63
360.0,0.0,0.0,180.0,0.0,1086.0,724.0,28.0,38.03,D4,27.5,0.65
360.0,0.0,0.0,180.0,0.0,1086.0,724.0,28.0,40.95,D4,24.1,0.6
360.0,0.0,0.0,180.0,0.0,1086.0,724.0,28.0,42.46,D4,26.8,0.55
360.0,0.0,0.0,180.0,0.0,1086.0,724.0,28.0,43.88,D4,26.8,0.57
360.0,0.0,0.0,180.0,0.0,1086.0,724.0,28.0,42.26,D4,26.9,0.61
360.0,0.0,0.0,180.0,0.0,1086.0,724.0,28.0,31.09,D4,25.8,0.57
360.0,0.0,0.0,180.0,0.0,1086.0,724.0,28.0,26.83,D4,27.8,0.63
360.0,0.0,0.0,180.0,0.0,1086.0,724.0,28.0,38.16,D4,25.8,0.64
360.0,0.0,0.0,180.0,0.0,1086.0,724.0,28.0,37.99,D4,28.4,0.6
360.0,0.0,0.0,180.0,0.0,1086.0,724.0,28.0,40.66,D4,21.8,0.51
360.0,0.0,0.0,180.0,0.0,1086.0,724.0,28.0,40.55,D4,25.7,0.69
360.0,0.0,0.0,180.0,0.0,1086.0,724.0,28.0,46.73,D4,25.6,0.59
360.0,0.0,0.0,180.0,0.0,1086.0,724.0,28.0,44.45,D4,23.1,0.74
360.0,0.0,0.0,180.0,0.0,1086.0,724.0,28.0,47.9,D4,26.2,0.63
360.0,0.0,0.0,180.0,0.0,1086.0,724.0,28.0,45.72,D4,22.0,0.59
360.0,0.0,0.0,180.0,0.0,1086.0,724.0,28.0,20.74,D4,23.7,0.62
360.0,0.0,0.0,180.0,0.0,1086.0,724.0,28.0,21.72,D4,21.0,0.5
360.0,0.0,0.0,180.0,0.0,1086.0,724.0,28.0,28.18,D4,28.1,0.65
360.0,0.0,0.0,180.0,0.0,1086.0,724.0,28.0,27.86,D4,24.5,0.73
360.0,0.0,0.0,180.0,0.0,1086.0,724.0,28.0,30.62,D4,29.3,0.5
360.0,0.0,0.0,180.0,0.0,1086.0,724.0,28.0,33.47,D4,26.6,0.59
360.0,0.0,0.0,180.0,0.0,1086.0,724.0,28.0,37.86,D4,25.9,0.59
360.0,0.0,0.0,180.0,0.0,1086.0,724.0,28.0,35.04,D4,23.8,0.64
360.0,0.0,0.0,180.0,0.0,1086.0,724.0,28.0,21.52,D4,22.9,0.71
360.0,0.0,0.0,180.0,0.0,1086.0,724.0,28.0,39.51,D4,26.0,0.62
360.0,0.0,0.0,180.0,0.0,1086.0,724.0,28.0,28.3,D4,24.9,0.71
360.0,0.0,0.0,180.0,0.0,1086.0,724.0,28.0,27.05,D4,22.3,0.61
360.0,0.0,0.0,180.0,0.0,1086.0,724.0,28.0,30.27,D4,22.0,0.62
360.0,0.0,0.0,180.0,0.0,1086.0,724.0,28.0,33.86,D4,23.1,0.62
360.0,0.0,0.0,180.0,0.0,1086.0,724.0,28.0,39.73,D4,28.6,0.66
360.0,0.0,0.0,180.0,0.0,1086.0,724.0,28.0,39.37,D4,29.4,0.58
360.0,0.0,0.0,180.0,0.0,1086.0,724.0,28.0,50.11,D4,25.4,0.64
360.0,0.0,0.0,180.0,0.0,1086.0,724.0,28.0,47.82,D4,25.3,0.54
360.0,0.0,0.0,180.0,0.0,1086.0,724.0,28.0,48.05,D4,24.3,0.59
360.0,0.0,0.0,180.0,0.0,1086.0,724.0,28.0,50.64,D4,23.1,0.57
360.0,0.0,0.0,180.0,0.0,1086.0,724.0,28.0,21.28,D4,27.8,0.6
360.0,0.0,0.0,180.0,0.0,1086.0,724.0,28.0,21.33,D4,28.7,0.58
360.0,0.0,0.0,180.0,0.0,1086.0,724.0,28.0,25.31,D4,23.2,0.66
360.0,0.0,0.0,180.0,0.0,1086.0,724.0,28.0,24.76,D4,24.8,0.56
360.0,0.0,0.0,180.0,0.0,1086.0,724.0,28.0,30.74,D4,24.1,0.51
360.0,0.0,0.0,180.0,0.0,1086.0,724.0,28.0,31.03,D4,24.2,0.53
360.0,0.0,0.0,180.0,0.0,1086.0,724.0,28.0,40.1,D4,27.4,0.65
360.0,0.0,0.0,180.0,0.0,1086.0,724.0,28.0,40.47,D4,22.4,0.55
360.0,0.0,0.0,180.0,0.0,1086.0,724.0,28.0,42.14,D4,25.9,0.62
360.0,0.0,0.0,180.0,0.0,1086.0,724.0,28.0,41.01,D4,26.5,0.59
360.0,0.0,0.0,180.0,0.0,1086.0,724.0,28.0,24.6,D4,24.7,0.64
360.0,0.0,0.0,180.0,0.0,1086.0,724.0,28.0,25.96,D4,26.8,0.59
360.0,0.0,0.0,180.0,0.0,1086.0,724.0,28.0,29.36,D4,25.3,0.74
360.0,0.0,0.0,180.0,0.0,1086.0,724.0,28.0,28.56,D4,27.4,0.69
360.0,0.0,0.0,180.0,0.0,1086.0,724.0,28.0,39.25,D4,22.0,0.58
360.0,0.0,0.0,180.0,0.0,1086.0,724.0,28.0,34.44,D4,24.3,0.58
360.0,0.0,0.0,180.0,0.0,1086.0,724.0,28.0,44.55,D4,24.9,0.76
360.0,0.0,0.0,180.0,0.0,1086.0,724.0,28.0,44.21,D4,19.7,0.55
360.0,0.0,0.0,180.0,0.0,1086.0,724.0,28.0,45.34,D4,22.8,0.6
360.0,0.0,0.0,180.0,0.0,1086.0,724.0,28.0,46.08,D4,23.4,0.6
360.0,0.0,0.0,180.0,0.0,1086.0,724.0,28.0,22.1,D4,26.9,0.6
360.0,0.0,0.0,180.0,0.0,1086.0,724.0,28.0,21.67,D4,23.6,0.51
360.0,0.0,0.0,180.0,0.0,1086.0,724.0,28.0,29.52,D4,23.4,0.62
360.0,0.0,0.0,180.0,0.0,1086.0,724.0,28.0,30.04,D4,26.6,0.55
360.0,0.0,0.0,180.0,0.0,1086.0,724.0,28.0,33.24,D4,21.8,0.67
360.0,0.0,0.0,180.0,0.0,1086.0,724.0,28.0,34.65,D4,20.9,0.53
360.0,0.0,0.0,180.0,0.0,1086.0,724.0,28.0,39.13,D4,24.3,0.6
360.0,0.0,0.0,180.0,0.0,1086.0,724.0,28.0,39.1,D4,22.1,0.49
360.0,0.0,0.0,180.0,0.0,1086.0,724.0,28.0,43.13,D4,22.2,0.49
360.0,0.0,0.0,180.0,0.0,1086.0,724.0,28.0,40.07,D4,26.1,0.56
360.0,0.0,0.0,180.0,0.0,1086.0,724.0,28.0,43.8,D4,26.8,0.57
360.0,0.0,0.0,180.0,0.0,1086.0,724.0,28.0,46.31,D4,26.6,0.67
360.0,0.0,0.0,180.0,0.0,1086.0,724.0,28.0,28.34,D4,27.2,0.6
360.0,0.0,0.0,180.0,0.0,1086.0,724.0,28.0,29.41,D4,27.5,0.66
360.0,0.0,0.0,180.0,0.0,1086.0,724.0,28.0,36.15,D4,20.7,0.58
360.0,0.0,0.0,180.0,0.0,1086.0,724.0,28.0,35.62,D4,25.9,0.63
360.0,0.0,0.0,180.0,0.0,1086.0,724.0,28.0,43.46,D4,23.9,0.56
360.0,0.0,0.0,180.0,0.0,1086.0,724.0,28.0,42.55,D4,23.5,0.56
360.0,0.0,0.0,180.0,0.0,1086.0,724.0,28.0,47.5,D4,26.1,0.51
360.0,0.0,0.0,180.0,0.0,1086.0,724.0,28.0,44.9,D4,21.5,0.62
360.0,0.0,0.0,180.0,0.0,1086.0,724.0,28.0,48.08,D4,21.5,0.61
360.0,0.0,0.0,180.0,0.0,1086.0,724.0,28.0,46.41,D4,26.3,0.64
360.0,0.0,0.0,180.0,0.0,1086.0,724.0,28.0,51.7,D4,26.0,0.61
360.0,0.0,0.0,180.0,0.0,1086.0,724.0,28.0,52.21,D4,25.3,0.7
360.0,0.0,0.0,180.0,0.0,1086.0,724.0,28.0,22.81,D4,23.2,0.61
360.0,0.0,0.0,180.0,0.0,1086.0,724.0,28.0,23.22,D4,26.5,0.65
360.0,0.0,0.0,180.0,0.0,1086.0,724.0,28.0,30.32,D4,26.4,0.58
360.0,0.0,0.0,180.0,0.0,1086.0,724.0,28.0,30.02,D4,25.2,0.55
360.0,0.0,0.0,180.0,0.0,1086.0,724.0,28.0,33.79,D4,22.6,0.64
360.0,0.0,0.0,180.0,0.0,1086.0,724.0,28.0,34.93,D4,24.1,0.6
360.0,0.0,0.0,180.0,0.0,1086.0,724.0,28.0,36.87,D4,26.7,0.64
360.0,0.0,0.0,180.0,0.0,1086.0,724.0,28.0,37.82,D4,27.7,0.62
360.0,0.0,0.0,180.0,0.0,1086.0,724.0,28.0,42.98,D4,24.3,0.56
360.0,0.0,0.0,180.0,0.0,1086.0,724.0,28.0,38.64,D4,24.5,0.65
360.0,0.0,0.0,180.0,0.0,1086.0,724.0,28.0,44.15,D4,24.7,0.56
360.0,0.0,0.0,180.0,0.0,1086.0,724.0,28.0,43.4,D4,25.5,0.63
360.0,0.0,0.0,180.0,0.0,1086.0,724.0,28.0,29.14,D4,23.8,0.66
360.0,0.0,0.0,180.0,0.0,1086.0,724.0,28.0,28.6,D4,19.2,0.58
360.0,0.0,0.0,180.0,0.0,1086.0,724.0,28.0,34.25,D4,27.4,0.66
360.0,0.0,0.0,180.0,0.0,1086.0,724.0,28.0,33.61,D4,28.6,0.62
360.0,0.0,0.0,180.0,0.0,1086.0,724.0,28.0,41.68,D4,23.8,0.64
360.0,0.0,0.0,180.0,0.0,1086.0,724.0,28.0,42.05,D4,22.9,0.56
360.0,0.0,0.0,180.0,0.0,1086.0,724.0,28.0,46.99,D4,24.7,0.61
360.0,0.0,0.0,180.0,0.0,1086.0,724.0,28.0,46.9,D4,24.6,0.53
360.0,0.0,0.0,180.0,0.0,1086.0,724.0,28.0,48.75,D4,27.0,0.69
360.0,0.0,0.0,180.0,0.0,1086.0,724.0,28.0,48.26,D4,25.1,0.5
360.0,0.0,0.0,180.0,0.0,1086.0,724.0,28.0,25.25,D4,23.4,0.58
360.0,0.0,0.0,180.0,0.0,1086.0,724.0,28.0,22.95,D4,22.4,0.55
360.0,0.0,0.0,180.0,0.0,1086.0,724.0,28.0,32.25,D4,26.7,0.63
360.0,0.0,0.0,180.0,0.0,1086.0,724.0,28.0,28.55,D4,26.2,0.7
360.0,0.0,0.0,180.0,0.0,1086.0,724.0,28.0,36.71,D4,27.1,0.63
360.0,0.0,0.0,180.0,0.0,1086.0,724.0,28.0,35.36,D4,23.1,0.75
360.0,0.0,0.0,180.0,0.0,1086.0,724.0,28.0,38.16,D4,28.7,0.53
360.0,0.0,0.0,180.0,0.0,1086.0,724.0,28.0,41.02,D4,21.5,0.53
360.0,0.0,0.0,180.0,0.0,1086.0,724.0,28.0,41.97,D4,26.4,0.56
360.0,0.0,0.0,180.0,0.0,1086.0,724.0,28.0,42.5,D4,21.2,0.61
360.0,0.0,0.0,180.0,0.0,1086.0,724.0,28.0,48.56,D4,23.4,0.55
360.0,0.0,0.0,180.0,0.0,1086.0,724.0,28.0,47.2,D4,28.1,0.56
360.0,0.0,0.0,180.0,0.0,1086.0,724.0,28.0,29.74,D4,26.7,0.63
360.0,0.0,0.0,180.0,0.0,1086.0,724.0,28.0,29.62,D4,23.9,0.54
360.0,0.0,0.0,180.0,0.0,1086.0,724.0,28.0,32.65,D4,24.0,0.54
360.0,0.0,0.0,180.0,0.0,1086.0,724.0,28.0,33.7,D4,25.2,0.58
360.0,0.0,0.0,180.0,0.0,1086.0,724.0,28.0,38.19,D4,26.0,0.58
360.0,0.0,0.0,180.0,0.0,1086.0,724.0,28.0,40.47,D4,27.5,0.65
360.0,0.0,0.0,180.0,0.0,1086.0,724.0,28.0,46.53,D4,24.1,0.55
360.0,0.0,0.0,180.0,0.0,1086.0,724.0,28.0,47.31,D4,21.8,0.56
360.0,0.0,0.0,180.0,0.0,1086.0,724.0,28.0,48.84,D4,25.3,0.63
360.0,0.0,0.0,180.0,0.0,1086.0,724.0,28.0,48.12,D4,24.1,0.64
360.0,0.0,0.0,180.0,0.0,1086.0,724.0,28.0,24.18,D4,22.4,0.67
360.0,0.0,0.0,180.0,0.0,1086.0,724.0,28.0,21.77,D4,25.6,0.62
360.0,0.0,0.0,180.0,0.0,1086.0,724.0,28.0,34.78,D4,24.6,0.61
360.0,0.0,0.0,180.0,0.0,1086.0,724.0,28.0,31.12,D4,25.6,0.63
360.0,0.0,0.0,180.0,0.0,1086.0,724.0,28.0,41.72,D4,23.2,0.59
360.0,0.0,0.0,180.0,0.0,1086.0,724.0,28.0,39.55,D4,26.0,0.59
360.0,0.0,0.0,180.0,0.0,1086.0,724.0,28.0,42.78,D4,22.4,0.51
360.0,0.0,0.0,180.0,0.0,1086.0,724.0,28.0,46.52,D4,23.3,0.64
360.0,0.0,0.0,180.0,0.0,1086.0,724.0,28.0,49.38,D4,24.5,0.61
360.0,0.0,0.0,180.0,0.0,1086.0,724.0,28.0,52.52,D4,28.5,0.64
360.0,0.0,0.0,180.0,0.0,1086.0,724.0,28.0,25.72,D4,26.6,0.46
360.0,0.0,0.0,180.0,0.0,1086.0,724.0,28.0,25.82,D4,27.2,0.6
360.0,0.0,0.0,180.0,0.0,1086.0,724.0,28.0,36.5,D4,27.8,0.56
360.0,0.0,0.0,180.0,0.0,1086.0,724.0,28.0,37.33,D4,32.2,0.68
360.0,0.0,0.0,180.0,0.0,1086.0,724.0,28.0,45.02,D4,25.1,0.63
360.0,0.0,0.0,180.0,0.0,1086.0,724.0,28.0,42.85,D4,27.8,0.61
360.0,0.0,0.0,180.0,0.0,1086.0,724.0,28.0,48.06,D4,27.0,0.58
360.0,0.0,0.0,180.0,0.0,1086.0,724.0,28.0,50.36,D4,27.0,0.62
360.0,0.0,0.0,180.0,0.0,1086.0,724.0,28.0,52.59,D4,28.5,0.55
360.0,0.0,0.0,180.0,0.0,1086.0,724.0,28.0,52.06,D4,24.2,0.6
360.0,0.0,0.0,180.0,0.0,1086.0,724.0,28.0,18.85,D4,24.0,0.57
360.0,0.0,0.0,180.0,0.0,1086.0,724.0,28.0,18.85,D4,25.6,0.71
360.0,0.0,0.0,180.0,0.0,1086.0,724.0,28.0,28.54,D4,24.6,0.67
360.0,0.0,0.0,180.0,0.0,1086.0,724.0,28.0,29.06,D4,25.6,0.65
360.0,0.0,0.0,180.0,0.0,1086.0,724.0,28.0,33.66,D4,28.1,0.53
360.0,0.0,0.0,180.0,0.0,1086.0,724.0,28.0,34.88,D4,24.0,0.64
360.0,0.0,0.0,180.0,0.0,1086.0,724.0,28.0,38.29,D4,24.4,0.61
360.0,0.0,0.0,180.0,0.0,1086.0,724.0,28.0,37.32,D4,25.3,0.66
360.0,0.0,0.0,180.0,0.0,1086.0,724.0,28.0,39.98,D4,24.5,0.62
360.0,0.0,0.0,180.0,0.0,1086.0,724.0,28.0,39.53,D4,21.2,0.6
360.0,0.0,0.0,180.0,0.0,1086.0,724.0,28.0,24.81,D4,23.8,0.61
360.0,0.0,0.0,180.0,0.0,1086.0,724.0,28.0,22.33,D4,26.4,0.51
360.0,0.0,0.0,180.0,0.0,1086.0,724.0,28.0,36.28,D4,27.9,0.56
360.0,0.0,0.0,180.0,0.0,1086.0,724.0,28.0,33.38,D4,22.7,0.62
360.0,0.0,0.0,180.0,0.0,1086.0,724.0,28.0,41.18,D4,22.7,0.66
360.0,0.0,0.0,180.0,0.0,1086.0,724.0,28.0,39.75,D4,25.1,0.57
360.0,0.0,0.0,180.0,0.0,1086.0,724.0,28.0,46.46,D4,20.8,0.6
360.0,0.0,0.0,180.0,0.0,1086.0,724.0,28.0,45.28,D4,24.1,0.52
360.0,0.0,0.0,180.0,0.0,1086.0,724.0,28.0,47.87,D4,21.5,0.67
360.0,0.0,0.0,180.0,0.0,1086.0,724.0,28.0,47.96,D4,27.7,0.66
360.0,0.0,0.0,180.0,0.0,1086.0,724.0,28.0,19.6,D4,23.5,0.63
360.0,0.0,0.0,180.0,0.0,1086.0,724.0,28.0,19.84,D4,28.3,0.62
360.0,0.0,0.0,180.0,0.0,1086.0,724.0,28.0,31.03,D4,27.2,0.68
360.0,0.0,0.0,180.0,0.0,1086.0,724.0,28.0,30.78,D4,23.7,0.56
360.0,0.0,0.0,180.0,0.0,1086.0,724.0,28.0,35.52,D4,22.9,0.55
360.0,0.0,0.0,180.0,0.0,1086.0,724.0,28.0,37.42,D4,24.6,0.65
360.0,0.0,0.0,180.0,0.0,1086.0,724.0,28.0,39.24,D4,24.8,0.65
360.0,0.0,0.0,180.0,0.0,1086.0,724.0,28.0,38.71,D4,25.7,0.54
360.0,0.0,0.0,180.0,0.0,1086.0,724.0,28.0,41.27,D4,23.4,0.57
360.0,0.0,0.0,180.0,0.0,1086.0,724.0,28.0,41.59,D4,26.5,0.68
360.0,0.0,0.0,180.0,0.0,1086.0,724.0,28.0,21.57,D4,25.5,0.62
360.0,0.0,0.0,180.0,0.0,1086.0,724.0,28.0,22.46,D4,24.3,0.64
360.0,0.0,0.0,180.0,0.0,1086.0,724.0,28.0,35.31,D4,23.6,0.54
360.0,0.0,0.0,180.0,0.0,1086.0,724.0,28.0,34.56,D4,24.6,0.63
360.0,0.0,0.0,180.0,0.0,1086.0,724.0,28.0,39.85,D4,23.4,0.53
360.0,0.0,0.0,180.0,0.0,1086.0,724.0,28.0,40.74,D4,25.1,0.5
360.0,0.0,0.0,180.0,0.0,1086.0,724.0,28.0,44.01,D4,25.2,0.64
360.0,0.0,0.0,180.0,0.0,1086.0,724.0,28.0,44.92,D4,25.5,0.67
360.0,0.0,0.0,180.0,0.0,1086.0,724.0,28.0,45.5,D4,28.5,0.59
360.0,0.0,0.0,180.0,0.0,1086.0,724.0,28.0,47.53,D4,24.7,0.57
360.0,0.0,0.0,180.0,0.0,1086.0,724.0,28.0,24.09,D4,27.0,0.69
360.0,0.0,0.0,180.0,0.0,1086.0,724.0,28.0,24.28,D4,25.5,0.59
360.0,0.0,0.0,180.0,0.0,1086.0,724.0,28.0,29.64,D4,24.5,0.6
360.0,0.0,0.0,180.0,0.0,1086.0,724.0,28.0,29.89,D4,24.8,0.68
360.0,0.0,0.0,180.0,0.0,1086.0,724.0,28.0,34.86,D4,24.9,0.58
360.0,0.0,0.0,180.0,0.0,1086.0,724.0,28.0,38.03,D4,25.6,0.57
360.0,0.0,0.0,180.0,0.0,1086.0,724.0,28.0,40.95,D4,23.1,0.64
360.0,0.0,0.0,180.0,0.0,1086.0,724.0,28.0,42.46,D4,22.1,0.56
360.0,0.0,0.0,180.0,0.0,1086.0,724.0,28.0,43.88,D4,26.3,0.59
360.0,0.0,0.0,180.0,0.0,1086.0,724.0,28.0,42.26,D4,26.8,0.53
360.0,0.0,0.0,180.0,0.0,1086.0,724.0,28.0,31.09,D4,26.5,0.61
360.0,0.0,0.0,180.0,0.0,1086.0,724.0,28.0,26.83,D4,25.3,0.6
360.0,0.0,0.0,180.0,0.0,1086.0,724.0,28.0,38.16,D4,26.5,0.65
360.0,0.0,0.0,180.0,0.0,1086.0,724.0,28.0,37.99,D4,26.4,0.64
360.0,0.0,0.0,180.0,0.0,1086.0,724.0,28.0,40.66,D4,26.6,0.63
360.0,0.0,0.0,180.0,0.0,1086.0,724.0,28.0,40.55,D4,23.3,0.62
360.0,0.0,0.0,180.0,0.0,1086.0,724.0,28.0,46.73,D4,22.8,0.6
360.0,0.0,0.0,180.0,0.0,1086.0,724.0,28.0,44.45,D4,24.2,0.63
360.0,0.0,0.0,180.0,0.0,1086.0,724.0,28.0,47.9,D4,25.0,0.54
360.0,0.0,0.0,180.0,0.0,1086.0,724.0,28.0,45.72,D4,24.5,0.48
360.0,0.0,0.0,180.0,0.0,1086.0,724.0,28.0,20.74,D4,21.2,0.66
360.0,0.0,0.0,180.0,0.0,1086.0,724.0,28.0,21.72,D4,28.4,0.63
360.0,0.0,0.0,180.0,0.0,1086.0,724.0,28.0,28.18,D4,24.5,0.59
360.0,0.0,0.0,180.0,0.0,1086.0,724.0,28.0,27.86,D4,25.3,0.65
360.0,0.0,0.0,180.0,0.0,1086.0,724.0,28.0,30.62,D4,27.5,0.56
360.0,0.0,0.0,180.0,0.0,1086.0,724.0,28.0,33.47,D4,20.3,0.56
360.0,0.0,0.0,180.0,0.0,1086.0,724.0,28.0,37.86,D4,24.0,0.56
360.0,0.0,0.0,180.0,0.0,1086.0,724.0,28.0,35.04,D4,24.2,0.63
360.0,0.0,0.0,180.0,0.0,1086.0,724.0,28.0,21.52,D4,24.3,0.52
360.0,0.0,0.0,180.0,0.0,1086.0,724.0,28.0,39.51,D4,24.7,0.56
360.0,0.0,0.0,180.0,0.0,1086.0,724.0,28.0,28.3,D4,27.9,0.61
360.0,0.0,0.0,180.0,0.0,1086.0,724.0,28.0,27.05,D4,26.3,0.54
360.0,0.0,0.0,180.0,0.0,1086.0,724.0,28.0,30.27,D4,26.9,0.57
360.0,0.0,0.0,180.0,0.0,1086.0,724.0,28.0,33.86,D4,25.1,0.49
360.0,0.0,0.0,180.0,0.0,1086.0,724.0,28.0,39.73,D4,22.2,0.63
360.0,0.0,0.0,180.0,0.0,1086.0,724.0,28.0,39.37,D4,20.8,0.57
360.0,0.0,0.0,180.0,0.0,1086.0,724.0,28.0,50.11,D4,21.9,0.55
360.0,0.0,0.0,180.0,0.0,1086.0,724.0,28.0,47.82,D4,25.7,0.54
360.0,0.0,0.0,180.0,0.0,1086.0,724.0,28.0,48.05,D4,25.1,0.58
360.0,0.0,0.0,180.0,0.0,1086.0,724.0,28.0,50.64,D4,24.6,0.52
360.0,0.0,0.0,180.0,0.0,1086.0,724.0,28.0,21.28,D4,24.3,0.7
360.0,0.0,0.0,180.0,0.0,1086.0,724.0,28.0,21.33,D4,29.0,0.48
360.0,0.0,0.0,180.0,0.0,1086.0,724.0,28.0,25.31,D4,23.4,0.58
360.0,0.0,0.0,180.0,0.0,1086.0,724.0,28.0,24.76,D4,26.9,0.61
360.0,0.0,0.0,180.0,0.0,1086.0,724.0,28.0,30.74,D4,25.0,0.56
360.0,0.0,0.0,180.0,0.0,1086.0,724.0,28.0,31.03,D4,24.9,0.61
360.0,0.0,0.0,180.0,0.0,1086.0,724.0,28.0,40.1,D4,27.4,0.56
360.0,0.0,0.0,180.0,0.0,1086.0,724.0,28.0,40.47,D4,27.9,0.68
360.0,0.0,0.0,180.0,0.0,1086.0,724.0,28.0,42.14,D4,24.5,0.54
360.0,0.0,0.0,180.0,0.0,1086.0,724.0,28.0,41.01,D4,26.6,0.48
360.0,0.0,0.0,180.0,0.0,1086.0,724.0,28.0,24.6,D4,25.7,0.54
360.0,0.0,0.0,180.0,0.0,1086.0,724.0,28.0,25.96,D4,25.0,0.62
360.0,0.0,0.0,180.0,0.0,1086.0,724.0,28.0,29.36,D4,25.4,0.59
360.0,0.0,0.0,180.0,0.0,1086.0,724.0,28.0,28.56,D4,23.6,0.64
360.0,0.0,0.0,180.0,0.0,1086.0,724.0,28.0,39.25,D4,24.4,0.63
360.0,0.0,0.0,180.0,0.0,1086.0,724.0,28.0,34.44,D4,23.8,0.57
360.0,0.0,0.0,180.0,0.0,1086.0,724.0,28.0,44.55,D4,26.8,0.58
360.0,0.0,0.0,180.0,0.0,1086.0,724.0,28.0,44.21,D4,24.8,0.58
360.0,0.0,0.0,180.0,0.0,1086.0,724.0,28.0,45.34,D4,22.4,0.69
360.0,0.0,0.0,180.0,0.0,1086.0,724.0,28.0,46.08,D4,23.6,0.63
360.0,0.0,0.0,180.0,0.0,1086.0,724.0,28.0,12.37,D4,18.6,0.69
360.0,0.0,0.0,180.0,0.0,1086.0,724.0,28.0,11.5,D4,24.0,0.64
360.0,0.0,0.0,180.0,0.0,1086.0,724.0,28.0,19.51,D4,25.1,0.6
360.0,0.0,0.0,180.0,0.0,1086.0,724.0,28.0,18.67,D4,24.7,0.55
360.0,0.0,0.0,180.0,0.0,1086.0,724.0,28.0,23.73,D4,29.0,0.61
360.0,0.0,0.0,180.0,0.0,1086.0,724.0,28.0,24.66,D4,26.1,0.6
360.0,0.0,0.0,180.0,0.0,1086.0,724.0,28.0,26.66,D4,26.1,0.6
360.0,0.0,0.0,180.0,0.0,1086.0,724.0,28.0,28.14,D4,21.7,0.59
360.0,0.0,0.0,180.0,0.0,1086.0,724.0,28.0,28.73,D4,24.3,0.5
360.0,0.0,0.0,180.0,0.0,1086.0,724.0,28.0,29.02,D4,24.0,0.66
360.0,0.0,0.0,180.0,0.0,1086.0,724.0,28.0,10.03,D4,23.4,0.6
360.0,0.0,0.0,180.0,0.0,1086.0,724.0,28.0,10.06,D4,23.4,0.53
360.0,0.0,0.0,180.0,0.0,1086.0,724.0,28.0,17.13,D4,21.4,0.62
360.0,0.0,0.0,180.0,0.0,1086.0,724.0,28.0,18.06,D4,22.4,0.56
360.0,0.0,0.0,180.0,0.0,1086.0,724.0,28.0,21.02,D4,26.7,0.63
360.0,0.0,0.0,180.0,0.0,1086.0,724.0,28.0,19.98,D4,24.7,0.64
360.0,0.0,0.0,180.0,0.0,1086.0,724.0,28.0,26.03,D4,24.0,0.65
360.0,0.0,0.0,180.0,0.0,1086.0,724.0,28.0,25.15,D4,25.0,0.59
360.0,0.0,0.0,180.0,0.0,1086.0,724.0,28.0,27.18,D4,27.3,0.58
360.0,0.0,0.0,180.0,0.0,1086.0,724.0,28.0,27.33,D4,25.0,0.57
360.0,0.0,0.0,180.0,0.0,1086.0,724.0,28.0,27.1,D4,26.1,0.56
360.0,0.0,0.0,180.0,0.0,1086.0,724.0,28.0,25.7,D4,23.3,0.6
360.0,0.0,0.0,180.0,0.0,1086.0,724.0,28.0,37.19,D4,23.8,0.59
360.0,0.0,0.0,180.0,0.0,1086.0,724.0,28.0,38.96,D4,25.7,0.56
360.0,0.0,0.0,180.0,0.0,1086.0,724.0,28.0,47.14,D4,28.8,0.54
360.0,0.0,0.0,180.0,0.0,1086.0,724.0,28.0,45.78,D4,27.9,0.59
360.0,0.0,0.0,180.0,0.0,1086.0,724.0,28.0,50.23,D4,26.2,0.58
360.0,0.0,0.0,180.0,0.0,1086.0,724.0,28.0,48.43,D4,25.3,0.54
360.0,0.0,0.0,180.0,0.0,1086.0,724.0,28.0,51.33,D4,27.8,0.64
360.0,0.0,0.0,180.0,0.0,1086.0,724.0,28.0,52.28,D4,26.6,0.69
360.0,0.0,0.0,180.0,0.0,1086.0,724.0,28.0,31.89,D4,20.4,0.65
360.0,0.0,0.0,180.0,0.0,1086.0,724.0,28.0,32.83,D4,22.9,0.56
360.0,0.0,0.0,180.0,0.0,1086.0,724.0,28.0,48.94,D4,25.7,0.6
360.0,0.0,0.0,180.0,0.0,1086.0,724.0,28.0,48.36,D4,21.4,0.68
360.0,0.0,0.0,180.0,0.0,1086.0,724.0,28.0,53.19,D4,23.2,0.54
360.0,0.0,0.0,180.0,0.0,1086.0,724.0,28.0,57.88,D4,23.6,0.64
360.0,0.0,0.0,180.0,0.0,1086.0,724.0,28.0,60.82,D4,24.5,0.53
360.0,0.0,0.0,180.0,0.0,1086.0,724.0,28.0,67.82,D4,24.4,0.68
360.0,0.0,0.0,180.0,0.0,1086.0,724.0,28.0,63.86,D4,24.4,0.58
360.0,0.0,0.0,180.0,0.0,1086.0,724.0,28.0,68.79,D4,26.7,0.71
360.0,0.0,0.0,180.0,0.0,1086.0,724.0,28.0,12.37,D4,24.5,0.69
360.0,0.0,0.0,180.0,0.0,1086.0,724.0,28.0,11.5,D4,24.2,0.59
360.0,0.0,0.0,180.0,0.0,1086.0,724.0,28.0,19.51,D4,22.3,0.56
360.0,0.0,0.0,180.0,0.0,1086.0,724.0,28.0,18.67,D4,27.0,0.61
360.0,0.0,0.0,180.0,0.0,1086.0,724.0,28.0,23.73,D4,23.7,0.59
360.0,0.0,0.0,180.0,0.0,1086.0,724.0,28.0,24.66,D4,22.8,0.58
360.0,0.0,0.0,180.0,0.0,1086.0,724.0,28.0,26.66,D4,25.4,0.52
360.0,0.0,0.0,180.0,0.0,1086.0,724.0,28.0,28.14,D4,23.5,0.57
360.0,0.0,0.0,180.0,0.0,1086.0,724.0,28.0,28.73,D4,23.9,0.54
360.0,0.0,0.0,180.0,0.0,1086.0,724.0,28.0,29.02,D4,25.5,0.63
360.0,0.0,0.0,180.0,0.0,1086.0,724.0,28.0,10.03,D4,24.3,0.65
360.0,0.0,0.0,180.0,0.0,1086.0,724.0,28.0,10.06,D4,29.6,0.64
360.0,0.0,0.0,180.0,0.0,1086.0,724.0,28.0,17.13,D4,24.9,0.62
360.0,0.0,0.0,180.0,0.0,1086.0,724.0,28.0,18.06,D4,26.2,0.56
360.0,0.0,0.0,180.0,0.0,1086.0,724.0,28.0,21.02,D4,21.1,0.61
360.0,0.0,0.0,180.0,0.0,1086.0,724.0,28.0,19.98,D4,23.3,0.64
360.0,0.0,0.0,180.0,0.0,1086.0,724.0,28.0,26.03,D4,22.8,0.57
360.0,0.0,0.0,180.0,0.0,1086.0,724.0,28.0,25.15,D4,23.1,0.61
360.0,0.0,0.0,180.0,0.0,1086.0,724.0,28.0,27.18,D4,25.8,0.59
360.0,0.0,0.0,180.0,0.0,1086.0,724.0,28.0,27.33,D4,27.1,0.68
360.0,0.0,0.0,180.0,0.0,1086.0,724.0,28.0,27.1,D4,25.7,0.64
360.0,0.0,0.0,180.0,0.0,1086.0,724.0,28.0,25.7,D4,24.5,0.63
360.0,0.0,0.0,180.0,0.0,1086.0,724.0,28.0,37.19,D4,23.7,0.51
360.0,0.0,0.0,180.0,0.0,1086.0,724.0,28.0,38.96,D4,27.2,0.61
360.0,0.0,0.0,180.0,0.0,1086.0,724.0,28.0,47.14,D4,29.1,0.59
360.0,0.0,0.0,180.0,0.0,1086.0,724.0,28.0,45.78,D4,25.3,0.59
360.0,0.0,0.0,180.0,0.0,1086.0,724.0,28.0,50.23,D4,26.9,0.52
360.0,0.0,0.0,180.0,0.0,1086.0,724.0,28.0,48.43,D4,25.7,0.55
360.0,0.0,0.0,180.0,0.0,1086.0,724.0,28.0,51.33,D4,26.5,0.6
360.0,0.0,0.0,180.0,0.0,1086.0,724.0,28.0,52.28,D4,22.7,0.66
360.0,0.0,0.0,180.0,0.0,1086.0,724.0,28.0,31.89,D4,24.0,0.57
360.0,0.0,0.0,180.0,0.0,1086.0,724.0,28.0,32.83,D4,25.8,0.58
360.0,0.0,0.0,180.0,0.0,1086.0,724.0,28.0,48.94,D4,27.4,0.69
360.0,0.0,0.0,180.0,0.0,1086.0,724.0,28.0,48.36,D4,23.4,0.59
360.0,0.0,0.0,180.0,0.0,1086.0,724.0,28.0,53.19,D4,20.9,0.59
360.0,0.0,0.0,180.0,0.0,1086.0,724.0,28.0,57.88,D4,24.0,0.59
360.0,0.0,0.0,180.0,0.0,1086.0,724.0,28.0,60.82,D4,27.0,0.53
360.0,0.0,0.0,180.0,0.0,1086.0,724.0,28.0,67.82,D4,21.8,0.63
360.0,0.0,0.0,180.0,0.0,1086.0,724.0,28.0,63.86,D4,22.6,0.57
360.0,0.0,0.0,180.0,0.0,1086.0,724.0,28.0,68.79,D4,25.3,0.6
360.0,0.0,0.0,180.0,0.0,1086.0,724.0,28.0,80.59,D4,24.8,0.62
360.0,0.0,0.0,180.0,0.0,1086.0,724.0,28.0,80.59,D4,26.2,0.7
360.0,0.0,0.0,180.0,0.0,1086.0,724.0,28.0,39.66,D4,22.5,0.53
360.0,0.0,0.0,180.0,0.0,1086.0,724.0,28.0,39.66,D4,24.4,0.64
360.0,0.0,0.0,180.0,0.0,1086.0,724.0,28.0,63.34,D4,27.4,0.64
360.0,0.0,0.0,180.0,0.0,1086.0,724.0,28.0,63.34,D4,22.6,0.57
360.0,0.0,0.0,180.0,0.0,1086.0,724.0,28.0,61.79,D4,28.0,0.63
360.0,0.0,0.0,180.0,0.0,1086.0,724.0,28.0,61.79,D4,22.9,0.68
360.0,0.0,0.0,180.0,0.0,1086.0,724.0,28.0,61.92,D4,26.7,0.56
360.0,0.0,0.0,180.0,0.0,1086.0,724.0,28.0,61.92,D4,24.3,0.61
360.0,0.0,0.0,180.0,0.0,1086.0,724.0,28.0,62.94,D4,22.7,0.62
360.0,0.0,0.0,180.0,0.0,1086.0,724.0,28.0,62.94,D4,24.0,0.63
360.0,0.0,0.0,180.0,0.0,1086.0,724.0,28.0,62.01,D4,26.1,0.64
360.0,0.0,0.0,180.0,0.0,1086.0,724.0,28.0,62.01,D4,25.0,0.61
360.0,0.0,0.0,180.0,0.0,1086.0,724.0,28.0,59.88,D4,27.2,0.63
360.0,0.0,0.0,180.0,0.0,1086.0,724.0,28.0,59.88,D4,27.9,0.55
360.0,0.0,0.0,180.0,0.0,1086.0,724.0,28.0,74.1,D4,22.6,0.61
360.0,0.0,0.0,180.0,0.0,1086.0,724.0,28.0,74.1,D4,22.5,0.58
360.0,0.0,0.0,180.0,0.0,1086.0,724.0,28.0,73.48,D4,22.4,0.54
360.0,0.0,0.0,180.0,0.0,1086.0,724.0,28.0,73.48,D4,23.2,0.57
360.0,0.0,0.0,180.0,0.0,1086.0,724.0,28.0,48.65,D4,27.2,0.61
360.0,0.0,0.0,180.0,0.0,1086.0,724.0,28.0,48.65,D4,26.1,0.62
360.0,0.0,0.0,180.0,0.0,1086.0,724.0,28.0,47.29,D4,23.9,0.54
360.0,0.0,0.0,180.0,0.0,1086.0,724.0,28.0,47.29,D4,25.0,0.55
360.0,0.0,0.0,180.0,0.0,1086.0,724.0,28.0,56.06,D4,27.8,0.64
360.0,0.0,0.0,180.0,0.0,1086.0,724.0,28.0,56.06,D4,28.8,0.63
360.0,0.0,0.0,180.0,0.0,1086.0,724.0,28.0,56.68,D4,25.5,0.64
360.0,0.0,0.0,180.0,0.0,1086.0,724.0,28.0,56.68,D4,19.7,0.67
360.0,0.0,0.0,180.0,0.0,1086.0,724.0,28.0,53.78,D4,25.6,0.63
360.0,0.0,0.0,180.0,0.0,1086.0,724.0,28.0,53.78,D4,26.9,0.58
360.0,0.0,0.0,180.0,0.0,1086.0,724.0,28.0,52.79,D4,25.4,0.61
360.0,0.0,0.0,180.0,0.0,1086.0,724.0,28.0,52.79,D4,26.5,0.68
360.0,0.0,0.0,180.0,0.0,1086.0,724.0,28.0,36.04,D4,25.7,0.74
360.0,0.0,0.0,180.0,0.0,1086.0,724.0,28.0,36.04,D4,22.5,0.62
360.0,0.0,0.0,180.0,0.0,1086.0,724.0,28.0,36.96,D4,23.2,0.63
360.0,0.0,0.0,180.0,0.0,1086.0,724.0,28.0,36.96,D4,24.4,0.64
360.0,0.0,0.0,180.0,0.0,1086.0,724.0,28.0,40.91,D4,27.1,0.6
360.0,0.0,0.0,180.0,0.0,1086.0,724.0,28.0,40.91,D4,23.5,0.66
360.0,0.0,0.0,180.0,0.0,1086.0,724.0,28.0,40.47,D4,25.9,0.65
360.0,0.0,0.0,180.0,0.0,1086.0,724.0,28.0,40.47,D4,25.6,0.62
360.0,0.0,0.0,180.0,0.0,1086.0,724.0,28.0,43.19,D4,28.2,0.58
360.0,0.0,0.0,180.0,0.0,1086.0,724.0,28.0,43.19,D4,24.9,0.52
360.0,0.0,0.0,180.0,0.0,1086.0,724.0,28.0,44.85,D4,21.5,0.64
360.0,0.0,0.0,180.0,0.0,1086.0,724.0,28.0,44.85,D4,26.3,0.61
360.0,0.0,0.0,180.0,0.0,1086.0,724.0,28.0,58.23,D4,29.3,0.56
360.0,0.0,0.0,180.0,0.0,1086.0,724.0,28.0,58.23,D4,26.4,0.54
360.0,0.0,0.0,180.0,0.0,1086.0,724.0,28.0,53.49,D4,23.4,0.63
360.0,0.0,0.0,180.0,0.0,1086.0,724.0,28.0,53.49,D4,22.8,0.52
360.0,0.0,0.0,180.0,0.0,1086.0,724.0,28.0,57.57,D4,23.1,0.61
360.0,0.0,0.0,180.0,0.0,1086.0,724.0,28.0,57.57,D4,29.0,0.64
360.0,0.0,0.0,180.0,0.0,1086.0,724.0,28.0,56.19,D4,24.3,0.63
360.0,0.0,0.0,180.0,0.0,1086.0,724.0,28.0,56.19,D4,23.7,0.58
360.0,0.0,0.0,180.0,0.0,1086.0,724.0,28.0,54.19,D4,24.7,0.54
360.0,0.0,0.0,180.0,0.0,1086.0,724.0,28.0,54.19,D4,24.4,0.63
360.0,0.0,0.0,180.0,0.0,1086.0,724.0,28.0,53.56,D4,28.1,0.66
360.0,0.0,0.0,180.0,0.0,1086.0,724.0,28.0,53.56,D4,23.0,0.57
360.0,0.0,0.0,180.0,0.0,1086.0,724.0,28.0,45.38,D4,27.4,0.63
360.0,0.0,0.0,180.0,0.0,1086.0,724.0,28.0,45.38,D4,25.2,0.68
360.0,0.0,0.0,180.0,0.0,1086.0,724.0,28.0,44.82,D4,27.4,0.62
360.0,0.0,0.0,180.0,0.0,1086.0,724.0,28.0,44.82,D4,28.2,0.58
360.0,0.0,0.0,180.0,0.0,1086.0,724.0,28.0,42.86,D4,25.2,0.65
360.0,0.0,0.0,180.0,0.0,1086.0,724.0,28.0,42.86,D4,24.4,0.56
360.0,0.0,0.0,180.0,0.0,1086.0,724.0,28.0,43.13,D4,25.1,0.54
360.0,0.0,0.0,180.0,0.0,1086.0,724.0,28.0,43.13,D4,24.8,0.64
360.0,0.0,0.0,180.0,0.0,1086.0,724.0,28.0,38.69,D4,21.7,0.58
360.0,0.0,0.0,180.0,0.0,1086.0,724.0,28.0,38.69,D4,28.1,0.58
360.0,0.0,0.0,180.0,0.0,1086.0,724.0,28.0,37.67,D4,25.5,0.57
360.0,0.0,0.0,180.0,0.0,1086.0,724.0,28.0,37.67,D4,22.7,0.58
360.0,0.0,0.0,180.0,0.0,1086.0,724.0,28.0,35.37,D4,20.9,0.67
360.0,0.0,0.0,180.0,0.0,1086.0,724.0,28.0,35.37,D4,20.3,0.68
360.0,0.0,0.0,180.0,0.0,1086.0,724.0,28.0,35.63,D4,26.5,0.69
360.0,0.0,0.0,180.0,0.0,1086.0,724.0,28.0,35.63,D4,23.8,0.65
360.0,0.0,0.0,180.0,0.0,1086.0,724.0,28.0,64.23,D4,24.1,0.62
360.0,0.0,0.0,180.0,0.0,1086.0,724.0,28.0,64.23,D4,26.0,0.53
360.0,0.0,0.0,180.0,0.0,1086.0,724.0,28.0,65.34,D4,24.0,0.59
360.0,0.0,0.0,180.0,0.0,1086.0,724.0,28.0,65.34,D4,26.1,0.71
360.0,0.0,0.0,180.0,0.0,1086.0,724.0,28.0,52.79,D4,25.2,0.58
360.0,0.0,0.0,180.0,0.0,1086.0,724.0,28.0,52.79,D4,24.8,0.68
360.0,0.0,0.0,180.0,0.0,1086.0,724.0,28.0,51.87,D4,21.9,0.6
360.0,0.0,0.0,180.0,0.0,1086.0,724.0,28.0,51.87,D4,23.4,0.47
360.0,0.0,0.0,180.0,0.0,1086.0,724.0,28.0,55.83,D4,26.2,0.63
360.0,0.0,0.0,180.0,0.0,1086.0,724.0,28.0,55.83,D4,23.6,0.66
360.0,0.0,0.0,180.0,0.0,1086.0,724.0,28.0,53.49,D4,27.4,0.6
360.0,0.0,0.0,180.0,0.0,1086.0,724.0,28.0,53.49,D4,29.7,0.66
360.0,0.0,0.0,180.0,0.0,1086.0,724.0,28.0,69.79,D4,26.3,0.52
360.0,0.0,0.0,180.0,0.0,1086.0,724.0,28.0,69.79,D4,28.0,0.53
360.0,0.0,0.0,180.0,0.0,1086.0,724.0,28.0,70.14,D4,26.4,0.61
360.0,0.0,0.0,180.0,0.0,1086.0,724.0,28.0,70.14,D4,23.9,0.62
360.0,0.0,0.0,180.0,0.0,1086.0,724.0,28.0,68.59,D4,25.4,0.67
360.0,0.0,0.0,180.0,0.0,1086.0,724.0,28.0,68.59,D4,29.0,0.63
360.0,0.0,0.0,180.0,0.0,1086.0,724.0,28.0,68.81,D4,24.0,0.54
360.0,0.0,0.0,180.0,0.0,1086.0,724.0,28.0,68.81,D4,22.9,0.61
360.0,0.0,0.0,180.0,0.0,1086.0,724.0,28.0,68.54,D4,22.7,0.63
360.0,0.0,0.0,180.0,0.0,1086.0,724.0,28.0,68.54,D4,24.6,0.51
360.0,0.0,0.0,180.0,0.0,1086.0,724.0,28.0,71.12,D4,23.0,0.6
360.0,0.0,0.0,180.0,0.0,1086.0,724.0,28.0,71.12,D4,28.3,0.58
360.0,0.0,0.0,180.0,0.0,1086.0,724.0,28.0,78.14,D4,25.4,0.57
360.0,0.0,0.0,180.0,0.0,1086.0,724.0,28.0,78.14,D4,26.9,0.62
360.0,0.0,0.0,180.0,0.0,1086.0,724.0,28.0,79.26,D4,24.4,0.54
360.0,0.0,0.0,180.0,0.0,1086.0,724.0,28.0,79.26,D4,22.7,0.62
360.0,0.0,0.0,180.0,0.0,1086.0,724.0,28.0,63.83,D4,22.4,0.63
360.0,0.0,0.0,180.0,0.0,1086.0,724.0,28.0,63.83,D4,23.2,0.65
360.0,0.0,0.0,180.0,0.0,1086.0,724.0,28.0,57.48,D4,25.7,0.54
360.0,0.0,0.0,180.0,0.0,1086.0,724.0,28.0,57.48,D4,26.0,0.52
360.0,0.0,0.0,180.0,0.0,1086.0,724.0,28.0,57.21,D4,26.2,0.61
360.0,0.0,0.0,180.0,0.0,1086.0,724.0,28.0,57.21,D4,22.0,0.59
360.0,0.0,0.0,180.0,0.0,1086.0,724.0,28.0,53.97,D4,25.0,0.75
360.0,0.0,0.0,180.0,0.0,1086.0,724.0,28.0,53.97,D4,22.9,0.62
360.0,0.0,0.0,180.0,0.0,1086.0,724.0,28.0,49.73,D4,25.8,0.6
360.0,0.0,0.0,180.0,0.0,1086.0,724.0,28.0,49.73,D4,26.0,0.59
360.0,0.0,0.0,180.0,0.0,1086.0,724.0,28.0,48.51,D4,22.7,0.54
360.0,0.0,0.0,180.0,0.0,1086.0,724.0,28.0,48.51,D4,26.9,0.63
360.0,0.0,0.0,180.0,0.0,1086.0,724.0,28.0,48.7,D4,29.7,0.6
360.0,0.0,0.0,180.0,0.0,1086.0,724.0,28.0,48.7,D4,26.7,0.6
360.0,0.0,0.0,180.0,0.0,1086.0,724.0,28.0,50.61,D4,24.7,0.6
360.0,0.0,0.0,180.0,0.0,1086.0,724.0,28.0,50.61,D4,24.4,0.61
360.0,0.0,0.0,180.0,0.0,1086.0,724.0,28.0,50.1,D4,24.6,0.51
360.0,0.0,0.0,180.0,0.0,1086.0,724.0,28.0,50.1,D4,23.5,0.64
360.0,0.0,0.0,180.0,0.0,1086.0,724.0,28.0,55.98,D4,25.5,0.56
360.0,0.0,0.0,180.0,0.0,1086.0,724.0,28.0,60.79,D4,22.7,0.59
360.0,0.0,0.0,180.0,0.0,1086.0,724.0,28.0,71.44,D4,21.2,0.66
360.0,0.0,0.0,180.0,0.0,1086.0,724.0,28.0,53.64,D4,25.4,0.69
360.0,0.0,0.0,180.0,0.0,1086.0,724.0,28.0,59.97,D4,25.0,0.51
360.0,0.0,0.0,180.0,0.0,1086.0,724.0,28.0,59.09,D4,23.9,0.6
360.0,0.0,0.0,180.0,0.0,1086.0,724.0,28.0,42.57,D4,22.4,0.61
360.0,0.0,0.0,180.0,0.0,1086.0,724.0,28.0,48.5,D4,25.6,0.52
360.0,0.0,0.0,180.0,0.0,1086.0,724.0,28.0,53.62,D4,23.0,0.64
360.0,0.0,0.0,180.0,0.0,1086.0,724.0,28.0,55.99,D4,24.7,0.61
360.0,0.0,0.0,180.0,0.0,1086.0,724.0,28.0,64.75,D4,28.5,0.61
360.0,0.0,0.0,180.0,0.0,1086.0,724.0,28.0,69.91,D4,26.3,0.55
360.0,0.0,0.0,180.0,0.0,1086.0,724.0,28.0,53.61,D4,22.3,0.62
360.0,0.0,0.0,180.0,0.0,1086.0,724.0,28.0,61.26,D4,22.5,0.64
360.0,0.0,0.0,180.0,0.0,1086.0,724.0,28.0,62.89,D4,25.3,0.61
360.0,0.0,0.0,180.0,0.0,1086.0,724.0,28.0,42.82,D4,22.2,0.57
360.0,0.0,0.0,180.0,0.0,1086.0,724.0,28.0,46.86,D4,21.0,0.58
360.0,0.0,0.0,180.0,0.0,1086.0,724.0,28.0,49.12,D4,26.1,0.61
360.0,0.0,0.0,180.0,0.0,1086.0,724.0,28.0,70.15,D4,25.6,0.6
360.0,0.0,0.0,180.0,0.0,1086.0,724.0,28.0,79.99,D4,25.9,0.65
360.0,0.0,0.0,180.0,0.0,1086.0,724.0,28.0,82.37,D4,25.5,0.58
360.0,0.0,0.0,180.0,0.0,1086.0,724.0,28.0,66.26,D4,24.9,0.54
360.0,0.0,0.0,180.0,0.0,1086.0,724.0,28.0,70.84,D4,23.7,0.62
360.0,0.0,0.0,180.0,0.0,1086.0,724.0,28.0,70.97,D4,26.0,0.58
360.0,0.0,0.0,180.0,0.0,1086.0,724.0,28.0,52.14,D4,28.1,0.64
360.0,0.0,0.0,180.0,0.0,1086.0,724.0,28.0,60.34,D4,24.0,0.6
360.0,0.0,0.0,180.0,0.0,1086.0,724.0,28.0,59.93,D4,23.0,0.63
360.0,0.0,0.0,180.0,0.0,1086.0,724.0,28.0,69.86,D4,22.7,0.55
360.0,0.0,0.0,180.0,0.0,1086.0,724.0,28.0,78.25,D4,23.3,0.61
360.0,0.0,0.0,180.0,0.0,1086.0,724.0,28.0,79.75,D4,25.4,0.57
360.0,0.0,0.0,180.0,0.0,1086.0,724.0,28.0,65.68,D4,20.7,0.54
360.0,0.0,0.0,180.0,0.0,1086.0,724.0,28.0,59.3,D4,25.9,0.56
360.0,0.0,0.0,180.0,0.0,1086.0,724.0,28.0,71.1,D4,26.3,0.57
360.0,0.0,0.0,180.0,0.0,1086.0,724.0,28.0,52.09,D4,21.4,0.66
360.0,0.0,0.0,180.0,0.0,1086.0,724.0,28.0,56.61,D4,23.0,0.57
360.0,0.0,0.0,180.0,0.0,1086.0,724.0,28.0,62.05,D4,25.2,0.54
360.0,0.0,0.0,180.0,0.0,1086.0,724.0,28.0,76.02,D4,24.7,0.61
360.0,0.0,0.0,180.0,0.0,1086.0,724.0,28.0,82.12,D4,26.0,0.6
360.0,0.0,0.0,180.0,0.0,1086.0,724.0,28.0,83.52,D4,24.7,0.58
360.0,0.0,0.0,180.0,0.0,1086.0,724.0,28.0,70.22,D4,27.5,0.59
360.0,0.0,0.0,180.0,0.0,1086.0,724.0,28.0,79.25,D4,24.4,0.65
360.0,0.0,0.0,180.0,0.0,1086.0,724.0,28.0,84.61,D4,23.0,0.63
360.0,0.0,0.0,180.0,0.0,1086.0,724.0,28.0,57.3,D4,22.9,0.63
360.0,0.0,0.0,180.0,0.0,1086.0,724.0,28.0,58.4,D4,26.5,0.54
360.0,0.0,0.0,180.0,0.0,1086.0,724.0,28.0,67.2,D4,25.1,0.74
360.0,0.0,0.0,180.0,0.0,1086.0,724.0,28.0,76.74,D4,26.3,0.65
360.0,0.0,0.0,180.0,0.0,1086.0,724.0,28.0,78.42,D4,26.2,0.63
360.0,0.0,0.0,180.0,0.0,1086.0,724.0,28.0,85.34,D4,21.0,0.54
360.0,0.0,0.0,180.0,0.0,1086.0,724.0,28.0,69.34,D4,22.7,0.65
360.0,0.0,0.0,180.0,0.0,1086.0,724.0,28.0,76.19,D4,23.0,0.57
360.0,0.0,0.0,180.0,0.0,1086.0,724.0,28.0,75.32,D4,23.4,0.59
360.0,0.0,0.0,180.0,0.0,1086.0,724.0,28.0,55.89,D4,24.2,0.52
360.0,0.0,0.0,180.0,0.0,1086.0,724.0,28.0,59.62,D4,27.0,0.54
360.0,0.0,0.0,180.0,0.0,1086.0,724.0,28.0,68.04,D4,27.4,0.62
360.0,0.0,0.0,180.0,0.0,1086.0,724.0,28.0,75.12,D4,24.4,0.65
360.0,0.0,0.0,180.0,0.0,1086.0,724.0,28.0,90.18,D4,24.5,0.63
360.0,0.0,0.0,180.0,0.0,1086.0,724.0,28.0,85.95,D4,23.6,0.63
360.0,0.0,0.0,180.0,0.0,1086.0,724.0,28.0,76.64,D4,25.2,0.6
360.0,0.0,0.0,180.0,0.0,1086.0,724.0,28.0,83.87,D4,25.4,0.58
360.0,0.0,0.0,180.0,0.0,1086.0,724.0,28.0,84.2,D4,26.6,0.61
360.0,0.0,0.0,180.0,0.0,1086.0,724.0,28.0,60.45,D4,26.6,0.64
360.0,0.0,0.0,180.0,0.0,1086.0,724.0,28.0,69.35,D4,20.4,0.6
360.0,0.0,0.0,180.0,0.0,1086.0,724.0,28.0,74.53,D4,24.7,0.66
360.0,0.0,0.0,180.0,0.0,1086.0,724.0,28.0,77.8,D4,27.8,0.59
360.0,0.0,0.0,180.0,0.0,1086.0,724.0,28.0,89.16,D4,24.1,0.55
360.0,0.0,0.0,180.0,0.0,1086.0,724.0,28.0,93.68,D4,27.3,0.6
360.0,0.0,0.0,180.0,0.0,1086.0,724.0,28.0,76.2,D4,24.4,0.61
360.0,0.0,0.0,180.0,0.0,1086.0,724.0,28.0,82.72,D4,25.3,0.6
360.0,0.0,0.0,180.0,0.0,1086.0,724.0,28.0,85.27,D4,22.7,0.66
360.0,0.0,0.0,180.0,0.0,1086.0,724.0,28.0,65.55,D4,22.8,0.64
360.0,0.0,0.0,180.0,0.0,1086.0,724.0,28.0,59.07,D4,26.5,0.53
360.0,0.0,0.0,180.0,0.0,1086.0,724.0,28.0,74.61,D4,26.8,0.68
360.0,0.0,0.0,180.0,0.0,1086.0,724.0,28.0,80.49,D4,25.1,0.46
360.0,0.0,0.0,180.0,0.0,1086.0,724.0,28.0,65.39,D4,22.5,0.71
360.0,0.0,0.0,180.0,0.0,1086.0,724.0,28.0,73.46,D4,25.1,0.59
360.0,0.0,0.0,180.0,0.0,1086.0,724.0,28.0,79.73,D4,27.5,0.59
360.0,0.0,0.0,180.0,0.0,1086.0,724.0,28.0,86.36,D4,28.5,0.6
360.0,0.0,0.0,180.0,0.0,1086.0,724.0,28.0,64.28,D4,24.4,0.62
360.0,0.0,0.0,180.0,0.0,1086.0,724.0,28.0,71.04,D4,21.7,0.6
360.0,0.0,0.0,180.0,0.0,1086.0,724.0,28.0,77.56,D4,26.7,0.59
360.0,0.0,0.0,180.0,0.0,1086.0,724.0,28.0,84.33,D4,24.4,0.67
360.0,0.0,0.0,180.0,0.0,1086.0,724.0,28.0,59.48,D4,26.9,0.63
360.0,0.0,0.0,180.0,0.0,1086.0,724.0,28.0,70.16,D4,25.6,0.55
360.0,0.0,0.0,180.0,0.0,1086.0,724.0,28.0,86.82,D4,23.2,0.64
360.0,0.0,0.0,180.0,0.0,1086.0,724.0,28.0,56.77,D4,25.1,0.63
360.0,0.0,0.0,180.0,0.0,1086.0,724.0,28.0,67.11,D4,27.6,0.57
360.0,0.0,0.0,180.0,0.0,1086.0,724.0,28.0,54.48,D4,24.7,0.64
360.0,0.0,0.0,180.0,0.0,1086.0,724.0,28.0,61.88,D4,22.9,0.59
360.0,0.0,0.0,180.0,0.0,1086.0,724.0,28.0,69.28,D4,21.8,0.59
360.0,0.0,0.0,180.0,0.0,1086.0,724.0,28.0,53.2,D4,23.5,0.59
360.0,0.0,0.0,180.0,0.0,1086.0,724.0,28.0,57.17,D4,24.2,0.48
360.0,0.0,0.0,180.0,0.0,1086.0,724.0,28.0,62.28,D4,26.6,0.57
360.0,0.0,0.0,180.0,0.0,1086.0,724.0,28.0,34.68,D4,22.8,0.64
360.0,0.0,0.0,180.0,0.0,1086.0,724.0,28.0,45.35,D4,28.1,0.6
360.0,0.0,0.0,180.0,0.0,1086.0,724.0,28.0,54.94,D4,22.3,0.54
360.0,0.0,0.0,180.0,0.0,1086.0,724.0,28.0,58.25,D4,29.7,0.65
360.0,0.0,0.0,180.0,0.0,1086.0,724.0,28.0,59.73,D4,28.5,0.59
360.0,0.0,0.0,180.0,0.0,1086.0,724.0,28.0,71.52,D4,25.3,0.54
360.0,0.0,0.0,180.0,0.0,1086.0,724.0,28.0,46.44,D4,21.7,0.71
360.0,0.0,0.0,180.0,0.0,1086.0,724.0,28.0,58.36,D4,24.9,0.55
360.0,0.0,0.0,180.0,0.0,1086.0,724.0,28.0,62.48,D4,24.2,0.64
360.0,0.0,0.0,180.0,0.0,1086.0,724.0,28.0,37.87,D4,22.5,0.56
360.0,0.0,0.0,180.0,0.0,1086.0,724.0,28.0,45.88,D4,25.6,0.61
360.0,0.0,0.0,180.0,0.0,1086.0,724.0,28.0,55.08,D4,23.4,0.55
360.0,0.0,0.0,180.0,0.0,1086.0,724.0,28.0,70.67,D4,23.6,0.54
360.0,0.0,0.0,180.0,0.0,1086.0,724.0,28.0,77.43,D4,24.6,0.63
360.0,0.0,0.0,180.0,0.0,1086.0,724.0,28.0,79.97,D4,23.9,0.62
360.0,0.0,0.0,180.0,0.0,1086.0,724.0,28.0,58.49,D4,29.2,0.66
360.0,0.0,0.0,180.0,0.0,1086.0,724.0,28.0,70.43,D4,23.9,0.6
360.0,0.0,0.0,180.0,0.0,1086.0,724.0,28.0,77.1,D4,25.9,0.71
360.0,0.0,0.0,180.0,0.0,1086.0,724.0,28.0,47.57,D4,25.3,0.61
360.0,0.0,0.0,180.0,0.0,1086.0,724.0,28.0,53.88,D4,25.7,0.63
360.0,0.0,0.0,180.0,0.0,1086.0,724.0,28.0,66.62,D4,25.9,0.53
360.0,0.0,0.0,180.0,0.0,1086.0,724.0,28.0,68.93,D4,26.8,0.57
360.0,0.0,0.0,180.0,0.0,1086.0,724.0,28.0,75.47,D4,25.5,0.63
360.0,0.0,0.0,180.0,0.0,1086.0,724.0,28.0,86.22,D4,25.4,0.6
360.0,0.0,0.0,180.0,0.0,1086.0,724.0,28.0,59.28,D4,25.1,0.61
360.0,0.0,0.0,180.0,0.0,1086.0,724.0,28.0,67.98,D4,24.7,0.56
360.0,0.0,0.0,180.0,0.0,1086.0,724.0,28.0,75.76,D4,23.2,0.61
360.0,0.0,0.0,180.0,0.0,1086.0,724.0,28.0,43.13,D4,24.9,0.61
360.0,0.0,0.0,180.0,0.0,1086.0,724.0,28.0,55.2,D4,25.5,0.54
360.0,0.0,0.0,180.0,0.0,1086.0,724.0,28.0,64.99,D4,25.8,0.63
360.0,0.0,0.0,180.0,0.0,1086.0,724.0,28.0,69.73,D4,25.4,0.51
360.0,0.0,0.0,180.0,0.0,1086.0,724.0,28.0,88.78,D4,24.5,0.61
360.0,0.0,0.0,180.0,0.0,1086.0,724.0,28.0,95.15,D4,24.9,0.69
360.0,0.0,0.0,180.0,0.0,1086.0,724.0,28.0,66.82,D4,23.9,0.63
360.0,0.0,0.0,180.0,0.0,1086.0,724.0,28.0,75.4,D4,25.6,0.63
360.0,0.0,0.0,180.0,0.0,1086.0,724.0,28.0,81.2,D4,24.6,0.56
360.0,0.0,0.0,180.0,0.0,1086.0,724.0,28.0,46.61,D4,25.4,0.69
360.0,0.0,0.0,180.0,0.0,1086.0,724.0,28.0,64.73,D4,27.0,0.67
360.0,0.0,0.0,180.0,0.0,1086.0,724.0,28.0,70.86,D4,23.6,0.56
360.0,0.0,0.0,180.0,0.0,1086.0,724.0,28.0,76.53,D4,26.2,0.58
360.0,0.0,0.0,180.0,0.0,1086.0,724.0,28.0,86.72,D4,25.1,0.66
360.0,0.0,0.0,180.0,0.0,1086.0,724.0,28.0,95.63,D4,29.0,0.69
360.0,0.0,0.0,180.0,0.0,1086.0,724.0,28.0,69.95,D4,24.6,0.54
360.0,0.0,0.0,180.0,0.0,1086.0,724.0,28.0,75.76,D4,26.4,0.55
360.0,0.0,0.0,180.0,0.0,1086.0,724.0,28.0,81.4,D4,25.0,0.59
360.0,0.0,0.0,180.0,0.0,1086.0,724.0,28.0,50.21,D4,22.2,0.49
360.0,0.0,0.0,180.0,0.0,1086.0,724.0,28.0,65.01,D4,24.0,0.6
360.0,0.0,0.0,180.0,0.0,1086.0,724.0,28.0,73.73,D4,26.8,0.66
360.0,0.0,0.0,180.0,0.0,1086.0,724.0,28.0,79.33,D4,24.1,0.53
360.0,0.0,0.0,180.0,0.0,1086.0,724.0,28.0,85.17,D4,20.6,0.61
360.0,0.0,0.0,180.0,0.0,1086.0,724.0,28.0,97.6,D4,24.9,0.57
360.0,0.0,0.0,180.0,0.0,1086.0,724.0,28.0,69.73,D4,22.8,0.68
360.0,0.0,0.0,180.0,0.0,1086.0,724.0,28.0,80.56,D4,25.3,0.57
360.0,0.0,0.0,180.0,0.0,1086.0,724.0,28.0,85.24,D4,28.1,0.68
360.0,0.0,0.0,180.0,0.0,1086.0,724.0,28.0,53.39,D4,26.5,0.57
360.0,0.0,0.0,180.0,0.0,1086.0,724.0,28.0,64.6,D4,28.1,0.64
360.0,0.0,0.0,180.0,0.0,1086.0,724.0,28.0,79.87,D4,23.9,0.61
360.0,0.0,0.0,180.0,0.0,1086.0,724.0,28.0,78.18,D4,24.7,0.59
360.0,0.0,0.0,180.0,0.0,1086.0,724.0,28.0,86.66,D4,22.9,0.56
360.0,0.0,0.0,180.0,0.0,1086.0,724.0,28.0,98.75,D4,23.6,0.62
360.0,0.0,0.0,180.0,0.0,1086.0,724.0,28.0,78.41,D4,23.1,0.58
360.0,0.0,0.0,180.0,0.0,1086.0,724.0,28.0,80.16,D4,22.4,0.57
360.0,0.0,0.0,180.0,0.0,1086.0,724.0,28.0,88.92,D4,27.7,0.67
360.0,0.0,0.0,180.0,0.0,1086.0,724.0,28.0,53.85,D4,20.8,0.63
360.0,0.0,0.0,180.0,0.0,1086.0,724.0,28.0,64.18,D4,27.7,0.63
360.0,0.0,0.0,180.0,0.0,1086.0,724.0,28.0,79.42,D4,27.5,0.58
360.0,0.0,0.0,180.0,0.0,1086.0,724.0,28.0,89.33,D4,26.0,0.59
360.0,0.0,0.0,180.0,0.0,1086.0,724.0,28.0,95.74,D4,22.8,0.59
360.0,0.0,0.0,180.0,0.0,1086.0,724.0,28.0,71.29,D4,21.8,0.62
360.0,0.0,0.0,180.0,0.0,1086.0,724.0,28.0,75.44,D4,23.9,0.63
360.0,0.0,0.0,180.0,0.0,1086.0,724.0,28.0,86.42,D4,26.3,0.6
360.0,0.0,0.0,180.0,0.0,1086.0,724.0,28.0,57.72,D4,25.0,0.56
360.0,0.0,0.0,180.0,0.0,1086.0,724.0,28.0,66.64,D4,22.9,0.64
360.0,0.0,0.0,180.0,0.0,1086.0,724.0,28.0,79.48,D4,27.3,0.6
360.0,0.0,0.0,180.0,0.0,1086.0,724.0,28.0,87.25,D4,28.4,0.53
360.0,0.0,0.0,180.0,0.0,1086.0,724.0,28.0,95.68,D4,24.5,0.49
360.0,0.0,0.0,180.0,0.0,1086.0,724.0,28.0,74.68,D4,25.2,0.61
360.0,0.0,0.0,180.0,0.0,1086.0,724.0,28.0,75.43,D4,22.0,0.56
360.0,0.0,0.0,180.0,0.0,1086.0,724.0,28.0,89.02,D4,24.2,0.62
360.0,0.0,0.0,180.0,0.0,1086.0,724.0,28.0,54.81,D4,26.0,0.56
360.0,0.0,0.0,180.0,0.0,1086.0,724.0,28.0,63.8,D4,25.7,0.61
360.0,0.0,0.0,180.0,0.0,1086.0,724.0,28.0,81.83,D4,24.0,0.58
360.0,0.0,0.0,180.0,0.0,1086.0,724.0,28.0,86.18,D4,24.5,0.69
360.0,0.0,0.0,180.0,0.0,1086.0,724.0,28.0,96.52,D4,24.1,0.65
360.0,0.0,0.0,180.0,0.0,1086.0,724.0,28.0,73.69,D4,24.4,0.67
360.0,0.0,0.0,180.0,0.0,1086.0,724.0,28.0,78.68,D4,25.8,0.6
360.0,0.0,0.0,180.0,0.0,1086.0,724.0,28.0,82.86,D4,21.1,0.64
360.0,0.0,0.0,180.0,0.0,1086.0,724.0,28.0,57.55,D4,24.9,0.6
360.0,0.0,0.0,180.0,0.0,1086.0,724.0,28.0,66.14,D4,25.7,0.67
360.0,0.0,0.0,180.0,0.0,1086.0,724.0,28.0,76.05,D4,23.9,0.6
360.0,0.0,0.0,180.0,0.0,1086.0,724.0,28.0,84.94,D4,24.0,0.53
360.0,0.0,0.0,180.0,0.0,1086.0,724.0,28.0,92.78,D4,24.1,0.5
360.0,0.0,0.0,180.0,0.0,1086.0,724.0,28.0,69.46,D4,24.0,0.68
360.0,0.0,0.0,180.0,0.0,1086.0,724.0,28.0,75.28,D4,25.0,0.62
360.0,0.0,0.0,180.0,0.0,1086.0,724.0,28.0,83.94,D4,25.3,0.63
360.0,0.0,0.0,180.0,0.0,1086.0,724.0,28.0,58.23,D4,20.8,0.67
360.0,0.0,0.0,180.0,0.0,1086.0,724.0,28.0,67.36,D4,26.3,0.52
360.0,0.0,0.0,180.0,0.0,1086.0,724.0,28.0,76.2,D4,24.4,0.58
360.0,0.0,0.0,180.0,0.0,1086.0,724.0,28.0,60.23,D4,28.9,0.59
360.0,0.0,0.0,180.0,0.0,1086.0,724.0,28.0,68.37,D4,22.6,0.64
360.0,0.0,0.0,180.0,0.0,1086.0,724.0,28.0,68.7,D4,23.3,0.57
360.0,0.0,0.0,180.0,0.0,1086.0,724.0,28.0,43.92,D4,24.6,0.54
360.0,0.0,0.0,180.0,0.0,1086.0,724.0,28.0,59.31,D4,25.8,0.54
360.0,0.0,0.0,180.0,0.0,1086.0,724.0,28.0,65.98,D4,21.1,0.66
360.0,0.0,0.0,180.0,0.0,1086.0,724.0,28.0,35.45,D4,23.3,0.56
360.0,0.0,0.0,180.0,0.0,1086.0,724.0,28.0,36.93,D4,26.2,0.57
360.0,0.0,0.0,180.0,0.0,1086.0,724.0,28.0,43.19,D4,23.1,0.63
360.0,0.0,0.0,180.0,0.0,1086.0,724.0,28.0,61.39,D4,27.7,0.57
360.0,0.0,0.0,180.0,0.0,1086.0,724.0,28.0,69.7,D4,24.1,0.51
360.0,0.0,0.0,180.0,0.0,1086.0,724.0,28.0,67.28,D4,23.2,0.52
360.0,0.0,0.0,180.0,0.0,1086.0,724.0,28.0,43.37,D4,26.2,0.6
360.0,0.0,0.0,180.0,0.0,1086.0,724.0,28.0,58.24,D4,28.2,0.62
360.0,0.0,0.0,180.0,0.0,1086.0,724.0,28.0,66.34,D4,25.8,0.59
360.0,0.0,0.0,180.0,0.0,1086.0,724.0,28.0,35.65,D4,27.5,0.62
360.0,0.0,0.0,180.0,0.0,1086.0,724.0,28.0,39.02,D4,28.4,0.52
360.0,0.0,0.0,180.0,0.0,1086.0,724.0,28.0,41.36,D4,23.2,0.52
360.0,0.0,0.0,180.0,0.0,1086.0,724.0,28.0,69.21,D4,26.9,0.71
360.0,0.0,0.0,180.0,0.0,1086.0,724.0,28.0,82.17,D4,22.0,0.66
360.0,0.0,0.0,180.0,0.0,1086.0,724.0,28.0,87.67,D4,25.8,0.64
360.0,0.0,0.0,180.0,0.0,1086.0,724.0,28.0,54.55,D4,24.9,0.57
360.0,0.0,0.0,180.0,0.0,1086.0,724.0,28.0,69.5,D4,27.5,0.59
360.0,0.0,0.0,180.0,0.0,1086.0,724.0,28.0,76.61,D4,27.3,0.6
360.0,0.0,0.0,180.0,0.0,1086.0,724.0,28.0,45.58,D4,26.1,0.67
360.0,0.0,0.0,180.0,0.0,1086.0,724.0,28.0,51.41,D4,25.6,0.62
360.0,0.0,0.0,180.0,0.0,1086.0,724.0,28.0,50.45,D4,26.0,0.63
360.0,0.0,0.0,180.0,0.0,1086.0,724.0,28.0,74.52,D4,25.1,0.59
360.0,0.0,0.0,180.0,0.0,1086.0,724.0,28.0,81.18,D4,24.9,0.64
360.0,0.0,0.0,180.0,0.0,1086.0,724.0,28.0,85.73,D4,27.9,0.62
360.0,0.0,0.0,180.0,0.0,1086.0,724.0,28.0,55.49,D4,28.1,0.6
360.0,0.0,0.0,180.0,0.0,1086.0,724.0,28.0,66.54,D4,24.7,0.56
360.0,0.0,0.0,180.0,0.0,1086.0,724.0,28.0,77.93,D4,25.5,0.59
360.0,0.0,0.0,180.0,0.0,1086.0,724.0,28.0,44.45,D4,25.2,0.55
360.0,0.0,0.0,180.0,0.0,1086.0,724.0,28.0,50.66,D4,21.8,0.6
360.0,0.0,0.0,180.0,0.0,1086.0,724.0,28.0,48.16,D4,24.3,0.6
360.0,0.0,0.0,180.0,0.0,1086.0,724.0,28.0,82.06,D4,28.2,0.48
360.0,0.0,0.0,180.0,0.0,1086.0,724.0,28.0,89.84,D4,23.5,0.59
360.0,0.0,0.0,180.0,0.0,1086.0,724.0,28.0,82.51,D4,29.2,0.54
360.0,0.0,0.0,180.0,0.0,1086.0,724.0,28.0,67.41,D4,27.3,0.62
360.0,0.0,0.0,180.0,0.0,1086.0,724.0,28.0,74.19,D4,25.8,0.63
360.0,0.0,0.0,180.0,0.0,1086.0,724.0,28.0,85.32,D4,26.1,0.58
360.0,0.0,0.0,180.0,0.0,1086.0,724.0,28.0,54.89,D4,23.2,0.63
360.0,0.0,0.0,180.0,0.0,1086.0,724.0,28.0,53.2,D4,24.5,0.63
360.0,0.0,0.0,180.0,0.0,1086.0,724.0,28.0,54.55,D4,27.9,0.59
360.0,0.0,0.0,180.0,0.0,1086.0,724.0,28.0,80.17,D4,23.8,0.68
360.0,0.0,0.0,180.0,0.0,1086.0,724.0,28.0,88.96,D4,27.1,0.56
360.0,0.0,0.0,180.0,0.0,1086.0,724.0,28.0,81.74,D4,22.2,0.67
360.0,0.0,0.0,180.0,0.0,1086.0,724.0,28.0,59.87,D4,22.6,0.59
360.0,0.0,0.0,180.0,0.0,1086.0,724.0,28.0,73.76,D4,28.8,0.56
360.0,0.0,0.0,180.0,0.0,1086.0,724.0,28.0,83.6,D4,25.0,0.58
360.0,0.0,0.0,180.0,0.0,1086.0,724.0,28.0,52.68,D4,23.9,0.55
360.0,0.0,0.0,180.0,0.0,1086.0,724.0,28.0,54.05,D4,27.7,0.64
360.0,0.0,0.0,180.0,0.0,1086.0,724.0,28.0,61.28,D4,27.5,0.52
360.0,0.0,0.0,180.0,0.0,1086.0,724.0,28.0,82.89,D4,26.8,0.67
360.0,0.0,0.0,180.0,0.0,1086.0,724.0,28.0,87.99,D4,23.9,0.55
360.0,0.0,0.0,180.0,0.0,1086.0,724.0,28.0,88.51,D4,24.4,0.64
360.0,0.0,0.0,180.0,0.0,1086.0,724.0,28.0,67.24,D4,25.6,0.6
360.0,0.0,0.0,180.0,0.0,1086.0,724.0,28.0,74.4,D4,26.4,0.61
360.0,0.0,0.0,180.0,0.0,1086.0,724.0,28.0,88.43,D4,24.0,0.57
360.0,0.0,0.0,180.0,0.0,1086.0,724.0,28.0,56.12,D4,25.3,0.62
360.0,0.0,0.0,180.0,0.0,1086.0,724.0,28.0,61.59,D4,25.5,0.61
360.0,0.0,0.0,180.0,0.0,1086.0,724.0,28.0,61.45,D4,27.6,0.53
360.0,0.0,0.0,180.0,0.0,1086.0,724.0,28.0,82.89,D4,26.5,0.55
360.0,0.0,0.0,180.0,0.0,1086.0,724.0,28.0,92.17,D4,22.0,0.57
360.0,0.0,0.0,180.0,0.0,1086.0,724.0,28.0,84.29,D4,24.6,0.56
360.0,0.0,0.0,180.0,0.0,1086.0,724.0,28.0,69.77,D4,23.1,0.66
360.0,0.0,0.0,180.0,0.0,1086.0,724.0,28.0,76.67,D4,26.1,0.6
360.0,0.0,0.0,180.0,0.0,1086.0,724.0,28.0,87.16,D4,26.8,0.56
360.0,0.0,0.0,180.0,0.0,1086.0,724.0,28.0,58.22,D4,25.2,0.58
360.0,0.0,0.0,180.0,0.0,1086.0,724.0,28.0,54.51,D4,24.5,0.57
360.0,0.0,0.0,180.0,0.0,1086.0,724.0,28.0,57.68,D4,25.1,0.59
360.0,0.0,0.0,180.0,0.0,1086.0,724.0,28.0,82.11,D4,25.4,0.55
360.0,0.0,0.0,180.0,0.0,1086.0,724.0,28.0,92.43,D4,23.7,0.56
360.0,0.0,0.0,180.0,0.0,1086.0,724.0,28.0,105.75,D4,22.6,0.64
360.0,0.0,0.0,180.0,0.0,1086.0,724.0,28.0,73.42,D4,20.9,0.61
360.0,0.0,0.0,180.0,0.0,1086.0,724.0,28.0,82.73,D4,27.5,0.59
360.0,0.0,0.0,180.0,0.0,1086.0,724.0,28.0,92.99,D4,26.0,0.6
360.0,0.0,0.0,180.0,0.0,1086.0,724.0,28.0,63.02,D4,25.7,0.6
360.0,0.0,0.0,180.0,0.0,1086.0,724.0,28.0,64.7,D4,27.5,0.59
360.0,0.0,0.0,180.0,0.0,1086.0,724.0,28.0,61.61,D4,22.5,0.63
360.0,0.0,0.0,180.0,0.0,1086.0,724.0,28.0,80.91,D4,21.5,0.62
360.0,0.0,0.0,180.0,0.0,1086.0,724.0,28.0,92.03,D4,25.8,0.52
360.0,0.0,0.0,180.0,0.0,1086.0,724.0,28.0,102.17,D4,25.6,0.59
360.0,0.0,0.0,180.0,0.0,1086.0,724.0,28.0,74.16,D4,21.5,0.52
360.0,0.0,0.0,180.0,0.0,1086.0,724.0,28.0,81.13,D4,25.7,0.63
360.0,0.0,0.0,180.0,0.0,1086.0,724.0,28.0,94.35,D4,24.2,0.64
360.0,0.0,0.0,180.0,0.0,1086.0,724.0,28.0,63.02,D4,23.4,0.57
360.0,0.0,0.0,180.0,0.0,1086.0,724.0,28.0,58.66,D4,24.3,0.59
360.0,0.0,0.0,180.0,0.0,1086.0,724.0,28.0,57.65,D4,20.1,0.49
360.0,0.0,0.0,180.0,0.0,1086.0,724.0,28.0,79.31,D4,23.8,0.65
360.0,0.0,0.0,180.0,0.0,1086.0,724.0,28.0,92.64,D4,23.6,0.64
360.0,0.0,0.0,180.0,0.0,1086.0,724.0,28.0,91.27,D4,26.1,0.66
360.0,0.0,0.0,180.0,0.0,1086.0,724.0,28.0,75.32,D4,24.7,0.67
360.0,0.0,0.0,180.0,0.0,1086.0,724.0,28.0,82.47,D4,26.3,0.54
360.0,0.0,0.0,180.0,0.0,1086.0,724.0,28.0,92.67,D4,19.9,0.64
360.0,0.0,0.0,180.0,0.0,1086.0,724.0,28.0,63.44,D4,23.3,0.67
360.0,0.0,0.0,180.0,0.0,1086.0,724.0,28.0,62.28,D4,26.1,0.53
360.0,0.0,0.0,180.0,0.0,1086.0,724.0,28.0,56.35,D4,24.4,0.59
360.0,0.0,0.0,180.0,0.0,1086.0,724.0,28.0,80.37,D4,26.7,0.58
360.0,0.0,0.0,180.0,0.0,1086.0,724.0,28.0,93.26,D4,21.4,0.64
360.0,0.0,0.0,180.0,0.0,1086.0,724.0,28.0,102.78,D4,26.5,0.48
360.0,0.0,0.0,180.0,0.0,1086.0,724.0,28.0,74.08,D4,23.7,0.69
360.0,0.0,0.0,180.0,0.0,1086.0,724.0,28.0,84.44,D4,23.5,0.59
360.0,0.0,0.0,180.0,0.0,1086.0,724.0,28.0,95.8,D4,27.0,0.65
360.0,0.0,0.0,180.0,0.0,1086.0,724.0,28.0,65.27,D4,27.3,0.6
360.0,0.0,0.0,180.0,0.0,1086.0,724.0,28.0,62.21,D4,27.1,0.62
360.0,0.0,0.0,180.0,0.0,1086.0,724.0,28.0,62.24,D4,29.1,0.48
360.0,0.0,0.0,180.0,0.0,1086.0,724.0,28.0,52.87,D4,27.5,0.58
360.0,0.0,0.0,180.0,0.0,1086.0,724.0,28.0,54.65,D4,23.4,0.64
360.0,0.0,0.0,180.0,0.0,1086.0,724.0,28.0,66.4,D4,25.3,0.61
360.0,0.0,0.0,180.0,0.0,1086.0,724.0,28.0,40.13,D4,24.3,0.52
360.0,0.0,0.0,180.0,0.0,1086.0,724.0,28.0,50.61,D4,29.1,0.6
360.0,0.0,0.0,180.0,0.0,1086.0,724.0,28.0,35.52,D4,27.2,0.56
360.0,0.0,0.0,180.0,0.0,1086.0,724.0,28.0,47.84,D4,24.6,0.55
360.0,0.0,0.0,180.0,0.0,1086.0,724.0,28.0,52.41,D4,26.8,0.52
360.0,0.0,0.0,180.0,0.0,1086.0,724.0,28.0,53.88,D4,22.5,0.63
360.0,0.0,0.0,180.0,0.0,1086.0,724.0,28.0,46.15,D4,25.5,0.66
360.0,0.0,0.0,180.0,0.0,1086.0,724.0,28.0,41.74,D4,23.1,0.71
360.0,0.0,0.0,180.0,0.0,1086.0,724.0,28.0,48.08,D4,21.6,0.53
360.0,0.0,0.0,180.0,0.0,1086.0,724.0,28.0,34.5,D4,26.6,0.64
360.0,0.0,0.0,180.0,0.0,1086.0,724.0,28.0,46.63,D4,26.8,0.64
360.0,0.0,0.0,180.0,0.0,1086.0,724.0,28.0,61.7,D4,25.9,0.57
360.0,0.0,0.0,180.0,0.0,1086.0,724.0,28.0,61.64,D4,24.6,0.55
360.0,0.0,0.0,180.0,0.0,1086.0,724.0,28.0,71.15,D4,22.5,0.55
360.0,0.0,0.0,180.0,0.0,1086.0,724.0,28.0,45.83,D4,22.7,0.57
360.0,0.0,0.0,180.0,0.0,1086.0,724.0,28.0,54.37,D4,23.1,0.61
360.0,0.0,0.0,180.0,0.0,1086.0,724.0,28.0,41.68,D4,24.5,0.67
360.0,0.0,0.0,180.0,0.0,1086.0,724.0,28.0,52.7,D4,27.2,0.66
360.0,0.0,0.0,180.0,0.0,1086.0,724.0,28.0,60.68,D4,27.1,0.52
360.0,0.0,0.0,180.0,0.0,1086.0,724.0,28.0,62.79,D4,21.7,0.56
360.0,0.0,0.0,180.0,0.0,1086.0,724.0,28.0,61.39,D4,23.6,0.66
360.0,0.0,0.0,180.0,0.0,1086.0,724.0,28.0,47.55,D4,23.6,0.56
360.0,0.0,0.0,180.0,0.0,1086.0,724.0,28.0,52.25,D4,19.9,0.6
360.0,0.0,0.0,180.0,0.0,1086.0,724.0,28.0,40.43,D4,26.1,0.51
360.0,0.0,0.0,180.0,0.0,1086.0,724.0,28.0,51.03,D4,24.5,0.66
360.0,0.0,0.0,180.0,0.0,1086.0,724.0,28.0,66.39,D4,24.8,0.5
360.0,0.0,0.0,180.0,0.0,1086.0,724.0,28.0,69.95,D4,27.7,0.52
360.0,0.0,0.0,180.0,0.0,1086.0,724.0,28.0,81.61,D4,25.2,0.65
360.0,0.0,0.0,180.0,0.0,1086.0,724.0,28.0,50.55,D4,24.1,0.7
360.0,0.0,0.0,180.0,0.0,1086.0,724.0,28.0,58.78,D4,26.1,0.59
360.0,0.0,0.0,180.0,0.0,1086.0,724.0,28.0,46.01,D4,27.1,0.6
360.0,0.0,0.0,180.0,0.0,1086.0,724.0,28.0,56.92,D4,25.6,0.65
360.0,0.0,0.0,180.0,0.0,1086.0,724.0,28.0,69.69,D4,26.4,0.61
360.0,0.0,0.0,180.0,0.0,1086.0,724.0,28.0,70.91,D4,24.7,0.58
360.0,0.0,0.0,180.0,0.0,1086.0,724.0,28.0,63.86,D4,24.8,0.58
360.0,0.0,0.0,180.0,0.0,1086.0,724.0,28.0,52.08,D4,25.2,0.52
360.0,0.0,0.0,180.0,0.0,1086.0,724.0,28.0,57.78,D4,23.5,0.61
360.0,0.0,0.0,180.0,0.0,1086.0,724.0,28.0,48.13,D4,23.9,0.6
360.0,0.0,0.0,180.0,0.0,1086.0,724.0,28.0,57.37,D4,27.8,0.58
360.0,0.0,0.0,180.0,0.0,1086.0,724.0,28.0,74.15,D4,29.0,0.55
360.0,0.0,0.0,180.0,0.0,1086.0,724.0,28.0,74.84,D4,28.2,0.55
360.0,0.0,0.0,180.0,0.0,1086.0,724.0,28.0,73.82,D4,22.4,0.63
360.0,0.0,0.0,180.0,0.0,1086.0,724.0,28.0,55.67,D4,22.2,0.64
360.0,0.0,0.0,180.0,0.0,1086.0,724.0,28.0,64.17,D4,22.6,0.58
360.0,0.0,0.0,180.0,0.0,1086.0,724.0,28.0,49.99,D4,25.3,0.58
360.0,0.0,0.0,180.0,0.0,1086.0,724.0,28.0,60.18,D4,19.4,0.56
360.0,0.0,0.0,180.0,0.0,1086.0,724.0,28.0,71.29,D4,23.8,0.65
360.0,0.0,0.0,180.0,0.0,1086.0,724.0,28.0,73.53,D4,27.8,0.6
360.0,0.0,0.0,180.0,0.0,1086.0,724.0,28.0,69.5,D4,27.0,0.62
360.0,0.0,0.0,180.0,0.0,1086.0,724.0,28.0,55.13,D4,24.0,0.62
360.0,0.0,0.0,180.0,0.0,1086.0,724.0,28.0,65.85,D4,24.1,0.58
360.0,0.0,0.0,180.0,0.0,1086.0,724.0,28.0,49.76,D4,26.1,0.54
360.0,0.0,0.0,180.0,0.0,1086.0,724.0,28.0,64.32,D4,26.9,0.55
360.0,0.0,0.0,180.0,0.0,1086.0,724.0,28.0,69.21,D4,23.9,0.66
360.0,0.0,0.0,180.0,0.0,1086.0,724.0,28.0,71.19,D4,24.5,0.56
360.0,0.0,0.0,180.0,0.0,1086.0,724.0,28.0,88.09,D4,23.9,0.58
360.0,0.0,0.0,180.0,0.0,1086.0,724.0,28.0,58.33,D4,22.3,0.54
360.0,0.0,0.0,180.0,0.0,1086.0,724.0,28.0,65.73,D4,24.6,0.54
360.0,0.0,0.0,180.0,0.0,1086.0,724.0,28.0,53.5,D4,24.4,0.56
360.0,0.0,0.0,180.0,0.0,1086.0,724.0,28.0,69.72,D4,22.5,0.68
360.0,0.0,0.0,180.0,0.0,1086.0,724.0,28.0,70.37,D4,26.3,0.63
360.0,0.0,0.0,180.0,0.0,1086.0,724.0,28.0,74.25,D4,26.0,0.57
360.0,0.0,0.0,180.0,0.0,1086.0,724.0,28.0,66.29,D4,26.4,0.65
360.0,0.0,0.0,180.0,0.0,1086.0,724.0,28.0,56.8,D4,23.5,0.59
360.0,0.0,0.0,180.0,0.0,1086.0,724.0,28.0,67.05,D4,21.0,0.67
360.0,0.0,0.0,180.0,0.0,1086.0,724.0,28.0,55.54,D4,25.9,0.71
360.0,0.0,0.0,180.0,0.0,1086.0,724.0,28.0,69.66,D4,23.7,0.65
360.0,0.0,0.0,180.0,0.0,1086.0,724.0,28.0,70.31,D4,23.2,0.6
360.0,0.0,0.0,180.0,0.0,1086.0,724.0,28.0,78.31,D4,22.5,0.63
360.0,0.0,0.0,180.0,0.0,1086.0,724.0,28.0,74.89,D4,24.4,0.6
360.0,0.0,0.0,180.0,0.0,1086.0,724.0,28.0,64.19,D4,28.2,0.51
360.0,0.0,0.0,180.0,0.0,1086.0,724.0,28.0,74.23,D4,24.0,0.57
360.0,0.0,0.0,180.0,0.0,1086.0,724.0,28.0,70.71,D4,22.8,0.55
360.0,0.0,0.0,180.0,0.0,1086.0,724.0,28.0,75.29,D4,26.3,0.57
360.0,0.0,0.0,180.0,0.0,1086.0,724.0,28.0,94.38,D4,25.3,0.69
360.0,0.0,0.0,180.0,0.0,1086.0,724.0,28.0,61.87,D4,20.8,0.66
360.0,0.0,0.0,180.0,0.0,1086.0,724.0,28.0,68.74,D4,26.3,0.62
360.0,0.0,0.0,180.0,0.0,1086.0,724.0,28.0,55.98,D4,29.3,0.64
360.0,0.0,0.0,180.0,0.0,1086.0,724.0,28.0,60.79,D4,19.8,0.51
360.0,0.0,0.0,180.0,0.0,1086.0,724.0,28.0,71.44,D4,22.5,0.64
360.0,0.0,0.0,180.0,0.0,1086.0,724.0,28.0,53.64,D4,19.3,0.65
360.0,0.0,0.0,180.0,0.0,1086.0,724.0,28.0,59.97,D4,24.8,0.49
360.0,0.0,0.0,180.0,0.0,1086.0,724.0,28.0,59.09,D4,27.0,0.64
360.0,0.0,0.0,180.0,0.0,1086.0,724.0,28.0,42.57,D4,25.2,0.53
360.0,0.0,0.0,180.0,0.0,1086.0,724.0,28.0,48.5,D4,27.8,0.5
360.0,0.0,0.0,180.0,0.0,1086.0,724.0,28.0,53.62,D4,26.7,0.67
360.0,0.0,0.0,180.0,0.0,1086.0,724.0,28.0,55.99,D4,28.4,0.55
360.0,0.0,0.0,180.0,0.0,1086.0,724.0,28.0,64.75,D4,27.3,0.56
360.0,0.0,0.0,180.0,0.0,1086.0,724.0,28.0,69.91,D4,24.2,0.65
360.0,0.0,0.0,180.0,0.0,1086.0,724.0,28.0,53.61,D4,25.1,0.58
360.0,0.0,0.0,180.0,0.0,1086.0,724.0,28.0,61.26,D4,23.3,0.59
360.0,0.0,0.0,180.0,0.0,1086.0,724.0,28.0,62.89,D4,24.5,0.59
360.0,0.0,0.0,180.0,0.0,1086.0,724.0,28.0,42.82,D4,25.1,0.62
360.0,0.0,0.0,180.0,0.0,1086.0,724.0,28.0,46.86,D4,24.8,0.59
360.0,0.0,0.0,180.0,0.0,1086.0,724.0,28.0,49.12,D4,27.7,0.61
360.0,0.0,0.0,180.0,0.0,1086.0,724.0,28.0,70.15,D4,24.3,0.57
360.0,0.0,0.0,180.0,0.0,1086.0,724.0,28.0,79.99,D4,23.1,0.62
360.0,0.0,0.0,180.0,0.0,1086.0,724.0,28.0,82.37,D4,23.3,0.62
360.0,0.0,0.0,180.0,0.0,1086.0,724.0,28.0,66.26,D4,26.3,0.69
360.0,0.0,0.0,180.0,0.0,1086.0,724.0,28.0,70.84,D4,22.2,0.58
360.0,0.0,0.0,180.0,0.0,1086.0,724.0,28.0,70.97,D4,24.6,0.59
360.0,0.0,0.0,180.0,0.0,1086.0,724.0,28.0,52.14,D4,27.7,0.61
360.0,0.0,0.0,180.0,0.0,1086.0,724.0,28.0,60.34,D4,25.6,0.65
360.0,0.0,0.0,180.0,0.0,1086.0,724.0,28.0,59.93,D4,24.9,0.55
360.0,0.0,0.0,180.0,0.0,1086.0,724.0,28.0,69.86,D4,24.9,0.61
360.0,0.0,0.0,180.0,0.0,1086.0,724.0,28.0,78.25,D4,22.9,0.47
360.0,0.0,0.0,180.0,0.0,1086.0,724.0,28.0,79.75,D4,23.3,0.59
360.0,0.0,0.0,180.0,0.0,1086.0,724.0,28.0,65.68,D4,24.6,0.65
360.0,0.0,0.0,180.0,0.0,1086.0,724.0,28.0,59.3,D4,25.5,0.56
360.0,0.0,0.0,180.0,0.0,1086.0,724.0,28.0,71.1,D4,26.9,0.61
360.0,0.0,0.0,180.0,0.0,1086.0,724.0,28.0,52.09,D4,25.2,0.57
360.0,0.0,0.0,180.0,0.0,1086.0,724.0,28.0,56.61,D4,27.7,0.56
360.0,0.0,0.0,180.0,0.0,1086.0,724.0,28.0,62.05,D4,28.2,0.65
360.0,0.0,0.0,180.0,0.0,1086.0,724.0,28.0,76.02,D4,26.6,0.55
360.0,0.0,0.0,180.0,0.0,1086.0,724.0,28.0,82.12,D4,27.4,0.61
360.0,0.0,0.0,180.0,0.0,1086.0,724.0,28.0,83.52,D4,23.0,0.62
360.0,0.0,0.0,180.0,0.0,1086.0,724.0,28.0,70.22,D4,22.7,0.56
360.0,0.0,0.0,180.0,0.0,1086.0,724.0,28.0,79.25,D4,26.0,0.61
360.0,0.0,0.0,180.0,0.0,1086.0,724.0,28.0,84.61,D4,22.3,0.55
360.0,0.0,0.0,180.0,0.0,1086.0,724.0,28.0,57.3,D4,24.4,0.63
360.0,0.0,0.0,180.0,0.0,1086.0,724.0,28.0,58.4,D4,26.5,0.53
360.0,0.0,0.0,180.0,0.0,1086.0,724.0,28.0,67.2,D4,27.8,0.58
360.0,0.0,0.0,180.0,0.0,1086.0,724.0,28.0,76.74,D4,24.5,0.59
360.0,0.0,0.0,180.0,0.0,1086.0,724.0,28.0,78.42,D4,23.7,0.66
360.0,0.0,0.0,180.0,0.0,1086.0,724.0,28.0,85.34,D4,25.6,0.61
360.0,0.0,0.0,180.0,0.0,1086.0,724.0,28.0,69.34,D4,22.9,0.65
360.0,0.0,0.0,180.0,0.0,1086.0,724.0,28.0,76.19,D4,24.7,0.63
360.0,0.0,0.0,180.0,0.0,1086.0,724.0,28.0,75.32,D4,25.0,0.63
360.0,0.0,0.0,180.0,0.0,1086.0,724.0,28.0,55.89,D4,24.9,0.58
360.0,0.0,0.0,180.0,0.0,1086.0,724.0,28.0,59.62,D4,25.2,0.65
360.0,0.0,0.0,180.0,0.0,1086.0,724.0,28.0,68.04,D4,23.3,0.58
360.0,0.0,0.0,180.0,0.0,1086.0,724.0,28.0,75.12,D4,23.5,0.51
360.0,0.0,0.0,180.0,0.0,1086.0,724.0,28.0,90.18,D4,23.5,0.59
360.0,0.0,0.0,180.0,0.0,1086.0,724.0,28.0,85.95,D4,21.8,0.62
360.0,0.0,0.0,180.0,0.0,1086.0,724.0,28.0,76.64,D4,25.7,0.52
360.0,0.0,0.0,180.0,0.0,1086.0,724.0,28.0,83.87,D4,26.8,0.56
360.0,0.0,0.0,180.0,0.0,1086.0,724.0,28.0,84.2,D4,26.6,0.54
360.0,0.0,0.0,180.0,0.0,1086.0,724.0,28.0,60.45,D4,24.5,0.64
360.0,0.0,0.0,180.0,0.0,1086.0,724.0,28.0,69.35,D4,23.4,0.68
360.0,0.0,0.0,180.0,0.0,1086.0,724.0,28.0,74.53,D4,26.5,0.59
360.0,0.0,0.0,180.0,0.0,1086.0,724.0,28.0,77.8,D4,26.3,0.63
360.0,0.0,0.0,180.0,0.0,1086.0,724.0,28.0,89.16,D4,25.4,0.63
360.0,0.0,0.0,180.0,0.0,1086.0,724.0,28.0,93.68,D4,28.5,0.68
360.0,0.0,0.0,180.0,0.0,1086.0,724.0,28.0,76.2,D4,24.9,0.57
360.0,0.0,0.0,180.0,0.0,1086.0,724.0,28.0,82.72,D4,24.5,0.59
360.0,0.0,0.0,180.0,0.0,1086.0,724.0,28.0,85.27,D4,24.2,0.58
360.0,0.0,0.0,180.0,0.0,1086.0,724.0,28.0,65.55,D4,21.9,0.6
360.0,0.0,0.0,180.0,0.0,1086.0,724.0,28.0,59.07,D4,26.3,0.73
360.0,0.0,0.0,180.0,0.0,1086.0,724.0,28.0,74.61,D4,24.8,0.6
360.0,0.0,0.0,180.0,0.0,1086.0,724.0,28.0,80.49,D4,26.0,0.56
360.0,0.0,0.0,180.0,0.0,1086.0,724.0,28.0,65.39,D4,28.7,0.54
360.0,0.0,0.0,180.0,0.0,1086.0,724.0,28.0,73.46,D4,24.2,0.66
360.0,0.0,0.0,180.0,0.0,1086.0,724.0,28.0,79.73,D4,20.3,0.56
360.0,0.0,0.0,180.0,0.0,1086.0,724.0,28.0,86.35,D4,26.0,0.63
360.0,0.0,0.0,180.0,0.0,1086.0,724.0,28.0,64.28,D4,25.3,0.57
360.0,0.0,0.0,180.0,0.0,1086.0,724.0,28.0,71.04,D4,23.5,0.54
360.0,0.0,0.0,180.0,0.0,1086.0,724.0,28.0,77.56,D4,25.8,0.63
360.0,0.0,0.0,180.0,0.0,1086.0,724.0,28.0,84.33,D4,26.6,0.57
360.0,0.0,0.0,180.0,0.0,1086.0,724.0,28.0,59.48,D4,23.1,0.62
360.0,0.0,0.0,180.0,0.0,1086.0,724.0,28.0,70.16,D4,24.4,0.62
360.0,0.0,0.0,180.0,0.0,1086.0,724.0,28.0,86.82,D4,28.0,0.63
360.0,0.0,0.0,180.0,0.0,1086.0,724.0,28.0,56.77,D4,23.6,0.59
360.0,0.0,0.0,180.0,0.0,1086.0,724.0,28.0,67.11,D4,25.1,0.63
360.0,0.0,0.0,180.0,0.0,1086.0,724.0,28.0,54.48,D4,19.8,0.55
360.0,0.0,0.0,180.0,0.0,1086.0,724.0,28.0,61.88,D4,22.0,0.48
360.0,0.0,0.0,180.0,0.0,1086.0,724.0,28.0,69.28,D4,25.3,0.64
360.0,0.0,0.0,180.0,0.0,1086.0,724.0,28.0,53.2,D4,27.5,0.61
360.0,0.0,0.0,180.0,0.0,1086.0,724.0,28.0,57.17,D4,22.3,0.57
360.0,0.0,0.0,180.0,0.0,1086.0,724.0,28.0,62.28,D4,25.1,0.53
360.0,0.0,0.0,180.0,0.0,1086.0,724.0,28.0,34.68,D4,24.2,0.5
360.0,0.0,0.0,180.0,0.0,1086.0,724.0,28.0,45.35,D4,26.9,0.6
360.0,0.0,0.0,180.0,0.0,1086.0,724.0,28.0,54.94,D4,22.6,0.68
360.0,0.0,0.0,180.0,0.0,1086.0,724.0,28.0,58.25,D4,25.9,0.59
360.0,0.0,0.0,180.0,0.0,1086.0,724.0,28.0,59.73,D4,23.7,0.58
360.0,0.0,0.0,180.0,0.0,1086.0,724.0,28.0,71.52,D4,25.4,0.6
360.0,0.0,0.0,180.0,0.0,1086.0,724.0,28.0,46.44,D4,25.1,0.71
360.0,0.0,0.0,180.0,0.0,1086.0,724.0,28.0,58.36,D4,24.5,0.64
360.0,0.0,0.0,180.0,0.0,1086.0,724.0,28.0,62.48,D4,26.0,0.55
360.0,0.0,0.0,180.0,0.0,1086.0,724.0,28.0,37.87,D4,25.1,0.6
360.0,0.0,0.0,180.0,0.0,1086.0,724.0,28.0,45.88,D4,24.7,0.62
360.0,0.0,0.0,180.0,0.0,1086.0,724.0,28.0,55.08,D4,24.3,0.55
360.0,0.0,0.0,180.0,0.0,1086.0,724.0,28.0,70.67,D4,25.2,0.64
360.0,0.0,0.0,180.0,0.0,1086.0,724.0,28.0,77.43,D4,25.4,0.56
360.0,0.0,0.0,180.0,0.0,1086.0,724.0,28.0,79.97,D4,23.0,0.52
360.0,0.0,0.0,180.0,0.0,1086.0,724.0,28.0,58.49,D4,24.3,0.6
360.0,0.0,0.0,180.0,0.0,1086.0,724.0,28.0,70.43,D4,22.9,0.6
360.0,0.0,0.0,180.0,0.0,1086.0,724.0,28.0,77.1,D4,24.9,0.6
360.0,0.0,0.0,180.0,0.0,1086.0,724.0,28.0,47.57,D4,23.8,0.56
360.0,0.0,0.0,180.0,0.0,1086.0,724.0,28.0,53.88,D4,26.5,0.57
360.0,0.0,0.0,180.0,0.0,1086.0,724.0,28.0,66.62,D4,26.3,0.66
360.0,0.0,0.0,180.0,0.0,1086.0,724.0,28.0,68.93,D4,23.2,0.62
360.0,0.0,0.0,180.0,0.0,1086.0,724.0,28.0,75.47,D4,25.0,0.55
360.0,0.0,0.0,180.0,0.0,1086.0,724.0,28.0,86.22,D4,26.3,0.5
360.0,0.0,0.0,180.0,0.0,1086.0,724.0,28.0,59.28,D4,24.6,0.55
360.0,0.0,0.0,180.0,0.0,1086.0,724.0,28.0,67.98,D4,23.5,0.61
360.0,0.0,0.0,180.0,0.0,1086.0,724.0,28.0,75.76,D4,22.8,0.57
360.0,0.0,0.0,180.0,0.0,1086.0,724.0,28.0,43.13,D4,26.7,0.56
360.0,0.0,0.0,180.0,0.0,1086.0,724.0,28.0,55.2,D4,26.8,0.57
360.0,0.0,0.0,180.0,0.0,1086.0,724.0,28.0,64.99,D4,24.6,0.6
360.0,0.0,0.0,180.0,0.0,1086.0,724.0,28.0,69.73,D4,26.5,0.64
360.0,0.0,0.0,180.0,0.0,1086.0,724.0,28.0,88.78,D4,19.1,0.6
360.0,0.0,0.0,180.0,0.0,1086.0,724.0,28.0,95.15,D4,27.7,0.6
360.0,0.0,0.0,180.0,0.0,1086.0,724.0,28.0,66.82,D4,24.7,0.59
360.0,0.0,0.0,180.0,0.0,1086.0,724.0,28.0,75.4,D4,25.3,0.58
360.0,0.0,0.0,180.0,0.0,1086.0,724.0,28.0,81.2,D4,24.4,0.64
360.0,0.0,0.0,180.0,0.0,1086.0,724.0,28.0,46.61,D4,27.8,0.64
360.0,0.0,0.0,180.0,0.0,1086.0,724.0,28.0,64.73,D4,22.9,0.7
360.0,0.0,0.0,180.0,0.0,1086.0,724.0,28.0,70.86,D4,27.9,0.63
360.0,0.0,0.0,180.0,0.0,1086.0,724.0,28.0,76.53,D4,25.8,0.58
360.0,0.0,0.0,180.0,0.0,1086.0,724.0,28.0,86.72,D4,26.2,0.55
360.0,0.0,0.0,180.0,0.0,1086.0,724.0,28.0,95.63,D4,24.3,0.65
360.0,0.0,0.0,180.0,0.0,1086.0,724.0,28.0,69.95,D4,22.4,0.56
360.0,0.0,0.0,180.0,0.0,1086.0,724.0,28.0,75.76,D4,26.9,0.64
360.0,0.0,0.0,180.0,0.0,1086.0,724.0,28.0,81.4,D4,25.6,0.56
360.0,0.0,0.0,180.0,0.0,1086.0,724.0,28.0,50.21,D4,27.7,0.62
360.0,0.0,0.0,180.0,0.0,1086.0,724.0,28.0,65.01,D4,24.6,0.55
360.0,0.0,0.0,180.0,0.0,1086.0,724.0,28.0,73.73,D4,24.2,0.64
360.0,0.0,0.0,180.0,0.0,1086.0,724.0,28.0,79.33,D4,27.8,0.54
360.0,0.0,0.0,180.0,0.0,1086.0,724.0,28.0,85.17,D4,28.8,0.61
360.0,0.0,0.0,180.0,0.0,1086.0,724.0,28.0,97.6,D4,25.0,0.59
360.0,0.0,0.0,180.0,0.0,1086.0,724.0,28.0,69.73,D4,23.5,0.61
360.0,0.0,0.0,180.0,0.0,1086.0,724.0,28.0,80.56,D4,26.6,0.58
360.0,0.0,0.0,180.0,0.0,1086.0,724.0,28.0,85.24,D4,24.5,0.58
360.0,0.0,0.0,180.0,0.0,1086.0,724.0,28.0,53.39,D4,26.2,0.61
360.0,0.0,0.0,180.0,0.0,1086.0,724.0,28.0,64.6,D4,24.5,0.55
360.0,0.0,0.0,180.0,0.0,1086.0,724.0,28.0,79.87,D4,28.1,0.55
360.0,0.0,0.0,180.0,0.0,1086.0,724.0,28.0,78.18,D4,23.6,0.58
360.0,0.0,0.0,180.0,0.0,1086.0,724.0,28.0,86.66,D4,26.0,0.58
360.0,0.0,0.0,180.0,0.0,1086.0,724.0,28.0,98.75,D4,24.0,0.55
360.0,0.0,0.0,180.0,0.0,1086.0,724.0,28.0,78.41,D4,24.4,0.65
360.0,0.0,0.0,180.0,0.0,1086.0,724.0,28.0,80.16,D4,24.2,0.58
360.0,0.0,0.0,180.0,0.0,1086.0,724.0,28.0,88.92,D4,26.5,0.59
360.0,0.0,0.0,180.0,0.0,1086.0,724.0,28.0,53.85,D4,26.8,0.53
360.0,0.0,0.0,180.0,0.0,1086.0,724.0,28.0,64.18,D4,26.1,0.7
360.0,0.0,0.0,180.0,0.0,1086.0,724.0,28.0,79.42,D4,24.8,0.72
360.0,0.0,0.0,180.0,0.0,1086.0,724.0,28.0,89.33,D4,25.3,0.56
360.0,0.0,0.0,180.0,0.0,1086.0,724.0,28.0,95.74,D4,26.8,0.66
360.0,0.0,0.0,180.0,0.0,1086.0,724.0,28.0,71.29,D4,26.9,0.6
360.0,0.0,0.0,180.0,0.0,1086.0,724.0,28.0,75.44,D4,19.6,0.68
360.0,0.0,0.0,180.0,0.0,1086.0,724.0,28.0,86.42,D4,24.5,0.62
360.0,0.0,0.0,180.0,0.0,1086.0,724.0,28.0,57.72,D4,24.6,0.6
360.0,0.0,0.0,180.0,0.0,1086.0,724.0,28.0,66.64,D4,26.3,0.48
360.0,0.0,0.0,180.0,0.0,1086.0,724.0,28.0,79.48,D4,24.9,0.56
360.0,0.0,0.0,180.0,0.0,1086.0,724.0,28.0,87.25,D4,26.4,0.6
360.0,0.0,0.0,180.0,0.0,1086.0,724.0,28.0,95.68,D4,22.8,0.61
360.0,0.0,0.0,180.0,0.0,1086.0,724.0,28.0,74.68,D4,25.5,0.54
360.0,0.0,0.0,180.0,0.0,1086.0,724.0,28.0,75.43,D4,26.8,0.56
360.0,0.0,0.0,180.0,0.0,1086.0,724.0,28.0,89.02,D4,22.1,0.63
360.0,0.0,0.0,180.0,0.0,1086.0,724.0,28.0,54.81,D4,30.0,0.53
360.0,0.0,0.0,180.0,0.0,1086.0,724.0,28.0,63.8,D4,27.4,0.61
360.0,0.0,0.0,180.0,0.0,1086.0,724.0,28.0,81.83,D4,25.0,0.66
360.0,0.0,0.0,180.0,0.0,1086.0,724.0,28.0,86.18,D4,23.3,0.62
360.0,0.0,0.0,180.0,0.0,1086.0,724.0,28.0,96.52,D4,24.6,0.62
360.0,0.0,0.0,180.0,0.0,1086.0,724.0,28.0,73.69,D4,25.2,0.5
360.0,0.0,0.0,180.0,0.0,1086.0,724.0,28.0,78.68,D4,25.9,0.56
360.0,0.0,0.0,180.0,0.0,1086.0,724.0,28.0,82.86,D4,28.0,0.7
360.0,0.0,0.0,180.0,0.0,1086.0,724.0,28.0,57.55,D4,24.0,0.57
360.0,0.0,0.0,180.0,0.0,1086.0,724.0,28.0,66.14,D4,26.1,0.66
360.0,0.0,0.0,180.0,0.0,1086.0,724.0,28.0,76.05,D4,22.4,0.57
360.0,0.0,0.0,180.0,0.0,1086.0,724.0,28.0,84.94,D4,24.2,0.59
360.0,0.0,0.0,180.0,0.0,1086.0,724.0,28.0,92.78,D4,25.8,0.63
360.0,0.0,0.0,180.0,0.0,1086.0,724.0,28.0,69.46,D4,26.4,0.61
360.0,0.0,0.0,180.0,0.0,1086.0,724.0,28.0,75.28,D4,23.5,0.62
360.0,0.0,0.0,180.0,0.0,1086.0,724.0,28.0,83.94,D4,24.1,0.56
360.0,0.0,0.0,180.0,0.0,1086.0,724.0,28.0,58.23,D4,27.9,0.54
360.0,0.0,0.0,180.0,0.0,1086.0,724.0,28.0,67.36,D4,27.3,0.56
360.0,0.0,0.0,180.0,0.0,1086.0,724.0,28.0,76.2,D4,25.4,0.57
360.0,0.0,0.0,180.0,0.0,1086.0,724.0,28.0,60.23,D4,20.5,0.59
360.0,0.0,0.0,180.0,0.0,1086.0,724.0,28.0,68.37,D4,30.0,0.65
360.0,0.0,0.0,180.0,0.0,1086.0,724.0,28.0,68.7,D4,25.0,0.6
360.0,0.0,0.0,180.0,0.0,1086.0,724.0,28.0,43.92,D4,24.4,0.62
360.0,0.0,0.0,180.0,0.0,1086.0,724.0,28.0,59.31,D4,24.0,0.61
360.0,0.0,0.0,180.0,0.0,1086.0,724.0,28.0,65.98,D4,25.8,0.54
360.0,0.0,0.0,180.0,0.0,1086.0,724.0,28.0,35.45,D4,25.8,0.6
360.0,0.0,0.0,180.0,0.0,1086.0,724.0,28.0,36.93,D4,26.9,0.61
360.0,0.0,0.0,180.0,0.0,1086.0,724.0,28.0,43.19,D4,23.1,0.64
360.0,0.0,0.0,180.0,0.0,1086.0,724.0,28.0,61.39,D4,24.4,0.55
360.0,0.0,0.0,180.0,0.0,1086.0,724.0,28.0,69.7,D4,29.1,0.5
360.0,0.0,0.0,180.0,0.0,1086.0,724.0,28.0,67.28,D4,25.4,0.61
360.0,0.0,0.0,180.0,0.0,1086.0,724.0,28.0,43.37,D4,24.7,0.62
360.0,0.0,0.0,180.0,0.0,1086.0,724.0,28.0,58.24,D4,23.1,0.59
360.0,0.0,0.0,180.0,0.0,1086.0,724.0,28.0,66.34,D4,26.0,0.6
360.0,0.0,0.0,180.0,0.0,1086.0,724.0,28.0,35.65,D4,27.1,0.64
360.0,0.0,0.0,180.0,0.0,1086.0,724.0,28.0,39.02,D4,26.7,0.58
360.0,0.0,0.0,180.0,0.0,1086.0,724.0,28.0,41.36,D4,24.5,0.59
360.0,0.0,0.0,180.0,0.0,1086.0,724.0,28.0,69.21,D4,25.7,0.6
360.0,0.0,0.0,180.0,0.0,1086.0,724.0,28.0,82.17,D4,28.3,0.54
360.0,0.0,0.0,180.0,0.0,1086.0,724.0,28.0,87.67,D4,27.1,0.59
360.0,0.0,0.0,180.0,0.0,1086.0,724.0,28.0,54.55,D4,23.4,0.6
360.0,0.0,0.0,180.0,0.0,1086.0,724.0,28.0,69.5,D4,19.9,0.68
360.0,0.0,0.0,180.0,0.0,1086.0,724.0,28.0,76.61,D4,25.6,0.59
360.0,0.0,0.0,180.0,0.0,1086.0,724.0,28.0,45.58,D4,26.6,0.61
360.0,0.0,0.0,180.0,0.0,1086.0,724.0,28.0,51.41,D4,22.8,0.65
360.0,0.0,0.0,180.0,0.0,1086.0,724.0,28.0,50.45,D4,25.0,0.56
360.0,0.0,0.0,180.0,0.0,1086.0,724.0,28.0,74.52,D4,24.5,0.67
360.0,0.0,0.0,180.0,0.0,1086.0,724.0,28.0,81.18,D4,25.2,0.69
360.0,0.0,0.0,180.0,0.0,1086.0,724.0,28.0,85.73,D4,23.9,0.6
360.0,0.0,0.0,180.0,0.0,1086.0,724.0,28.0,55.49,D4,27.6,0.57
360.0,0.0,0.0,180.0,0.0,1086.0,724.0,28.0,66.54,D4,25.3,0.68
360.0,0.0,0.0,180.0,0.0,1086.0,724.0,28.0,77.93,D4,23.2,0.64
360.0,0.0,0.0,180.0,0.0,1086.0,724.0,28.0,44.45,D4,26.8,0.6
360.0,0.0,0.0,180.0,0.0,1086.0,724.0,28.0,50.66,D4,22.5,0.67
360.0,0.0,0.0,180.0,0.0,1086.0,724.0,28.0,48.16,D4,27.6,0.67
360.0,0.0,0.0,180.0,0.0,1086.0,724.0,28.0,82.06,D4,27.0,0.58
360.0,0.0,0.0,180.0,0.0,1086.0,724.0,28.0,89.84,D4,27.8,0.61
360.0,0.0,0.0,180.0,0.0,1086.0,724.0,28.0,82.51,D4,24.7,0.63
360.0,0.0,0.0,180.0,0.0,1086.0,724.0,28.0,67.41,D4,24.0,0.6
360.0,0.0,0.0,180.0,0.0,1086.0,724.0,28.0,74.19,D4,25.2,0.53
360.0,0.0,0.0,180.0,0.0,1086.0,724.0,28.0,85.32,D4,24.8,0.55
360.0,0.0,0.0,180.0,0.0,1086.0,724.0,28.0,54.89,D4,23.7,0.53
360.0,0.0,0.0,180.0,0.0,1086.0,724.0,28.0,53.2,D4,23.9,0.62
360.0,0.0,0.0,180.0,0.0,1086.0,724.0,28.0,54.55,D4,24.3,0.54
360.0,0.0,0.0,180.0,0.0,1086.0,724.0,28.0,80.17,D4,22.7,0.61
360.0,0.0,0.0,180.0,0.0,1086.0,724.0,28.0,88.96,D4,26.4,0.69
360.0,0.0,0.0,180.0,0.0,1086.0,724.0,28.0,81.74,D4,24.9,0.67
360.0,0.0,0.0,180.0,0.0,1086.0,724.0,28.0,59.87,D4,24.4,0.51
360.0,0.0,0.0,180.0,0.0,1086.0,724.0,28.0,73.76,D4,22.8,0.54
360.0,0.0,0.0,180.0,0.0,1086.0,724.0,28.0,83.6,D4,22.7,0.56
360.0,0.0,0.0,180.0,0.0,1086.0,724.0,28.0,52.68,D4,28.9,0.54
360.0,0.0,0.0,180.0,0.0,1086.0,724.0,28.0,54.05,D4,23.7,0.52
360.0,0.0,0.0,180.0,0.0,1086.0,724.0,28.0,61.28,D4,26.2,0.6
360.0,0.0,0.0,180.0,0.0,1086.0,724.0,28.0,82.89,D4,25.3,0.64
360.0,0.0,0.0,180.0,0.0,1086.0,724.0,28.0,87.99,D4,19.4,0.65
360.0,0.0,0.0,180.0,0.0,1086.0,724.0,28.0,88.51,D4,28.6,0.58
360.0,0.0,0.0,180.0,0.0,1086.0,724.0,28.0,67.24,D4,26.4,0.59
360.0,0.0,0.0,180.0,0.0,1086.0,724.0,28.0,74.4,D4,23.5,0.62
360.0,0.0,0.0,180.0,0.0,1086.0,724.0,28.0,88.43,D4,24.9,0.59
360.0,0.0,0.0,180.0,0.0,1086.0,724.0,28.0,56.12,D4,22.7,0.64
360.0,0.0,0.0,180.0,0.0,1086.0,724.0,28.0,61.59,D4,28.7,0.62
360.0,0.0,0.0,180.0,0.0,1086.0,724.0,28.0,61.45,D4,23.2,0.58
360.0,0.0,0.0,180.0,0.0,1086.0,724.0,28.0,82.89,D4,24.0,0.51
360.0,0.0,0.0,180.0,0.0,1086.0,724.0,28.0,92.17,D4,23.5,0.67
360.0,0.0,0.0,180.0,0.0,1086.0,724.0,28.0,84.29,D4,25.2,0.57
360.0,0.0,0.0,180.0,0.0,1086.0,724.0,28.0,69.77,D4,27.7,0.62
360.0,0.0,0.0,180.0,0.0,1086.0,724.0,28.0,76.67,D4,28.6,0.5
360.0,0.0,0.0,180.0,0.0,1086.0,724.0,28.0,87.16,D4,24.2,0.6
360.0,0.0,0.0,180.0,0.0,1086.0,724.0,28.0,58.22,D4,25.8,0.61
360.0,0.0,0.0,180.0,0.0,1086.0,724.0,28.0,54.51,D4,25.2,0.61
360.0,0.0,0.0,180.0,0.0,1086.0,724.0,28.0,57.68,D4,23.0,0.75
360.0,0.0,0.0,180.0,0.0,1086.0,724.0,28.0,82.11,D4,29.8,0.57
360.0,0.0,0.0,180.0,0.0,1086.0,724.0,28.0,92.43,D4,27.7,0.64
360.0,0.0,0.0,180.0,0.0,1086.0,724.0,28.0,105.75,D4,25.4,0.63
360.0,0.0,0.0,180.0,0.0,1086.0,724.0,28.0,73.42,D4,28.2,0.57
360.0,0.0,0.0,180.0,0.0,1086.0,724.0,28.0,82.73,D4,27.4,0.64
360.0,0.0,0.0,180.0,0.0,1086.0,724.0,28.0,92.99,D4,25.2,0.59
360.0,0.0,0.0,180.0,0.0,1086.0,724.0,28.0,63.02,D4,25.7,0.64
360.0,0.0,0.0,180.0,0.0,1086.0,724.0,28.0,64.7,D4,28.0,0.7
360.0,0.0,0.0,180.0,0.0,1086.0,724.0,28.0,61.61,D4,23.1,0.61
360.0,0.0,0.0,180.0,0.0,1086.0,724.0,28.0,80.91,D4,28.3,0.59
360.0,0.0,0.0,180.0,0.0,1086.0,724.0,28.0,92.03,D4,24.5,0.65
360.0,0.0,0.0,180.0,0.0,1086.0,724.0,28.0,102.17,D4,28.0,0.67
360.0,0.0,0.0,180.0,0.0,1086.0,724.0,28.0,74.16,D4,25.0,0.56
360.0,0.0,0.0,180.0,0.0,1086.0,724.0,28.0,81.13,D4,25.7,0.58
360.0,0.0,0.0,180.0,0.0,1086.0,724.0,28.0,94.35,D4,24.9,0.63
360.0,0.0,0.0,180.0,0.0,1086.0,724.0,28.0,63.02,D4,23.9,0.59
360.0,0.0,0.0,180.0,0.0,1086.0,724.0,28.0,58.66,D4,24.5,0.55
360.0,0.0,0.0,180.0,0.0,1086.0,724.0,28.0,57.65,D4,27.8,0.63
360.0,0.0,0.0,180.0,0.0,1086.0,724.0,28.0,79.31,D4,20.4,0.63
360.0,0.0,0.0,180.0,0.0,1086.0,724.0,28.0,92.64,D4,22.5,0.58
360.0,0.0,0.0,180.0,0.0,1086.0,724.0,28.0,91.27,D4,23.5,0.6
360.0,0.0,0.0,180.0,0.0,1086.0,724.0,28.0,75.32,D4,22.8,0.57
360.0,0.0,0.0,180.0,0.0,1086.0,724.0,28.0,82.47,D4,28.0,0.55
360.0,0.0,0.0,180.0,0.0,1086.0,724.0,28.0,92.67,D4,27.5,0.58
360.0,0.0,0.0,180.0,0.0,1086.0,724.0,28.0,63.44,D4,26.2,0.6
360.0,0.0,0.0,180.0,0.0,1086.0,724.0,28.0,62.28,D4,23.7,0.53
360.0,0.0,0.0,180.0,0.0,1086.0,724.0,28.0,56.35,D4,27.7,0.58
360.0,0.0,0.0,180.0,0.0,1086.0,724.0,28.0,80.37,D4,21.8,0.6
360.0,0.0,0.0,180.0,0.0,1086.0,724.0,28.0,93.26,D4,29.3,0.66
360.0,0.0,0.0,180.0,0.0,1086.0,724.0,28.0,102.78,D4,23.6,0.58
360.0,0.0,0.0,180.0,0.0,1086.0,724.0,28.0,74.08,D4,24.5,0.54
360.0,0.0,0.0,180.0,0.0,1086.0,724.0,28.0,84.44,D4,24.1,0.59
360.0,0.0,0.0,180.0,0.0,1086.0,724.0,28.0,95.8,D4,22.9,0.57
360.0,0.0,0.0,180.0,0.0,1086.0,724.0,28.0,65.27,D4,28.9,0.63
360.0,0.0,0.0,180.0,0.0,1086.0,724.0,28.0,62.21,D4,26.6,0.58
360.0,0.0,0.0,180.0,0.0,1086.0,724.0,28.0,62.24,D4,27.4,0.46
360.0,0.0,0.0,180.0,0.0,1086.0,724.0,28.0,52.87,D4,22.6,0.78
360.0,0.0,0.0,180.0,0.0,1086.0,724.0,28.0,54.65,D4,25.4,0.61
360.0,0.0,0.0,180.0,0.0,1086.0,724.0,28.0,66.4,D4,26.0,0.6
360.0,0.0,0.0,180.0,0.0,1086.0,724.0,28.0,40.13,D4,25.5,0.52
360.0,0.0,0.0,180.0,0.0,1086.0,724.0,28.0,50.61,D4,22.7,0.53
360.0,0.0,0.0,180.0,0.0,1086.0,724.0,28.0,35.52,D4,27.2,0.6
360.0,0.0,0.0,180.0,0.0,1086.0,724.0,28.0,47.84,D4,25.2,0.62
360.0,0.0,0.0,180.0,0.0,1086.0,724.0,28.0,52.41,D4,23.1,0.64
360.0,0.0,0.0,180.0,0.0,1086.0,724.0,28.0,53.88,D4,21.3,0.61
360.0,0.0,0.0,180.0,0.0,1086.0,724.0,28.0,46.15,D4,26.2,0.54
360.0,0.0,0.0,180.0,0.0,1086.0,724.0,28.0,41.74,D4,29.9,0.47
360.0,0.0,0.0,180.0,0.0,1086.0,724.0,28.0,48.08,D4,23.0,0.59
360.0,0.0,0.0,180.0,0.0,1086.0,724.0,28.0,34.5,D4,25.3,0.57
360.0,0.0,0.0,180.0,0.0,1086.0,724.0,28.0,46.63,D4,27.2,0.54
360.0,0.0,0.0,180.0,0.0,1086.0,724.0,28.0,61.7,D4,22.5,0.64
360.0,0.0,0.0,180.0,0.0,1086.0,724.0,28.0,61.64,D4,24.0,0.52
360.0,0.0,0.0,180.0,0.0,1086.0,724.0,28.0,71.15,D4,23.3,0.63
360.0,0.0,0.0,180.0,0.0,1086.0,724.0,28.0,45.83,D4,27.0,0.53
360.0,0.0,0.0,180.0,0.0,1086.0,724.0,28.0,54.37,D4,27.7,0.61
360.0,0.0,0.0,180.0,0.0,1086.0,724.0,28.0,41.68,D4,25.3,0.65
360.0,0.0,0.0,180.0,0.0,1086.0,724.0,28.0,52.7,D4,23.3,0.58
360.0,0.0,0.0,180.0,0.0,1086.0,724.0,28.0,60.68,D4,24.1,0.68
360.0,0.0,0.0,180.0,0.0,1086.0,724.0,28.0,62.79,D4,23.7,0.7
360.0,0.0,0.0,180.0,0.0,1086.0,724.0,28.0,61.39,D4,23.0,0.61
360.0,0.0,0.0,180.0,0.0,1086.0,724.0,28.0,47.55,D4,24.8,0.63
360.0,0.0,0.0,180.0,0.0,1086.0,724.0,28.0,52.25,D4,26.1,0.65
360.0,0.0,0.0,180.0,0.0,1086.0,724.0,28.0,40.43,D4,26.0,0.63
360.0,0.0,0.0,180.0,0.0,1086.0,724.0,28.0,51.03,D4,25.0,0.62
360.0,0.0,0.0,180.0,0.0,1086.0,724.0,28.0,66.39,D4,25.1,0.57
360.0,0.0,0.0,180.0,0.0,1086.0,724.0,28.0,69.95,D4,24.8,0.52
360.0,0.0,0.0,180.0,0.0,1086.0,724.0,28.0,81.61,D4,22.4,0.53
360.0,0.0,0.0,180.0,0.0,1086.0,724.0,28.0,50.55,D4,25.3,0.72
360.0,0.0,0.0,180.0,0.0,1086.0,724.0,28.0,58.78,D4,23.8,0.62
360.0,0.0,0.0,180.0,0.0,1086.0,724.0,28.0,46.01,D4,22.3,0.59
360.0,0.0,0.0,180.0,0.0,1086.0,724.0,28.0,56.92,D4,25.7,0.66
360.0,0.0,0.0,180.0,0.0,1086.0,724.0,28.0,69.69,D4,23.8,0.56
360.0,0.0,0.0,180.0,0.0,1086.0,724.0,28.0,70.91,D4,25.5,0.63
360.0,0.0,0.0,180.0,0.0,1086.0,724.0,28.0,63.86,D4,26.7,0.6
360.0,0.0,0.0,180.0,0.0,1086.0,724.0,28.0,52.08,D4,23.1,0.62
360.0,0.0,0.0,180.0,0.0,1086.0,724.0,28.0,57.78,D4,25.2,0.58
360.0,0.0,0.0,180.0,0.0,1086.0,724.0,28.0,48.13,D4,21.4,0.55
360.0,0.0,0.0,180.0,0.0,1086.0,724.0,28.0,57.37,D4,28.1,0.56
360.0,0.0,0.0,180.0,0.0,1086.0,724.0,28.0,74.15,D4,22.3,0.56
360.0,0.0,0.0,180.0,0.0,1086.0,724.0,28.0,74.84,D4,24.0,0.6
360.0,0.0,0.0,180.0,0.0,1086.0,724.0,28.0,73.82,D4,27.7,0.52
360.0,0.0,0.0,180.0,0.0,1086.0,724.0,28.0,55.67,D4,24.5,0.54
360.0,0.0,0.0,180.0,0.0,1086.0,724.0,28.0,64.17,D4,22.6,0.61
360.0,0.0,0.0,180.0,0.0,1086.0,724.0,28.0,49.99,D4,26.4,0.59
360.0,0.0,0.0,180.0,0.0,1086.0,724.0,28.0,60.18,D4,26.4,0.61
360.0,0.0,0.0,180.0,0.0,1086.0,724.0,28.0,71.29,D4,23.7,0.6
360.0,0.0,0.0,180.0,0.0,1086.0,724.0,28.0,73.53,D4,24.0,0.73
360.0,0.0,0.0,180.0,0.0,1086.0,724.0,28.0,69.5,D4,24.1,0.61
360.0,0.0,0.0,180.0,0.0,1086.0,724.0,28.0,55.13,D4,24.6,0.58
360.0,0.0,0.0,180.0,0.0,1086.0,724.0,28.0,65.85,D4,21.2,0.61
360.0,0.0,0.0,180.0,0.0,1086.0,724.0,28.0,49.76,D4,24.6,0.65
360.0,0.0,0.0,180.0,0.0,1086.0,724.0,28.0,64.32,D4,28.6,0.6
360.0,0.0,0.0,180.0,0.0,1086.0,724.0,28.0,69.21,D4,23.2,0.63
360.0,0.0,0.0,180.0,0.0,1086.0,724.0,28.0,71.19,D4,23.8,0.62
360.0,0.0,0.0,180.0,0.0,1086.0,724.0,28.0,88.09,D4,22.6,0.59
360.0,0.0,0.0,180.0,0.0,1086.0,724.0,28.0,58.33,D4,26.2,0.61
360.0,0.0,0.0,180.0,0.0,1086.0,724.0,28.0,65.73,D4,27.4,0.68
360.0,0.0,0.0,180.0,0.0,1086.0,724.0,28.0,53.5,D4,27.4,0.61
360.0,0.0,0.0,180.0,0.0,1086.0,724.0,28.0,69.72,D4,22.5,0.55
360.0,0.0,0.0,180.0,0.0,1086.0,724.0,28.0,70.37,D4,26.0,0.58
360.0,0.0,0.0,180.0,0.0,1086.0,724.0,28.0,74.25,D4,27.9,0.49
360.0,0.0,0.0,180.0,0.0,1086.0,724.0,28.0,66.29,D4,26.0,0.61
360.0,0.0,0.0,180.0,0.0,1086.0,724.0,28.0,56.8,D4,26.0,0.67
360.0,0.0,0.0,180.0,0.0,1086.0,724.0,28.0,67.05,D4,24.1,0.53
360.0,0.0,0.0,180.0,0.0,1086.0,724.0,28.0,55.54,D4,25.4,0.61
360.0,0.0,0.0,180.0,0.0,1086.0,724.0,28.0,69.66,D4,27.5,0.65
360.0,0.0,0.0,180.0,0.0,1086.0,724.0,28.0,70.31,D4,25.7,0.65
360.0,0.0,0.0,180.0,0.0,1086.0,724.0,28.0,78.31,D4,22.5,0.66
360.0,0.0,0.0,180.0,0.0,1086.0,724.0,28.0,74.89,D4,24.1,0.51
360.0,0.0,0.0,180.0,0.0,1086.0,724.0,28.0,64.19,D4,27.4,0.63
360.0,0.0,0.0,180.0,0.0,1086.0,724.0,28.0,74.23,D4,25.6,0.52
360.0,0.0,0.0,180.0,0.0,1086.0,724.0,28.0,70.71,D4,25.2,0.55
360.0,0.0,0.0,180.0,0.0,1086.0,724.0,28.0,75.29,D4,23.9,0.64
360.0,0.0,0.0,180.0,0.0,1086.0,724.0,28.0,94.38,D4,27.4,0.61
360.0,0.0,0.0,180.0,0.0,1086.0,724.0,28.0,61.87,D4,28.3,0.64
360.0,0.0,0.0,180.0,0.0,1086.0,724.0,28.0,68.74,D4,27.5,0.55
360.0,0.0,0.0,180.0,0.0,1086.0,724.0,28.0,38.11,D4,27.9,0.67
360.0,0.0,0.0,180.0,0.0,1086.0,724.0,28.0,32.99,D4,24.3,0.63
360.0,0.0,0.0,180.0,0.0,1086.0,724.0,28.0,40.23,D4,24.0,0.64
360.0,0.0,0.0,180.0,0.0,1086.0,724.0,28.0,30.51,D4,24.7,0.55
360.0,0.0,0.0,180.0,0.0,1086.0,724.0,28.0,31.88,D4,25.1,0.66
360.0,0.0,0.0,180.0,0.0,1086.0,724.0,28.0,38.07,D4,27.9,0.58
360.0,0.0,0.0,180.0,0.0,1086.0,724.0,28.0,25.47,D4,27.3,0.57
360.0,0.0,0.0,180.0,0.0,1086.0,724.0,28.0,28.14,D4,26.1,0.63
360.0,0.0,0.0,180.0,0.0,1086.0,724.0,28.0,27.99,D4,22.1,0.63
360.0,0.0,0.0,180.0,0.0,1086.0,724.0,28.0,37.37,D4,21.6,0.56
360.0,0.0,0.0,180.0,0.0,1086.0,724.0,28.0,34.8,D4,25.5,0.7
360.0,0.0,0.0,180.0,0.0,1086.0,724.0,28.0,40.09,D4,26.8,0.69
360.0,0.0,0.0,180.0,0.0,1086.0,724.0,28.0,30.2,D4,24.8,0.63
360.0,0.0,0.0,180.0,0.0,1086.0,724.0,28.0,32.36,D4,28.8,0.62
360.0,0.0,0.0,180.0,0.0,1086.0,724.0,28.0,42.14,D4,22.8,0.62
360.0,0.0,0.0,180.0,0.0,1086.0,724.0,28.0,27.78,D4,22.6,0.52
360.0,0.0,0.0,180.0,0.0,1086.0,724.0,28.0,27.79,D4,23.7,0.61
360.0,0.0,0.0,180.0,0.0,1086.0,724.0,28.0,24.35,D4,23.6,0.6
360.0,0.0,0.0,180.0,0.0,1086.0,724.0,28.0,47.99,D4,26.1,0.57
360.0,0.0,0.0,180.0,0.0,1086.0,724.0,28.0,45.62,D4,24.2,0.58
360.0,0.0,0.0,180.0,0.0,1086.0,724.0,28.0,62.05,D4,21.9,0.48
360.0,0.0,0.0,180.0,0.0,1086.0,724.0,28.0,45.02,D4,26.8,0.55
360.0,0.0,0.0,180.0,0.0,1086.0,724.0,28.0,49.88,D4,21.5,0.65
360.0,0.0,0.0,180.0,0.0,1086.0,724.0,28.0,55.26,D4,22.9,0.69
360.0,0.0,0.0,180.0,0.0,1086.0,724.0,28.0,35.88,D4,21.8,0.55
360.0,0.0,0.0,180.0,0.0,1086.0,724.0,28.0,37.88,D4,25.4,0.61
360.0,0.0,0.0,180.0,0.0,1086.0,724.0,28.0,39.78,D4,25.4,0.65
360.0,0.0,0.0,180.0,0.0,1086.0,724.0,28.0,50.99,D4,28.8,0.57
360.0,0.0,0.0,180.0,0.0,1086.0,724.0,28.0,43.9,D4,26.8,0.63
360.0,0.0,0.0,180.0,0.0,1086.0,724.0,28.0,62.76,D4,27.9,0.6
360.0,0.0,0.0,180.0,0.0,1086.0,724.0,28.0,46.12,D4,25.6,0.66
360.0,0.0,0.0,180.0,0.0,1086.0,724.0,28.0,49.88,D4,23.0,0.54
360.0,0.0,0.0,180.0,0.0,1086.0,724.0,28.0,56.64,D4,25.3,0.54
360.0,0.0,0.0,180.0,0.0,1086.0,724.0,28.0,34.83,D4,26.2,0.61
360.0,0.0,0.0,180.0,0.0,1086.0,724.0,28.0,39.17,D4,26.4,0.6
360.0,0.0,0.0,180.0,0.0,1086.0,724.0,28.0,38.99,D4,24.1,0.6
360.0,0.0,0.0,180.0,0.0,1086.0,724.0,28.0,57.4,D4,26.0,0.63
360.0,0.0,0.0,180.0,0.0,1086.0,724.0,28.0,57.18,D4,23.1,0.55
360.0,0.0,0.0,180.0,0.0,1086.0,724.0,28.0,63.94,D4,22.9,0.53
360.0,0.0,0.0,180.0,0.0,1086.0,724.0,28.0,53.06,D4,22.8,0.57
360.0,0.0,0.0,180.0,0.0,1086.0,724.0,28.0,54.39,D4,25.0,0.58
360.0,0.0,0.0,180.0,0.0,1086.0,724.0,28.0,69.22,D4,22.6,0.59
360.0,0.0,0.0,180.0,0.0,1086.0,724.0,28.0,42.56,D4,24.2,0.66
360.0,0.0,0.0,180.0,0.0,1086.0,724.0,28.0,45.31,D4,26.8,0.64
360.0,0.0,0.0,180.0,0.0,1086.0,724.0,28.0,54.92,D4,22.9,0.63
360.0,0.0,0.0,180.0,0.0,1086.0,724.0,28.0,52.58,D4,24.0,0.61
360.0,0.0,0.0,180.0,0.0,1086.0,724.0,28.0,64.8,D4,25.1,0.58
360.0,0.0,0.0,180.0,0.0,1086.0,724.0,28.0,52.51,D4,25.5,0.56
360.0,0.0,0.0,180.0,0.0,1086.0,724.0,28.0,59.97,D4,24.0,0.54
360.0,0.0,0.0,180.0,0.0,1086.0,724.0,28.0,70.41,D4,26.6,0.57
360.0,0.0,0.0,180.0,0.0,1086.0,724.0,28.0,40.71,D4,26.2,0.6
360.0,0.0,0.0,180.0,0.0,1086.0,724.0,28.0,47.11,D4,27.3,0.54
360.0,0.0,0.0,180.0,0.0,1086.0,724.0,28.0,62.59,D4,24.8,0.61
360.0,0.0,0.0,180.0,0.0,1086.0,724.0,28.0,57.57,D4,24.0,0.59
360.0,0.0,0.0,180.0,0.0,1086.0,724.0,28.0,67.34,D4,23.6,0.58
360.0,0.0,0.0,180.0,0.0,1086.0,724.0,28.0,54.85,D4,25.6,0.66
360.0,0.0,0.0,180.0,0.0,1086.0,724.0,28.0,63.85,D4,24.2,0.48
360.0,0.0,0.0,180.0,0.0,1086.0,724.0,28.0,78.3,D4,23.9,0.58
360.0,0.0,0.0,180.0,0.0,1086.0,724.0,28.0,49.4,D4,24.1,0.48
360.0,0.0,0.0,180.0,0.0,1086.0,724.0,28.0,51.16,D4,23.6,0.61
360.0,0.0,0.0,180.0,0.0,1086.0,724.0,28.0,53.5,D4,25.4,0.64
360.0,0.0,0.0,180.0,0.0,1086.0,724.0,28.0,64.61,D4,22.2,0.53
360.0,0.0,0.0,180.0,0.0,1086.0,724.0,28.0,56.49,D4,25.6,0.54
360.0,0.0,0.0,180.0,0.0,1086.0,724.0,28.0,67.84,D4,26.4,0.52
360.0,0.0,0.0,180.0,0.0,1086.0,724.0,28.0,54.35,D4,23.8,0.6
360.0,0.0,0.0,180.0,0.0,1086.0,724.0,28.0,60.09,D4,28.8,0.58
360.0,0.0,0.0,180.0,0.0,1086.0,724.0,28.0,77.89,D4,25.0,0.59
360.0,0.0,0.0,180.0,0.0,1086.0,724.0,28.0,46.92,D4,21.9,0.58
360.0,0.0,0.0,180.0,0.0,1086.0,724.0,28.0,51.33,D4,24.4,0.55
360.0,0.0,0.0,180.0,0.0,1086.0,724.0,28.0,53.77,D4,25.1,0.66
360.0,0.0,0.0,180.0,0.0,1086.0,724.0,28.0,65.75,D4,25.9,0.61
360.0,0.0,0.0,180.0,0.0,1086.0,724.0,28.0,67.85,D4,24.5,0.54
360.0,0.0,0.0,180.0,0.0,1086.0,724.0,28.0,84.51,D4,23.0,0.56
360.0,0.0,0.0,180.0,0.0,1086.0,724.0,28.0,57.29,D4,22.8,0.56
360.0,0.0,0.0,180.0,0.0,1086.0,724.0,28.0,62.83,D4,23.7,0.67
360.0,0.0,0.0,180.0,0.0,1086.0,724.0,28.0,85.37,D4,23.9,0.64
360.0,0.0,0.0,180.0,0.0,1086.0,724.0,28.0,51.36,D4,22.7,0.59
360.0,0.0,0.0,180.0,0.0,1086.0,724.0,28.0,54.08,D4,23.5,0.69
360.0,0.0,0.0,180.0,0.0,1086.0,724.0,28.0,59.47,D4,26.3,0.67
360.0,0.0,0.0,180.0,0.0,1086.0,724.0,28.0,68.87,D4,28.3,0.59
360.0,0.0,0.0,180.0,0.0,1086.0,724.0,28.0,64.55,D4,26.5,0.58
360.0,0.0,0.0,180.0,0.0,1086.0,724.0,28.0,75.07,D4,27.6,0.58
360.0,0.0,0.0,180.0,0.0,1086.0,724.0,28.0,60.42,D4,26.9,0.55
360.0,0.0,0.0,180.0,0.0,1086.0,724.0,28.0,68.9,D4,26.7,0.69
360.0,0.0,0.0,180.0,0.0,1086.0,724.0,28.0,81.49,D4,24.3,0.55
360.0,0.0,0.0,180.0,0.0,1086.0,724.0,28.0,52.85,D4,25.3,0.64
360.0,0.0,0.0,180.0,0.0,1086.0,724.0,28.0,55.48,D4,24.2,0.63
360.0,0.0,0.0,180.0,0.0,1086.0,724.0,28.0,58.08,D4,24.6,0.58
360.0,0.0,0.0,180.0,0.0,1086.0,724.0,28.0,70.56,D4,25.1,0.69
360.0,0.0,0.0,180.0,0.0,1086.0,724.0,28.0,69.19,D4,26.4,0.52
360.0,0.0,0.0,180.0,0.0,1086.0,724.0,28.0,80.13,D4,25.8,0.6
360.0,0.0,0.0,180.0,0.0,1086.0,724.0,28.0,61.55,D4,24.7,0.58
360.0,0.0,0.0,180.0,0.0,1086.0,724.0,28.0,71.9,D4,25.1,0.65
360.0,0.0,0.0,180.0,0.0,1086.0,724.0,28.0,88.15,D4,25.9,0.62
360.0,0.0,0.0,180.0,0.0,1086.0,724.0,28.0,54.73,D4,26.3,0.51
360.0,0.0,0.0,180.0,0.0,1086.0,724.0,28.0,59.16,D4,22.0,0.66
360.0,0.0,0.0,180.0,0.0,1086.0,724.0,28.0,60.57,D4,22.8,0.62
360.0,0.0,0.0,180.0,0.0,1086.0,724.0,28.0,71.0,D4,27.2,0.55
360.0,0.0,0.0,180.0,0.0,1086.0,724.0,28.0,70.32,D4,24.9,0.58
360.0,0.0,0.0,180.0,0.0,1086.0,724.0,28.0,90.1,D4,24.2,0.54
360.0,0.0,0.0,180.0,0.0,1086.0,724.0,28.0,62.03,D4,24.5,0.59
360.0,0.0,0.0,180.0,0.0,1086.0,724.0,28.0,67.32,D4,24.5,0.61
360.0,0.0,0.0,180.0,0.0,1086.0,724.0,28.0,87.72,D4,26.1,0.58
360.0,0.0,0.0,180.0,0.0,1086.0,724.0,28.0,52.88,D4,22.8,0.58
360.0,0.0,0.0,180.0,0.0,1086.0,724.0,28.0,58.55,D4,25.0,0.52
360.0,0.0,0.0,180.0,0.0,1086.0,724.0,28.0,58.65,D4,25.5,0.62
360.0,0.0,0.0,180.0,0.0,1086.0,724.0,28.0,33.55,D4,25.8,0.5
360.0,0.0,0.0,180.0,0.0,1086.0,724.0,28.0,36.02,D4,25.4,0.6
360.0,0.0,0.0,180.0,0.0,1086.0,724.0,28.0,37.76,D4,26.0,0.51
360.0,0.0,0.0,180.0,0.0,1086.0,724.0,28.0,23.25,D4,23.9,0.6
360.0,0.0,0.0,180.0,0.0,1086.0,724.0,28.0,36.77,D4,23.1,0.6
360.0,0.0,0.0,180.0,0.0,1086.0,724.0,28.0,34.08,D4,29.9,0.62
360.0,0.0,0.0,180.0,0.0,1086.0,724.0,28.0,15.26,D4,24.4,0.64
360.0,0.0,0.0,180.0,0.0,1086.0,724.0,28.0,19.38,D4,24.6,0.65
360.0,0.0,0.0,180.0,0.0,1086.0,724.0,28.0,21.7,D4,26.4,0.52
360.0,0.0,0.0,180.0,0.0,1086.0,724.0,28.0,32.21,D4,28.2,0.6
360.0,0.0,0.0,180.0,0.0,1086.0,724.0,28.0,37.57,D4,23.9,0.7
360.0,0.0,0.0,180.0,0.0,1086.0,724.0,28.0,40.68,D4,23.0,0.61
360.0,0.0,0.0,180.0,0.0,1086.0,724.0,28.0,23.17,D4,22.5,0.56
360.0,0.0,0.0,180.0,0.0,1086.0,724.0,28.0,35.95,D4,28.2,0.6
360.0,0.0,0.0,180.0,0.0,1086.0,724.0,28.0,33.54,D4,22.9,0.58
360.0,0.0,0.0,180.0,0.0,1086.0,724.0,28.0,15.66,D4,24.9,0.54
360.0,0.0,0.0,180.0,0.0,1086.0,724.0,28.0,20.28,D4,23.0,0.64
360.0,0.0,0.0,180.0,0.0,1086.0,724.0,28.0,24.38,D4,22.1,0.63
360.0,0.0,0.0,180.0,0.0,1086.0,724.0,28.0,40.48,D4,24.4,0.53
360.0,0.0,0.0,180.0,0.0,1086.0,724.0,28.0,51.44,D4,23.1,0.6
360.0,0.0,0.0,180.0,0.0,1086.0,724.0,28.0,49.28,D4,23.6,0.57
360.0,0.0,0.0,180.0,0.0,1086.0,724.0,28.0,31.97,D4,29.0,0.52
360.0,0.0,0.0,180.0,0.0,1086.0,724.0,28.0,40.66,D4,25.8,0.53
360.0,0.0,0.0,180.0,0.0,1086.0,724.0,28.0,45.5,D4,26.9,0.54
360.0,0.0,0.0,180.0,0.0,1086.0,724.0,28.0,22.82,D4,26.6,0.6
360.0,0.0,0.0,180.0,0.0,1086.0,724.0,28.0,28.55,D4,24.8,0.58
360.0,0.0,0.0,180.0,0.0,1086.0,724.0,28.0,30.01,D4,24.1,0.55
360.0,0.0,0.0,180.0,0.0,1086.0,724.0,28.0,39.41,D4,25.5,0.58
360.0,0.0,0.0,180.0,0.0,1086.0,724.0,28.0,49.77,D4,25.3,0.64
360.0,0.0,0.0,180.0,0.0,1086.0,724.0,28.0,50.89,D4,23.9,0.62
360.0,0.0,0.0,180.0,0.0,1086.0,724.0,28.0,31.49,D4,25.3,0.65
360.0,0.0,0.0,180.0,0.0,1086.0,724.0,28.0,40.43,D4,23.6,0.59
360.0,0.0,0.0,180.0,0.0,1086.0,724.0,28.0,43.53,D4,24.7,0.68
360.0,0.0,0.0,180.0,0.0,1086.0,724.0,28.0,22.35,D4,24.3,0.62
360.0,0.0,0.0,180.0,0.0,1086.0,724.0,28.0,28.05,D4,22.5,0.58
360.0,0.0,0.0,180.0,0.0,1086.0,724.0,28.0,36.6,D4,20.3,0.6
360.0,0.0,0.0,180.0,0.0,1086.0,724.0,28.0,47.1,D4,23.1,0.54
360.0,0.0,0.0,180.0,0.0,1086.0,724.0,28.0,55.83,D4,28.6,0.58
360.0,0.0,0.0,180.0,0.0,1086.0,724.0,28.0,60.76,D4,24.4,0.62
360.0,0.0,0.0,180.0,0.0,1086.0,724.0,28.0,38.42,D4,26.6,0.63
360.0,0.0,0.0,180.0,0.0,1086.0,724.0,28.0,51.84,D4,20.8,0.58
360.0,0.0,0.0,180.0,0.0,1086.0,724.0,28.0,49.4,D4,23.0,0.74
360.0,0.0,0.0,180.0,0.0,1086.0,724.0,28.0,29.01,D4,22.3,0.59
360.0,0.0,0.0,180.0,0.0,1086.0,724.0,28.0,36.9,D4,24.6,0.52
360.0,0.0,0.0,180.0,0.0,1086.0,724.0,28.0,43.06,D4,29.8,0.66
360.0,0.0,0.0,180.0,0.0,1086.0,724.0,28.0,47.29,D4,25.9,0.63
360.0,0.0,0.0,180.0,0.0,1086.0,724.0,28.0,56.72,D4,28.4,0.61
360.0,0.0,0.0,180.0,0.0,1086.0,724.0,28.0,59.53,D4,24.5,0.58
360.0,0.0,0.0,180.0,0.0,1086.0,724.0,28.0,38.71,D4,27.7,0.62
360.0,0.0,0.0,180.0,0.0,1086.0,724.0,28.0,49.55,D4,29.1,0.68
360.0,0.0,0.0,180.0,0.0,1086.0,724.0,28.0,54.55,D4,24.8,0.61
360.0,0.0,0.0,180.0,0.0,1086.0,724.0,28.0,26.51,D4,23.9,0.53
360.0,0.0,0.0,180.0,0.0,1086.0,724.0,28.0,33.72,D4,22.4,0.43
360.0,0.0,0.0,180.0,0.0,1086.0,724.0,28.0,38.99,D4,24.4,0.62
360.0,0.0,0.0,180.0,0.0,1086.0,724.0,28.0,48.55,D4,25.2,0.55
360.0,0.0,0.0,180.0,0.0,1086.0,724.0,28.0,64.77,D4,29.1,0.6
360.0,0.0,0.0,180.0,0.0,1086.0,724.0,28.0,65.18,D4,22.4,0.56
360.0,0.0,0.0,180.0,0.0,1086.0,724.0,28.0,41.8,D4,25.1,0.56
360.0,0.0,0.0,180.0,0.0,1086.0,724.0,28.0,53.9,D4,21.4,0.56
360.0,0.0,0.0,180.0,0.0,1086.0,724.0,28.0,59.15,D4,24.1,0.57
360.0,0.0,0.0,180.0,0.0,1086.0,724.0,28.0,31.48,D4,25.6,0.64
360.0,0.0,0.0,180.0,0.0,1086.0,724.0,28.0,40.43,D4,26.0,0.63
360.0,0.0,0.0,180.0,0.0,1086.0,724.0,28.0,45.11,D4,26.2,0.54
360.0,0.0,0.0,180.0,0.0,1086.0,724.0,28.0,53.86,D4,25.8,0.55
360.0,0.0,0.0,180.0,0.0,1086.0,724.0,28.0,64.06,D4,26.2,0.62
360.0,0.0,0.0,180.0,0.0,1086.0,724.0,28.0,71.32,D4,25.1,0.65
360.0,0.0,0.0,180.0,0.0,1086.0,724.0,28.0,43.77,D4,22.9,0.65
360.0,0.0,0.0,180.0,0.0,1086.0,724.0,28.0,54.39,D4,21.3,0.55
360.0,0.0,0.0,180.0,0.0,1086.0,724.0,28.0,61.49,D4,23.9,0.65
360.0,0.0,0.0,180.0,0.0,1086.0,724.0,28.0,32.34,D4,24.7,0.51
360.0,0.0,0.0,180.0,0.0,1086.0,724.0,28.0,39.85,D4,27.5,0.59
360.0,0.0,0.0,180.0,0.0,1086.0,724.0,28.0,45.98,D4,24.8,0.62
360.0,0.0,0.0,180.0,0.0,1086.0,724.0,28.0,57.53,D4,24.6,0.5
360.0,0.0,0.0,180.0,0.0,1086.0,724.0,28.0,66.39,D4,25.8,0.7
360.0,0.0,0.0,180.0,0.0,1086.0,724.0,28.0,73.21,D4,24.5,0.67
360.0,0.0,0.0,180.0,0.0,1086.0,724.0,28.0,45.96,D4,26.6,0.63
360.0,0.0,0.0,180.0,0.0,1086.0,724.0,28.0,61.62,D4,29.0,0.55
360.0,0.0,0.0,180.0,0.0,1086.0,724.0,28.0,64.92,D4,29.4,0.6
360.0,0.0,0.0,180.0,0.0,1086.0,724.0,28.0,34.88,D4,25.2,0.64
360.0,0.0,0.0,180.0,0.0,1086.0,724.0,28.0,43.47,D4,25.7,0.54
360.0,0.0,0.0,180.0,0.0,1086.0,724.0,28.0,47.46,D4,28.2,0.59
360.0,0.0,0.0,180.0,0.0,1086.0,724.0,28.0,54.6,D4,24.7,0.65
360.0,0.0,0.0,180.0,0.0,1086.0,724.0,28.0,67.99,D4,26.4,0.53
360.0,0.0,0.0,180.0,0.0,1086.0,724.0,28.0,72.36,D4,22.7,0.62
360.0,0.0,0.0,180.0,0.0,1086.0,724.0,28.0,41.98,D4,24.4,0.51
360.0,0.0,0.0,180.0,0.0,1086.0,724.0,28.0,62.43,D4,27.3,0.55
360.0,0.0,0.0,180.0,0.0,1086.0,724.0,28.0,62.41,D4,23.6,0.57
360.0,0.0,0.0,180.0,0.0,1086.0,724.0,28.0,35.34,D4,24.7,0.63
360.0,0.0,0.0,180.0,0.0,1086.0,724.0,28.0,41.7,D4,21.9,0.56
360.0,0.0,0.0,180.0,0.0,1086.0,724.0,28.0,52.16,D4,29.0,0.61
360.0,0.0,0.0,180.0,0.0,1086.0,724.0,28.0,59.25,D4,27.5,0.57
360.0,0.0,0.0,180.0,0.0,1086.0,724.0,28.0,75.41,D4,25.4,0.57
360.0,0.0,0.0,180.0,0.0,1086.0,724.0,28.0,80.21,D4,26.0,0.66
360.0,0.0,0.0,180.0,0.0,1086.0,724.0,28.0,50.65,D4,25.8,0.54
360.0,0.0,0.0,180.0,0.0,1086.0,724.0,28.0,68.68,D4,27.8,0.64
360.0,0.0,0.0,180.0,0.0,1086.0,724.0,28.0,37.89,D4,24.0,0.6
360.0,0.0,0.0,180.0,0.0,1086.0,724.0,28.0,45.5,D4,26.5,0.57
360.0,0.0,0.0,180.0,0.0,1086.0,724.0,28.0,58.82,D4,27.2,0.54
360.0,0.0,0.0,180.0,0.0,1086.0,724.0,28.0,58.81,D4,27.4,0.54
360.0,0.0,0.0,180.0,0.0,1086.0,724.0,28.0,73.39,D4,20.5,0.56
360.0,0.0,0.0,180.0,0.0,1086.0,724.0,28.0,73.48,D4,23.8,0.59
360.0,0.0,0.0,180.0,0.0,1086.0,724.0,28.0,51.84,D4,23.0,0.63
360.0,0.0,0.0,180.0,0.0,1086.0,724.0,28.0,61.72,D4,25.3,0.58
360.0,0.0,0.0,180.0,0.0,1086.0,724.0,28.0,36.6,D4,21.0,0.59
360.0,0.0,0.0,180.0,0.0,1086.0,724.0,28.0,43.45,D4,20.9,0.6
360.0,0.0,0.0,180.0,0.0,1086.0,724.0,28.0,55.02,D4,29.3,0.62
360.0,0.0,0.0,180.0,0.0,1086.0,724.0,28.0,47.4,D4,26.2,0.63
360.0,0.0,0.0,180.0,0.0,1086.0,724.0,28.0,48.21,D4,25.2,0.53
360.0,0.0,0.0,180.0,0.0,1086.0,724.0,28.0,56.53,D4,25.7,0.59
360.0,0.0,0.0,180.0,0.0,1086.0,724.0,28.0,40.37,D4,25.3,0.66
360.0,0.0,0.0,180.0,0.0,1086.0,724.0,28.0,39.59,D4,27.0,0.53
360.0,0.0,0.0,180.0,0.0,1086.0,724.0,28.0,44.98,D4,23.7,0.6
360.0,0.0,0.0,180.0,0.0,1086.0,724.0,28.0,21.85,D4,25.4,0.59
360.0,0.0,0.0,180.0,0.0,1086.0,724.0,28.0,25.52,D4,25.5,0.57
360.0,0.0,0.0,180.0,0.0,1086.0,724.0,28.0,35.15,D4,22.9,0.68
360.0,0.0,0.0,180.0,0.0,1086.0,724.0,28.0,47.7,D4,27.6,0.6
360.0,0.0,0.0,180.0,0.0,1086.0,724.0,28.0,55.27,D4,24.1,0.68
360.0,0.0,0.0,180.0,0.0,1086.0,724.0,28.0,37.85,D4,27.0,0.6
360.0,0.0,0.0,180.0,0.0,1086.0,724.0,28.0,39.9,D4,25.2,0.62
360.0,0.0,0.0,180.0,0.0,1086.0,724.0,28.0,44.02,D4,28.3,0.57
360.0,0.0,0.0,180.0,0.0,1086.0,724.0,28.0,21.7,D4,22.9,0.57
360.0,0.0,0.0,180.0,0.0,1086.0,724.0,28.0,23.79,D4,22.8,0.62
360.0,0.0,0.0,180.0,0.0,1086.0,724.0,28.0,31.92,D4,23.2,0.62
360.0,0.0,0.0,180.0,0.0,1086.0,724.0,28.0,59.46,D4,25.3,0.63
360.0,0.0,0.0,180.0,0.0,1086.0,724.0,28.0,67.11,D4,28.1,0.62
360.0,0.0,0.0,180.0,0.0,1086.0,724.0,28.0,74.21,D4,28.2,0.53
360.0,0.0,0.0,180.0,0.0,1086.0,724.0,28.0,52.67,D4,20.4,0.56
360.0,0.0,0.0,180.0,0.0,1086.0,724.0,28.0,54.18,D4,25.5,0.64
360.0,0.0,0.0,180.0,0.0,1086.0,724.0,28.0,66.02,D4,18.6,0.5
360.0,0.0,0.0,180.0,0.0,1086.0,724.0,28.0,31.26,D4,26.6,0.61
360.0,0.0,0.0,180.0,0.0,1086.0,724.0,28.0,42.88,D4,27.2,0.59
360.0,0.0,0.0,180.0,0.0,1086.0,724.0,28.0,57.56,D4,24.9,0.64
360.0,0.0,0.0,180.0,0.0,1086.0,724.0,28.0,62.97,D4,25.2,0.62
360.0,0.0,0.0,180.0,0.0,1086.0,724.0,28.0,66.12,D4,25.1,0.57
360.0,0.0,0.0,180.0,0.0,1086.0,724.0,28.0,73.52,D4,23.4,0.56
360.0,0.0,0.0,180.0,0.0,1086.0,724.0,28.0,52.58,D4,25.9,0.57
360.0,0.0,0.0,180.0,0.0,1086.0,724.0,28.0,55.22,D4,24.5,0.63
360.0,0.0,0.0,180.0,0.0,1086.0,724.0,28.0,62.2,D4,26.9,0.48
360.0,0.0,0.0,180.0,0.0,1086.0,724.0,28.0,34.42,D4,24.8,0.61
360.0,0.0,0.0,180.0,0.0,1086.0,724.0,28.0,43.84,D4,23.3,0.56
360.0,0.0,0.0,180.0,0.0,1086.0,724.0,28.0,55.84,D4,21.9,0.61
360.0,0.0,0.0,180.0,0.0,1086.0,724.0,28.0,74.08,D4,21.3,0.62
360.0,0.0,0.0,180.0,0.0,1086.0,724.0,28.0,75.79,D4,27.6,0.52
360.0,0.0,0.0,180.0,0.0,1086.0,724.0,28.0,82.4,D4,24.1,0.59
360.0,0.0,0.0,180.0,0.0,1086.0,724.0,28.0,61.94,D4,25.7,0.61
360.0,0.0,0.0,180.0,0.0,1086.0,724.0,28.0,67.3,D4,28.6,0.6
360.0,0.0,0.0,180.0,0.0,1086.0,724.0,28.0,74.71,D4,23.9,0.59
360.0,0.0,0.0,180.0,0.0,1086.0,724.0,28.0,42.51,D4,23.7,0.54
360.0,0.0,0.0,180.0,0.0,1086.0,724.0,28.0,51.89,D4,24.7,0.55
360.0,0.0,0.0,180.0,0.0,1086.0,724.0,28.0,60.61,D4,25.1,0.53
360.0,0.0,0.0,180.0,0.0,1086.0,724.0,28.0,68.6,D4,28.8,0.63
360.0,0.0,0.0,180.0,0.0,1086.0,724.0,28.0,74.65,D4,28.1,0.59
360.0,0.0,0.0,180.0,0.0,1086.0,724.0,28.0,81.66,D4,26.2,0.6
360.0,0.0,0.0,180.0,0.0,1086.0,724.0,28.0,61.86,D4,27.9,0.51
360.0,0.0,0.0,180.0,0.0,1086.0,724.0,28.0,65.03,D4,24.6,0.6
360.0,0.0,0.0,180.0,0.0,1086.0,724.0,28.0,73.47,D4,25.6,0.63
360.0,0.0,0.0,180.0,0.0,1086.0,724.0,28.0,40.52,D4,24.4,0.51
360.0,0.0,0.0,180.0,0.0,1086.0,724.0,28.0,52.54,D4,22.4,0.57
360.0,0.0,0.0,180.0,0.0,1086.0,724.0,28.0,68.28,D4,27.4,0.52
360.0,0.0,0.0,180.0,0.0,1086.0,724.0,28.0,78.9,D4,26.1,0.58
360.0,0.0,0.0,180.0,0.0,1086.0,724.0,28.0,82.61,D4,25.0,0.55
360.0,0.0,0.0,180.0,0.0,1086.0,724.0,28.0,94.38,D4,25.0,0.62
360.0,0.0,0.0,180.0,0.0,1086.0,724.0,28.0,68.92,D4,22.0,0.61
360.0,0.0,0.0,180.0,0.0,1086.0,724.0,28.0,70.43,D4,23.0,0.66
360.0,0.0,0.0,180.0,0.0,1086.0,724.0,28.0,80.35,D4,25.7,0.6
360.0,0.0,0.0,180.0,0.0,1086.0,724.0,28.0,46.52,D4,23.9,0.62
360.0,0.0,0.0,180.0,0.0,1086.0,724.0,28.0,57.05,D4,24.6,0.57
360.0,0.0,0.0,180.0,0.0,1086.0,724.0,28.0,47.77,D4,24.8,0.54
360.0,0.0,0.0,180.0,0.0,1086.0,724.0,28.0,71.31,D4,23.6,0.64
360.0,0.0,0.0,180.0,0.0,1086.0,724.0,28.0,80.01,D4,23.1,0.66
360.0,0.0,0.0,180.0,0.0,1086.0,724.0,28.0,79.38,D4,21.8,0.64
360.0,0.0,0.0,180.0,0.0,1086.0,724.0,28.0,93.31,D4,24.7,0.61
360.0,0.0,0.0,180.0,0.0,1086.0,724.0,28.0,70.29,D4,26.2,0.55
360.0,0.0,0.0,180.0,0.0,1086.0,724.0,28.0,71.67,D4,21.7,0.66
360.0,0.0,0.0,180.0,0.0,1086.0,724.0,28.0,82.21,D4,25.0,0.63
360.0,0.0,0.0,180.0,0.0,1086.0,724.0,28.0,49.99,D4,25.6,0.7
360.0,0.0,0.0,180.0,0.0,1086.0,724.0,28.0,56.06,D4,23.0,0.54
360.0,0.0,0.0,180.0,0.0,1086.0,724.0,28.0,65.78,D4,27.8,0.64
360.0,0.0,0.0,180.0,0.0,1086.0,724.0,28.0,78.24,D4,24.2,0.63
360.0,0.0,0.0,180.0,0.0,1086.0,724.0,28.0,84.63,D4,24.8,0.58
360.0,0.0,0.0,180.0,0.0,1086.0,724.0,28.0,94.15,D4,24.7,0.67
360.0,0.0,0.0,180.0,0.0,1086.0,724.0,28.0,74.93,D4,21.5,0.62
360.0,0.0,0.0,180.0,0.0,1086.0,724.0,28.0,78.34,D4,27.0,0.55
360.0,0.0,0.0,180.0,0.0,1086.0,724.0,28.0,83.62,D4,23.1,0.59
360.0,0.0,0.0,180.0,0.0,1086.0,724.0,28.0,53.28,D4,24.5,0.55
360.0,0.0,0.0,180.0,0.0,1086.0,724.0,28.0,59.58,D4,26.2,0.58
360.0,0.0,0.0,180.0,0.0,1086.0,724.0,28.0,71.64,D4,27.9,0.64
360.0,0.0,0.0,180.0,0.0,1086.0,724.0,28.0,83.11,D4,22.8,0.65
360.0,0.0,0.0,180.0,0.0,1086.0,724.0,28.0,87.59,D4,24.1,0.61
360.0,0.0,0.0,180.0,0.0,1086.0,724.0,28.0,94.67,D4,27.8,0.56
360.0,0.0,0.0,180.0,0.0,1086.0,724.0,28.0,75.9,D4,25.9,0.62
360.0,0.0,0.0,180.0,0.0,1086.0,724.0,28.0,74.45,D4,26.3,0.64
360.0,0.0,0.0,180.0,0.0,1086.0,724.0,28.0,86.41,D4,22.9,0.5
360.0,0.0,0.0,180.0,0.0,1086.0,724.0,28.0,49.36,D4,24.2,0.61
360.0,0.0,0.0,180.0,0.0,1086.0,724.0,28.0,60.52,D4,24.7,0.59
360.0,0.0,0.0,180.0,0.0,1086.0,724.0,28.0,71.21,D4,23.3,0.65
360.0,0.0,0.0,180.0,0.0,1086.0,724.0,28.0,101.64,D4,21.7,0.62
360.0,0.0,0.0,180.0,0.0,1086.0,724.0,28.0,76.55,D4,24.0,0.62
360.0,0.0,0.0,180.0,0.0,1086.0,724.0,28.0,92.37,D4,27.7,0.58
360.0,0.0,0.0,180.0,0.0,1086.0,724.0,28.0,50.75,D4,25.1,0.6
360.0,0.0,0.0,180.0,0.0,1086.0,724.0,28.0,62.11,D4,27.7,0.65
360.0,0.0,0.0,180.0,0.0,1086.0,724.0,28.0,81.19,D4,25.4,0.6
360.0,0.0,0.0,180.0,0.0,1086.0,724.0,28.0,103.09,D4,23.5,0.61
360.0,0.0,0.0,180.0,0.0,1086.0,724.0,28.0,76.86,D4,27.6,0.52
360.0,0.0,0.0,180.0,0.0,1086.0,724.0,28.0,87.08,D4,25.4,0.6
360.0,0.0,0.0,180.0,0.0,1086.0,724.0,28.0,53.08,D4,26.9,0.5
360.0,0.0,0.0,180.0,0.0,1086.0,724.0,28.0,60.54,D4,22.9,0.57
360.0,0.0,0.0,180.0,0.0,1086.0,724.0,28.0,76.5,D4,27.1,0.6
360.0,0.0,0.0,180.0,0.0,1086.0,724.0,28.0,36.37,D4,27.1,0.64
360.0,0.0,0.0,180.0,0.0,1086.0,724.0,28.0,47.31,D4,25.6,0.55
360.0,0.0,0.0,180.0,0.0,1086.0,724.0,28.0,52.61,D4,23.4,0.62
360.0,0.0,0.0,180.0,0.0,1086.0,724.0,28.0,34.6,D4,24.9,0.67
360.0,0.0,0.0,180.0,0.0,1086.0,724.0,28.0,27.3,D4,26.2,0.57
360.0,0.0,0.0,180.0,0.0,1086.0,724.0,28.0,38.9,D4,25.5,0.52
360.0,0.0,0.0,180.0,0.0,1086.0,724.0,28.0,37.59,D4,26.2,0.61
360.0,0.0,0.0,180.0,0.0,1086.0,724.0,28.0,49.5,D4,27.0,0.54
360.0,0.0,0.0,180.0,0.0,1086.0,724.0,28.0,54.62,D4,23.7,0.56
360.0,0.0,0.0,180.0,0.0,1086.0,724.0,28.0,36.66,D4,22.7,0.65
360.0,0.0,0.0,180.0,0.0,1086.0,724.0,28.0,26.04,D4,24.9,0.69
360.0,0.0,0.0,180.0,0.0,1086.0,724.0,28.0,37.58,D4,24.3,0.55
360.0,0.0,0.0,180.0,0.0,1086.0,724.0,28.0,42.48,D4,26.6,0.56
360.0,0.0,0.0,180.0,0.0,1086.0,724.0,28.0,57.09,D4,22.9,0.58
360.0,0.0,0.0,180.0,0.0,1086.0,724.0,28.0,63.72,D4,27.0,0.57
360.0,0.0,0.0,180.0,0.0,1086.0,724.0,28.0,46.43,D4,27.7,0.7
360.0,0.0,0.0,180.0,0.0,1086.0,724.0,28.0,35.26,D4,25.0,0.57
360.0,0.0,0.0,180.0,0.0,1086.0,724.0,28.0,51.97,D4,25.1,0.58
360.0,0.0,0.0,180.0,0.0,1086.0,724.0,28.0,44.12,D4,23.5,0.68
360.0,0.0,0.0,180.0,0.0,1086.0,724.0,28.0,57.85,D4,23.9,0.63
360.0,0.0,0.0,180.0,0.0,1086.0,724.0,28.0,63.94,D4,24.2,0.65
360.0,0.0,0.0,180.0,0.0,1086.0,724.0,28.0,42.63,D4,27.9,0.55
360.0,0.0,0.0,180.0,0.0,1086.0,724.0,28.0,35.59,D4,24.9,0.57
360.0,0.0,0.0,180.0,0.0,1086.0,724.0,28.0,48.8,D4,22.4,0.55
360.0,0.0,0.0,180.0,0.0,1086.0,724.0,28.0,50.72,D4,25.5,0.64
360.0,0.0,0.0,180.0,0.0,1086.0,724.0,28.0,63.58,D4,26.7,0.66
360.0,0.0,0.0,180.0,0.0,1086.0,724.0,28.0,68.94,D4,24.9,0.57
360.0,0.0,0.0,180.0,0.0,1086.0,724.0,28.0,50.29,D4,27.9,0.58
360.0,0.0,0.0,180.0,0.0,1086.0,724.0,28.0,38.93,D4,26.6,0.58
360.0,0.0,0.0,180.0,0.0,1086.0,724.0,28.0,55.38,D4,22.9,0.52
360.0,0.0,0.0,180.0,0.0,1086.0,724.0,28.0,51.3,D4,23.9,0.57
360.0,0.0,0.0,180.0,0.0,1086.0,724.0,28.0,63.55,D4,25.5,0.64
360.0,0.0,0.0,180.0,0.0,1086.0,724.0,28.0,68.41,D4,21.7,0.56
360.0,0.0,0.0,180.0,0.0,1086.0,724.0,28.0,48.69,D4,25.7,0.6
360.0,0.0,0.0,180.0,0.0,1086.0,724.0,28.0,39.28,D4,21.5,0.53
360.0,0.0,0.0,180.0,0.0,1086.0,724.0,28.0,54.22,D4,27.0,0.59
360.0,0.0,0.0,180.0,0.0,1086.0,724.0,28.0,56.9,D4,26.8,0.57
360.0,0.0,0.0,180.0,0.0,1086.0,724.0,28.0,70.17,D4,26.0,0.54
360.0,0.0,0.0,180.0,0.0,1086.0,724.0,28.0,72.73,D4,23.6,0.64
360.0,0.0,0.0,180.0,0.0,1086.0,724.0,28.0,52.35,D4,25.3,0.64
360.0,0.0,0.0,180.0,0.0,1086.0,724.0,28.0,42.8,D4,24.0,0.55
360.0,0.0,0.0,180.0,0.0,1086.0,724.0,28.0,62.97,D4,22.9,0.59
360.0,0.0,0.0,180.0,0.0,1086.0,724.0,28.0,51.86,D4,24.3,0.6
360.0,0.0,0.0,180.0,0.0,1086.0,724.0,28.0,67.44,D4,26.4,0.51
360.0,0.0,0.0,180.0,0.0,1086.0,724.0,28.0,73.5,D4,25.1,0.53
360.0,0.0,0.0,180.0,0.0,1086.0,724.0,28.0,55.09,D4,27.9,0.66
360.0,0.0,0.0,180.0,0.0,1086.0,724.0,28.0,45.25,D4,26.5,0.55
360.0,0.0,0.0,180.0,0.0,1086.0,724.0,28.0,63.31,D4,26.3,0.66
360.0,0.0,0.0,180.0,0.0,1086.0,724.0,28.0,55.48,D4,21.8,0.53
360.0,0.0,0.0,180.0,0.0,1086.0,724.0,28.0,69.69,D4,24.4,0.63
360.0,0.0,0.0,180.0,0.0,1086.0,724.0,28.0,82.62,D4,22.9,0.58
360.0,0.0,0.0,180.0,0.0,1086.0,724.0,28.0,56.79,D4,24.6,0.59
360.0,0.0,0.0,180.0,0.0,1086.0,724.0,28.0,46.35,D4,23.6,0.69
360.0,0.0,0.0,180.0,0.0,1086.0,724.0,28.0,66.37,D4,24.2,0.54
360.0,0.0,0.0,180.0,0.0,1086.0,724.0,28.0,54.32,D4,27.1,0.63
360.0,0.0,0.0,180.0,0.0,1086.0,724.0,28.0,72.5,D4,26.0,0.63
360.0,0.0,0.0,180.0,0.0,1086.0,724.0,28.0,78.68,D4,27.0,0.77
360.0,0.0,0.0,180.0,0.0,1086.0,724.0,28.0,53.94,D4,21.8,0.55
360.0,0.0,0.0,180.0,0.0,1086.0,724.0,28.0,47.85,D4,25.1,0.57
360.0,0.0,0.0,180.0,0.0,1086.0,724.0,28.0,63.5,D4,26.9,0.64
360.0,0.0,0.0,180.0,0.0,1086.0,724.0,28.0,59.29,D4,28.0,0.59
360.0,0.0,0.0,180.0,0.0,1086.0,724.0,28.0,76.24,D4,21.9,0.58
360.0,0.0,0.0,180.0,0.0,1086.0,724.0,28.0,80.97,D4,24.3,0.65
360.0,0.0,0.0,180.0,0.0,1086.0,724.0,28.0,69.41,D4,27.1,0.59
360.0,0.0,0.0,180.0,0.0,1086.0,724.0,28.0,58.61,D4,24.6,0.56
360.0,0.0,0.0,180.0,0.0,1086.0,724.0,28.0,75.13,D4,23.2,0.64
360.0,0.0,0.0,180.0,0.0,1086.0,724.0,28.0,80.72,D4,21.9,0.62
360.0,0.0,0.0,180.0,0.0,1086.0,724.0,28.0,65.58,D4,23.1,0.58
360.0,0.0,0.0,180.0,0.0,1086.0,724.0,28.0,38.11,D4,21.6,0.58
360.0,0.0,0.0,180.0,0.0,1086.0,724.0,28.0,32.99,D4,25.1,0.55
360.0,0.0,0.0,180.0,0.0,1086.0,724.0,28.0,40.23,D4,26.8,0.64
360.0,0.0,0.0,180.0,0.0,1086.0,724.0,28.0,30.51,D4,22.5,0.58
360.0,0.0,0.0,180.0,0.0,1086.0,724.0,28.0,31.88,D4,25.5,0.56
360.0,0.0,0.0,180.0,0.0,1086.0,724.0,28.0,38.07,D4,26.7,0.54
360.0,0.0,0.0,180.0,0.0,1086.0,724.0,28.0,25.47,D4,25.0,0.62
360.0,0.0,0.0,180.0,0.0,1086.0,724.0,28.0,28.14,D4,21.8,0.57
360.0,0.0,0.0,180.0,0.0,1086.0,724.0,28.0,27.99,D4,25.8,0.5
360.0,0.0,0.0,180.0,0.0,1086.0,724.0,28.0,37.37,D4,24.9,0.54
360.0,0.0,0.0,180.0,0.0,1086.0,724.0,28.0,34.8,D4,24.7,0.59
360.0,0.0,0.0,180.0,0.0,1086.0,724.0,28.0,40.09,D4,23.9,0.59
360.0,0.0,0.0,180.0,0.0,1086.0,724.0,28.0,30.2,D4,25.2,0.59
360.0,0.0,0.0,180.0,0.0,1086.0,724.0,28.0,32.36,D4,26.0,0.58
360.0,0.0,0.0,180.0,0.0,1086.0,724.0,28.0,42.14,D4,29.8,0.53
360.0,0.0,0.0,180.0,0.0,1086.0,724.0,28.0,27.78,D4,25.2,0.56
360.0,0.0,0.0,180.0,0.0,1086.0,724.0,28.0,27.79,D4,28.0,0.66
360.0,0.0,0.0,180.0,0.0,1086.0,724.0,28.0,24.35,D4,25.7,0.65
360.0,0.0,0.0,180.0,0.0,1086.0,724.0,28.0,47.99,D4,24.8,0.63
360.0,0.0,0.0,180.0,0.0,1086.0,724.0,28.0,45.62,D4,25.3,0.62
360.0,0.0,0.0,180.0,0.0,1086.0,724.0,28.0,62.05,D4,22.6,0.65
360.0,0.0,0.0,180.0,0.0,1086.0,724.0,28.0,45.02,D4,25.6,0.54
360.0,0.0,0.0,180.0,0.0,1086.0,724.0,28.0,49.88,D4,21.0,0.6
360.0,0.0,0.0,180.0,0.0,1086.0,724.0,28.0,55.26,D4,23.3,0.54
360.0,0.0,0.0,180.0,0.0,1086.0,724.0,28.0,35.88,D4,25.2,0.54
360.0,0.0,0.0,180.0,0.0,1086.0,724.0,28.0,37.88,D4,27.4,0.62
360.0,0.0,0.0,180.0,0.0,1086.0,724.0,28.0,39.78,D4,27.9,0.65
360.0,0.0,0.0,180.0,0.0,1086.0,724.0,28.0,50.99,D4,24.5,0.59
360.0,0.0,0.0,180.0,0.0,1086.0,724.0,28.0,43.9,D4,25.3,0.68
360.0,0.0,0.0,180.0,0.0,1086.0,724.0,28.0,62.76,D4,27.0,0.61
360.0,0.0,0.0,180.0,0.0,1086.0,724.0,28.0,46.12,D4,22.3,0.56
360.0,0.0,0.0,180.0,0.0,1086.0,724.0,28.0,49.88,D4,25.8,0.55
360.0,0.0,0.0,180.0,0.0,1086.0,724.0,28.0,56.64,D4,23.3,0.65
360.0,0.0,0.0,180.0,0.0,1086.0,724.0,28.0,34.83,D4,24.7,0.61
360.0,0.0,0.0,180.0,0.0,1086.0,724.0,28.0,39.17,D4,24.1,0.63
360.0,0.0,0.0,180.0,0.0,1086.0,724.0,28.0,38.99,D4,25.9,0.47
360.0,0.0,0.0,180.0,0.0,1086.0,724.0,28.0,57.4,D4,26.1,0.61
360.0,0.0,0.0,180.0,0.0,1086.0,724.0,28.0,57.18,D4,26.8,0.57
360.0,0.0,0.0,180.0,0.0,1086.0,724.0,28.0,63.94,D4,25.7,0.53
360.0,0.0,0.0,180.0,0.0,1086.0,724.0,28.0,53.06,D4,25.3,0.6
360.0,0.0,0.0,180.0,0.0,1086.0,724.0,28.0,54.39,D4,28.7,0.65
360.0,0.0,0.0,180.0,0.0,1086.0,724.0,28.0,69.22,D4,22.0,0.71
360.0,0.0,0.0,180.0,0.0,1086.0,724.0,28.0,42.56,D4,28.4,0.61
360.0,0.0,0.0,180.0,0.0,1086.0,724.0,28.0,45.31,D4,24.4,0.56
360.0,0.0,0.0,180.0,0.0,1086.0,724.0,28.0,54.92,D4,26.1,0.56
360.0,0.0,0.0,180.0,0.0,1086.0,724.0,28.0,52.58,D4,24.3,0.65
360.0,0.0,0.0,180.0,0.0,1086.0,724.0,28.0,64.8,D4,23.6,0.55
360.0,0.0,0.0,180.0,0.0,1086.0,724.0,28.0,52.51,D4,26.0,0.63
360.0,0.0,0.0,180.0,0.0,1086.0,724.0,28.0,59.97,D4,27.1,0.61
360.0,0.0,0.0,180.0,0.0,1086.0,724.0,28.0,70.41,D4,25.9,0.61
360.0,0.0,0.0,180.0,0.0,1086.0,724.0,28.0,40.71,D4,23.9,0.52
360.0,0.0,0.0,180.0,0.0,1086.0,724.0,28.0,47.11,D4,32.2,0.58
360.0,0.0,0.0,180.0,0.0,1086.0,724.0,28.0,62.59,D4,27.4,0.53
360.0,0.0,0.0,180.0,0.0,1086.0,724.0,28.0,57.57,D4,26.9,0.57
360.0,0.0,0.0,180.0,0.0,1086.0,724.0,28.0,67.34,D4,24.3,0.65
360.0,0.0,0.0,180.0,0.0,1086.0,724.0,28.0,54.85,D4,23.7,0.66
360.0,0.0,0.0,180.0,0.0,1086.0,724.0,28.0,63.85,D4,24.4,0.61
360.0,0.0,0.0,180.0,0.0,1086.0,724.0,28.0,78.3,D4,27.2,0.57
360.0,0.0,0.0,180.0,0.0,1086.0,724.0,28.0,49.4,D4,23.0,0.68
360.0,0.0,0.0,180.0,0.0,1086.0,724.0,28.0,51.16,D4,22.9,0.57
360.0,0.0,0.0,180.0,0.0,1086.0,724.0,28.0,53.5,D4,26.1,0.54
360.0,0.0,0.0,180.0,0.0,1086.0,724.0,28.0,64.61,D4,25.6,0.63
360.0,0.0,0.0,180.0,0.0,1086.0,724.0,28.0,56.49,D4,23.5,0.62
360.0,0.0,0.0,180.0,0.0,1086.0,724.0,28.0,67.84,D4,22.8,0.57
360.0,0.0,0.0,180.0,0.0,1086.0,724.0,28.0,54.35,D4,27.9,0.61
360.0,0.0,0.0,180.0,0.0,1086.0,724.0,28.0,60.09,D4,25.7,0.62
360.0,0.0,0.0,180.0,0.0,1086.0,724.0,28.0,77.89,D4,22.3,0.61
360.0,0.0,0.0,180.0,0.0,1086.0,724.0,28.0,46.92,D4,22.4,0.62
360.0,0.0,0.0,180.0,0.0,1086.0,724.0,28.0,51.33,D4,24.3,0.57
360.0,0.0,0.0,180.0,0.0,1086.0,724.0,28.0,53.77,D4,26.5,0.63
360.0,0.0,0.0,180.0,0.0,1086.0,724.0,28.0,65.75,D4,26.2,0.6
360.0,0.0,0.0,180.0,0.0,1086.0,724.0,28.0,67.85,D4,27.3,0.58
360.0,0.0,0.0,180.0,0.0,1086.0,724.0,28.0,84.51,D4,22.0,0.59
360.0,0.0,0.0,180.0,0.0,1086.0,724.0,28.0,57.29,D4,25.4,0.6
360.0,0.0,0.0,180.0,0.0,1086.0,724.0,28.0,62.83,D4,27.9,0.53
360.0,0.0,0.0,180.0,0.0,1086.0,724.0,28.0,85.37,D4,27.7,0.57
360.0,0.0,0.0,180.0,0.0,1086.0,724.0,28.0,51.36,D4,25.7,0.6
360.0,0.0,0.0,180.0,0.0,1086.0,724.0,28.0,54.08,D4,29.7,0.53
360.0,0.0,0.0,180.0,0.0,1086.0,724.0,28.0,59.47,D4,26.2,0.57
360.0,0.0,0.0,180.0,0.0,1086.0,724.0,28.0,68.87,D4,27.1,0.72
360.0,0.0,0.0,180.0,0.0,1086.0,724.0,28.0,64.55,D4,25.1,0.54
360.0,0.0,0.0,180.0,0.0,1086.0,724.0,28.0,75.07,D4,23.4,0.58
360.0,0.0,0.0,180.0,0.0,1086.0,724.0,28.0,60.42,D4,23.2,0.56
360.0,0.0,0.0,180.0,0.0,1086.0,724.0,28.0,68.9,D4,25.4,0.59
360.0,0.0,0.0,180.0,0.0,1086.0,724.0,28.0,81.49,D4,24.6,0.56
360.0,0.0,0.0,180.0,0.0,1086.0,724.0,28.0,52.85,D4,21.5,0.59
360.0,0.0,0.0,180.0,0.0,1086.0,724.0,28.0,55.48,D4,22.9,0.56
360.0,0.0,0.0,180.0,0.0,1086.0,724.0,28.0,58.08,D4,24.4,0.65
360.0,0.0,0.0,180.0,0.0,1086.0,724.0,28.0,70.56,D4,26.5,0.6
360.0,0.0,0.0,180.0,0.0,1086.0,724.0,28.0,69.19,D4,25.0,0.55
360.0,0.0,0.0,180.0,0.0,1086.0,724.0,28.0,80.13,D4,24.9,0.64
360.0,0.0,0.0,180.0,0.0,1086.0,724.0,28.0,61.55,D4,23.0,0.55
360.0,0.0,0.0,180.0,0.0,1086.0,724.0,28.0,71.9,D4,25.0,0.52
360.0,0.0,0.0,180.0,0.0,1086.0,724.0,28.0,88.15,D4,27.6,0.6
360.0,0.0,0.0,180.0,0.0,1086.0,724.0,28.0,54.73,D4,25.3,0.7
360.0,0.0,0.0,180.0,0.0,1086.0,724.0,28.0,59.16,D4,22.0,0.51
360.0,0.0,0.0,180.0,0.0,1086.0,724.0,28.0,60.57,D4,22.5,0.53
360.0,0.0,0.0,180.0,0.0,1086.0,724.0,28.0,71.0,D4,26.2,0.64
360.0,0.0,0.0,180.0,0.0,1086.0,724.0,28.0,70.32,D4,24.6,0.57
360.0,0.0,0.0,180.0,0.0,1086.0,724.0,28.0,90.1,D4,24.9,0.63
360.0,0.0,0.0,180.0,0.0,1086.0,724.0,28.0,62.03,D4,23.8,0.56
360.0,0.0,0.0,180.0,0.0,1086.0,724.0,28.0,67.32,D4,26.0,0.61
360.0,0.0,0.0,180.0,0.0,1086.0,724.0,28.0,87.72,D4,24.4,0.69
360.0,0.0,0.0,180.0,0.0,1086.0,724.0,28.0,52.88,D4,24.6,0.54
360.0,0.0,0.0,180.0,0.0,1086.0,724.0,28.0,58.55,D4,23.3,0.65
360.0,0.0,0.0,180.0,0.0,1086.0,724.0,28.0,58.65,D4,26.8,0.63
360.0,0.0,0.0,180.0,0.0,1086.0,724.0,28.0,33.55,D4,24.6,0.53
360.0,0.0,0.0,180.0,0.0,1086.0,724.0,28.0,36.02,D4,26.2,0.63
360.0,0.0,0.0,180.0,0.0,1086.0,724.0,28.0,37.76,D4,22.6,0.6
360.0,0.0,0.0,180.0,0.0,1086.0,724.0,28.0,23.25,D4,28.5,0.6
360.0,0.0,0.0,180.0,0.0,1086.0,724.0,28.0,36.77,D4,27.6,0.62
360.0,0.0,0.0,180.0,0.0,1086.0,724.0,28.0,34.08,D4,21.2,0.58
360.0,0.0,0.0,180.0,0.0,1086.0,724.0,28.0,15.26,D4,23.4,0.6
360.0,0.0,0.0,180.0,0.0,1086.0,724.0,28.0,19.38,D4,26.0,0.61
360.0,0.0,0.0,180.0,0.0,1086.0,724.0,28.0,21.7,D4,22.4,0.64
360.0,0.0,0.0,180.0,0.0,1086.0,724.0,28.0,32.21,D4,24.7,0.52
360.0,0.0,0.0,180.0,0.0,1086.0,724.0,28.0,37.57,D4,25.9,0.66
360.0,0.0,0.0,180.0,0.0,1086.0,724.0,28.0,40.68,D4,24.6,0.54
360.0,0.0,0.0,180.0,0.0,1086.0,724.0,28.0,23.17,D4,26.1,0.64
360.0,0.0,0.0,180.0,0.0,1086.0,724.0,28.0,35.95,D4,23.6,0.6
360.0,0.0,0.0,180.0,0.0,1086.0,724.0,28.0,33.54,D4,20.5,0.54
360.0,0.0,0.0,180.0,0.0,1086.0,724.0,28.0,15.66,D4,27.0,0.63
360.0,0.0,0.0,180.0,0.0,1086.0,724.0,28.0,20.28,D4,27.0,0.55
360.0,0.0,0.0,180.0,0.0,1086.0,724.0,28.0,24.38,D4,30.0,0.65
360.0,0.0,0.0,180.0,0.0,1086.0,724.0,28.0,40.48,D4,20.6,0.56
360.0,0.0,0.0,180.0,0.0,1086.0,724.0,28.0,51.44,D4,26.5,0.53
360.0,0.0,0.0,180.0,0.0,1086.0,724.0,28.0,49.28,D4,21.1,0.68
360.0,0.0,0.0,180.0,0.0,1086.0,724.0,28.0,31.97,D4,28.5,0.61
360.0,0.0,0.0,180.0,0.0,1086.0,724.0,28.0,40.66,D4,26.0,0.64
360.0,0.0,0.0,180.0,0.0,1086.0,724.0,28.0,45.5,D4,23.1,0.56
360.0,0.0,0.0,180.0,0.0,1086.0,724.0,28.0,22.82,D4,26.6,0.51
360.0,0.0,0.0,180.0,0.0,1086.0,724.0,28.0,28.55,D4,23.9,0.68
360.0,0.0,0.0,180.0,0.0,1086.0,724.0,28.0,30.01,D4,25.6,0.6
360.0,0.0,0.0,180.0,0.0,1086.0,724.0,28.0,39.41,D4,25.4,0.62
360.0,0.0,0.0,180.0,0.0,1086.0,724.0,28.0,49.77,D4,28.5,0.63
360.0,0.0,0.0,180.0,0.0,1086.0,724.0,28.0,50.89,D4,28.6,0.58
360.0,0.0,0.0,180.0,0.0,1086.0,724.0,28.0,31.49,D4,23.8,0.61
360.0,0.0,0.0,180.0,0.0,1086.0,724.0,28.0,40.43,D4,27.1,0.68
360.0,0.0,0.0,180.0,0.0,1086.0,724.0,28.0,43.53,D4,25.7,0.6
360.0,0.0,0.0,180.0,0.0,1086.0,724.0,28.0,22.35,D4,22.2,0.65
360.0,0.0,0.0,180.0,0.0,1086.0,724.0,28.0,28.05,D4,23.6,0.5
360.0,0.0,0.0,180.0,0.0,1086.0,724.0,28.0,36.6,D4,29.7,0.66
360.0,0.0,0.0,180.0,0.0,1086.0,724.0,28.0,47.1,D4,25.7,0.52
360.0,0.0,0.0,180.0,0.0,1086.0,724.0,28.0,55.83,D4,27.0,0.65
360.0,0.0,0.0,180.0,0.0,1086.0,724.0,28.0,60.76,D4,24.6,0.62
360.0,0.0,0.0,180.0,0.0,1086.0,724.0,28.0,38.42,D4,23.9,0.6
360.0,0.0,0.0,180.0,0.0,1086.0,724.0,28.0,51.84,D4,25.1,0.6
360.0,0.0,0.0,180.0,0.0,1086.0,724.0,28.0,49.4,D4,24.5,0.59
360.0,0.0,0.0,180.0,0.0,1086.0,724.0,28.0,29.01,D4,22.0,0.56
360.0,0.0,0.0,180.0,0.0,1086.0,724.0,28.0,36.9,D4,23.0,0.59
360.0,0.0,0.0,180.0,0.0,1086.0,724.0,28.0,43.06,D4,26.4,0.71
360.0,0.0,0.0,180.0,0.0,1086.0,724.0,28.0,47.29,D4,24.2,0.67
360.0,0.0,0.0,180.0,0.0,1086.0,724.0,28.0,56.72,D4,25.1,0.56
360.0,0.0,0.0,180.0,0.0,1086.0,724.0,28.0,59.53,D4,25.5,0.61
360.0,0.0,0.0,180.0,0.0,1086.0,724.0,28.0,38.71,D4,25.6,0.6
360.0,0.0,0.0,180.0,0.0,1086.0,724.0,28.0,49.55,D4,27.3,0.59
360.0,0.0,0.0,180.0,0.0,1086.0,724.0,28.0,54.55,D4,22.8,0.55
360.0,0.0,0.0,180.0,0.0,1086.0,724.0,28.0,26.51,D4,26.1,0.62
360.0,0.0,0.0,180.0,0.0,1086.0,724.0,28.0,33.72,D4,26.5,0.64
360.0,0.0,0.0,180.0,0.0,1086.0,724.0,28.0,38.99,D4,27.0,0.56
360.0,0.0,0.0,180.0,0.0,1086.0,724.0,28.0,48.55,D4,22.2,0.7
360.0,0.0,0.0,180.0,0.0,1086.0,724.0,28.0,64.77,D4,25.5,0.68
360.0,0.0,0.0,180.0,0.0,1086.0,724.0,28.0,65.18,D4,28.4,0.63
360.0,0.0,0.0,180.0,0.0,1086.0,724.0,28.0,41.8,D4,24.8,0.54
360.0,0.0,0.0,180.0,0.0,1086.0,724.0,28.0,53.9,D4,26.0,0.62
360.0,0.0,0.0,180.0,0.0,1086.0,724.0,28.0,59.15,D4,26.6,0.61
360.0,0.0,0.0,180.0,0.0,1086.0,724.0,28.0,31.48,D4,22.9,0.63
360.0,0.0,0.0,180.0,0.0,1086.0,724.0,28.0,40.43,D4,28.7,0.68
360.0,0.0,0.0,180.0,0.0,1086.0,724.0,28.0,45.11,D4,26.0,0.59
360.0,0.0,0.0,180.0,0.0,1086.0,724.0,28.0,53.86,D4,26.0,0.7
360.0,0.0,0.0,180.0,0.0,1086.0,724.0,28.0,64.06,D4,21.7,0.62
360.0,0.0,0.0,180.0,0.0,1086.0,724.0,28.0,71.32,D4,26.6,0.59
360.0,0.0,0.0,180.0,0.0,1086.0,724.0,28.0,43.77,D4,26.0,0.72
360.0,0.0,0.0,180.0,0.0,1086.0,724.0,28.0,54.39,D4,28.2,0.64
360.0,0.0,0.0,180.0,0.0,1086.0,724.0,28.0,61.49,D4,24.4,0.58
360.0,0.0,0.0,180.0,0.0,1086.0,724.0,28.0,32.34,D4,23.0,0.6
360.0,0.0,0.0,180.0,0.0,1086.0,724.0,28.0,39.85,D4,23.6,0.63
360.0,0.0,0.0,180.0,0.0,1086.0,724.0,28.0,45.98,D4,24.0,0.59
360.0,0.0,0.0,180.0,0.0,1086.0,724.0,28.0,57.53,D4,22.8,0.61
360.0,0.0,0.0,180.0,0.0,1086.0,724.0,28.0,66.39,D4,27.6,0.56
360.0,0.0,0.0,180.0,0.0,1086.0,724.0,28.0,73.21,D4,27.7,0.52
360.0,0.0,0.0,180.0,0.0,1086.0,724.0,28.0,45.96,D4,24.6,0.61
360.0,0.0,0.0,180.0,0.0,1086.0,724.0,28.0,61.62,D4,24.2,0.61
360.0,0.0,0.0,180.0,0.0,1086.0,724.0,28.0,64.92,D4,21.4,0.63
360.0,0.0,0.0,180.0,0.0,1086.0,724.0,28.0,34.88,D4,26.4,0.57
360.0,0.0,0.0,180.0,0.0,1086.0,724.0,28.0,43.47,D4,28.3,0.53
360.0,0.0,0.0,180.0,0.0,1086.0,724.0,28.0,47.46,D4,23.7,0.55
360.0,0.0,0.0,180.0,0.0,1086.0,724.0,28.0,54.6,D4,24.8,0.65
360.0,0.0,0.0,180.0,0.0,1086.0,724.0,28.0,67.99,D4,25.9,0.57
360.0,0.0,0.0,180.0,0.0,1086.0,724.0,28.0,72.36,D4,28.4,0.58
360.0,0.0,0.0,180.0,0.0,1086.0,724.0,28.0,41.98,D4,25.4,0.58
360.0,0.0,0.0,180.0,0.0,1086.0,724.0,28.0,62.43,D4,25.4,0.57
360.0,0.0,0.0,180.0,0.0,1086.0,724.0,28.0,62.41,D4,25.4,0.57
360.0,0.0,0.0,180.0,0.0,1086.0,724.0,28.0,35.34,D4,22.1,0.56
360.0,0.0,0.0,180.0,0.0,1086.0,724.0,28.0,41.7,D4,22.1,0.67
360.0,0.0,0.0,180.0,0.0,1086.0,724.0,28.0,52.16,D4,23.4,0.63
360.0,0.0,0.0,180.0,0.0,1086.0,724.0,28.0,59.25,D4,27.0,0.66
360.0,0.0,0.0,180.0,0.0,1086.0,724.0,28.0,75.41,D4,24.3,0.67
360.0,0.0,0.0,180.0,0.0,1086.0,724.0,28.0,80.21,D4,23.9,0.48
360.0,0.0,0.0,180.0,0.0,1086.0,724.0,28.0,50.65,D4,23.9,0.62
360.0,0.0,0.0,180.0,0.0,1086.0,724.0,28.0,68.68,D4,24.7,0.57
360.0,0.0,0.0,180.0,0.0,1086.0,724.0,28.0,37.89,D4,28.4,0.66
360.0,0.0,0.0,180.0,0.0,1086.0,724.0,28.0,45.5,D4,24.7,0.56
360.0,0.0,0.0,180.0,0.0,1086.0,724.0,28.0,58.82,D4,23.4,0.55
360.0,0.0,0.0,180.0,0.0,1086.0,724.0,28.0,58.81,D4,25.1,0.53
360.0,0.0,0.0,180.0,0.0,1086.0,724.0,28.0,73.39,D4,28.5,0.58
360.0,0.0,0.0,180.0,0.0,1086.0,724.0,28.0,73.48,D4,24.0,0.65
360.0,0.0,0.0,180.0,0.0,1086.0,724.0,28.0,51.84,D4,22.6,0.61
360.0,0.0,0.0,180.0,0.0,1086.0,724.0,28.0,61.72,D4,24.0,0.54
360.0,0.0,0.0,180.0,0.0,1086.0,724.0,28.0,36.6,D4,25.3,0.71
360.0,0.0,0.0,180.0,0.0,1086.0,724.0,28.0,43.45,D4,26.4,0.63
360.0,0.0,0.0,180.0,0.0,1086.0,724.0,28.0,55.02,D4,27.0,0.64
360.0,0.0,0.0,180.0,0.0,1086.0,724.0,28.0,47.4,D4,22.9,0.66
360.0,0.0,0.0,180.0,0.0,1086.0,724.0,28.0,48.21,D4,23.1,0.52
360.0,0.0,0.0,180.0,0.0,1086.0,724.0,28.0,56.53,D4,24.4,0.55
360.0,0.0,0.0,180.0,0.0,1086.0,724.0,28.0,40.37,D4,26.4,0.64
360.0,0.0,0.0,180.0,0.0,1086.0,724.0,28.0,39.59,D4,22.5,0.56
360.0,0.0,0.0,180.0,0.0,1086.0,724.0,28.0,44.98,D4,23.8,0.59
360.0,0.0,0.0,180.0,0.0,1086.0,724.0,28.0,21.85,D4,23.8,0.6
360.0,0.0,0.0,180.0,0.0,1086.0,724.0,28.0,25.52,D4,26.9,0.54
360.0,0.0,0.0,180.0,0.0,1086.0,724.0,28.0,35.15,D4,26.1,0.58
360.0,0.0,0.0,180.0,0.0,1086.0,724.0,28.0,47.77,D4,26.8,0.65
360.0,0.0,0.0,180.0,0.0,1086.0,724.0,28.0,47.7,D4,27.7,0.64
360.0,0.0,0.0,180.0,0.0,1086.0,724.0,28.0,55.27,D4,24.4,0.66
360.0,0.0,0.0,180.0,0.0,1086.0,724.0,28.0,37.85,D4,22.6,0.65
360.0,0.0,0.0,180.0,0.0,1086.0,724.0,28.0,39.9,D4,22.6,0.62
360.0,0.0,0.0,180.0,0.0,1086.0,724.0,28.0,44.02,D4,21.3,0.62
360.0,0.0,0.0,180.0,0.0,1086.0,724.0,28.0,21.7,D4,24.1,0.61
360.0,0.0,0.0,180.0,0.0,1086.0,724.0,28.0,23.79,D4,24.2,0.57
360.0,0.0,0.0,180.0,0.0,1086.0,724.0,28.0,31.92,D4,26.6,0.55
360.0,0.0,0.0,180.0,0.0,1086.0,724.0,28.0,59.46,D4,25.0,0.57
360.0,0.0,0.0,180.0,0.0,1086.0,724.0,28.0,67.11,D4,24.0,0.58
360.0,0.0,0.0,180.0,0.0,1086.0,724.0,28.0,74.21,D4,24.8,0.57
360.0,0.0,0.0,180.0,0.0,1086.0,724.0,28.0,52.67,D4,22.9,0.62
360.0,0.0,0.0,180.0,0.0,1086.0,724.0,28.0,54.18,D4,27.1,0.61
360.0,0.0,0.0,180.0,0.0,1086.0,724.0,28.0,66.02,D4,23.4,0.62
360.0,0.0,0.0,180.0,0.0,1086.0,724.0,28.0,31.26,D4,22.7,0.62
360.0,0.0,0.0,180.0,0.0,1086.0,724.0,28.0,42.88,D4,26.6,0.66
360.0,0.0,0.0,180.0,0.0,1086.0,724.0,28.0,57.56,D4,26.1,0.6
360.0,0.0,0.0,180.0,0.0,1086.0,724.0,28.0,62.97,D4,21.6,0.65
360.0,0.0,0.0,180.0,0.0,1086.0,724.0,28.0,66.12,D4,26.7,0.63
360.0,0.0,0.0,180.0,0.0,1086.0,724.0,28.0,73.52,D4,23.5,0.66
360.0,0.0,0.0,180.0,0.0,1086.0,724.0,28.0,52.58,D4,24.3,0.68
360.0,0.0,0.0,180.0,0.0,1086.0,724.0,28.0,55.22,D4,25.4,0.63
360.0,0.0,0.0,180.0,0.0,1086.0,724.0,28.0,62.2,D4,26.2,0.61
360.0,0.0,0.0,180.0,0.0,1086.0,724.0,28.0,34.42,D4,25.9,0.6
360.0,0.0,0.0,180.0,0.0,1086.0,724.0,28.0,43.84,D4,24.9,0.58
360.0,0.0,0.0,180.0,0.0,1086.0,724.0,28.0,55.84,D4,24.2,0.57
360.0,0.0,0.0,180.0,0.0,1086.0,724.0,28.0,74.08,D4,25.8,0.65
360.0,0.0,0.0,180.0,0.0,1086.0,724.0,28.0,75.79,D4,24.8,0.55
360.0,0.0,0.0,180.0,0.0,1086.0,724.0,28.0,82.4,D4,28.6,0.68
360.0,0.0,0.0,180.0,0.0,1086.0,724.0,28.0,61.94,D4,26.2,0.59
360.0,0.0,0.0,180.0,0.0,1086.0,724.0,28.0,67.3,D4,23.2,0.74
360.0,0.0,0.0,180.0,0.0,1086.0,724.0,28.0,74.71,D4,24.0,0.57
360.0,0.0,0.0,180.0,0.0,1086.0,724.0,28.0,42.51,D4,25.1,0.61
360.0,0.0,0.0,180.0,0.0,1086.0,724.0,28.0,51.89,D4,27.6,0.58
360.0,0.0,0.0,180.0,0.0,1086.0,724.0,28.0,60.61,D4,27.8,0.56
360.0,0.0,0.0,180.0,0.0,1086.0,724.0,28.0,68.6,D4,24.2,0.65
360.0,0.0,0.0,180.0,0.0,1086.0,724.0,28.0,74.65,D4,23.1,0.54
360.0,0.0,0.0,180.0,0.0,1086.0,724.0,28.0,81.66,D4,22.9,0.57
360.0,0.0,0.0,180.0,0.0,1086.0,724.0,28.0,61.86,D4,25.5,0.63
360.0,0.0,0.0,180.0,0.0,1086.0,724.0,28.0,65.03,D4,29.6,0.64
360.0,0.0,0.0,180.0,0.0,1086.0,724.0,28.0,73.47,D4,26.1,0.53
360.0,0.0,0.0,180.0,0.0,1086.0,724.0,28.0,40.52,D4,21.8,0.63
360.0,0.0,0.0,180.0,0.0,1086.0,724.0,28.0,52.54,D4,23.5,0.61
360.0,0.0,0.0,180.0,0.0,1086.0,724.0,28.0,68.28,D4,23.8,0.55
360.0,0.0,0.0,180.0,0.0,1086.0,724.0,28.0,78.9,D4,23.4,0.56
360.0,0.0,0.0,180.0,0.0,1086.0,724.0,28.0,82.61,D4,24.2,0.5
360.0,0.0,0.0,180.0,0.0,1086.0,724.0,28.0,94.38,D4,25.7,0.69
360.0,0.0,0.0,180.0,0.0,1086.0,724.0,28.0,68.92,D4,26.4,0.65
360.0,0.0,0.0,180.0,0.0,1086.0,724.0,28.0,70.43,D4,27.2,0.54
360.0,0.0,0.0,180.0,0.0,1086.0,724.0,28.0,80.35,D4,26.0,0.64
360.0,0.0,0.0,180.0,0.0,1086.0,724.0,28.0,46.52,D4,21.1,0.57
360.0,0.0,0.0,180.0,0.0,1086.0,724.0,28.0,57.05,D4,22.9,0.65
360.0,0.0,0.0,180.0,0.0,1086.0,724.0,28.0,71.31,D4,24.7,0.58
360.0,0.0,0.0,180.0,0.0,1086.0,724.0,28.0,80.01,D4,25.3,0.58
360.0,0.0,0.0,180.0,0.0,1086.0,724.0,28.0,79.38,D4,26.7,0.59
360.0,0.0,0.0,180.0,0.0,1086.0,724.0,28.0,93.31,D4,25.1,0.57
360.0,0.0,0.0,180.0,0.0,1086.0,724.0,28.0,70.29,D4,25.1,0.67
360.0,0.0,0.0,180.0,0.0,1086.0,724.0,28.0,71.67,D4,25.5,0.64
360.0,0.0,0.0,180.0,0.0,1086.0,724.0,28.0,82.21,D4,24.5,0.61
360.0,0.0,0.0,180.0,0.0,1086.0,724.0,28.0,49.99,D4,25.2,0.65
360.0,0.0,0.0,180.0,0.0,1086.0,724.0,28.0,56.06,D4,27.3,0.52
360.0,0.0,0.0,180.0,0.0,1086.0,724.0,28.0,65.78,D4,24.8,0.54
360.0,0.0,0.0,180.0,0.0,1086.0,724.0,28.0,78.24,D4,24.9,0.62
360.0,0.0,0.0,180.0,0.0,1086.0,724.0,28.0,84.63,D4,24.9,0.64
360.0,0.0,0.0,180.0,0.0,1086.0,724.0,28.0,94.15,D4,27.6,0.61
360.0,0.0,0.0,180.0,0.0,1086.0,724.0,28.0,74.93,D4,22.8,0.51
360.0,0.0,0.0,180.0,0.0,1086.0,724.0,28.0,78.34,D4,28.6,0.55
360.0,0.0,0.0,180.0,0.0,1086.0,724.0,28.0,83.62,D4,22.6,0.62
360.0,0.0,0.0,180.0,0.0,1086.0,724.0,28.0,53.28,D4,23.7,0.72
360.0,0.0,0.0,180.0,0.0,1086.0,724.0,28.0,59.58,D4,26.5,0.66
360.0,0.0,0.0,180.0,0.0,1086.0,724.0,28.0,71.64,D4,27.1,0.68
360.0,0.0,0.0,180.0,0.0,1086.0,724.0,28.0,83.11,D4,22.2,0.62
360.0,0.0,0.0,180.0,0.0,1086.0,724.0,28.0,87.59,D4,22.8,0.62
360.0,0.0,0.0,180.0,0.0,1086.0,724.0,28.0,94.67,D4,25.6,0.55
360.0,0.0,0.0,180.0,0.0,1086.0,724.0,28.0,75.9,D4,29.7,0.65
360.0,0.0,0.0,180.0,0.0,1086.0,724.0,28.0,74.45,D4,27.5,0.6
360.0,0.0,0.0,180.0,0.0,1086.0,724.0,28.0,86.41,D4,24.5,0.63
360.0,0.0,0.0,180.0,0.0,1086.0,724.0,28.0,49.36,D4,20.2,0.6
360.0,0.0,0.0,180.0,0.0,1086.0,724.0,28.0,60.52,D4,25.2,0.61
360.0,0.0,0.0,180.0,0.0,1086.0,724.0,28.0,71.21,D4,25.7,0.6
360.0,0.0,0.0,180.0,0.0,1086.0,724.0,28.0,101.64,D4,24.2,0.61
360.0,0.0,0.0,180.0,0.0,1086.0,724.0,28.0,76.55,D4,23.3,0.65
360.0,0.0,0.0,180.0,0.0,1086.0,724.0,28.0,92.37,D4,25.3,0.54
360.0,0.0,0.0,180.0,0.0,1086.0,724.0,28.0,50.75,D4,23.1,0.53
360.0,0.0,0.0,180.0,0.0,1086.0,724.0,28.0,62.11,D4,28.7,0.62
360.0,0.0,0.0,180.0,0.0,1086.0,724.0,28.0,81.19,D4,28.0,0.67
360.0,0.0,0.0,180.0,0.0,1086.0,724.0,28.0,103.09,D4,26.3,0.68
360.0,0.0,0.0,180.0,0.0,1086.0,724.0,28.0,76.86,D4,25.2,0.54
360.0,0.0,0.0,180.0,0.0,1086.0,724.0,28.0,87.08,D4,23.7,0.58
360.0,0.0,0.0,180.0,0.0,1086.0,724.0,28.0,53.08,D4,25.0,0.53
360.0,0.0,0.0,180.0,0.0,1086.0,724.0,28.0,60.54,D4,28.3,0.57
360.0,0.0,0.0,180.0,0.0,1086.0,724.0,28.0,76.5,D4,26.7,0.66
360.0,0.0,0.0,180.0,0.0,1086.0,724.0,28.0,36.37,D4,25.4,0.6
360.0,0.0,0.0,180.0,0.0,1086.0,724.0,28.0,47.31,D4,26.8,0.58
360.0,0.0,0.0,180.0,0.0,1086.0,724.0,28.0,52.61,D4,26.1,0.63
360.0,0.0,0.0,180.0,0.0,1086.0,724.0,28.0,34.6,D4,25.8,0.56
360.0,0.0,0.0,180.0,0.0,1086.0,724.0,28.0,27.3,D4,27.0,0.68
360.0,0.0,0.0,180.0,0.0,1086.0,724.0,28.0,38.9,D4,26.0,0.6
360.0,0.0,0.0,180.0,0.0,1086.0,724.0,28.0,37.59,D4,26.7,0.58
360.0,0.0,0.0,180.0,0.0,1086.0,724.0,28.0,49.5,D4,25.3,0.63
360.0,0.0,0.0,180.0,0.0,1086.0,724.0,28.0,54.62,D4,24.5,0.65
360.0,0.0,0.0,180.0,0.0,1086.0,724.0,28.0,36.66,D4,23.9,0.68
360.0,0.0,0.0,180.0,0.0,1086.0,724.0,28.0,26.04,D4,23.7,0.59
360.0,0.0,0.0,180.0,0.0,1086.0,724.0,28.0,37.58,D4,21.8,0.65
360.0,0.0,0.0,180.0,0.0,1086.0,724.0,28.0,42.48,D4,23.2,0.61
360.0,0.0,0.0,180.0,0.0,1086.0,724.0,28.0,57.09,D4,23.1,0.57
360.0,0.0,0.0,180.0,0.0,1086.0,724.0,28.0,63.72,D4,24.0,0.56
360.0,0.0,0.0,180.0,0.0,1086.0,724.0,28.0,46.43,D4,28.1,0.55
360.0,0.0,0.0,180.0,0.0,1086.0,724.0,28.0,35.26,D4,24.7,0.56
360.0,0.0,0.0,180.0,0.0,1086.0,724.0,28.0,51.97,D4,25.5,0.66
360.0,0.0,0.0,180.0,0.0,1086.0,724.0,28.0,44.12,D4,25.5,0.64
360.0,0.0,0.0,180.0,0.0,1086.0,724.0,28.0,57.85,D4,28.2,0.54
360.0,0.0,0.0,180.0,0.0,1086.0,724.0,28.0,63.94,D4,23.8,0.51
360.0,0.0,0.0,180.0,0.0,1086.0,724.0,28.0,42.63,D4,24.6,0.54
360.0,0.0,0.0,180.0,0.0,1086.0,724.0,28.0,35.59,D4,24.8,0.56
360.0,0.0,0.0,180.0,0.0,1086.0,724.0,28.0,48.8,D4,27.3,0.58
360.0,0.0,0.0,180.0,0.0,1086.0,724.0,28.0,50.72,D4,27.7,0.66
360.0,0.0,0.0,180.0,0.0,1086.0,724.0,28.0,63.58,D4,25.9,0.57
360.0,0.0,0.0,180.0,0.0,1086.0,724.0,28.0,68.94,D4,27.5,0.68
360.0,0.0,0.0,180.0,0.0,1086.0,724.0,28.0,50.29,D4,25.4,0.52
360.0,0.0,0.0,180.0,0.0,1086.0,724.0,28.0,38.93,D4,24.7,0.58
360.0,0.0,0.0,180.0,0.0,1086.0,724.0,28.0,55.38,D4,27.4,0.64
360.0,0.0,0.0,180.0,0.0,1086.0,724.0,28.0,51.3,D4,26.0,0.64
360.0,0.0,0.0,180.0,0.0,1086.0,724.0,28.0,63.55,D4,23.5,0.58
360.0,0.0,0.0,180.0,0.0,1086.0,724.0,28.0,68.41,D4,27.0,0.65
360.0,0.0,0.0,180.0,0.0,1086.0,724.0,28.0,48.69,D4,24.6,0.64
360.0,0.0,0.0,180.0,0.0,1086.0,724.0,28.0,39.28,D4,24.3,0.57
360.0,0.0,0.0,180.0,0.0,1086.0,724.0,28.0,54.22,D4,26.8,0.62
360.0,0.0,0.0,180.0,0.0,1086.0,724.0,28.0,56.9,D4,24.8,0.64
360.0,0.0,0.0,180.0,0.0,1086.0,724.0,28.0,70.17,D4,25.8,0.57
360.0,0.0,0.0,180.0,0.0,1086.0,724.0,28.0,72.73,D4,26.3,0.68
360.0,0.0,0.0,180.0,0.0,1086.0,724.0,28.0,52.35,D4,23.4,0.56
360.0,0.0,0.0,180.0,0.0,1086.0,724.0,28.0,42.8,D4,25.8,0.61
360.0,0.0,0.0,180.0,0.0,1086.0,724.0,28.0,62.97,D4,27.7,0.54
360.0,0.0,0.0,180.0,0.0,1086.0,724.0,28.0,51.86,D4,23.1,0.61
360.0,0.0,0.0,180.0,0.0,1086.0,724.0,28.0,67.44,D4,25.9,0.55
360.0,0.0,0.0,180.0,0.0,1086.0,724.0,28.0,73.5,D4,23.3,0.59
360.0,0.0,0.0,180.0,0.0,1086.0,724.0,28.0,55.09,D4,27.0,0.52
360.0,0.0,0.0,180.0,0.0,1086.0,724.0,28.0,45.25,D4,27.0,0.64
360.0,0.0,0.0,180.0,0.0,1086.0,724.0,28.0,63.31,D4,24.3,0.62
360.0,0.0,0.0,180.0,0.0,1086.0,724.0,28.0,55.48,D4,29.4,0.65
360.0,0.0,0.0,180.0,0.0,1086.0,724.0,28.0,69.69,D4,27.2,0.58
360.0,0.0,0.0,180.0,0.0,1086.0,724.0,28.0,82.62,D4,26.4,0.66
360.0,0.0,0.0,180.0,0.0,1086.0,724.0,28.0,56.79,D4,26.3,0.6
360.0,0.0,0.0,180.0,0.0,1086.0,724.0,28.0,46.35,D4,27.0,0.61
360.0,0.0,0.0,180.0,0.0,1086.0,724.0,28.0,66.37,D4,23.0,0.71
360.0,0.0,0.0,180.0,0.0,1086.0,724.0,28.0,54.32,D4,25.4,0.58
360.0,0.0,0.0,180.0,0.0,1086.0,724.0,28.0,72.5,D4,25.8,0.66
360.0,0.0,0.0,180.0,0.0,1086.0,724.0,28.0,78.68,D4,24.2,0.62
360.0,0.0,0.0,180.0,0.0,1086.0,724.0,28.0,53.94,D4,25.9,0.57
360.0,0.0,0.0,180.0,0.0,1086.0,724.0,28.0,47.85,D4,27.5,0.53
360.0,0.0,0.0,180.0,0.0,1086.0,724.0,28.0,63.5,D4,24.2,0.55
360.0,0.0,0.0,180.0,0.0,1086.0,724.0,28.0,59.29,D4,24.9,0.66
360.0,0.0,0.0,180.0,0.0,1086.0,724.0,28.0,76.24,D4,23.4,0.69
360.0,0.0,0.0,180.0,0.0,1086.0,724.0,28.0,80.97,D4,21.4,0.6
360.0,0.0,0.0,180.0,0.0,1086.0,724.0,28.0,69.41,D4,26.6,0.61
360.0,0.0,0.0,180.0,0.0,1086.0,724.0,28.0,58.61,D4,24.9,0.64
360.0,0.0,0.0,180.0,0.0,1086.0,724.0,28.0,75.13,D4,25.1,0.6
360.0,0.0,0.0,180.0,0.0,1086.0,724.0,28.0,80.72,D4,23.0,0.65
360.0,0.0,0.0,180.0,0.0,1086.0,724.0,28.0,65.58,D4,24.6,0.61
360.0,0.0,0.0,180.0,0.0,1086.0,724.0,28.0,18.76,D4,27.2,0.61
360.0,0.0,0.0,180.0,0.0,1086.0,724.0,28.0,18.43,D4,25.0,0.57
360.0,0.0,0.0,180.0,0.0,1086.0,724.0,28.0,19.51,D4,25.1,0.55
360.0,0.0,0.0,180.0,0.0,1086.0,724.0,28.0,19.34,D4,25.4,0.44
360.0,0.0,0.0,180.0,0.0,1086.0,724.0,28.0,18.76,D4,22.5,0.66
360.0,0.0,0.0,180.0,0.0,1086.0,724.0,28.0,18.84,D4,26.2,0.59
360.0,0.0,0.0,180.0,0.0,1086.0,724.0,28.0,24.65,D4,22.5,0.58
360.0,0.0,0.0,180.0,0.0,1086.0,724.0,28.0,24.32,D4,23.1,0.5
360.0,0.0,0.0,180.0,0.0,1086.0,724.0,28.0,25.9,D4,22.9,0.57
360.0,0.0,0.0,180.0,0.0,1086.0,724.0,28.0,26.48,D4,24.6,0.56
360.0,0.0,0.0,180.0,0.0,1086.0,724.0,28.0,25.15,D4,24.3,0.56
360.0,0.0,0.0,180.0,0.0,1086.0,724.0,28.0,25.15,D4,25.0,0.62
360.0,0.0,0.0,180.0,0.0,1086.0,724.0,28.0,26.31,D4,23.2,0.61
360.0,0.0,0.0,180.0,0.0,1086.0,724.0,28.0,27.97,D4,27.0,0.53
360.0,0.0,0.0,180.0,0.0,1086.0,724.0,28.0,27.56,D4,26.7,0.54
360.0,0.0,0.0,180.0,0.0,1086.0,724.0,28.0,26.73,D4,24.7,0.54
360.0,0.0,0.0,180.0,0.0,1086.0,724.0,28.0,28.97,D4,24.0,0.69
360.0,0.0,0.0,180.0,0.0,1086.0,724.0,28.0,30.13,D4,23.8,0.67
360.0,0.0,0.0,180.0,0.0,1086.0,724.0,28.0,28.97,D4,24.4,0.56
360.0,0.0,0.0,180.0,0.0,1086.0,724.0,28.0,27.22,D4,22.2,0.5
360.0,0.0,0.0,180.0,0.0,1086.0,724.0,28.0,27.22,D4,23.1,0.61
360.0,0.0,0.0,180.0,0.0,1086.0,724.0,28.0,26.81,D4,26.7,0.6
360.0,0.0,0.0,180.0,0.0,1086.0,724.0,28.0,27.31,D4,25.6,0.62
360.0,0.0,0.0,180.0,0.0,1086.0,724.0,28.0,28.05,D4,28.3,0.64
360.0,0.0,0.0,180.0,0.0,1086.0,724.0,28.0,37.68,D4,24.4,0.62
360.0,0.0,0.0,180.0,0.0,1086.0,724.0,28.0,34.86,D4,24.3,0.54
360.0,0.0,0.0,180.0,0.0,1086.0,724.0,28.0,33.62,D4,24.2,0.61
360.0,0.0,0.0,180.0,0.0,1086.0,724.0,28.0,33.37,D4,24.4,0.64
360.0,0.0,0.0,180.0,0.0,1086.0,724.0,28.0,31.54,D4,23.7,0.56
360.0,0.0,0.0,180.0,0.0,1086.0,724.0,28.0,33.12,D4,25.5,0.61
360.0,0.0,0.0,180.0,0.0,1086.0,724.0,28.0,41.92,D4,25.1,0.57
360.0,0.0,0.0,180.0,0.0,1086.0,724.0,28.0,40.09,D4,24.0,0.7
360.0,0.0,0.0,180.0,0.0,1086.0,724.0,28.0,38.84,D4,27.5,0.53
360.0,0.0,0.0,180.0,0.0,1086.0,724.0,28.0,39.84,D4,28.8,0.66
360.0,0.0,0.0,180.0,0.0,1086.0,724.0,28.0,41.75,D4,27.3,0.52
360.0,0.0,0.0,180.0,0.0,1086.0,724.0,28.0,43.16,D4,26.1,0.69
360.0,0.0,0.0,180.0,0.0,1086.0,724.0,28.0,17.51,D4,26.5,0.54
360.0,0.0,0.0,180.0,0.0,1086.0,724.0,28.0,17.1,D4,28.7,0.61
360.0,0.0,0.0,180.0,0.0,1086.0,724.0,28.0,18.09,D4,26.5,0.52
360.0,0.0,0.0,180.0,0.0,1086.0,724.0,28.0,17.18,D4,23.8,0.53
360.0,0.0,0.0,180.0,0.0,1086.0,724.0,28.0,23.99,D4,25.8,0.64
360.0,0.0,0.0,180.0,0.0,1086.0,724.0,28.0,24.49,D4,26.3,0.65
360.0,0.0,0.0,180.0,0.0,1086.0,724.0,28.0,19.26,D4,23.0,0.61
360.0,0.0,0.0,180.0,0.0,1086.0,724.0,28.0,21.66,D4,24.4,0.64
360.0,0.0,0.0,180.0,0.0,1086.0,724.0,28.0,25.07,D4,27.2,0.65
360.0,0.0,0.0,180.0,0.0,1086.0,724.0,28.0,25.9,D4,21.4,0.57
360.0,0.0,0.0,180.0,0.0,1086.0,724.0,28.0,25.65,D4,22.5,0.53
360.0,0.0,0.0,180.0,0.0,1086.0,724.0,28.0,24.65,D4,24.6,0.6
360.0,0.0,0.0,180.0,0.0,1086.0,724.0,28.0,25.15,D4,25.7,0.57
360.0,0.0,0.0,180.0,0.0,1086.0,724.0,28.0,25.9,D4,22.3,0.62
360.0,0.0,0.0,180.0,0.0,1086.0,724.0,28.0,26.31,D4,24.7,0.63
360.0,0.0,0.0,180.0,0.0,1086.0,724.0,28.0,27.14,D4,27.3,0.57
360.0,0.0,0.0,180.0,0.0,1086.0,724.0,28.0,28.64,D4,25.1,0.64
360.0,0.0,0.0,180.0,0.0,1086.0,724.0,28.0,30.88,D4,26.9,0.63
360.0,0.0,0.0,180.0,0.0,1086.0,724.0,28.0,27.64,D4,23.8,0.64
360.0,0.0,0.0,180.0,0.0,1086.0,724.0,28.0,27.97,D4,23.4,0.58
360.0,0.0,0.0,180.0,0.0,1086.0,724.0,28.0,33.12,D4,26.7,0.64
360.0,0.0,0.0,180.0,0.0,1086.0,724.0,28.0,34.69,D4,25.7,0.63
360.0,0.0,0.0,180.0,0.0,1086.0,724.0,28.0,35.52,D4,22.6,0.63
360.0,0.0,0.0,180.0,0.0,1086.0,724.0,28.0,32.45,D4,23.4,0.68
360.0,0.0,0.0,180.0,0.0,1086.0,724.0,28.0,38.84,D4,28.1,0.62
360.0,0.0,0.0,180.0,0.0,1086.0,724.0,28.0,36.6,D4,23.2,0.57
360.0,0.0,0.0,180.0,0.0,1086.0,724.0,28.0,36.02,D4,26.9,0.54
360.0,0.0,0.0,180.0,0.0,1086.0,724.0,28.0,37.02,D4,24.0,0.66
360.0,0.0,0.0,180.0,0.0,1086.0,724.0,28.0,7.06,D4,25.0,0.62
360.0,0.0,0.0,180.0,0.0,1086.0,724.0,28.0,6.64,D4,25.6,0.68
360.0,0.0,0.0,180.0,0.0,1086.0,724.0,28.0,6.97,D4,20.8,0.5
360.0,0.0,0.0,180.0,0.0,1086.0,724.0,28.0,6.97,D4,22.1,0.65
360.0,0.0,0.0,180.0,0.0,1086.0,724.0,28.0,7.22,D4,25.2,0.59
360.0,0.0,0.0,180.0,0.0,1086.0,724.0,28.0,7.8,D4,23.6,0.58
360.0,0.0,0.0,180.0,0.0,1086.0,724.0,28.0,12.95,D4,27.0,0.56
360.0,0.0,0.0,180.0,0.0,1086.0,724.0,28.0,13.2,D4,21.8,0.64
360.0,0.0,0.0,180.0,0.0,1086.0,724.0,28.0,12.87,D4,26.1,0.63
360.0,0.0,0.0,180.0,0.0,1086.0,724.0,28.0,13.03,D4,22.2,0.54
360.0,0.0,0.0,180.0,0.0,1086.0,724.0,28.0,12.78,D4,24.3,0.61
360.0,0.0,0.0,180.0,0.0,1086.0,724.0,28.0,12.12,D4,22.9,0.64
360.0,0.0,0.0,180.0,0.0,1086.0,724.0,28.0,17.26,D4,28.8,0.61
360.0,0.0,0.0,180.0,0.0,1086.0,724.0,28.0,18.76,D4,22.3,0.66
360.0,0.0,0.0,180.0,0.0,1086.0,724.0,28.0,17.18,D4,24.8,0.59
360.0,0.0,0.0,180.0,0.0,1086.0,724.0,28.0,16.68,D4,21.5,0.49
360.0,0.0,0.0,180.0,0.0,1086.0,724.0,28.0,16.68,D4,28.2,0.61
360.0,0.0,0.0,180.0,0.0,1086.0,724.0,28.0,16.6,D4,25.8,0.61
360.0,0.0,0.0,180.0,0.0,1086.0,724.0,28.0,24.24,D4,25.3,0.62
360.0,0.0,0.0,180.0,0.0,1086.0,724.0,28.0,22.74,D4,27.9,0.66
360.0,0.0,0.0,180.0,0.0,1086.0,724.0,28.0,21.83,D4,25.3,0.5
360.0,0.0,0.0,180.0,0.0,1086.0,724.0,28.0,22.24,D4,25.4,0.59
360.0,0.0,0.0,180.0,0.0,1086.0,724.0,28.0,20.83,D4,25.3,0.55
360.0,0.0,0.0,180.0,0.0,1086.0,724.0,28.0,20.92,D4,26.1,0.54
360.0,0.0,0.0,180.0,0.0,1086.0,724.0,28.0,30.3,D4,24.0,0.6
360.0,0.0,0.0,180.0,0.0,1086.0,724.0,28.0,26.73,D4,24.6,0.64
360.0,0.0,0.0,180.0,0.0,1086.0,724.0,28.0,28.8,D4,26.6,0.62
360.0,0.0,0.0,180.0,0.0,1086.0,724.0,28.0,30.63,D4,25.6,0.57
360.0,0.0,0.0,180.0,0.0,1086.0,724.0,28.0,27.06,D4,24.8,0.59
360.0,0.0,0.0,180.0,0.0,1086.0,724.0,28.0,27.22,D4,22.2,0.65
360.0,0.0,0.0,180.0,0.0,1086.0,724.0,28.0,36.94,D4,28.0,0.63
360.0,0.0,0.0,180.0,0.0,1086.0,724.0,28.0,34.28,D4,23.7,0.57
360.0,0.0,0.0,180.0,0.0,1086.0,724.0,28.0,36.11,D4,27.0,0.57
360.0,0.0,0.0,180.0,0.0,1086.0,724.0,28.0,34.69,D4,25.4,0.51
360.0,0.0,0.0,180.0,0.0,1086.0,724.0,28.0,23.74,D4,22.4,0.58
360.0,0.0,0.0,180.0,0.0,1086.0,724.0,28.0,25.73,D4,27.5,0.51
360.0,0.0,0.0,180.0,0.0,1086.0,724.0,28.0,22.91,D4,25.5,0.7
360.0,0.0,0.0,180.0,0.0,1086.0,724.0,28.0,23.74,D4,27.7,0.56
360.0,0.0,0.0,180.0,0.0,1086.0,724.0,28.0,25.15,D4,24.6,0.66
360.0,0.0,0.0,180.0,0.0,1086.0,724.0,28.0,24.9,D4,26.4,0.69
360.0,0.0,0.0,180.0,0.0,1086.0,724.0,28.0,32.87,D4,21.5,0.61
360.0,0.0,0.0,180.0,0.0,1086.0,724.0,28.0,31.04,D4,24.0,0.59
360.0,0.0,0.0,180.0,0.0,1086.0,724.0,28.0,30.71,D4,22.5,0.53
360.0,0.0,0.0,180.0,0.0,1086.0,724.0,28.0,31.37,D4,24.3,0.57
360.0,0.0,0.0,180.0,0.0,1086.0,724.0,28.0,29.71,D4,25.9,0.68
360.0,0.0,0.0,180.0,0.0,1086.0,724.0,28.0,29.55,D4,23.8,0.62
360.0,0.0,0.0,180.0,0.0,1086.0,724.0,28.0,35.44,D4,26.7,0.6
360.0,0.0,0.0,180.0,0.0,1086.0,724.0,28.0,35.86,D4,23.3,0.67
360.0,0.0,0.0,180.0,0.0,1086.0,724.0,28.0,35.44,D4,26.8,0.63
360.0,0.0,0.0,180.0,0.0,1086.0,724.0,28.0,35.77,D4,27.6,0.59
360.0,0.0,0.0,180.0,0.0,1086.0,724.0,28.0,36.77,D4,27.0,0.61
360.0,0.0,0.0,180.0,0.0,1086.0,724.0,28.0,34.86,D4,24.3,0.56
360.0,0.0,0.0,180.0,0.0,1086.0,724.0,28.0,39.92,D4,20.7,0.57
360.0,0.0,0.0,180.0,0.0,1086.0,724.0,28.0,39.01,D4,26.2,0.59
360.0,0.0,0.0,180.0,0.0,1086.0,724.0,28.0,37.77,D4,24.7,0.63
360.0,0.0,0.0,180.0,0.0,1086.0,724.0,28.0,39.43,D4,23.0,0.54
360.0,0.0,0.0,180.0,0.0,1086.0,724.0,28.0,37.52,D4,23.9,0.6
360.0,0.0,0.0,180.0,0.0,1086.0,724.0,28.0,37.85,D4,27.9,0.58
360.0,0.0,0.0,180.0,0.0,1086.0,724.0,28.0,44.49,D4,22.7,0.55
360.0,0.0,0.0,180.0,0.0,1086.0,724.0,28.0,45.9,D4,25.9,0.58
360.0,0.0,0.0,180.0,0.0,1086.0,724.0,28.0,41.67,D4,25.4,0.48
360.0,0.0,0.0,180.0,0.0,1086.0,724.0,28.0,47.97,D4,24.3,0.56
360.0,0.0,0.0,180.0,0.0,1086.0,724.0,28.0,43.24,D4,26.3,0.55
360.0,0.0,0.0,180.0,0.0,1086.0,724.0,28.0,41.75,D4,28.3,0.59
360.0,0.0,0.0,180.0,0.0,1086.0,724.0,28.0,46.73,D4,24.4,0.49
360.0,0.0,0.0,180.0,0.0,1086.0,724.0,28.0,41.09,D4,24.5,0.61
360.0,0.0,0.0,180.0,0.0,1086.0,724.0,28.0,45.48,D4,26.2,0.65
360.0,0.0,0.0,180.0,0.0,1086.0,724.0,28.0,43.58,D4,26.8,0.59
360.0,0.0,0.0,180.0,0.0,1086.0,724.0,28.0,21.08,D4,24.7,0.62
360.0,0.0,0.0,180.0,0.0,1086.0,724.0,28.0,24.24,D4,24.4,0.57
360.0,0.0,0.0,180.0,0.0,1086.0,724.0,28.0,23.9,D4,20.6,0.52
360.0,0.0,0.0,180.0,0.0,1086.0,724.0,28.0,21.83,D4,23.4,0.6
360.0,0.0,0.0,180.0,0.0,1086.0,724.0,28.0,24.57,D4,22.7,0.63
360.0,0.0,0.0,180.0,0.0,1086.0,724.0,28.0,24.4,D4,26.4,0.53
360.0,0.0,0.0,180.0,0.0,1086.0,724.0,28.0,22.49,D4,24.5,0.58
360.0,0.0,0.0,180.0,0.0,1086.0,724.0,28.0,21.66,D4,24.4,0.59
360.0,0.0,0.0,180.0,0.0,1086.0,724.0,28.0,29.3,D4,25.0,0.74
360.0,0.0,0.0,180.0,0.0,1086.0,724.0,28.0,29.05,D4,23.3,0.61
360.0,0.0,0.0,180.0,0.0,1086.0,724.0,28.0,28.97,D4,28.1,0.5
360.0,0.0,0.0,180.0,0.0,1086.0,724.0,28.0,29.3,D4,27.6,0.49
360.0,0.0,0.0,180.0,0.0,1086.0,724.0,28.0,29.47,D4,28.2,0.64
360.0,0.0,0.0,180.0,0.0,1086.0,724.0,28.0,29.3,D4,26.4,0.72
360.0,0.0,0.0,180.0,0.0,1086.0,724.0,28.0,31.04,D4,24.9,0.59
360.0,0.0,0.0,180.0,0.0,1086.0,724.0,28.0,33.2,D4,28.2,0.58
360.0,0.0,0.0,180.0,0.0,1086.0,724.0,28.0,32.2,D4,23.6,0.62
360.0,0.0,0.0,180.0,0.0,1086.0,724.0,28.0,33.95,D4,23.3,0.56
360.0,0.0,0.0,180.0,0.0,1086.0,724.0,28.0,31.37,D4,23.8,0.47
360.0,0.0,0.0,180.0,0.0,1086.0,724.0,28.0,30.54,D4,26.0,0.65
360.0,0.0,0.0,180.0,0.0,1086.0,724.0,28.0,30.3,D4,23.5,0.57
360.0,0.0,0.0,180.0,0.0,1086.0,724.0,28.0,31.13,D4,24.7,0.65
360.0,0.0,0.0,180.0,0.0,1086.0,724.0,28.0,31.37,D4,21.8,0.56
360.0,0.0,0.0,180.0,0.0,1086.0,724.0,28.0,31.87,D4,26.0,0.61
360.0,0.0,0.0,180.0,0.0,1086.0,724.0,28.0,32.79,D4,22.0,0.64
360.0,0.0,0.0,180.0,0.0,1086.0,724.0,28.0,34.03,D4,23.1,0.65
360.0,0.0,0.0,180.0,0.0,1086.0,724.0,28.0,40.09,D4,27.4,0.61
360.0,0.0,0.0,180.0,0.0,1086.0,724.0,28.0,35.03,D4,27.4,0.61
360.0,0.0,0.0,180.0,0.0,1086.0,724.0,28.0,35.69,D4,25.7,0.63
360.0,0.0,0.0,180.0,0.0,1086.0,724.0,28.0,34.69,D4,25.6,0.62
360.0,0.0,0.0,180.0,0.0,1086.0,724.0,28.0,32.87,D4,23.9,0.54
360.0,0.0,0.0,180.0,0.0,1086.0,724.0,28.0,48.39,D4,23.5,0.54
360.0,0.0,0.0,180.0,0.0,1086.0,724.0,28.0,42.75,D4,24.3,0.49
360.0,0.0,0.0,180.0,0.0,1086.0,724.0,28.0,44.41,D4,22.0,0.64
360.0,0.0,0.0,180.0,0.0,1086.0,724.0,28.0,51.29,D4,25.5,0.58
360.0,0.0,0.0,180.0,0.0,1086.0,724.0,28.0,39.1,D4,25.1,0.64
360.0,0.0,0.0,180.0,0.0,1086.0,724.0,28.0,38.66,D4,23.1,0.62
360.0,0.0,0.0,180.0,0.0,1086.0,724.0,28.0,23.57,D4,28.1,0.55
360.0,0.0,0.0,180.0,0.0,1086.0,724.0,28.0,22.98,D4,26.2,0.59
360.0,0.0,0.0,180.0,0.0,1086.0,724.0,28.0,12.36,D4,26.4,0.58
360.0,0.0,0.0,180.0,0.0,1086.0,724.0,28.0,11.8,D4,24.0,0.57
360.0,0.0,0.0,180.0,0.0,1086.0,724.0,28.0,49.73,D4,25.0,0.65
360.0,0.0,0.0,180.0,0.0,1086.0,724.0,28.0,50.06,D4,26.3,0.73
360.0,0.0,0.0,180.0,0.0,1086.0,724.0,28.0,35.16,D4,25.3,0.66
360.0,0.0,0.0,180.0,0.0,1086.0,724.0,28.0,36.59,D4,28.2,0.6
360.0,0.0,0.0,180.0,0.0,1086.0,724.0,28.0,20.77,D4,24.6,0.66
360.0,0.0,0.0,180.0,0.0,1086.0,724.0,28.0,17.6,D4,24.0,0.69
360.0,0.0,0.0,180.0,0.0,1086.0,724.0,28.0,62.54,D4,26.3,0.53
360.0,0.0,0.0,180.0,0.0,1086.0,724.0,28.0,62.99,D4,22.5,0.66
360.0,0.0,0.0,180.0,0.0,1086.0,724.0,28.0,44.89,D4,26.8,0.64
360.0,0.0,0.0,180.0,0.0,1086.0,724.0,28.0,44.31,D4,22.4,0.66
360.0,0.0,0.0,180.0,0.0,1086.0,724.0,28.0,33.86,D4,26.3,0.64
360.0,0.0,0.0,180.0,0.0,1086.0,724.0,28.0,36.08,D4,23.7,0.59
360.0,0.0,0.0,180.0,0.0,1086.0,724.0,28.0,69.34,D4,26.0,0.7
360.0,0.0,0.0,180.0,0.0,1086.0,724.0,28.0,69.52,D4,26.8,0.62
360.0,0.0,0.0,180.0,0.0,1086.0,724.0,28.0,53.3,D4,25.3,0.58
360.0,0.0,0.0,180.0,0.0,1086.0,724.0,28.0,50.8,D4,22.6,0.63
360.0,0.0,0.0,180.0,0.0,1086.0,724.0,28.0,33.86,D4,23.2,0.65
360.0,0.0,0.0,180.0,0.0,1086.0,724.0,28.0,36.08,D4,23.5,0.6
360.0,0.0,0.0,180.0,0.0,1086.0,724.0,28.0,75.39,D4,21.2,0.62
360.0,0.0,0.0,180.0,0.0,1086.0,724.0,28.0,71.48,D4,27.3,0.6
360.0,0.0,0.0,180.0,0.0,1086.0,724.0,28.0,58.28,D4,25.2,0.57
360.0,0.0,0.0,180.0,0.0,1086.0,724.0,28.0,54.37,D4,22.7,0.56
360.0,0.0,0.0,180.0,0.0,1086.0,724.0,28.0,38.92,D4,27.9,0.53
360.0,0.0,0.0,180.0,0.0,1086.0,724.0,28.0,38.07,D4,23.6,0.68
360.0,0.0,0.0,180.0,0.0,1086.0,724.0,28.0,68.77,D4,25.5,0.59
360.0,0.0,0.0,180.0,0.0,1086.0,724.0,28.0,70.77,D4,23.3,0.43
360.0,0.0,0.0,180.0,0.0,1086.0,724.0,28.0,57.66,D4,21.0,0.62
360.0,0.0,0.0,180.0,0.0,1086.0,724.0,28.0,58.81,D4,22.3,0.62
360.0,0.0,0.0,180.0,0.0,1086.0,724.0,28.0,41.35,D4,24.1,0.51
360.0,0.0,0.0,180.0,0.0,1086.0,724.0,28.0,37.41,D4,26.8,0.56
360.0,0.0,0.0,180.0,0.0,1086.0,724.0,28.0,71.83,D4,25.7,0.56
360.0,0.0,0.0,180.0,0.0,1086.0,724.0,28.0,69.61,D4,25.3,0.56
360.0,0.0,0.0,180.0,0.0,1086.0,724.0,28.0,57.83,D4,21.0,0.66
360.0,0.0,0.0,180.0,0.0,1086.0,724.0,28.0,60.01,D4,27.5,0.59
360.0,0.0,0.0,180.0,0.0,1086.0,724.0,28.0,38.88,D4,25.4,0.58
360.0,0.0,0.0,180.0,0.0,1086.0,724.0,28.0,37.88,D4,24.8,0.66
360.0,0.0,0.0,180.0,0.0,1086.0,724.0,28.0,39.1,D4,27.3,0.62
360.0,0.0,0.0,180.0,0.0,1086.0,724.0,28.0,38.66,D4,27.5,0.51
360.0,0.0,0.0,180.0,0.0,1086.0,724.0,28.0,23.57,D4,27.3,0.57
360.0,0.0,0.0,180.0,0.0,1086.0,724.0,28.0,22.98,D4,24.5,0.62
360.0,0.0,0.0,180.0,0.0,1086.0,724.0,28.0,12.36,D4,23.0,0.55
360.0,0.0,0.0,180.0,0.0,1086.0,724.0,28.0,11.8,D4,27.0,0.7
360.0,0.0,0.0,180.0,0.0,1086.0,724.0,28.0,49.73,D4,22.3,0.61
360.0,0.0,0.0,180.0,0.0,1086.0,724.0,28.0,50.06,D4,28.9,0.56
360.0,0.0,0.0,180.0,0.0,1086.0,724.0,28.0,35.16,D4,25.1,0.54
360.0,0.0,0.0,180.0,0.0,1086.0,724.0,28.0,36.59,D4,22.9,0.65
360.0,0.0,0.0,180.0,0.0,1086.0,724.0,28.0,20.77,D4,22.5,0.57
360.0,0.0,0.0,180.0,0.0,1086.0,724.0,28.0,17.6,D4,22.4,0.62
360.0,0.0,0.0,180.0,0.0,1086.0,724.0,28.0,62.54,D4,25.3,0.54
360.0,0.0,0.0,180.0,0.0,1086.0,724.0,28.0,62.99,D4,25.0,0.6
360.0,0.0,0.0,180.0,0.0,1086.0,724.0,28.0,44.89,D4,22.5,0.57
360.0,0.0,0.0,180.0,0.0,1086.0,724.0,28.0,44.31,D4,24.3,0.58
360.0,0.0,0.0,180.0,0.0,1086.0,724.0,28.0,33.86,D4,22.3,0.56
360.0,0.0,0.0,180.0,0.0,1086.0,724.0,28.0,36.08,D4,26.2,0.65
360.0,0.0,0.0,180.0,0.0,1086.0,724.0,28.0,69.34,D4,24.9,0.58
360.0,0.0,0.0,180.0,0.0,1086.0,724.0,28.0,69.52,D4,24.2,0.59
360.0,0.0,0.0,180.0,0.0,1086.0,724.0,28.0,53.3,D4,22.4,0.6
360.0,0.0,0.0,180.0,0.0,1086.0,724.0,28.0,50.8,D4,24.4,0.68
360.0,0.0,0.0,180.0,0.0,1086.0,724.0,28.0,33.86,D4,24.2,0.64
360.0,0.0,0.0,180.0,0.0,1086.0,724.0,28.0,36.08,D4,25.6,0.64
360.0,0.0,0.0,180.0,0.0,1086.0,724.0,28.0,75.39,D4,25.3,0.52
360.0,0.0,0.0,180.0,0.0,1086.0,724.0,28.0,71.48,D4,26.6,0.57
360.0,0.0,0.0,180.0,0.0,1086.0,724.0,28.0,58.28,D4,24.0,0.66
360.0,0.0,0.0,180.0,0.0,1086.0,724.0,28.0,54.37,D4,21.3,0.54
360.0,0.0,0.0,180.0,0.0,1086.0,724.0,28.0,38.92,D4,27.0,0.6
360.0,0.0,0.0,180.0,0.0,1086.0,724.0,28.0,38.07,D4,23.1,0.55
360.0,0.0,0.0,180.0,0.0,1086.0,724.0,28.0,68.77,D4,22.8,0.55
360.0,0.0,0.0,180.0,0.0,1086.0,724.0,28.0,70.77,D4,24.9,0.68
360.0,0.0,0.0,180.0,0.0,1086.0,724.0,28.0,57.66,D4,25.6,0.64
360.0,0.0,0.0,180.0,0.0,1086.0,724.0,28.0,58.81,D4,23.9,0.65
360.0,0.0,0.0,180.0,0.0,1086.0,724.0,28.0,41.35,D4,23.9,0.64
360.0,0.0,0.0,180.0,0.0,1086.0,724.0,28.0,37.41,D4,24.2,0.59
360.0,0.0,0.0,180.0,0.0,1086.0,724.0,28.0,71.83,D4,27.8,0.57
360.0,0.0,0.0,180.0,0.0,1086.0,724.0,28.0,69.61,D4,25.0,0.58
360.0,0.0,0.0,180.0,0.0,1086.0,724.0,28.0,57.83,D4,23.1,0.59
360.0,0.0,0.0,180.0,0.0,1086.0,724.0,28.0,60.01,D4,23.1,0.69
360.0,0.0,0.0,180.0,0.0,1086.0,724.0,28.0,38.88,D4,24.5,0.53
360.0,0.0,0.0,180.0,0.0,1086.0,724.0,28.0,37.88,D4,25.5,0.57
360.0,0.0,0.0,180.0,0.0,1086.0,724.0,28.0,62.54,D4,26.0,0.55
360.0,0.0,0.0,180.0,0.0,1086.0,724.0,28.0,62.99,D4,25.2,0.65
360.0,0.0,0.0,180.0,0.0,1086.0,724.0,28.0,33.86,D4,23.3,0.69
360.0,0.0,0.0,180.0,0.0,1086.0,724.0,28.0,36.08,D4,24.2,0.62
360.0,0.0,0.0,180.0,0.0,1086.0,724.0,28.0,38.07,D4,26.5,0.62
400.0,0.0,0.0,180.0,0.0,1062.0,708.0,7.0,46.46,D4,22.7,0.6
400.0,0.0,0.0,180.0,0.0,1062.0,708.0,14.0,58.9,D4,24.1,0.62
400.0,0.0,0.0,180.0,0.0,1062.0,708.0,28.0,65.28,D4,26.2,0.64
400.0,0.0,0.0,180.0,0.0,1062.0,708.0,56.0,65.36,D4,26.8,0.62
439.0243902439025,0.0,0.0,180.0,0.0,1038.5853658536585,692.3902439024391,7.0,52.1,D4,24.6,0.62
439.0243902439025,0.0,0.0,180.0,0.0,1038.5853658536585,692.3902439024391,14.0,68.02,D4,24.2,0.64
439.0243902439025,0.0,0.0,180.0,0.0,1038.5853658536585,692.3902439024391,28.0,69.17,D4,22.4,0.51
439.0243902439025,0.0,0.0,180.0,0.0,1038.5853658536585,692.3902439024391,56.0,78.57,D4,26.1,0.6
473.6842105263158,0.0,0.0,180.0,0.0,1017.7894736842104,678.5263157894738,7.0,59.58,D4,27.6,0.62
473.6842105263158,0.0,0.0,180.0,0.0,1017.7894736842104,678.5263157894738,14.0,69.96,D4,30.1,0.62
473.6842105263158,0.0,0.0,180.0,0.0,1017.7894736842104,678.5263157894738,28.0,73.33,D4,25.8,0.59
473.6842105263158,0.0,0.0,180.0,0.0,1017.7894736842104,678.5263157894738,56.0,78.72,D4,24.9,0.61
352.94117647058823,0.0,0.0,180.0,0.0,1090.235294117647,726.8235294117648,7.0,44.51,D4,23.2,0.56
352.94117647058823,0.0,0.0,180.0,0.0,1090.235294117647,726.8235294117648,14.0,54.87,D4,21.2,0.51
352.94117647058823,0.0,0.0,180.0,0.0,1090.235294117647,726.8235294117648,28.0,58.68,D4,25.4,0.65
352.94117647058823,0.0,0.0,180.0,0.0,1090.235294117647,726.8235294117648,56.0,65.32,D4,29.7,0.54
382.97872340425533,0.0,0.0,180.0,0.0,1072.212765957447,714.8085106382979,7.0,50.31,D4,27.5,0.59
382.97872340425533,0.0,0.0,180.0,0.0,1072.212765957447,714.8085106382979,14.0,53.97,D4,27.2,0.56
382.97872340425533,0.0,0.0,180.0,0.0,1072.212765957447,714.8085106382979,28.0,66.62,D4,25.5,0.68
382.97872340425533,0.0,0.0,180.0,0.0,1072.212765957447,714.8085106382979,56.0,72.2,D4,25.7,0.6
418.60465116279073,0.0,0.0,180.0,0.0,1050.8372093023254,700.5581395348837,7.0,50.62,D4,20.2,0.58
418.60465116279073,0.0,0.0,180.0,0.0,1050.8372093023254,700.5581395348837,14.0,59.93,D4,26.5,0.64
418.60465116279073,0.0,0.0,180.0,0.0,1050.8372093023254,700.5581395348837,28.0,68.87,D4,23.8,0.71
418.60465116279073,0.0,0.0,180.0,0.0,1050.8372093023254,700.5581395348837,56.0,72.32,D4,23.6,0.62
418.60465116279073,0.0,0.0,180.0,0.0,1050.8372093023254,700.5581395348837,90.0,73.63,D4,24.4,0.58
418.60465116279073,0.0,0.0,180.0,0.0,1050.8372093023254,700.5581395348837,180.0,74.48,D4,24.3,0.63
300.0,0.0,0.0,180.0,0.0,1122.0,748.0,7.0,35.43,D4,23.6,0.52
300.0,0.0,0.0,180.0,0.0,1122.0,748.0,14.0,43.26,D4,25.0,0.6
300.0,0.0,0.0,180.0,0.0,1122.0,748.0,28.0,46.98,D4,23.9,0.7
300.0,0.0,0.0,180.0,0.0,1122.0,748.0,56.0,48.24,D4,25.2,0.61
300.0,0.0,0.0,180.0,0.0,1122.0,748.0,90.0,52.29,D4,22.0,0.61
300.0,0.0,0.0,180.0,0.0,1122.0,748.0,180.0,53.82,D4,24.6,0.6
327.27272727272725,0.0,0.0,180.0,0.0,1105.6363636363635,737.0909090909091,7.0,39.57,D4,22.8,0.58
327.27272727272725,0.0,0.0,180.0,0.0,1105.6363636363635,737.0909090909091,14.0,48.54,D4,23.7,0.62
327.27272727272725,0.0,0.0,180.0,0.0,1105.6363636363635,737.0909090909091,28.0,48.98,D4,25.3,0.64
327.27272727272725,0.0,0.0,180.0,0.0,1105.6363636363635,737.0909090909091,56.0,53.29,D4,21.8,0.58
327.27272727272725,0.0,0.0,180.0,0.0,1105.6363636363635,737.0909090909091,90.0,57.54,D4,23.4,0.48
327.27272727272725,0.0,0.0,180.0,0.0,1105.6363636363635,737.0909090909091,180.0,61.15,D4,26.1,0.62
360.0,0.0,0.0,180.0,0.0,1086.0,724.0,7.0,42.64,D4,22.2,0.71
360.0,0.0,0.0,180.0,0.0,1086.0,724.0,14.0,50.62,D4,28.6,0.58
360.0,0.0,0.0,180.0,0.0,1086.0,724.0,28.0,56.52,D4,27.4,0.53
360.0,0.0,0.0,180.0,0.0,1086.0,724.0,56.0,63.47,D4,24.0,0.63
360.0,0.0,0.0,180.0,0.0,1086.0,724.0,90.0,67.55,D4,23.4,0.69
400.0,0.0,0.0,180.0,0.0,1062.0,708.0,7.0,46.78,D4,25.4,0.63
400.0,0.0,0.0,180.0,0.0,1062.0,708.0,14.0,58.7,D4,22.1,0.69
400.0,0.0,0.0,180.0,0.0,1062.0,708.0,28.0,62.03,D4,21.0,0.64
400.0,0.0,0.0,180.0,0.0,1062.0,708.0,56.0,67.65,D4,24.1,0.64
439.0243902439025,0.0,0.0,180.0,0.0,1038.5853658536585,692.3902439024391,7.0,50.46,D4,24.7,0.57
439.0243902439025,0.0,0.0,180.0,0.0,1038.5853658536585,692.3902439024391,14.0,65.35,D4,25.2,0.61
439.0243902439025,0.0,0.0,180.0,0.0,1038.5853658536585,692.3902439024391,28.0,74.46,D4,23.8,0.6
439.0243902439025,0.0,0.0,180.0,0.0,1038.5853658536585,692.3902439024391,56.0,74.81,D4,27.5,0.6
439.0243902439025,0.0,0.0,180.0,0.0,1038.5853658536585,692.3902439024391,90.0,76.65,D4,22.0,0.59
439.0243902439025,0.0,0.0,180.0,0.0,1038.5853658536585,692.3902439024391,180.0,77.19,D4,22.7,0.61
473.6842105263158,0.0,0.0,180.0,0.0,1017.7894736842104,678.5263157894738,7.0,59.3,D4,26.0,0.54
473.6842105263158,0.0,0.0,180.0,0.0,1017.7894736842104,678.5263157894738,14.0,71.99,D4,22.7,0.64
473.6842105263158,0.0,0.0,180.0,0.0,1017.7894736842104,678.5263157894738,28.0,83.55,D4,22.6,0.56
473.6842105263158,0.0,0.0,180.0,0.0,1017.7894736842104,678.5263157894738,56.0,84.29,D4,25.2,0.59
473.6842105263158,0.0,0.0,180.0,0.0,1017.7894736842104,678.5263157894738,90.0,84.61,D4,22.9,0.62
473.6842105263158,0.0,0.0,180.0,0.0,1017.7894736842104,678.5263157894738,180.0,87.07,D4,24.7,0.55
352.94117647058823,0.0,0.0,180.0,0.0,1090.235294117647,726.8235294117648,7.0,41.35,D4,23.6,0.5
352.94117647058823,0.0,0.0,180.0,0.0,1090.235294117647,726.8235294117648,14.0,48.87,D4,23.3,0.58
352.94117647058823,0.0,0.0,180.0,0.0,1090.235294117647,726.8235294117648,28.0,57.29,D4,20.8,0.53
352.94117647058823,0.0,0.0,180.0,0.0,1090.235294117647,726.8235294117648,56.0,60.48,D4,25.3,0.64
352.94117647058823,0.0,0.0,180.0,0.0,1090.235294117647,726.8235294117648,90.0,61.89,D4,22.5,0.54
352.94117647058823,0.0,0.0,180.0,0.0,1090.235294117647,726.8235294117648,180.0,62.97,D4,24.7,0.67
382.97872340425533,0.0,0.0,180.0,0.0,1072.212765957447,714.8085106382979,7.0,47.95,D4,24.0,0.6
382.97872340425533,0.0,0.0,180.0,0.0,1072.212765957447,714.8085106382979,14.0,58.11,D4,24.6,0.6
382.97872340425533,0.0,0.0,180.0,0.0,1072.212765957447,714.8085106382979,28.0,64.34,D4,24.7,0.5
382.97872340425533,0.0,0.0,180.0,0.0,1072.212765957447,714.8085106382979,56.0,64.48,D4,25.4,0.61
382.97872340425533,0.0,0.0,180.0,0.0,1072.212765957447,714.8085106382979,90.0,65.88,D4,23.5,0.6
382.97872340425533,0.0,0.0,180.0,0.0,1072.212765957447,714.8085106382979,180.0,69.26,D4,27.5,0.54
418.60465116279073,0.0,0.0,180.0,0.0,1050.8372093023254,700.5581395348837,7.0,51.78,D4,21.3,0.6
418.60465116279073,0.0,0.0,180.0,0.0,1050.8372093023254,700.5581395348837,14.0,65.33,D4,24.5,0.58
418.60465116279073,0.0,0.0,180.0,0.0,1050.8372093023254,700.5581395348837,28.0,70.2,D4,26.7,0.59
418.60465116279073,0.0,0.0,180.0,0.0,1050.8372093023254,700.5581395348837,56.0,72.3,D4,26.0,0.6
418.60465116279073,0.0,0.0,180.0,0.0,1050.8372093023254,700.5581395348837,90.0,75.98,D4,23.1,0.58
418.60465116279073,0.0,0.0,180.0,0.0,1050.8372093023254,700.5581395348837,180.0,76.62,D4,23.4,0.61
300.0,0.0,0.0,180.0,0.0,1122.0,748.0,7.0,30.1,D4,23.0,0.6
300.0,0.0,0.0,180.0,0.0,1122.0,748.0,14.0,37.64,D4,26.2,0.62
300.0,0.0,0.0,180.0,0.0,1122.0,748.0,28.0,40.18,D4,23.5,0.57
300.0,0.0,0.0,180.0,0.0,1122.0,748.0,56.0,44.5,D4,25.5,0.55
300.0,0.0,0.0,180.0,0.0,1122.0,748.0,90.0,46.7,D4,25.5,0.56
300.0,0.0,0.0,180.0,0.0,1122.0,748.0,180.0,48.05,D4,29.7,0.67
327.27272727272725,0.0,0.0,180.0,0.0,1105.6363636363635,737.0909090909091,7.0,37.86,D4,25.6,0.65
327.27272727272725,0.0,0.0,180.0,0.0,1105.6363636363635,737.0909090909091,14.0,45.27,D4,23.4,0.66
327.27272727272725,0.0,0.0,180.0,0.0,1105.6363636363635,737.0909090909091,28.0,53.44,D4,22.1,0.66
327.27272727272725,0.0,0.0,180.0,0.0,1105.6363636363635,737.0909090909091,56.0,53.84,D4,24.4,0.58
327.27272727272725,0.0,0.0,180.0,0.0,1105.6363636363635,737.0909090909091,90.0,54.12,D4,24.8,0.61
327.27272727272725,0.0,0.0,180.0,0.0,1105.6363636363635,737.0909090909091,180.0,55.65,D4,20.6,0.6
360.0,0.0,0.0,180.0,0.0,1086.0,724.0,7.0,45.66,D4,23.6,0.63
360.0,0.0,0.0,180.0,0.0,1086.0,724.0,14.0,54.7,D4,25.6,0.59
360.0,0.0,0.0,180.0,0.0,1086.0,724.0,28.0,61.2,D4,23.9,0.6
360.0,0.0,0.0,180.0,0.0,1086.0,724.0,56.0,65.02,D4,26.9,0.6
360.0,0.0,0.0,180.0,0.0,1086.0,724.0,90.0,68.54,D4,21.9,0.63
360.0,0.0,0.0,180.0,0.0,1086.0,724.0,180.0,69.56,D4,26.4,0.63
400.0,0.0,0.0,180.0,0.0,1062.0,708.0,7.0,50.47,D4,26.8,0.6
400.0,0.0,0.0,180.0,0.0,1062.0,708.0,14.0,60.76,D4,26.9,0.61
400.0,0.0,0.0,180.0,0.0,1062.0,708.0,28.0,68.74,D4,21.9,0.61
400.0,0.0,0.0,180.0,0.0,1062.0,708.0,56.0,70.02,D4,25.6,0.68
400.0,0.0,0.0,180.0,0.0,1062.0,708.0,90.0,70.41,D4,23.7,0.51
400.0,0.0,0.0,180.0,0.0,1062.0,708.0,180.0,71.79,D4,22.2,0.55
439.0243902439025,0.0,0.0,180.0,0.0,1038.5853658536585,692.3902439024391,7.0,57.94,D4,24.2,0.63
439.0243902439025,0.0,0.0,180.0,0.0,1038.5853658536585,692.3902439024391,14.0,70.57,D4,23.2,0.61
439.0243902439025,0.0,0.0,180.0,0.0,1038.5853658536585,692.3902439024391,28.0,78.3,D4,26.8,0.61
439.0243902439025,0.0,0.0,180.0,0.0,1038.5853658536585,692.3902439024391,56.0,78.98,D4,26.0,0.63
439.0243902439025,0.0,0.0,180.0,0.0,1038.5853658536585,692.3902439024391,90.0,81.13,D4,22.7,0.61
439.0243902439025,0.0,0.0,180.0,0.0,1038.5853658536585,692.3902439024391,180.0,81.85,D4,23.6,0.57
473.6842105263158,0.0,0.0,180.0,0.0,1017.7894736842104,678.5263157894738,7.0,56.89,D4,24.2,0.63
473.6842105263158,0.0,0.0,180.0,0.0,1017.7894736842104,678.5263157894738,14.0,71.02,D4,24.9,0.6
473.6842105263158,0.0,0.0,180.0,0.0,1017.7894736842104,678.5263157894738,28.0,75.3,D4,27.0,0.58
473.6842105263158,0.0,0.0,180.0,0.0,1017.7894736842104,678.5263157894738,56.0,75.6,D4,26.4,0.63
473.6842105263158,0.0,0.0,180.0,0.0,1017.7894736842104,678.5263157894738,90.0,85.92,D4,25.1,0.63
473.6842105263158,0.0,0.0,180.0,0.0,1017.7894736842104,678.5263157894738,180.0,92.86,D4,24.5,0.61
352.94117647058823,0.0,0.0,180.0,0.0,1090.235294117647,726.8235294117648,7.0,36.22,D4,21.5,0.69
352.94117647058823,0.0,0.0,180.0,0.0,1090.235294117647,726.8235294117648,14.0,45.67,D4,27.6,0.67
352.94117647058823,0.0,0.0,180.0,0.0,1090.235294117647,726.8235294117648,28.0,52.82,D4,24.1,0.65
352.94117647058823,0.0,0.0,180.0,0.0,1090.235294117647,726.8235294117648,56.0,57.4,D4,28.1,0.73
352.94117647058823,0.0,0.0,180.0,0.0,1090.235294117647,726.8235294117648,90.0,62.69,D4,25.4,0.59
352.94117647058823,0.0,0.0,180.0,0.0,1090.235294117647,726.8235294117648,180.0,63.6,D4,29.1,0.58
382.97872340425533,0.0,0.0,180.0,0.0,1072.212765957447,714.8085106382979,7.0,48.78,D4,26.2,0.64
382.97872340425533,0.0,0.0,180.0,0.0,1072.212765957447,714.8085106382979,14.0,56.92,D4,22.1,0.59
382.97872340425533,0.0,0.0,180.0,0.0,1072.212765957447,714.8085106382979,28.0,62.88,D4,23.8,0.6
382.97872340425533,0.0,0.0,180.0,0.0,1072.212765957447,714.8085106382979,56.0,64.43,D4,24.7,0.55
382.97872340425533,0.0,0.0,180.0,0.0,1072.212765957447,714.8085106382979,90.0,70.83,D4,23.3,0.63
382.97872340425533,0.0,0.0,180.0,0.0,1072.212765957447,714.8085106382979,180.0,72.35,D4,24.2,0.53
418.60465116279073,0.0,0.0,180.0,0.0,1050.8372093023254,700.5581395348837,7.0,55.06,D4,22.3,0.6
418.60465116279073,0.0,0.0,180.0,0.0,1050.8372093023254,700.5581395348837,14.0,66.17,D4,25.0,0.6
418.60465116279073,0.0,0.0,180.0,0.0,1050.8372093023254,700.5581395348837,28.0,73.36,D4,25.5,0.58
418.60465116279073,0.0,0.0,180.0,0.0,1050.8372093023254,700.5581395348837,56.0,76.7,D4,23.0,0.51
418.60465116279073,0.0,0.0,180.0,0.0,1050.8372093023254,700.5581395348837,90.0,82.57,D4,28.9,0.51
418.60465116279073,0.0,0.0,180.0,0.0,1050.8372093023254,700.5581395348837,180.0,83.13,D4,25.1,0.56
300.0,0.0,0.0,180.0,0.0,1122.0,748.0,7.0,29.51,D4,23.4,0.63
300.0,0.0,0.0,180.0,0.0,1122.0,748.0,14.0,37.36,D4,21.7,0.61
300.0,0.0,0.0,180.0,0.0,1122.0,748.0,28.0,44.65,D4,25.1,0.6
300.0,0.0,0.0,180.0,0.0,1122.0,748.0,56.0,47.45,D4,24.5,0.56
300.0,0.0,0.0,180.0,0.0,1122.0,748.0,90.0,52.31,D4,26.6,0.62
300.0,0.0,0.0,180.0,0.0,1122.0,748.0,180.0,53.41,D4,24.7,0.51
327.27272727272725,0.0,0.0,180.0,0.0,1105.6363636363635,737.0909090909091,7.0,31.52,D4,22.6,0.48
327.27272727272725,0.0,0.0,180.0,0.0,1105.6363636363635,737.0909090909091,14.0,42.36,D4,28.3,0.59
327.27272727272725,0.0,0.0,180.0,0.0,1105.6363636363635,737.0909090909091,28.0,44.51,D4,25.9,0.57
327.27272727272725,0.0,0.0,180.0,0.0,1105.6363636363635,737.0909090909091,56.0,48.18,D4,24.5,0.65
327.27272727272725,0.0,0.0,180.0,0.0,1105.6363636363635,737.0909090909091,90.0,51.19,D4,25.3,0.61
327.27272727272725,0.0,0.0,180.0,0.0,1105.6363636363635,737.0909090909091,180.0,51.67,D4,25.9,0.68
360.0,0.0,0.0,180.0,0.0,1086.0,724.0,7.0,35.08,D4,22.1,0.57
360.0,0.0,0.0,180.0,0.0,1086.0,724.0,14.0,40.93,D4,25.3,0.62
360.0,0.0,0.0,180.0,0.0,1086.0,724.0,28.0,48.07,D4,24.1,0.59
360.0,0.0,0.0,180.0,0.0,1086.0,724.0,56.0,49.21,D4,26.0,0.67
360.0,0.0,0.0,180.0,0.0,1086.0,724.0,90.0,49.43,D4,23.5,0.59
360.0,0.0,0.0,180.0,0.0,1086.0,724.0,180.0,49.49,D4,23.8,0.64
400.0,0.0,0.0,180.0,0.0,1062.0,708.0,7.0,43.69,D4,28.3,0.55
400.0,0.0,0.0,180.0,0.0,1062.0,708.0,14.0,50.79,D4,27.5,0.58
400.0,0.0,0.0,180.0,0.0,1062.0,708.0,28.0,56.94,D4,18.4,0.6
400.0,0.0,0.0,180.0,0.0,1062.0,708.0,56.0,58.69,D4,27.3,0.66
400.0,0.0,0.0,180.0,0.0,1062.0,708.0,90.0,59.41,D4,24.9,0.49
400.0,0.0,0.0,180.0,0.0,1062.0,708.0,180.0,61.62,D4,23.6,0.58
439.0243902439025,0.0,0.0,180.0,0.0,1038.5853658536585,692.3902439024391,7.0,45.04,D4,23.0,0.58
439.0243902439025,0.0,0.0,180.0,0.0,1038.5853658536585,692.3902439024391,14.0,51.63,D4,23.1,0.5
439.0243902439025,0.0,0.0,180.0,0.0,1038.5853658536585,692.3902439024391,28.0,59.33,D4,23.6,0.58
439.0243902439025,0.0,0.0,180.0,0.0,1038.5853658536585,692.3902439024391,56.0,61.62,D4,22.7,0.52
439.0243902439025,0.0,0.0,180.0,0.0,1038.5853658536585,692.3902439024391,90.0,63.08,D4,22.3,0.48
439.0243902439025,0.0,0.0,180.0,0.0,1038.5853658536585,692.3902439024391,180.0,65.7,D4,22.9,0.59
473.6842105263158,0.0,0.0,180.0,0.0,1017.7894736842104,678.5263157894738,7.0,46.7,D4,25.6,0.59
473.6842105263158,0.0,0.0,180.0,0.0,1017.7894736842104,678.5263157894738,14.0,55.17,D4,25.1,0.59
473.6842105263158,0.0,0.0,180.0,0.0,1017.7894736842104,678.5263157894738,28.0,60.56,D4,26.1,0.61
473.6842105263158,0.0,0.0,180.0,0.0,1017.7894736842104,678.5263157894738,56.0,61.63,D4,24.9,0.56
473.6842105263158,0.0,0.0,180.0,0.0,1017.7894736842104,678.5263157894738,90.0,66.09,D4,22.4,0.69
473.6842105263158,0.0,0.0,180.0,0.0,1017.7894736842104,678.5263157894738,180.0,73.54,D4,26.0,0.6
352.94117647058823,0.0,0.0,180.0,0.0,1090.235294117647,726.8235294117648,7.0,33.98,D4,23.0,0.66
352.94117647058823,0.0,0.0,180.0,0.0,1090.235294117647,726.8235294117648,14.0,38.75,D4,26.3,0.52
352.94117647058823,0.0,0.0,180.0,0.0,1090.235294117647,726.8235294117648,28.0,42.6,D4,22.7,0.56
352.94117647058823,0.0,0.0,180.0,0.0,1090.235294117647,726.8235294117648,56.0,45.98,D4,23.6,0.63
352.94117647058823,0.0,0.0,180.0,0.0,1090.235294117647,726.8235294117648,90.0,47.77,D4,24.3,0.59
352.94117647058823,0.0,0.0,180.0,0.0,1090.235294117647,726.8235294117648,180.0,52.31,D4,26.3,0.55
382.97872340425533,0.0,0.0,180.0,0.0,1072.212765957447,714.8085106382979,7.0,40.95,D4,25.4,0.51
382.97872340425533,0.0,0.0,180.0,0.0,1072.212765957447,714.8085106382979,14.0,44.25,D4,25.0,0.64
382.97872340425533,0.0,0.0,180.0,0.0,1072.212765957447,714.8085106382979,28.0,48.37,D4,28.8,0.63
382.97872340425533,0.0,0.0,180.0,0.0,1072.212765957447,714.8085106382979,56.0,53.91,D4,21.3,0.61
382.97872340425533,0.0,0.0,180.0,0.0,1072.212765957447,714.8085106382979,90.0,55.29,D4,22.9,0.58
382.97872340425533,0.0,0.0,180.0,0.0,1072.212765957447,714.8085106382979,180.0,60.38,D4,22.8,0.54
300.0,0.0,0.0,180.0,0.0,1122.0,748.0,7.0,29.06,D4,21.5,0.6
300.0,0.0,0.0,180.0,0.0,1122.0,748.0,14.0,34.07,D4,23.6,0.53
300.0,0.0,0.0,180.0,0.0,1122.0,748.0,28.0,39.07,D4,26.4,0.56
300.0,0.0,0.0,180.0,0.0,1122.0,748.0,56.0,41.39,D4,23.8,0.66
300.0,0.0,0.0,180.0,0.0,1122.0,748.0,90.0,45.25,D4,24.3,0.51
360.0,0.0,0.0,180.0,0.0,1086.0,724.0,7.0,39.21,D4,21.6,0.63
360.0,0.0,0.0,180.0,0.0,1086.0,724.0,14.0,43.04,D4,23.4,0.67
360.0,0.0,0.0,180.0,0.0,1086.0,724.0,28.0,47.43,D4,24.1,0.64
360.0,0.0,0.0,180.0,0.0,1086.0,724.0,56.0,51.67,D4,26.3,0.62
360.0,0.0,0.0,180.0,0.0,1086.0,724.0,90.0,58.59,D4,21.7,0.58
400.0,0.0,0.0,180.0,0.0,1062.0,708.0,7.0,31.32,D4,24.1,0.57
400.0,0.0,0.0,180.0,0.0,1062.0,708.0,14.0,41.08,D4,27.2,0.49
400.0,0.0,0.0,180.0,0.0,1062.0,708.0,28.0,46.61,D4,24.1,0.6
400.0,0.0,0.0,180.0,0.0,1062.0,708.0,56.0,52.79,D4,20.8,0.58
400.0,0.0,0.0,180.0,0.0,1062.0,708.0,90.0,56.21,D4,27.6,0.57
400.0,0.0,0.0,180.0,0.0,1062.0,708.0,180.0,59.68,D4,26.5,0.6
439.0243902439025,0.0,0.0,180.0,0.0,1038.5853658536585,692.3902439024391,7.0,28.14,D4,26.7,0.6
439.0243902439025,0.0,0.0,180.0,0.0,1038.5853658536585,692.3902439024391,14.0,37.15,D4,21.5,0.57
439.0243902439025,0.0,0.0,180.0,0.0,1038.5853658536585,692.3902439024391,28.0,45.55,D4,28.0,0.68
439.0243902439025,0.0,0.0,180.0,0.0,1038.5853658536585,692.3902439024391,56.0,47.33,D4,23.5,0.64
439.0243902439025,0.0,0.0,180.0,0.0,1038.5853658536585,692.3902439024391,90.0,55.1,D4,24.0,0.64
439.0243902439025,0.0,0.0,180.0,0.0,1038.5853658536585,692.3902439024391,180.0,58.66,D4,23.6,0.59
473.6842105263158,0.0,0.0,180.0,0.0,1017.7894736842104,678.5263157894738,7.0,33.33,D4,26.9,0.63
473.6842105263158,0.0,0.0,180.0,0.0,1017.7894736842104,678.5263157894738,14.0,51.79,D4,24.6,0.56
473.6842105263158,0.0,0.0,180.0,0.0,1017.7894736842104,678.5263157894738,28.0,53.43,D4,26.0,0.63
473.6842105263158,0.0,0.0,180.0,0.0,1017.7894736842104,678.5263157894738,56.0,56.49,D4,25.2,0.59
473.6842105263158,0.0,0.0,180.0,0.0,1017.7894736842104,678.5263157894738,90.0,68.69,D4,24.8,0.55
473.6842105263158,0.0,0.0,180.0,0.0,1017.7894736842104,678.5263157894738,180.0,74.01,D4,23.1,0.6
352.94117647058823,0.0,0.0,180.0,0.0,1090.235294117647,726.8235294117648,7.0,25.2,D4,28.6,0.59
352.94117647058823,0.0,0.0,180.0,0.0,1090.235294117647,726.8235294117648,14.0,37.82,D4,22.1,0.72
352.94117647058823,0.0,0.0,180.0,0.0,1090.235294117647,726.8235294117648,28.0,43.82,D4,25.8,0.62
352.94117647058823,0.0,0.0,180.0,0.0,1090.235294117647,726.8235294117648,56.0,45.32,D4,25.8,0.68
352.94117647058823,0.0,0.0,180.0,0.0,1090.235294117647,726.8235294117648,90.0,48.85,D4,27.3,0.66
352.94117647058823,0.0,0.0,180.0,0.0,1090.235294117647,726.8235294117648,180.0,51.29,D4,27.8,0.6
382.97872340425533,0.0,0.0,180.0,0.0,1072.212765957447,714.8085106382979,7.0,26.66,D4,24.7,0.58
382.97872340425533,0.0,0.0,180.0,0.0,1072.212765957447,714.8085106382979,14.0,41.4,D4,26.1,0.51
382.97872340425533,0.0,0.0,180.0,0.0,1072.212765957447,714.8085106382979,28.0,47.46,D4,28.5,0.56
382.97872340425533,0.0,0.0,180.0,0.0,1072.212765957447,714.8085106382979,56.0,51.44,D4,24.9,0.63
382.97872340425533,0.0,0.0,180.0,0.0,1072.212765957447,714.8085106382979,90.0,54.77,D4,22.9,0.58
382.97872340425533,0.0,0.0,180.0,0.0,1072.212765957447,714.8085106382979,180.0,58.51,D4,24.2,0.62
418.60465116279073,0.0,0.0,180.0,0.0,1050.8372093023254,700.5581395348837,7.0,33.29,D4,22.4,0.5
418.60465116279073,0.0,0.0,180.0,0.0,1050.8372093023254,700.5581395348837,14.0,46.44,D4,25.7,0.62
418.60465116279073,0.0,0.0,180.0,0.0,1050.8372093023254,700.5581395348837,28.0,58.71,D4,27.1,0.65
418.60465116279073,0.0,0.0,180.0,0.0,1050.8372093023254,700.5581395348837,56.0,66.99,D4,24.8,0.51
418.60465116279073,0.0,0.0,180.0,0.0,1050.8372093023254,700.5581395348837,90.0,72.33,D4,21.8,0.62
418.60465116279073,0.0,0.0,180.0,0.0,1050.8372093023254,700.5581395348837,180.0,76.84,D4,27.0,0.67
300.0,0.0,0.0,180.0,0.0,1122.0,748.0,7.0,22.1,D4,21.4,0.68
300.0,0.0,0.0,180.0,0.0,1122.0,748.0,14.0,29.35,D4,21.9,0.57
300.0,0.0,0.0,180.0,0.0,1122.0,748.0,28.0,34.55,D4,24.6,0.64
300.0,0.0,0.0,180.0,0.0,1122.0,748.0,56.0,39.97,D4,25.5,0.67
300.0,0.0,0.0,180.0,0.0,1122.0,748.0,90.0,43.24,D4,25.8,0.62
300.0,0.0,0.0,180.0,0.0,1122.0,748.0,180.0,44.66,D4,24.9,0.66
327.27272727272725,0.0,0.0,180.0,0.0,1105.6363636363635,737.0909090909091,7.0,23.22,D4,28.5,0.6
327.27272727272725,0.0,0.0,180.0,0.0,1105.6363636363635,737.0909090909091,14.0,31.97,D4,25.1,0.62
327.27272727272725,0.0,0.0,180.0,0.0,1105.6363636363635,737.0909090909091,28.0,38.35,D4,27.1,0.57
327.27272727272725,0.0,0.0,180.0,0.0,1105.6363636363635,737.0909090909091,56.0,42.54,D4,26.6,0.59
327.27272727272725,0.0,0.0,180.0,0.0,1105.6363636363635,737.0909090909091,90.0,45.47,D4,22.4,0.62
327.27272727272725,0.0,0.0,180.0,0.0,1105.6363636363635,737.0909090909091,180.0,48.85,D4,24.7,0.57
360.0,0.0,0.0,180.0,0.0,1086.0,724.0,7.0,21.72,D4,29.2,0.59
360.0,0.0,0.0,180.0,0.0,1086.0,724.0,14.0,32.69,D4,24.0,0.64
360.0,0.0,0.0,180.0,0.0,1086.0,724.0,28.0,40.83,D4,23.7,0.7
360.0,0.0,0.0,180.0,0.0,1086.0,724.0,56.0,44.51,D4,25.3,0.5
360.0,0.0,0.0,180.0,0.0,1086.0,724.0,90.0,48.78,D4,24.1,0.7
360.0,0.0,0.0,180.0,0.0,1086.0,724.0,180.0,49.48,D4,23.4,0.59
400.0,0.0,0.0,180.0,0.0,1062.0,708.0,7.0,27.29,D4,24.0,0.65
400.0,0.0,0.0,180.0,0.0,1062.0,708.0,14.0,33.15,D4,27.9,0.66
400.0,0.0,0.0,180.0,0.0,1062.0,708.0,28.0,39.18,D4,24.7,0.68
400.0,0.0,0.0,180.0,0.0,1062.0,708.0,56.0,42.5,D4,22.3,0.56
400.0,0.0,0.0,180.0,0.0,1062.0,708.0,90.0,46.53,D4,22.0,0.59
400.0,0.0,0.0,180.0,0.0,1062.0,708.0,180.0,48.99,D4,29.4,0.6
439.0243902439025,0.0,0.0,180.0,0.0,1038.5853658536585,692.3902439024391,7.0,30.54,D4,24.6,0.58
439.0243902439025,0.0,0.0,180.0,0.0,1038.5853658536585,692.3902439024391,14.0,42.01,D4,25.9,0.67
439.0243902439025,0.0,0.0,180.0,0.0,1038.5853658536585,692.3902439024391,28.0,46.7,D4,23.5,0.6
439.0243902439025,0.0,0.0,180.0,0.0,1038.5853658536585,692.3902439024391,56.0,53.46,D4,25.6,0.52
439.0243902439025,0.0,0.0,180.0,0.0,1038.5853658536585,692.3902439024391,90.0,56.09,D4,27.9,0.57
439.0243902439025,0.0,0.0,180.0,0.0,1038.5853658536585,692.3902439024391,180.0,63.3,D4,23.7,0.52
473.6842105263158,0.0,0.0,180.0,0.0,1017.7894736842104,678.5263157894738,7.0,32.55,D4,25.9,0.59
473.6842105263158,0.0,0.0,180.0,0.0,1017.7894736842104,678.5263157894738,14.0,41.57,D4,22.2,0.63
473.6842105263158,0.0,0.0,180.0,0.0,1017.7894736842104,678.5263157894738,28.0,49.92,D4,29.0,0.57
473.6842105263158,0.0,0.0,180.0,0.0,1017.7894736842104,678.5263157894738,56.0,57.15,D4,25.5,0.58
473.6842105263158,0.0,0.0,180.0,0.0,1017.7894736842104,678.5263157894738,90.0,61.68,D4,24.2,0.59
473.6842105263158,0.0,0.0,180.0,0.0,1017.7894736842104,678.5263157894738,180.0,65.74,D4,24.4,0.61
352.94117647058823,0.0,0.0,180.0,0.0,1090.235294117647,726.8235294117648,7.0,19.26,D4,24.0,0.63
352.94117647058823,0.0,0.0,180.0,0.0,1090.235294117647,726.8235294117648,14.0,26.34,D4,24.1,0.64
352.94117647058823,0.0,0.0,180.0,0.0,1090.235294117647,726.8235294117648,28.0,32.01,D4,20.1,0.71
352.94117647058823,0.0,0.0,180.0,0.0,1090.235294117647,726.8235294117648,56.0,35.52,D4,24.8,0.61
352.94117647058823,0.0,0.0,180.0,0.0,1090.235294117647,726.8235294117648,90.0,36.5,D4,24.7,0.64
352.94117647058823,0.0,0.0,180.0,0.0,1090.235294117647,726.8235294117648,180.0,42.53,D4,26.0,0.52
382.97872340425533,0.0,0.0,180.0,0.0,1072.212765957447,714.8085106382979,7.0,30.18,D4,24.0,0.58
382.97872340425533,0.0,0.0,180.0,0.0,1072.212765957447,714.8085106382979,14.0,33.66,D4,23.5,0.59
382.97872340425533,0.0,0.0,180.0,0.0,1072.212765957447,714.8085106382979,28.0,42.08,D4,25.0,0.55
382.97872340425533,0.0,0.0,180.0,0.0,1072.212765957447,714.8085106382979,56.0,44.94,D4,21.8,0.57
382.97872340425533,0.0,0.0,180.0,0.0,1072.212765957447,714.8085106382979,90.0,51.48,D4,25.3,0.59
418.60465116279073,0.0,0.0,180.0,0.0,1050.8372093023254,700.5581395348837,7.0,28.06,D4,21.3,0.57
418.60465116279073,0.0,0.0,180.0,0.0,1050.8372093023254,700.5581395348837,14.0,36.95,D4,27.2,0.73
418.60465116279073,0.0,0.0,180.0,0.0,1050.8372093023254,700.5581395348837,28.0,43.14,D4,26.4,0.63
418.60465116279073,0.0,0.0,180.0,0.0,1050.8372093023254,700.5581395348837,56.0,50.07,D4,23.1,0.7
418.60465116279073,0.0,0.0,180.0,0.0,1050.8372093023254,700.5581395348837,90.0,52.85,D4,26.3,0.67
418.60465116279073,0.0,0.0,180.0,0.0,1050.8372093023254,700.5581395348837,180.0,54.1,D4,25.2,0.57
300.0,0.0,0.0,180.0,0.0,1122.0,748.0,7.0,12.83,D4,23.0,0.6
300.0,0.0,0.0,180.0,0.0,1122.0,748.0,14.0,18.75,D4,21.0,0.58
300.0,0.0,0.0,180.0,0.0,1122.0,748.0,28.0,23.04,D4,25.6,0.59
300.0,0.0,0.0,180.0,0.0,1122.0,748.0,56.0,26.49,D4,23.4,0.55
300.0,0.0,0.0,180.0,0.0,1122.0,748.0,90.0,29.14,D4,27.2,0.58
300.0,0.0,0.0,180.0,0.0,1122.0,748.0,180.0,30.92,D4,25.0,0.62
327.27272727272725,0.0,0.0,180.0,0.0,1105.6363636363635,737.0909090909091,7.0,16.46,D4,23.6,0.62
327.27272727272725,0.0,0.0,180.0,0.0,1105.6363636363635,737.0909090909091,14.0,23.49,D4,28.6,0.61
327.27272727272725,0.0,0.0,180.0,0.0,1105.6363636363635,737.0909090909091,28.0,29.31,D4,26.2,0.6
327.27272727272725,0.0,0.0,180.0,0.0,1105.6363636363635,737.0909090909091,56.0,33.32,D4,17.7,0.64
327.27272727272725,0.0,0.0,180.0,0.0,1105.6363636363635,737.0909090909091,90.0,35.35,D4,24.0,0.59
327.27272727272725,0.0,0.0,180.0,0.0,1105.6363636363635,737.0909090909091,180.0,36.91,D4,22.2,0.67
360.0,0.0,0.0,180.0,0.0,1086.0,724.0,7.0,19.12,D4,23.4,0.51
360.0,0.0,0.0,180.0,0.0,1086.0,724.0,14.0,27.64,D4,24.7,0.63
360.0,0.0,0.0,180.0,0.0,1086.0,724.0,28.0,34.05,D4,25.7,0.62
360.0,0.0,0.0,180.0,0.0,1086.0,724.0,56.0,37.8,D4,25.5,0.57
360.0,0.0,0.0,180.0,0.0,1086.0,724.0,90.0,41.34,D4,27.2,0.58
360.0,0.0,0.0,180.0,0.0,1086.0,724.0,180.0,47.24,D4,26.3,0.62
400.0,0.0,0.0,180.0,0.0,1062.0,708.0,7.0,39.5,D4,26.1,0.65
400.0,0.0,0.0,180.0,0.0,1062.0,708.0,14.0,50.8,D4,25.4,0.51
400.0,0.0,0.0,180.0,0.0,1062.0,708.0,28.0,60.24,D4,27.6,0.63
400.0,0.0,0.0,180.0,0.0,1062.0,708.0,56.0,68.36,D4,24.4,0.58
400.0,0.0,0.0,180.0,0.0,1062.0,708.0,90.0,69.58,D4,24.4,0.66
439.0243902439025,0.0,0.0,180.0,0.0,1038.5853658536585,692.3902439024391,7.0,39.81,D4,21.2,0.51
439.0243902439025,0.0,0.0,180.0,0.0,1038.5853658536585,692.3902439024391,14.0,55.52,D4,27.1,0.72
439.0243902439025,0.0,0.0,180.0,0.0,1038.5853658536585,692.3902439024391,28.0,64.12,D4,24.8,0.56
439.0243902439025,0.0,0.0,180.0,0.0,1038.5853658536585,692.3902439024391,56.0,69.9,D4,30.9,0.67
439.0243902439025,0.0,0.0,180.0,0.0,1038.5853658536585,692.3902439024391,90.0,75.01,D4,24.2,0.6
473.6842105263158,0.0,0.0,180.0,0.0,1017.7894736842104,678.5263157894738,7.0,46.4,D4,25.2,0.56
473.6842105263158,0.0,0.0,180.0,0.0,1017.7894736842104,678.5263157894738,14.0,62.77,D4,26.1,0.61
473.6842105263158,0.0,0.0,180.0,0.0,1017.7894736842104,678.5263157894738,28.0,70.93,D4,22.8,0.65
473.6842105263158,0.0,0.0,180.0,0.0,1017.7894736842104,678.5263157894738,56.0,82.75,D4,25.7,0.52
473.6842105263158,0.0,0.0,180.0,0.0,1017.7894736842104,678.5263157894738,90.0,83.31,D4,25.1,0.64
473.6842105263158,0.0,0.0,180.0,0.0,1017.7894736842104,678.5263157894738,180.0,91.27,D4,24.4,0.6
352.94117647058823,0.0,0.0,180.0,0.0,1090.235294117647,726.8235294117648,7.0,32.46,D4,27.3,0.63
352.94117647058823,0.0,0.0,180.0,0.0,1090.235294117647,726.8235294117648,14.0,43.67,D4,23.2,0.6
352.94117647058823,0.0,0.0,180.0,0.0,1090.235294117647,726.8235294117648,28.0,51.38,D4,25.5,0.57
352.94117647058823,0.0,0.0,180.0,0.0,1090.235294117647,726.8235294117648,56.0,58.51,D4,27.9,0.54
352.94117647058823,0.0,0.0,180.0,0.0,1090.235294117647,726.8235294117648,90.0,64.31,D4,23.6,0.63
352.94117647058823,0.0,0.0,180.0,0.0,1090.235294117647,726.8235294117648,180.0,65.61,D4,24.4,0.63
382.97872340425533,0.0,0.0,180.0,0.0,1072.212765957447,714.8085106382979,7.0,32.99,D4,29.7,0.63
382.97872340425533,0.0,0.0,180.0,0.0,1072.212765957447,714.8085106382979,14.0,45.4,D4,25.9,0.62
382.97872340425533,0.0,0.0,180.0,0.0,1072.212765957447,714.8085106382979,28.0,55.06,D4,24.0,0.65
382.97872340425533,0.0,0.0,180.0,0.0,1072.212765957447,714.8085106382979,56.0,59.95,D4,26.6,0.67
382.97872340425533,0.0,0.0,180.0,0.0,1072.212765957447,714.8085106382979,90.0,65.29,D4,23.9,0.51
418.60465116279073,0.0,0.0,180.0,0.0,1050.8372093023254,700.5581395348837,7.0,36.94,D4,21.9,0.48
418.60465116279073,0.0,0.0,180.0,0.0,1050.8372093023254,700.5581395348837,14.0,53.21,D4,27.7,0.69
418.60465116279073,0.0,0.0,180.0,0.0,1050.8372093023254,700.5581395348837,28.0,62.99,D4,22.8,0.53
418.60465116279073,0.0,0.0,180.0,0.0,1050.8372093023254,700.5581395348837,56.0,70.18,D4,29.9,0.55
418.60465116279073,0.0,0.0,180.0,0.0,1050.8372093023254,700.5581395348837,90.0,73.91,D4,24.0,0.59
418.60465116279073,0.0,0.0,180.0,0.0,1050.8372093023254,700.5581395348837,180.0,78.62,D4,29.3,0.52
300.0,0.0,0.0,180.0,0.0,1122.0,748.0,7.0,18.07,D4,22.3,0.58
300.0,0.0,0.0,180.0,0.0,1122.0,748.0,14.0,27.26,D4,27.1,0.55
300.0,0.0,0.0,180.0,0.0,1122.0,748.0,28.0,34.45,D4,26.0,0.59
300.0,0.0,0.0,180.0,0.0,1122.0,748.0,56.0,40.05,D4,26.7,0.61
300.0,0.0,0.0,180.0,0.0,1122.0,748.0,90.0,42.6,D4,26.9,0.58
300.0,0.0,0.0,180.0,0.0,1122.0,748.0,180.0,43.09,D4,24.0,0.58
327.27272727272725,0.0,0.0,180.0,0.0,1105.6363636363635,737.0909090909091,7.0,20.46,D4,22.4,0.61
327.27272727272725,0.0,0.0,180.0,0.0,1105.6363636363635,737.0909090909091,14.0,35.99,D4,24.9,0.65
327.27272727272725,0.0,0.0,180.0,0.0,1105.6363636363635,737.0909090909091,28.0,43.33,D4,25.4,0.68
327.27272727272725,0.0,0.0,180.0,0.0,1105.6363636363635,737.0909090909091,56.0,46.94,D4,24.1,0.59
327.27272727272725,0.0,0.0,180.0,0.0,1105.6363636363635,737.0909090909091,90.0,49.84,D4,25.6,0.69
327.27272727272725,0.0,0.0,180.0,0.0,1105.6363636363635,737.0909090909091,180.0,50.9,D4,25.7,0.64
360.0,0.0,0.0,180.0,0.0,1086.0,724.0,7.0,27.83,D4,23.2,0.54
360.0,0.0,0.0,180.0,0.0,1086.0,724.0,14.0,47.06,D4,25.8,0.54
360.0,0.0,0.0,180.0,0.0,1086.0,724.0,28.0,53.49,D4,24.5,0.57
360.0,0.0,0.0,180.0,0.0,1086.0,724.0,56.0,57.45,D4,23.6,0.67
360.0,0.0,0.0,180.0,0.0,1086.0,724.0,90.0,60.32,D4,26.6,0.57
360.0,0.0,0.0,180.0,0.0,1086.0,724.0,180.0,67.75,D4,23.4,0.51
400.0,0.0,0.0,180.0,0.0,1062.0,708.0,7.0,30.69,D4,24.1,0.59
400.0,0.0,0.0,180.0,0.0,1062.0,708.0,14.0,35.94,D4,25.1,0.5
400.0,0.0,0.0,180.0,0.0,1062.0,708.0,28.0,42.34,D4,27.7,0.55
400.0,0.0,0.0,180.0,0.0,1062.0,708.0,56.0,45.14,D4,25.4,0.57
400.0,0.0,0.0,180.0,0.0,1062.0,708.0,90.0,45.57,D4,26.1,0.61
400.0,0.0,0.0,180.0,0.0,1062.0,708.0,180.0,48.93,D4,24.4,0.65
439.0243902439025,0.0,0.0,180.0,0.0,1038.5853658536585,692.3902439024391,7.0,40.17,D4,24.8,0.63
439.0243902439025,0.0,0.0,180.0,0.0,1038.5853658536585,692.3902439024391,14.0,47.7,D4,24.9,0.54
439.0243902439025,0.0,0.0,180.0,0.0,1038.5853658536585,692.3902439024391,28.0,52.76,D4,25.6,0.58
439.0243902439025,0.0,0.0,180.0,0.0,1038.5853658536585,692.3902439024391,56.0,57.7,D4,24.4,0.6
439.0243902439025,0.0,0.0,180.0,0.0,1038.5853658536585,692.3902439024391,90.0,59.99,D4,27.7,0.59
439.0243902439025,0.0,0.0,180.0,0.0,1038.5853658536585,692.3902439024391,180.0,64.59,D4,24.3,0.59
473.6842105263158,0.0,0.0,180.0,0.0,1017.7894736842104,678.5263157894738,7.0,44.5,D4,21.6,0.51
473.6842105263158,0.0,0.0,180.0,0.0,1017.7894736842104,678.5263157894738,14.0,52.98,D4,30.5,0.54
473.6842105263158,0.0,0.0,180.0,0.0,1017.7894736842104,678.5263157894738,28.0,57.57,D4,24.3,0.58
473.6842105263158,0.0,0.0,180.0,0.0,1017.7894736842104,678.5263157894738,56.0,62.01,D4,27.6,0.45
473.6842105263158,0.0,0.0,180.0,0.0,1017.7894736842104,678.5263157894738,90.0,69.55,D4,27.8,0.63
473.6842105263158,0.0,0.0,180.0,0.0,1017.7894736842104,678.5263157894738,180.0,69.74,D4,26.9,0.53
352.94117647058823,0.0,0.0,180.0,0.0,1090.235294117647,726.8235294117648,7.0,29.57,D4,24.6,0.63
352.94117647058823,0.0,0.0,180.0,0.0,1090.235294117647,726.8235294117648,14.0,36.96,D4,25.6,0.63
352.94117647058823,0.0,0.0,180.0,0.0,1090.235294117647,726.8235294117648,28.0,41.08,D4,22.5,0.57
352.94117647058823,0.0,0.0,180.0,0.0,1090.235294117647,726.8235294117648,56.0,44.59,D4,29.0,0.65
352.94117647058823,0.0,0.0,180.0,0.0,1090.235294117647,726.8235294117648,90.0,45.95,D4,23.3,0.64
300.0,0.0,0.0,180.0,0.0,1122.0,748.0,7.0,22.14,D4,24.5,0.58
300.0,0.0,0.0,180.0,0.0,1122.0,748.0,14.0,29.41,D4,25.2,0.58
300.0,0.0,0.0,180.0,0.0,1122.0,748.0,28.0,32.45,D4,24.8,0.65
300.0,0.0,0.0,180.0,0.0,1122.0,748.0,56.0,36.54,D4,23.7,0.61
300.0,0.0,0.0,180.0,0.0,1122.0,748.0,90.0,39.09,D4,27.8,0.65
360.0,0.0,0.0,180.0,0.0,1086.0,724.0,7.0,31.74,D4,26.9,0.48
360.0,0.0,0.0,180.0,0.0,1086.0,724.0,14.0,41.82,D4,25.6,0.6
360.0,0.0,0.0,180.0,0.0,1086.0,724.0,28.0,45.48,D4,24.2,0.52
360.0,0.0,0.0,180.0,0.0,1086.0,724.0,56.0,52.41,D4,27.1,0.6
360.0,0.0,0.0,180.0,0.0,1086.0,724.0,90.0,53.9,D4,24.1,0.64
360.0,0.0,0.0,180.0,0.0,1086.0,724.0,180.0,56.39,D4,28.1,0.69
500.0,0.0,0.0,180.0,0.0,1002.0,668.0,3.0,55.35,D4,25.2,0.55
500.0,0.0,0.0,180.0,0.0,1002.0,668.0,7.0,67.69,D4,27.5,0.57
500.0,0.0,0.0,180.0,0.0,1002.0,668.0,14.0,77.79,D4,24.8,0.6
500.0,0.0,0.0,180.0,0.0,1002.0,668.0,28.0,87.86,D4,25.1,0.55
500.0,0.0,0.0,180.0,0.0,1002.0,668.0,56.0,89.67,D4,27.5,0.65
500.0,0.0,0.0,180.0,0.0,1002.0,668.0,90.0,92.28,D4,29.4,0.6
500.0,0.0,0.0,180.0,0.0,1002.0,668.0,3.0,56.2,D4,28.1,0.61
500.0,0.0,0.0,180.0,0.0,1002.0,668.0,7.0,66.27,D4,26.8,0.63
500.0,0.0,0.0,180.0,0.0,1002.0,668.0,14.0,77.46,D4,26.2,0.6
500.0,0.0,0.0,180.0,0.0,1002.0,668.0,28.0,88.76,D4,24.0,0.56
500.0,0.0,0.0,180.0,0.0,1002.0,668.0,56.0,89.9,D4,25.6,0.6
500.0,0.0,0.0,180.0,0.0,1002.0,668.0,90.0,90.61,D4,23.2,0.56
500.0,0.0,0.0,180.0,0.0,1002.0,668.0,3.0,56.79,D4,25.8,0.61
500.0,0.0,0.0,180.0,0.0,1002.0,668.0,7.0,65.63,D4,25.9,0.65
500.0,0.0,0.0,180.0,0.0,1002.0,668.0,14.0,75.04,D4,21.1,0.54
500.0,0.0,0.0,180.0,0.0,1002.0,668.0,28.0,80.76,D4,25.1,0.52
500.0,0.0,0.0,180.0,0.0,1002.0,668.0,56.0,83.84,D4,25.8,0.6
500.0,0.0,0.0,180.0,0.0,1002.0,668.0,90.0,85.4,D4,24.8,0.56
500.0,0.0,0.0,180.0,0.0,1002.0,668.0,3.0,57.89,D4,25.7,0.6
500.0,0.0,0.0,180.0,0.0,1002.0,668.0,7.0,65.02,D4,22.3,0.62
500.0,0.0,0.0,180.0,0.0,1002.0,668.0,14.0,75.47,D4,23.4,0.49
500.0,0.0,0.0,180.0,0.0,1002.0,668.0,28.0,80.01,D4,27.1,0.63
500.0,0.0,0.0,180.0,0.0,1002.0,668.0,56.0,85.27,D4,25.0,0.54
500.0,0.0,0.0,180.0,0.0,1002.0,668.0,90.0,85.46,D4,25.7,0.6
514.2857142857143,0.0,0.0,180.0,0.0,993.4285714285714,662.2857142857143,3.0,52.46,D4,23.9,0.57
514.2857142857143,0.0,0.0,180.0,0.0,993.4285714285714,662.2857142857143,7.0,60.93,D4,25.0,0.57
514.2857142857143,0.0,0.0,180.0,0.0,993.4285714285714,662.2857142857143,14.0,65.62,D4,20.4,0.68
514.2857142857143,0.0,0.0,180.0,0.0,993.4285714285714,662.2857142857143,28.0,70.53,D4,26.7,0.62
514.2857142857143,0.0,0.0,180.0,0.0,993.4285714285714,662.2857142857143,56.0,72.15,D4,28.6,0.65
514.2857142857143,0.0,0.0,180.0,0.0,993.4285714285714,662.2857142857143,90.0,74.35,D4,22.9,0.61
514.2857142857143,0.0,0.0,180.0,0.0,993.4285714285714,662.2857142857143,3.0,54.33,D4,23.1,0.63
514.2857142857143,0.0,0.0,180.0,0.0,993.4285714285714,662.2857142857143,7.0,61.7,D4,25.9,0.62
514.2857142857143,0.0,0.0,180.0,0.0,993.4285714285714,662.2857142857143,14.0,64.51,D4,27.9,0.61
514.2857142857143,0.0,0.0,180.0,0.0,993.4285714285714,662.2857142857143,28.0,70.13,D4,25.0,0.66
514.2857142857143,0.0,0.0,180.0,0.0,993.4285714285714,662.2857142857143,56.0,72.64,D4,22.5,0.61
514.2857142857143,0.0,0.0,180.0,0.0,993.4285714285714,662.2857142857143,90.0,73.77,D4,24.6,0.71
500.0,0.0,0.0,180.0,0.0,1002.0,668.0,3.0,53.36,D4,22.9,0.65
500.0,0.0,0.0,180.0,0.0,1002.0,668.0,7.0,62.66,D4,23.7,0.54
500.0,0.0,0.0,180.0,0.0,1002.0,668.0,14.0,70.75,D4,24.4,0.59
500.0,0.0,0.0,180.0,0.0,1002.0,668.0,28.0,75.97,D4,23.1,0.62
500.0,0.0,0.0,180.0,0.0,1002.0,668.0,56.0,79.9,D4,23.4,0.6
500.0,0.0,0.0,180.0,0.0,1002.0,668.0,90.0,81.46,D4,25.1,0.63
500.0,0.0,0.0,180.0,0.0,1002.0,668.0,3.0,53.59,D4,25.4,0.64
500.0,0.0,0.0,180.0,0.0,1002.0,668.0,7.0,60.8,D4,22.2,0.53
500.0,0.0,0.0,180.0,0.0,1002.0,668.0,14.0,69.84,D4,25.8,0.66
500.0,0.0,0.0,180.0,0.0,1002.0,668.0,28.0,76.62,D4,24.2,0.58
500.0,0.0,0.0,180.0,0.0,1002.0,668.0,56.0,78.85,D4,26.4,0.57
500.0,0.0,0.0,180.0,0.0,1002.0,668.0,90.0,81.27,D4,26.6,0.57
500.0,0.0,0.0,180.0,0.0,1002.0,668.0,3.0,50.13,D4,23.9,0.64
500.0,0.0,0.0,180.0,0.0,1002.0,668.0,7.0,65.13,D4,26.2,0.59
500.0,0.0,0.0,180.0,0.0,1002.0,668.0,14.0,71.02,D4,23.3,0.57
500.0,0.0,0.0,180.0,0.0,1002.0,668.0,28.0,72.09,D4,27.6,0.58
500.0,0.0,0.0,180.0,0.0,1002.0,668.0,56.0,76.31,D4,23.4,0.51
500.0,0.0,0.0,180.0,0.0,1002.0,668.0,90.0,78.37,D4,25.7,0.56
500.0,0.0,0.0,180.0,0.0,1002.0,668.0,3.0,50.83,D4,24.6,0.54
500.0,0.0,0.0,180.0,0.0,1002.0,668.0,7.0,63.66,D4,23.0,0.59
500.0,0.0,0.0,180.0,0.0,1002.0,668.0,14.0,70.9,D4,26.8,0.63
500.0,0.0,0.0,180.0,0.0,1002.0,668.0,28.0,73.88,D4,23.8,0.63
500.0,0.0,0.0,180.0,0.0,1002.0,668.0,56.0,76.92,D4,21.6,0.66
500.0,0.0,0.0,180.0,0.0,1002.0,668.0,90.0,77.7,D4,19.2,0.65
514.2857142857143,0.0,0.0,180.0,0.0,993.4285714285714,662.2857142857143,3.0,52.99,D4,23.2,0.57
514.2857142857143,0.0,0.0,180.0,0.0,993.4285714285714,662.2857142857143,7.0,61.12,D4,27.8,0.6
514.2857142857143,0.0,0.0,180.0,0.0,993.4285714285714,662.2857142857143,14.0,68.01,D4,27.5,0.6
514.2857142857143,0.0,0.0,180.0,0.0,993.4285714285714,662.2857142857143,28.0,72.12,D4,23.6,0.49
514.2857142857143,0.0,0.0,180.0,0.0,993.4285714285714,662.2857142857143,56.0,74.15,D4,24.3,0.54
514.2857142857143,0.0,0.0,180.0,0.0,993.4285714285714,662.2857142857143,90.0,75.95,D4,24.1,0.59
514.2857142857143,0.0,0.0,180.0,0.0,993.4285714285714,662.2857142857143,3.0,52.92,D4,22.3,0.59
514.2857142857143,0.0,0.0,180.0,0.0,993.4285714285714,662.2857142857143,7.0,61.72,D4,23.1,0.63
514.2857142857143,0.0,0.0,180.0,0.0,993.4285714285714,662.2857142857143,14.0,67.72,D4,27.0,0.62
514.2857142857143,0.0,0.0,180.0,0.0,993.4285714285714,662.2857142857143,28.0,71.88,D4,26.0,0.51
514.2857142857143,0.0,0.0,180.0,0.0,993.4285714285714,662.2857142857143,56.0,75.3,D4,25.5,0.63
514.2857142857143,0.0,0.0,180.0,0.0,993.4285714285714,662.2857142857143,90.0,76.49,D4,22.3,0.61
500.0,0.0,0.0,180.0,0.0,1002.0,668.0,3.0,50.4,D4,25.2,0.63
500.0,0.0,0.0,180.0,0.0,1002.0,668.0,7.0,55.7,D4,20.4,0.65
500.0,0.0,0.0,180.0,0.0,1002.0,668.0,14.0,62.05,D4,26.7,0.59
500.0,0.0,0.0,180.0,0.0,1002.0,668.0,28.0,70.7,D4,25.5,0.66
500.0,0.0,0.0,180.0,0.0,1002.0,668.0,56.0,76.8,D4,22.3,0.56
500.0,0.0,0.0,180.0,0.0,1002.0,668.0,90.0,81.44,D4,28.2,0.55
500.0,0.0,0.0,180.0,0.0,1002.0,668.0,3.0,50.72,D4,21.4,0.62
500.0,0.0,0.0,180.0,0.0,1002.0,668.0,7.0,55.79,D4,26.1,0.58
500.0,0.0,0.0,180.0,0.0,1002.0,668.0,14.0,62.24,D4,26.1,0.61
500.0,0.0,0.0,180.0,0.0,1002.0,668.0,28.0,71.41,D4,22.5,0.7
500.0,0.0,0.0,180.0,0.0,1002.0,668.0,56.0,77.16,D4,24.9,0.62
500.0,0.0,0.0,180.0,0.0,1002.0,668.0,90.0,80.6,D4,21.7,0.61
500.0,0.0,0.0,180.0,0.0,1002.0,668.0,3.0,45.73,D4,19.3,0.56
500.0,0.0,0.0,180.0,0.0,1002.0,668.0,7.0,54.15,D4,22.9,0.52
500.0,0.0,0.0,180.0,0.0,1002.0,668.0,14.0,60.14,D4,23.8,0.6
500.0,0.0,0.0,180.0,0.0,1002.0,668.0,28.0,69.12,D4,26.3,0.65
500.0,0.0,0.0,180.0,0.0,1002.0,668.0,56.0,73.45,D4,25.1,0.58
500.0,0.0,0.0,180.0,0.0,1002.0,668.0,90.0,78.98,D4,25.2,0.62
500.0,0.0,0.0,180.0,0.0,1002.0,668.0,3.0,45.43,D4,23.0,0.67
500.0,0.0,0.0,180.0,0.0,1002.0,668.0,7.0,52.24,D4,23.9,0.67
500.0,0.0,0.0,180.0,0.0,1002.0,668.0,14.0,59.36,D4,23.1,0.62
500.0,0.0,0.0,180.0,0.0,1002.0,668.0,28.0,70.58,D4,22.6,0.61
500.0,0.0,0.0,180.0,0.0,1002.0,668.0,56.0,73.16,D4,23.8,0.52
500.0,0.0,0.0,180.0,0.0,1002.0,668.0,90.0,76.86,D4,25.1,0.57
514.2857142857143,0.0,0.0,180.0,0.0,993.4285714285714,662.2857142857143,3.0,39.25,D4,23.9,0.59
514.2857142857143,0.0,0.0,180.0,0.0,993.4285714285714,662.2857142857143,7.0,47.17,D4,24.4,0.56
514.2857142857143,0.0,0.0,180.0,0.0,993.4285714285714,662.2857142857143,14.0,52.72,D4,26.4,0.61
514.2857142857143,0.0,0.0,180.0,0.0,993.4285714285714,662.2857142857143,28.0,62.38,D4,24.0,0.7
514.2857142857143,0.0,0.0,180.0,0.0,993.4285714285714,662.2857142857143,56.0,73.63,D4,22.3,0.68
514.2857142857143,0.0,0.0,180.0,0.0,993.4285714285714,662.2857142857143,90.0,75.97,D4,26.1,0.61
514.2857142857143,0.0,0.0,180.0,0.0,993.4285714285714,662.2857142857143,3.0,42.19,D4,25.5,0.64
514.2857142857143,0.0,0.0,180.0,0.0,993.4285714285714,662.2857142857143,7.0,47.23,D4,25.7,0.56
514.2857142857143,0.0,0.0,180.0,0.0,993.4285714285714,662.2857142857143,14.0,53.47,D4,26.3,0.67
514.2857142857143,0.0,0.0,180.0,0.0,993.4285714285714,662.2857142857143,28.0,63.42,D4,25.9,0.52
514.2857142857143,0.0,0.0,180.0,0.0,993.4285714285714,662.2857142857143,56.0,71.23,D4,25.1,0.65
514.2857142857143,0.0,0.0,180.0,0.0,993.4285714285714,662.2857142857143,90.0,74.89,D4,29.8,0.62
461.53846153846155,0.0,0.0,180.0,0.0,1025.076923076923,683.3846153846155,1.0,23.3,D4,22.4,0.56
461.53846153846155,0.0,0.0,180.0,0.0,1025.076923076923,683.3846153846155,3.0,31.59,D4,23.8,0.59
461.53846153846155,0.0,0.0,180.0,0.0,1025.076923076923,683.3846153846155,7.0,39.48,D4,26.9,0.54
461.53846153846155,0.0,0.0,180.0,0.0,1025.076923076923,683.3846153846155,14.0,48.04,D4,25.3,0.55
461.53846153846155,0.0,0.0,180.0,0.0,1025.076923076923,683.3846153846155,28.0,53.96,D4,26.5,0.52
461.53846153846155,0.0,0.0,180.0,0.0,1025.076923076923,683.3846153846155,56.0,57.76,D4,25.3,0.64
461.53846153846155,0.0,0.0,180.0,0.0,1025.076923076923,683.3846153846155,1.0,13.86,D4,27.7,0.66
461.53846153846155,0.0,0.0,180.0,0.0,1025.076923076923,683.3846153846155,3.0,29.93,D4,23.0,0.49
461.53846153846155,0.0,0.0,180.0,0.0,1025.076923076923,683.3846153846155,7.0,38.73,D4,27.7,0.69
461.53846153846155,0.0,0.0,180.0,0.0,1025.076923076923,683.3846153846155,14.0,48.06,D4,27.3,0.6
461.53846153846155,0.0,0.0,180.0,0.0,1025.076923076923,683.3846153846155,28.0,51.14,D4,22.6,0.61
461.53846153846155,0.0,0.0,180.0,0.0,1025.076923076923,683.3846153846155,56.0,58.24,D4,26.3,0.53
461.53846153846155,0.0,0.0,180.0,0.0,1025.076923076923,683.3846153846155,1.0,25.71,D4,24.9,0.67
461.53846153846155,0.0,0.0,180.0,0.0,1025.076923076923,683.3846153846155,3.0,41.68,D4,23.8,0.61
461.53846153846155,0.0,0.0,180.0,0.0,1025.076923076923,683.3846153846155,7.0,50.62,D4,21.2,0.66
461.53846153846155,0.0,0.0,180.0,0.0,1025.076923076923,683.3846153846155,14.0,54.38,D4,23.0,0.66
461.53846153846155,0.0,0.0,180.0,0.0,1025.076923076923,683.3846153846155,28.0,61.87,D4,26.4,0.67
461.53846153846155,0.0,0.0,180.0,0.0,1025.076923076923,683.3846153846155,56.0,68.61,D4,26.6,0.57
461.53846153846155,0.0,0.0,180.0,0.0,1025.076923076923,683.3846153846155,1.0,21.61,D4,24.6,0.59
461.53846153846155,0.0,0.0,180.0,0.0,1025.076923076923,683.3846153846155,3.0,35.74,D4,26.6,0.57
461.53846153846155,0.0,0.0,180.0,0.0,1025.076923076923,683.3846153846155,7.0,45.42,D4,26.9,0.64
461.53846153846155,0.0,0.0,180.0,0.0,1025.076923076923,683.3846153846155,14.0,48.54,D4,25.3,0.62
461.53846153846155,0.0,0.0,180.0,0.0,1025.076923076923,683.3846153846155,28.0,54.74,D4,23.6,0.65
461.53846153846155,0.0,0.0,180.0,0.0,1025.076923076923,683.3846153846155,56.0,64.5,D4,25.9,0.66
461.53846153846155,0.0,0.0,180.0,0.0,1025.076923076923,683.3846153846155,1.0,10.47,D4,26.0,0.51
461.53846153846155,0.0,0.0,180.0,0.0,1025.076923076923,683.3846153846155,3.0,24.28,D4,26.3,0.67
461.53846153846155,0.0,0.0,180.0,0.0,1025.076923076923,683.3846153846155,7.0,34.73,D4,26.7,0.65
461.53846153846155,0.0,0.0,180.0,0.0,1025.076923076923,683.3846153846155,14.0,46.98,D4,22.3,0.58
461.53846153846155,0.0,0.0,180.0,0.0,1025.076923076923,683.3846153846155,28.0,56.04,D4,24.0,0.62
461.53846153846155,0.0,0.0,180.0,0.0,1025.076923076923,683.3846153846155,56.0,59.97,D4,21.2,0.59
461.53846153846155,0.0,0.0,180.0,0.0,1025.076923076923,683.3846153846155,1.0,15.72,D4,26.5,0.63
461.53846153846155,0.0,0.0,180.0,0.0,1025.076923076923,683.3846153846155,3.0,23.1,D4,24.6,0.58
461.53846153846155,0.0,0.0,180.0,0.0,1025.076923076923,683.3846153846155,7.0,33.03,D4,25.9,0.62
461.53846153846155,0.0,0.0,180.0,0.0,1025.076923076923,683.3846153846155,14.0,44.33,D4,22.0,0.6
461.53846153846155,0.0,0.0,180.0,0.0,1025.076923076923,683.3846153846155,28.0,50.22,D4,27.8,0.58
461.53846153846155,0.0,0.0,180.0,0.0,1025.076923076923,683.3846153846155,56.0,55.3,D4,22.6,0.61
461.53846153846155,0.0,0.0,180.0,0.0,1025.076923076923,683.3846153846155,1.0,25.0,D4,26.5,0.74
461.53846153846155,0.0,0.0,180.0,0.0,1025.076923076923,683.3846153846155,3.0,39.09,D4,25.2,0.57
461.53846153846155,0.0,0.0,180.0,0.0,1025.076923076923,683.3846153846155,7.0,49.68,D4,24.6,0.59
461.53846153846155,0.0,0.0,180.0,0.0,1025.076923076923,683.3846153846155,14.0,58.58,D4,24.5,0.57
461.53846153846155,0.0,0.0,180.0,0.0,1025.076923076923,683.3846153846155,28.0,67.73,D4,23.7,0.57
461.53846153846155,0.0,0.0,180.0,0.0,1025.076923076923,683.3846153846155,56.0,71.15,D4,27.6,0.64
461.53846153846155,0.0,0.0,180.0,0.0,1025.076923076923,683.3846153846155,1.0,23.68,D4,25.0,0.64
461.53846153846155,0.0,0.0,180.0,0.0,1025.076923076923,683.3846153846155,3.0,34.11,D4,22.5,0.6
461.53846153846155,0.0,0.0,180.0,0.0,1025.076923076923,683.3846153846155,7.0,46.83,D4,24.2,0.65
461.53846153846155,0.0,0.0,180.0,0.0,1025.076923076923,683.3846153846155,14.0,56.86,D4,25.3,0.64
461.53846153846155,0.0,0.0,180.0,0.0,1025.076923076923,683.3846153846155,28.0,61.75,D4,26.8,0.59
461.53846153846155,0.0,0.0,180.0,0.0,1025.076923076923,683.3846153846155,56.0,63.62,D4,23.8,0.52
461.53846153846155,0.0,0.0,180.0,0.0,1025.076923076923,683.3846153846155,1.0,10.77,D4,23.9,0.64
461.53846153846155,0.0,0.0,180.0,0.0,1025.076923076923,683.3846153846155,3.0,28.28,D4,25.0,0.61
461.53846153846155,0.0,0.0,180.0,0.0,1025.076923076923,683.3846153846155,7.0,39.39,D4,26.7,0.6
461.53846153846155,0.0,0.0,180.0,0.0,1025.076923076923,683.3846153846155,14.0,41.04,D4,22.3,0.58
461.53846153846155,0.0,0.0,180.0,0.0,1025.076923076923,683.3846153846155,28.0,50.12,D4,26.0,0.64
461.53846153846155,0.0,0.0,180.0,0.0,1025.076923076923,683.3846153846155,56.0,56.67,D4,24.1,0.62
461.53846153846155,0.0,0.0,180.0,0.0,1025.076923076923,683.3846153846155,1.0,9.55,D4,24.4,0.59
461.53846153846155,0.0,0.0,180.0,0.0,1025.076923076923,683.3846153846155,3.0,22.5,D4,29.0,0.54
461.53846153846155,0.0,0.0,180.0,0.0,1025.076923076923,683.3846153846155,7.0,33.06,D4,24.6,0.65
461.53846153846155,0.0,0.0,180.0,0.0,1025.076923076923,683.3846153846155,14.0,40.68,D4,26.5,0.63
461.53846153846155,0.0,0.0,180.0,0.0,1025.076923076923,683.3846153846155,28.0,48.05,D4,26.4,0.61
461.53846153846155,0.0,0.0,180.0,0.0,1025.076923076923,683.3846153846155,56.0,54.44,D4,22.6,0.47
461.53846153846155,0.0,0.0,180.0,0.0,1025.076923076923,683.3846153846155,1.0,10.33,D4,21.3,0.6
461.53846153846155,0.0,0.0,180.0,0.0,1025.076923076923,683.3846153846155,3.0,25.91,D4,26.6,0.59
461.53846153846155,0.0,0.0,180.0,0.0,1025.076923076923,683.3846153846155,7.0,32.83,D4,22.8,0.57
461.53846153846155,0.0,0.0,180.0,0.0,1025.076923076923,683.3846153846155,14.0,39.93,D4,21.7,0.64
461.53846153846155,0.0,0.0,180.0,0.0,1025.076923076923,683.3846153846155,28.0,46.26,D4,27.1,0.64
461.53846153846155,0.0,0.0,180.0,0.0,1025.076923076923,683.3846153846155,56.0,51.21,D4,23.0,0.62
461.53846153846155,0.0,0.0,180.0,0.0,1025.076923076923,683.3846153846155,1.0,18.42,D4,23.5,0.65
461.53846153846155,0.0,0.0,180.0,0.0,1025.076923076923,683.3846153846155,3.0,26.58,D4,28.9,0.55
461.53846153846155,0.0,0.0,180.0,0.0,1025.076923076923,683.3846153846155,7.0,32.44,D4,21.7,0.58
461.53846153846155,0.0,0.0,180.0,0.0,1025.076923076923,683.3846153846155,14.0,39.3,D4,22.5,0.6
461.53846153846155,0.0,0.0,180.0,0.0,1025.076923076923,683.3846153846155,28.0,45.09,D4,24.1,0.57
461.53846153846155,0.0,0.0,180.0,0.0,1025.076923076923,683.3846153846155,56.0,51.85,D4,24.5,0.64
305.08474576271186,0.0,0.0,180.0,0.0,1118.9491525423728,745.9661016949153,7.0,23.97,D4,23.2,0.57
305.08474576271186,0.0,0.0,180.0,0.0,1118.9491525423728,745.9661016949153,14.0,28.74,D4,22.7,0.66
305.08474576271186,0.0,0.0,180.0,0.0,1118.9491525423728,745.9661016949153,28.0,29.34,D4,28.0,0.55
305.08474576271186,0.0,0.0,180.0,0.0,1118.9491525423728,745.9661016949153,56.0,33.45,D4,25.5,0.71
305.08474576271186,0.0,0.0,180.0,0.0,1118.9491525423728,745.9661016949153,90.0,33.74,D4,26.2,0.7
305.08474576271186,0.0,0.0,180.0,0.0,1118.9491525423728,745.9661016949153,180.0,35.36,D4,24.7,0.6
346.15384615384613,0.0,0.0,180.0,0.0,1094.3076923076922,729.5384615384615,7.0,26.27,D4,25.6,0.66
346.15384615384613,0.0,0.0,180.0,0.0,1094.3076923076922,729.5384615384615,14.0,30.07,D4,26.9,0.58
346.15384615384613,0.0,0.0,180.0,0.0,1094.3076923076922,729.5384615384615,28.0,32.64,D4,23.0,0.65
346.15384615384613,0.0,0.0,180.0,0.0,1094.3076923076922,729.5384615384615,56.0,34.65,D4,25.5,0.59
346.15384615384613,0.0,0.0,180.0,0.0,1094.3076923076922,729.5384615384615,90.0,35.44,D4,26.4,0.54
346.15384615384613,0.0,0.0,180.0,0.0,1094.3076923076922,729.5384615384615,180.0,36.01,D4,28.1,0.42
305.08474576271186,0.0,0.0,180.0,0.0,1118.9491525423728,745.9661016949153,7.0,24.73,D4,28.9,0.59
305.08474576271186,0.0,0.0,180.0,0.0,1118.9491525423728,745.9661016949153,14.0,29.3,D4,25.1,0.61
305.08474576271186,0.0,0.0,180.0,0.0,1118.9491525423728,745.9661016949153,28.0,31.32,D4,27.3,0.67
305.08474576271186,0.0,0.0,180.0,0.0,1118.9491525423728,745.9661016949153,56.0,33.45,D4,19.7,0.6
305.08474576271186,0.0,0.0,180.0,0.0,1118.9491525423728,745.9661016949153,90.0,33.86,D4,28.1,0.65
305.08474576271186,0.0,0.0,180.0,0.0,1118.9491525423728,745.9661016949153,180.0,33.97,D4,23.5,0.58
346.15384615384613,0.0,0.0,180.0,0.0,1094.3076923076922,729.5384615384615,7.0,24.47,D4,24.5,0.58
346.15384615384613,0.0,0.0,180.0,0.0,1094.3076923076922,729.5384615384615,14.0,30.49,D4,25.9,0.65
346.15384615384613,0.0,0.0,180.0,0.0,1094.3076923076922,729.5384615384615,28.0,30.59,D4,24.7,0.48
346.15384615384613,0.0,0.0,180.0,0.0,1094.3076923076922,729.5384615384615,56.0,32.83,D4,25.4,0.6
346.15384615384613,0.0,0.0,180.0,0.0,1094.3076923076922,729.5384615384615,90.0,33.18,D4,28.2,0.58
305.08474576271186,0.0,0.0,180.0,0.0,1118.9491525423728,745.9661016949153,7.0,22.04,D4,24.2,0.67
305.08474576271186,0.0,0.0,180.0,0.0,1118.9491525423728,745.9661016949153,14.0,27.75,D4,22.8,0.57
305.08474576271186,0.0,0.0,180.0,0.0,1118.9491525423728,745.9661016949153,28.0,29.92,D4,28.6,0.63
305.08474576271186,0.0,0.0,180.0,0.0,1118.9491525423728,745.9661016949153,56.0,31.86,D4,26.1,0.65
305.08474576271186,0.0,0.0,180.0,0.0,1118.9491525423728,745.9661016949153,90.0,31.87,D4,28.8,0.53
305.08474576271186,0.0,0.0,180.0,0.0,1118.9491525423728,745.9661016949153,180.0,35.36,D4,26.7,0.59
346.15384615384613,0.0,0.0,180.0,0.0,1094.3076923076922,729.5384615384615,7.0,24.11,D4,22.4,0.58
346.15384615384613,0.0,0.0,180.0,0.0,1094.3076923076922,729.5384615384615,14.0,27.93,D4,26.3,0.65
346.15384615384613,0.0,0.0,180.0,0.0,1094.3076923076922,729.5384615384615,28.0,31.5,D4,23.0,0.63
346.15384615384613,0.0,0.0,180.0,0.0,1094.3076923076922,729.5384615384615,56.0,33.41,D4,25.0,0.59
346.15384615384613,0.0,0.0,180.0,0.0,1094.3076923076922,729.5384615384615,90.0,33.62,D4,24.8,0.55
305.08474576271186,0.0,0.0,180.0,0.0,1118.9491525423728,745.9661016949153,7.0,24.55,D4,21.8,0.65
305.08474576271186,0.0,0.0,180.0,0.0,1118.9491525423728,745.9661016949153,14.0,30.61,D4,23.4,0.6
305.08474576271186,0.0,0.0,180.0,0.0,1118.9491525423728,745.9661016949153,28.0,33.43,D4,29.4,0.52
305.08474576271186,0.0,0.0,180.0,0.0,1118.9491525423728,745.9661016949153,56.0,34.69,D4,25.5,0.52
305.08474576271186,0.0,0.0,180.0,0.0,1118.9491525423728,745.9661016949153,90.0,34.82,D4,24.6,0.62
346.15384615384613,0.0,0.0,180.0,0.0,1094.3076923076922,729.5384615384615,7.0,26.44,D4,28.6,0.54
346.15384615384613,0.0,0.0,180.0,0.0,1094.3076923076922,729.5384615384615,14.0,32.54,D4,24.2,0.69
346.15384615384613,0.0,0.0,180.0,0.0,1094.3076923076922,729.5384615384615,28.0,34.05,D4,24.8,0.55
346.15384615384613,0.0,0.0,180.0,0.0,1094.3076923076922,729.5384615384615,56.0,34.98,D4,27.0,0.6
346.15384615384613,0.0,0.0,180.0,0.0,1094.3076923076922,729.5384615384615,90.0,35.77,D4,24.2,0.61
305.08474576271186,0.0,0.0,180.0,0.0,1118.9491525423728,745.9661016949153,7.0,22.6,D4,23.5,0.56
305.08474576271186,0.0,0.0,180.0,0.0,1118.9491525423728,745.9661016949153,14.0,28.41,D4,20.5,0.49
305.08474576271186,0.0,0.0,180.0,0.0,1118.9491525423728,745.9661016949153,28.0,29.99,D4,23.1,0.61
305.08474576271186,0.0,0.0,180.0,0.0,1118.9491525423728,745.9661016949153,56.0,31.75,D4,23.1,0.56
305.08474576271186,0.0,0.0,180.0,0.0,1118.9491525423728,745.9661016949153,90.0,33.56,D4,25.3,0.61
346.15384615384613,0.0,0.0,180.0,0.0,1094.3076923076922,729.5384615384615,7.0,25.88,D4,23.8,0.59
346.15384615384613,0.0,0.0,180.0,0.0,1094.3076923076922,729.5384615384615,14.0,31.98,D4,29.3,0.61
346.15384615384613,0.0,0.0,180.0,0.0,1094.3076923076922,729.5384615384615,28.0,32.93,D4,22.9,0.68
346.15384615384613,0.0,0.0,180.0,0.0,1094.3076923076922,729.5384615384615,56.0,33.81,D4,27.8,0.57
346.15384615384613,0.0,0.0,180.0,0.0,1094.3076923076922,729.5384615384615,90.0,36.5,D4,25.4,0.58
305.08474576271186,0.0,0.0,180.0,0.0,1118.9491525423728,745.9661016949153,7.0,20.17,D4,26.6,0.52
305.08474576271186,0.0,0.0,180.0,0.0,1118.9491525423728,745.9661016949153,14.0,29.09,D4,26.5,0.59
305.08474576271186,0.0,0.0,180.0,0.0,1118.9491525423728,745.9661016949153,28.0,30.86,D4,20.6,0.62
305.08474576271186,0.0,0.0,180.0,0.0,1118.9491525423728,745.9661016949153,56.0,30.92,D4,25.0,0.58
305.08474576271186,0.0,0.0,180.0,0.0,1118.9491525423728,745.9661016949153,90.0,31.19,D4,24.5,0.62
346.15384615384613,0.0,0.0,180.0,0.0,1094.3076923076922,729.5384615384615,7.0,21.77,D4,22.7,0.59
346.15384615384613,0.0,0.0,180.0,0.0,1094.3076923076922,729.5384615384615,14.0,29.24,D4,25.9,0.53
346.15384615384613,0.0,0.0,180.0,0.0,1094.3076923076922,729.5384615384615,28.0,30.94,D4,28.4,0.62
346.15384615384613,0.0,0.0,180.0,0.0,1094.3076923076922,729.5384615384615,56.0,31.71,D4,19.7,0.59
346.15384615384613,0.0,0.0,180.0,0.0,1094.3076923076922,729.5384615384615,90.0,35.11,D4,23.9,0.61
305.08474576271186,0.0,0.0,180.0,0.0,1118.9491525423728,745.9661016949153,7.0,26.29,D4,22.5,0.57
305.08474576271186,0.0,0.0,180.0,0.0,1118.9491525423728,745.9661016949153,14.0,29.74,D4,25.1,0.57
305.08474576271186,0.0,0.0,180.0,0.0,1118.9491525423728,745.9661016949153,28.0,32.69,D4,24.3,0.61
305.08474576271186,0.0,0.0,180.0,0.0,1118.9491525423728,745.9661016949153,56.0,33.99,D4,23.8,0.59
305.08474576271186,0.0,0.0,180.0,0.0,1118.9491525423728,745.9661016949153,90.0,35.81,D4,26.4,0.69
346.15384615384613,0.0,0.0,180.0,0.0,1094.3076923076922,729.5384615384615,7.0,29.07,D4,28.3,0.64
346.15384615384613,0.0,0.0,180.0,0.0,1094.3076923076922,729.5384615384615,14.0,32.12,D4,30.3,0.63
346.15384615384613,0.0,0.0,180.0,0.0,1094.3076923076922,729.5384615384615,28.0,32.79,D4,23.5,0.59
346.15384615384613,0.0,0.0,180.0,0.0,1094.3076923076922,729.5384615384615,56.0,34.55,D4,21.4,0.5
346.15384615384613,0.0,0.0,180.0,0.0,1094.3076923076922,729.5384615384615,90.0,35.76,D4,26.1,0.56
305.08474576271186,0.0,0.0,180.0,0.0,1118.9491525423728,745.9661016949153,7.0,25.23,D4,28.2,0.57
305.08474576271186,0.0,0.0,180.0,0.0,1118.9491525423728,745.9661016949153,14.0,27.33,D4,26.6,0.59
305.08474576271186,0.0,0.0,180.0,0.0,1118.9491525423728,745.9661016949153,28.0,30.59,D4,28.2,0.6
305.08474576271186,0.0,0.0,180.0,0.0,1118.9491525423728,745.9661016949153,56.0,33.95,D4,24.5,0.63
305.08474576271186,0.0,0.0,180.0,0.0,1118.9491525423728,745.9661016949153,90.0,34.28,D4,23.8,0.61
346.15384615384613,0.0,0.0,180.0,0.0,1094.3076923076922,729.5384615384615,7.0,28.64,D4,25.2,0.66
346.15384615384613,0.0,0.0,180.0,0.0,1094.3076923076922,729.5384615384615,14.0,29.16,D4,24.3,0.58
346.15384615384613,0.0,0.0,180.0,0.0,1094.3076923076922,729.5384615384615,28.0,33.53,D4,26.3,0.61
346.15384615384613,0.0,0.0,180.0,0.0,1094.3076923076922,729.5384615384615,56.0,35.01,D4,26.9,0.62
346.15384615384613,0.0,0.0,180.0,0.0,1094.3076923076922,729.5384615384615,90.0,36.38,D4,27.1,0.61
305.08474576271186,0.0,0.0,180.0,0.0,1118.9491525423728,745.9661016949153,7.0,24.65,D4,26.0,0.66
305.08474576271186,0.0,0.0,180.0,0.0,1118.9491525423728,745.9661016949153,14.0,27.29,D4,25.5,0.64
305.08474576271186,0.0,0.0,180.0,0.0,1118.9491525423728,745.9661016949153,28.0,29.63,D4,26.6,0.53
305.08474576271186,0.0,0.0,180.0,0.0,1118.9491525423728,745.9661016949153,56.0,32.95,D4,21.1,0.59
305.08474576271186,0.0,0.0,180.0,0.0,1118.9491525423728,745.9661016949153,90.0,33.32,D4,25.4,0.6
346.15384615384613,0.0,0.0,180.0,0.0,1094.3076923076922,729.5384615384615,7.0,27.21,D4,25.1,0.71
346.15384615384613,0.0,0.0,180.0,0.0,1094.3076923076922,729.5384615384615,14.0,28.99,D4,25.4,0.58
346.15384615384613,0.0,0.0,180.0,0.0,1094.3076923076922,729.5384615384615,28.0,31.21,D4,24.8,0.55
346.15384615384613,0.0,0.0,180.0,0.0,1094.3076923076922,729.5384615384615,56.0,34.72,D4,25.9,0.62
346.15384615384613,0.0,0.0,180.0,0.0,1094.3076923076922,729.5384615384615,90.0,35.34,D4,23.9,0.62
272.7272727272727,0.0,0.0,180.0,0.0,1138.3636363636365,758.909090909091,7.0,11.94,D4,27.3,0.6
272.7272727272727,0.0,0.0,180.0,0.0,1138.3636363636365,758.909090909091,14.0,19.09,D4,25.9,0.59
272.7272727272727,0.0,0.0,180.0,0.0,1138.3636363636365,758.909090909091,28.0,24.19,D4,25.3,0.65
272.7272727272727,0.0,0.0,180.0,0.0,1138.3636363636365,758.909090909091,56.0,27.4,D4,23.6,0.56
272.7272727272727,0.0,0.0,180.0,0.0,1138.3636363636365,758.909090909091,90.0,28.88,D4,26.6,0.58
461.53846153846155,0.0,0.0,180.0,0.0,1025.076923076923,683.3846153846155,7.0,26.4,D4,25.4,0.57
461.53846153846155,0.0,0.0,180.0,0.0,1025.076923076923,683.3846153846155,14.0,38.08,D4,23.5,0.65
461.53846153846155,0.0,0.0,180.0,0.0,1025.076923076923,683.3846153846155,28.0,46.46,D4,24.9,0.61
461.53846153846155,0.0,0.0,180.0,0.0,1025.076923076923,683.3846153846155,56.0,49.34,D4,26.3,0.55
461.53846153846155,0.0,0.0,180.0,0.0,1025.076923076923,683.3846153846155,90.0,51.81,D4,26.1,0.55
272.7272727272727,0.0,0.0,180.0,0.0,1138.3636363636365,758.909090909091,7.0,10.04,D4,26.0,0.69
272.7272727272727,0.0,0.0,180.0,0.0,1138.3636363636365,758.909090909091,14.0,17.6,D4,25.2,0.65
272.7272727272727,0.0,0.0,180.0,0.0,1138.3636363636365,758.909090909091,28.0,20.5,D4,27.1,0.64
272.7272727272727,0.0,0.0,180.0,0.0,1138.3636363636365,758.909090909091,56.0,25.59,D4,27.5,0.6
272.7272727272727,0.0,0.0,180.0,0.0,1138.3636363636365,758.909090909091,90.0,27.26,D4,26.5,0.68
461.53846153846155,0.0,0.0,180.0,0.0,1025.076923076923,683.3846153846155,7.0,32.36,D4,23.8,0.54
461.53846153846155,0.0,0.0,180.0,0.0,1025.076923076923,683.3846153846155,14.0,48.65,D4,22.9,0.64
461.53846153846155,0.0,0.0,180.0,0.0,1025.076923076923,683.3846153846155,28.0,55.43,D4,23.9,0.58
461.53846153846155,0.0,0.0,180.0,0.0,1025.076923076923,683.3846153846155,56.0,64.32,D4,28.9,0.59
461.53846153846155,0.0,0.0,180.0,0.0,1025.076923076923,683.3846153846155,90.0,66.33,D4,25.6,0.64
409.09090909090907,0.0,0.0,180.0,0.0,1056.5454545454545,704.3636363636365,3.0,18.95,D4,29.3,0.59
409.09090909090907,0.0,0.0,180.0,0.0,1056.5454545454545,704.3636363636365,7.0,25.29,D4,24.8,0.58
409.09090909090907,0.0,0.0,180.0,0.0,1056.5454545454545,704.3636363636365,14.0,27.95,D4,24.5,0.58
409.09090909090907,0.0,0.0,180.0,0.0,1056.5454545454545,704.3636363636365,28.0,27.64,D4,24.9,0.5
409.09090909090907,0.0,0.0,180.0,0.0,1056.5454545454545,704.3636363636365,91.0,34.05,D4,24.8,0.64
409.09090909090907,0.0,0.0,180.0,0.0,1056.5454545454545,704.3636363636365,179.0,41.09,D4,23.5,0.55
375.0,0.0,0.0,180.0,0.0,1077.0,718.0,7.0,17.51,D4,22.7,0.69
375.0,0.0,0.0,180.0,0.0,1077.0,718.0,14.0,22.37,D4,26.0,0.59
375.0,0.0,0.0,180.0,0.0,1077.0,718.0,21.0,25.32,D4,27.1,0.67
375.0,0.0,0.0,180.0,0.0,1077.0,718.0,28.0,26.15,D4,29.9,0.51
375.0,0.0,0.0,180.0,0.0,1077.0,718.0,42.0,28.8,D4,24.1,0.64
375.0,0.0,0.0,180.0,0.0,1077.0,718.0,60.0,31.29,D4,24.3,0.65
375.0,0.0,0.0,180.0,0.0,1077.0,718.0,77.0,31.25,D4,23.5,0.67
375.0,0.0,0.0,180.0,0.0,1077.0,718.0,91.0,33.95,D4,27.3,0.52
375.0,0.0,0.0,180.0,0.0,1077.0,718.0,205.0,37.14,D4,26.6,0.56
375.0,0.0,0.0,180.0,0.0,1077.0,718.0,3.0,7.14,D4,23.2,0.63
375.0,0.0,0.0,180.0,0.0,1077.0,718.0,7.0,12.84,D4,23.2,0.61
375.0,0.0,0.0,180.0,0.0,1077.0,718.0,14.0,17.21,D4,26.9,0.61
375.0,0.0,0.0,180.0,0.0,1077.0,718.0,28.0,22.22,D4,25.8,0.58
375.0,0.0,0.0,180.0,0.0,1077.0,718.0,90.0,28.49,D4,26.5,0.68
375.0,0.0,0.0,180.0,0.0,1077.0,718.0,186.0,35.52,D4,23.2,0.73
400.0,0.0,0.0,180.0,0.0,1062.0,708.0,3.0,24.38,D4,21.2,0.61
400.0,0.0,0.0,180.0,0.0,1062.0,708.0,7.0,30.96,D4,23.3,0.62
400.0,0.0,0.0,180.0,0.0,1062.0,708.0,14.0,35.71,D4,26.4,0.6
400.0,0.0,0.0,180.0,0.0,1062.0,708.0,28.0,38.6,D4,29.2,0.66
400.0,0.0,0.0,180.0,0.0,1062.0,708.0,90.0,44.18,D4,24.1,0.64
400.0,0.0,0.0,180.0,0.0,1062.0,708.0,178.0,44.24,D4,29.6,0.55
391.30434782608694,0.0,0.0,180.0,0.0,1067.2173913043478,711.4782608695652,3.0,23.03,D4,26.7,0.57
391.30434782608694,0.0,0.0,180.0,0.0,1067.2173913043478,711.4782608695652,7.0,29.19,D4,22.2,0.55
391.30434782608694,0.0,0.0,180.0,0.0,1067.2173913043478,711.4782608695652,14.0,32.15,D4,25.4,0.73
391.30434782608694,0.0,0.0,180.0,0.0,1067.2173913043478,711.4782608695652,28.0,31.37,D4,26.7,0.63
391.30434782608694,0.0,0.0,180.0,0.0,1067.2173913043478,711.4782608695652,90.0,35.42,D4,20.1,0.57
391.30434782608694,0.0,0.0,180.0,0.0,1067.2173913043478,711.4782608695652,201.0,46.73,D4,26.3,0.57
450.0,0.0,0.0,180.0,0.0,1032.0,688.0,3.0,38.84,D4,27.3,0.64
450.0,0.0,0.0,180.0,0.0,1032.0,688.0,7.0,49.89,D4,25.8,0.65
450.0,0.0,0.0,180.0,0.0,1032.0,688.0,14.0,62.77,D4,24.9,0.64
450.0,0.0,0.0,180.0,0.0,1032.0,688.0,28.0,69.43,D4,24.7,0.58
450.0,0.0,0.0,180.0,0.0,1032.0,688.0,56.0,69.46,D4,24.5,0.62
450.0,0.0,0.0,180.0,0.0,1032.0,688.0,90.0,69.77,D4,22.6,0.61
450.0,0.0,0.0,180.0,0.0,1032.0,688.0,240.0,70.72,D4,23.6,0.55
360.0,0.0,0.0,180.0,0.0,1086.0,724.0,3.0,23.24,D4,24.2,0.55
360.0,0.0,0.0,180.0,0.0,1086.0,724.0,7.0,35.87,D4,25.2,0.62
360.0,0.0,0.0,180.0,0.0,1086.0,724.0,14.0,44.6,D4,23.9,0.61
360.0,0.0,0.0,180.0,0.0,1086.0,724.0,28.0,52.05,D4,23.3,0.63
360.0,0.0,0.0,180.0,0.0,1086.0,724.0,56.0,56.32,D4,26.5,0.64
360.0,0.0,0.0,180.0,0.0,1086.0,724.0,90.0,58.23,D4,25.7,0.67
360.0,0.0,0.0,180.0,0.0,1086.0,724.0,240.0,58.92,D4,23.9,0.56
276.9230769230769,0.0,0.0,180.0,0.0,1135.8461538461536,757.2307692307692,3.0,12.12,D4,26.0,0.63
276.9230769230769,0.0,0.0,180.0,0.0,1135.8461538461536,757.2307692307692,7.0,19.18,D4,24.1,0.64
276.9230769230769,0.0,0.0,180.0,0.0,1135.8461538461536,757.2307692307692,14.0,28.49,D4,25.1,0.58
276.9230769230769,0.0,0.0,180.0,0.0,1135.8461538461536,757.2307692307692,28.0,34.97,D4,27.0,0.61
276.9230769230769,0.0,0.0,180.0,0.0,1135.8461538461536,757.2307692307692,56.0,38.5,D4,23.8,0.59
276.9230769230769,0.0,0.0,180.0,0.0,1135.8461538461536,757.2307692307692,90.0,39.38,D4,22.7,0.71
276.9230769230769,0.0,0.0,180.0,0.0,1135.8461538461536,757.2307692307692,240.0,39.68,D4,24.7,0.61
276.9230769230769,0.0,0.0,180.0,0.0,1135.8461538461536,757.2307692307692,3.0,12.08,D4,22.3,0.62
276.9230769230769,0.0,0.0,180.0,0.0,1135.8461538461536,757.2307692307692,7.0,19.18,D4,24.4,0.59
276.9230769230769,0.0,0.0,180.0,0.0,1135.8461538461536,757.2307692307692,14.0,28.49,D4,24.4,0.58
276.9230769230769,0.0,0.0,180.0,0.0,1135.8461538461536,757.2307692307692,28.0,34.97,D4,20.1,0.53
276.9230769230769,0.0,0.0,180.0,0.0,1135.8461538461536,757.2307692307692,56.0,38.5,D4,26.1,0.65
276.9230769230769,0.0,0.0,180.0,0.0,1135.8461538461536,757.2307692307692,90.0,39.38,D4,24.6,0.64
276.9230769230769,0.0,0.0,180.0,0.0,1135.8461538461536,757.2307692307692,240.0,39.68,D4,27.4,0.58
276.9230769230769,0.0,0.0,180.0,0.0,1135.8461538461536,757.2307692307692,1100.0,40.06,D4,25.4,0.55
360.0,0.0,0.0,180.0,0.0,1086.0,724.0,3.0,23.27,D4,26.5,0.61
360.0,0.0,0.0,180.0,0.0,1086.0,724.0,7.0,35.87,D4,27.4,0.58
360.0,0.0,0.0,180.0,0.0,1086.0,724.0,14.0,44.6,D4,24.7,0.59
360.0,0.0,0.0,180.0,0.0,1086.0,724.0,28.0,52.05,D4,25.0,0.54
360.0,0.0,0.0,180.0,0.0,1086.0,724.0,56.0,56.32,D4,21.9,0.61
360.0,0.0,0.0,180.0,0.0,1086.0,724.0,90.0,58.23,D4,27.5,0.61
360.0,0.0,0.0,180.0,0.0,1086.0,724.0,240.0,58.92,D4,24.7,0.65
360.0,0.0,0.0,180.0,0.0,1086.0,724.0,1100.0,59.77,D4,23.0,0.59
450.0,0.0,0.0,180.0,0.0,1032.0,688.0,3.0,38.88,D4,26.5,0.58
450.0,0.0,0.0,180.0,0.0,1032.0,688.0,7.0,49.89,D4,20.6,0.52
450.0,0.0,0.0,180.0,0.0,1032.0,688.0,14.0,62.77,D4,24.1,0.66
450.0,0.0,0.0,180.0,0.0,1032.0,688.0,28.0,69.43,D4,26.8,0.64
450.0,0.0,0.0,180.0,0.0,1032.0,688.0,56.0,69.46,D4,24.1,0.6
450.0,0.0,0.0,180.0,0.0,1032.0,688.0,90.0,69.77,D4,23.6,0.53
450.0,0.0,0.0,180.0,0.0,1032.0,688.0,240.0,70.72,D4,24.2,0.54
450.0,0.0,0.0,180.0,0.0,1032.0,688.0,1100.0,71.24,D4,21.0,0.57
276.9230769230769,0.0,0.0,180.0,0.0,1135.8461538461536,757.2307692307692,3.0,12.08,D4,26.4,0.65
276.9230769230769,0.0,0.0,180.0,0.0,1135.8461538461536,757.2307692307692,7.0,19.18,D4,24.8,0.61
276.9230769230769,0.0,0.0,180.0,0.0,1135.8461538461536,757.2307692307692,14.0,28.49,D4,24.5,0.53
276.9230769230769,0.0,0.0,180.0,0.0,1135.8461538461536,757.2307692307692,28.0,34.97,D4,24.5,0.62
276.9230769230769,0.0,0.0,180.0,0.0,1135.8461538461536,757.2307692307692,56.0,38.5,D4,25.0,0.56
276.9230769230769,0.0,0.0,180.0,0.0,1135.8461538461536,757.2307692307692,90.0,39.38,D4,26.3,0.57
276.9230769230769,0.0,0.0,180.0,0.0,1135.8461538461536,757.2307692307692,240.0,39.68,D4,24.9,0.65
276.9230769230769,0.0,0.0,180.0,0.0,1135.8461538461536,757.2307692307692,1100.0,40.06,D4,22.3,0.64
360.0,0.0,0.0,180.0,0.0,1086.0,724.0,3.0,23.27,D4,26.2,0.65
360.0,0.0,0.0,180.0,0.0,1086.0,724.0,7.0,35.87,D4,26.0,0.6
360.0,0.0,0.0,180.0,0.0,1086.0,724.0,14.0,44.6,D4,25.4,0.64
360.0,0.0,0.0,180.0,0.0,1086.0,724.0,28.0,52.05,D4,27.2,0.57
360.0,0.0,0.0,180.0,0.0,1086.0,724.0,56.0,56.32,D4,25.1,0.59
360.0,0.0,0.0,180.0,0.0,1086.0,724.0,90.0,58.23,D4,27.2,0.58
360.0,0.0,0.0,180.0,0.0,1086.0,724.0,240.0,58.92,D4,27.8,0.6
360.0,0.0,0.0,180.0,0.0,1086.0,724.0,1100.0,59.77,D4,26.2,0.54
450.0,0.0,0.0,180.0,0.0,1032.0,688.0,3.0,38.88,D4,23.5,0.59
450.0,0.0,0.0,180.0,0.0,1032.0,688.0,7.0,49.89,D4,24.7,0.67
450.0,0.0,0.0,180.0,0.0,1032.0,688.0,14.0,62.77,D4,27.5,0.55
450.0,0.0,0.0,180.0,0.0,1032.0,688.0,28.0,69.43,D4,22.0,0.53
450.0,0.0,0.0,180.0,0.0,1032.0,688.0,56.0,69.46,D4,24.2,0.54
450.0,0.0,0.0,180.0,0.0,1032.0,688.0,90.0,69.77,D4,24.3,0.73
450.0,0.0,0.0,180.0,0.0,1032.0,688.0,240.0,70.72,D4,23.3,0.62
450.0,0.0,0.0,180.0,0.0,1032.0,688.0,1100.0,71.24,D4,26.7,0.59
360.0,0.0,0.0,180.0,0.0,1086.0,724.0,7.0,8.22,D4,25.8,0.6
360.0,0.0,0.0,180.0,0.0,1086.0,724.0,7.0,7.47,D4,23.6,0.61
360.0,0.0,0.0,180.0,0.0,1086.0,724.0,7.0,7.47,D4,26.2,0.57
360.0,0.0,0.0,180.0,0.0,1086.0,724.0,7.0,8.59,D4,24.7,0.57
360.0,0.0,0.0,180.0,0.0,1086.0,724.0,7.0,8.96,D4,23.2,0.59
360.0,0.0,0.0,180.0,0.0,1086.0,724.0,7.0,10.08,D4,23.6,0.56
360.0,0.0,0.0,180.0,0.0,1086.0,724.0,7.0,8.96,D4,25.9,0.58
360.0,0.0,0.0,180.0,0.0,1086.0,724.0,7.0,8.74,D4,26.9,0.62
360.0,0.0,0.0,180.0,0.0,1086.0,724.0,7.0,8.67,D4,24.0,0.55
360.0,0.0,0.0,180.0,0.0,1086.0,724.0,7.0,9.34,D4,26.1,0.73
360.0,0.0,0.0,180.0,0.0,1086.0,724.0,14.0,12.7,D4,28.2,0.64
360.0,0.0,0.0,180.0,0.0,1086.0,724.0,14.0,10.61,D4,22.5,0.54
360.0,0.0,0.0,180.0,0.0,1086.0,724.0,14.0,10.16,D4,25.7,0.48
360.0,0.0,0.0,180.0,0.0,1086.0,724.0,14.0,11.21,D4,26.7,0.57
360.0,0.0,0.0,180.0,0.0,1086.0,724.0,14.0,10.98,D4,24.8,0.63
360.0,0.0,0.0,180.0,0.0,1086.0,724.0,14.0,10.38,D4,27.5,0.62
360.0,0.0,0.0,180.0,0.0,1086.0,724.0,14.0,10.68,D4,29.4,0.59
360.0,0.0,0.0,180.0,0.0,1086.0,724.0,14.0,11.43,D4,25.7,0.57
360.0,0.0,0.0,180.0,0.0,1086.0,724.0,14.0,11.95,D4,24.5,0.55
360.0,0.0,0.0,180.0,0.0,1086.0,724.0,14.0,10.31,D4,27.0,0.58
360.0,0.0,0.0,180.0,0.0,1086.0,724.0,28.0,17.55,D4,26.7,0.55
360.0,0.0,0.0,180.0,0.0,1086.0,724.0,28.0,15.31,D4,20.0,0.58
360.0,0.0,0.0,180.0,0.0,1086.0,724.0,28.0,14.94,D4,25.0,0.67
360.0,0.0,0.0,180.0,0.0,1086.0,724.0,28.0,17.93,D4,24.2,0.56
360.0,0.0,0.0,180.0,0.0,1086.0,724.0,28.0,17.55,D4,25.8,0.63
360.0,0.0,0.0,180.0,0.0,1086.0,724.0,28.0,16.06,D4,24.6,0.64
360.0,0.0,0.0,180.0,0.0,1086.0,724.0,28.0,21.29,D4,24.8,0.55
360.0,0.0,0.0,180.0,0.0,1086.0,724.0,28.0,18.3,D4,23.3,0.56
360.0,0.0,0.0,180.0,0.0,1086.0,724.0,28.0,16.43,D4,26.5,0.65
360.0,0.0,0.0,180.0,0.0,1086.0,724.0,28.0,15.69,D4,28.3,0.55
360.0,0.0,0.0,180.0,0.0,1086.0,724.0,7.0,11.95,D4,23.3,0.6
360.0,0.0,0.0,180.0,0.0,1086.0,724.0,7.0,10.08,D4,22.2,0.7
360.0,0.0,0.0,180.0,0.0,1086.0,724.0,7.0,10.83,D4,25.0,0.65
360.0,0.0,0.0,180.0,0.0,1086.0,724.0,7.0,12.7,D4,24.9,0.6
360.0,0.0,0.0,180.0,0.0,1086.0,724.0,7.0,11.58,D4,27.3,0.64
360.0,0.0,0.0,180.0,0.0,1086.0,724.0,7.0,12.33,D4,22.5,0.6
360.0,0.0,0.0,180.0,0.0,1086.0,724.0,7.0,10.53,D4,23.9,0.65
360.0,0.0,0.0,180.0,0.0,1086.0,724.0,7.0,11.95,D4,20.7,0.5
360.0,0.0,0.0,180.0,0.0,1086.0,724.0,7.0,10.46,D4,27.7,0.59
360.0,0.0,0.0,180.0,0.0,1086.0,724.0,7.0,10.83,D4,25.5,0.5
360.0,0.0,0.0,180.0,0.0,1086.0,724.0,14.0,12.92,D4,24.1,0.61
360.0,0.0,0.0,180.0,0.0,1086.0,724.0,14.0,15.39,D4,22.4,0.59
360.0,0.0,0.0,180.0,0.0,1086.0,724.0,14.0,13.89,D4,22.5,0.67
360.0,0.0,0.0,180.0,0.0,1086.0,724.0,14.0,13.07,D4,25.8,0.64
360.0,0.0,0.0,180.0,0.0,1086.0,724.0,14.0,16.58,D4,22.8,0.57
360.0,0.0,0.0,180.0,0.0,1086.0,724.0,14.0,14.19,D4,25.2,0.58
360.0,0.0,0.0,180.0,0.0,1086.0,724.0,14.0,13.82,D4,29.1,0.62
360.0,0.0,0.0,180.0,0.0,1086.0,724.0,14.0,14.19,D4,24.3,0.57
360.0,0.0,0.0,180.0,0.0,1086.0,724.0,14.0,15.09,D4,23.1,0.6
360.0,0.0,0.0,180.0,0.0,1086.0,724.0,14.0,12.7,D4,25.8,0.67
360.0,0.0,0.0,180.0,0.0,1086.0,724.0,28.0,24.88,D4,22.5,0.56
360.0,0.0,0.0,180.0,0.0,1086.0,724.0,28.0,25.4,D4,28.4,0.58
360.0,0.0,0.0,180.0,0.0,1086.0,724.0,28.0,23.53,D4,27.8,0.58
360.0,0.0,0.0,180.0,0.0,1086.0,724.0,28.0,23.9,D4,24.7,0.76
360.0,0.0,0.0,180.0,0.0,1086.0,724.0,28.0,25.4,D4,23.2,0.63
360.0,0.0,0.0,180.0,0.0,1086.0,724.0,28.0,27.27,D4,24.1,0.66
360.0,0.0,0.0,180.0,0.0,1086.0,724.0,28.0,28.01,D4,24.4,0.64
360.0,0.0,0.0,180.0,0.0,1086.0,724.0,28.0,22.04,D4,25.8,0.64
360.0,0.0,0.0,180.0,0.0,1086.0,724.0,28.0,25.17,D4,27.1,0.62
360.0,0.0,0.0,180.0,0.0,1086.0,724.0,28.0,27.64,D4,22.9,0.62
360.0,0.0,0.0,180.0,0.0,1086.0,724.0,7.0,15.31,D4,27.0,0.53
360.0,0.0,0.0,180.0,0.0,1086.0,724.0,7.0,13.89,D4,26.2,0.62
360.0,0.0,0.0,180.0,0.0,1086.0,724.0,7.0,15.31,D4,24.0,0.59
360.0,0.0,0.0,180.0,0.0,1086.0,724.0,7.0,14.19,D4,22.8,0.63
360.0,0.0,0.0,180.0,0.0,1086.0,724.0,7.0,13.07,D4,25.2,0.6
360.0,0.0,0.0,180.0,0.0,1086.0,724.0,7.0,12.33,D4,22.9,0.64
360.0,0.0,0.0,180.0,0.0,1086.0,724.0,7.0,12.7,D4,27.0,0.65
360.0,0.0,0.0,180.0,0.0,1086.0,724.0,7.0,13.45,D4,22.8,0.45
360.0,0.0,0.0,180.0,0.0,1086.0,724.0,7.0,13.82,D4,26.1,0.58
360.0,0.0,0.0,180.0,0.0,1086.0,724.0,7.0,14.19,D4,24.8,0.51
360.0,0.0,0.0,180.0,0.0,1086.0,724.0,14.0,16.43,D4,23.9,0.61
360.0,0.0,0.0,180.0,0.0,1086.0,724.0,14.0,16.81,D4,24.8,0.58
360.0,0.0,0.0,180.0,0.0,1086.0,724.0,14.0,14.57,D4,27.2,0.67
360.0,0.0,0.0,180.0,0.0,1086.0,724.0,14.0,17.18,D4,22.6,0.61
360.0,0.0,0.0,180.0,0.0,1086.0,724.0,14.0,17.55,D4,24.2,0.58
360.0,0.0,0.0,180.0,0.0,1086.0,724.0,14.0,17.93,D4,23.5,0.65
360.0,0.0,0.0,180.0,0.0,1086.0,724.0,14.0,19.05,D4,24.9,0.58
360.0,0.0,0.0,180.0,0.0,1086.0,724.0,14.0,13.07,D4,23.6,0.58
360.0,0.0,0.0,180.0,0.0,1086.0,724.0,14.0,14.94,D4,21.5,0.62
360.0,0.0,0.0,180.0,0.0,1086.0,724.0,14.0,15.69,D4,22.9,0.68
360.0,0.0,0.0,180.0,0.0,1086.0,724.0,28.0,28.39,D4,28.3,0.64
360.0,0.0,0.0,180.0,0.0,1086.0,724.0,28.0,27.27,D4,25.5,0.63
360.0,0.0,0.0,180.0,0.0,1086.0,724.0,28.0,30.63,D4,25.4,0.74
360.0,0.0,0.0,180.0,0.0,1086.0,724.0,28.0,31.75,D4,24.4,0.56
360.0,0.0,0.0,180.0,0.0,1086.0,724.0,28.0,28.76,D4,24.9,0.56
360.0,0.0,0.0,180.0,0.0,1086.0,724.0,28.0,28.01,D4,24.1,0.61
360.0,0.0,0.0,180.0,0.0,1086.0,724.0,28.0,26.52,D4,26.1,0.68
360.0,0.0,0.0,180.0,0.0,1086.0,724.0,28.0,28.98,D4,25.2,0.55
360.0,0.0,0.0,180.0,0.0,1086.0,724.0,28.0,29.88,D4,22.7,0.69
360.0,0.0,0.0,180.0,0.0,1086.0,724.0,28.0,32.49,D4,25.5,0.53
360.0,0.0,0.0,180.0,0.0,1086.0,724.0,28.0,36.33,D4,20.1,0.59
360.0,0.0,0.0,180.0,0.0,1086.0,724.0,28.0,36.73,D4,25.8,0.61
360.0,0.0,0.0,180.0,0.0,1086.0,724.0,28.0,24.68,D4,22.2,0.56
360.0,0.0,0.0,180.0,0.0,1086.0,724.0,28.0,37.22,D4,24.8,0.57
360.0,0.0,0.0,180.0,0.0,1086.0,724.0,28.0,23.71,D4,22.6,0.64
360.0,0.0,0.0,180.0,0.0,1086.0,724.0,28.0,36.41,D4,25.0,0.67
360.0,0.0,0.0,180.0,0.0,1086.0,724.0,28.0,47.1,D4,26.2,0.49
360.0,0.0,0.0,180.0,0.0,1086.0,724.0,28.0,48.63,D4,28.0,0.61
360.0,0.0,0.0,180.0,0.0,1086.0,724.0,28.0,30.3,D4,21.9,0.59
360.0,0.0,0.0,180.0,0.0,1086.0,724.0,28.0,26.12,D4,27.0,0.61
360.0,0.0,0.0,180.0,0.0,1086.0,724.0,28.0,29.5,D4,25.3,0.58
360.0,0.0,0.0,180.0,0.0,1086.0,724.0,28.0,36.65,D4,24.1,0.54
360.0,0.0,0.0,180.0,0.0,1086.0,724.0,28.0,43.49,D4,26.5,0.68
360.0,0.0,0.0,180.0,0.0,1086.0,724.0,28.0,35.13,D4,24.5,0.66
360.0,0.0,0.0,180.0,0.0,1086.0,724.0,28.0,32.23,D4,26.4,0.59
360.0,0.0,0.0,180.0,0.0,1086.0,724.0,28.0,29.1,D4,23.0,0.58
360.0,0.0,0.0,180.0,0.0,1086.0,724.0,28.0,48.07,D4,23.7,0.57
360.0,0.0,0.0,180.0,0.0,1086.0,724.0,28.0,34.24,D4,26.9,0.47
360.0,0.0,0.0,180.0,0.0,1086.0,724.0,28.0,37.62,D4,28.0,0.62
360.0,0.0,0.0,180.0,0.0,1086.0,724.0,28.0,35.53,D4,24.9,0.64
360.0,0.0,0.0,180.0,0.0,1086.0,724.0,28.0,42.12,D4,19.4,0.61
360.0,0.0,0.0,180.0,0.0,1086.0,724.0,28.0,23.87,D4,24.6,0.6
360.0,0.0,0.0,180.0,0.0,1086.0,724.0,28.0,41.15,D4,25.1,0.61
360.0,0.0,0.0,180.0,0.0,1086.0,724.0,28.0,31.43,D4,24.5,0.56
360.0,0.0,0.0,180.0,0.0,1086.0,724.0,28.0,28.78,D4,25.7,0.58
360.0,0.0,0.0,180.0,0.0,1086.0,724.0,28.0,40.03,D4,24.0,0.59
360.0,0.0,0.0,180.0,0.0,1086.0,724.0,28.0,34.0,D4,26.7,0.63
360.0,0.0,0.0,180.0,0.0,1086.0,724.0,28.0,29.82,D4,22.7,0.67
360.0,0.0,0.0,180.0,0.0,1086.0,724.0,28.0,21.3,D4,27.5,0.59
360.0,0.0,0.0,180.0,0.0,1086.0,724.0,28.0,29.26,D4,28.1,0.55
360.0,0.0,0.0,180.0,0.0,1086.0,724.0,28.0,22.83,D4,23.2,0.6
360.0,0.0,0.0,180.0,0.0,1086.0,724.0,28.0,31.27,D4,23.2,0.7
360.0,0.0,0.0,180.0,0.0,1086.0,724.0,28.0,40.75,D4,25.8,0.55
360.0,0.0,0.0,180.0,0.0,1086.0,724.0,28.0,45.49,D4,22.6,0.64
360.0,0.0,0.0,180.0,0.0,1086.0,724.0,28.0,21.38,D4,24.0,0.67
360.0,0.0,0.0,180.0,0.0,1086.0,724.0,28.0,27.49,D4,27.2,0.58
360.0,0.0,0.0,180.0,0.0,1086.0,724.0,28.0,31.35,D4,26.5,0.56
360.0,0.0,0.0,180.0,0.0,1086.0,724.0,28.0,32.39,D4,29.0,0.63
360.0,0.0,0.0,180.0,0.0,1086.0,724.0,28.0,36.17,D4,25.3,0.62
360.0,0.0,0.0,180.0,0.0,1086.0,724.0,28.0,36.73,D4,23.8,0.63
360.0,0.0,0.0,180.0,0.0,1086.0,724.0,28.0,37.94,D4,25.1,0.7
360.0,0.0,0.0,180.0,0.0,1086.0,724.0,28.0,45.82,D4,24.7,0.61
360.0,0.0,0.0,180.0,0.0,1086.0,724.0,28.0,48.71,D4,24.7,0.54
360.0,0.0,0.0,180.0,0.0,1086.0,724.0,28.0,18.41,D4,25.0,0.6
360.0,0.0,0.0,180.0,0.0,1086.0,724.0,28.0,13.94,D4,23.1,0.61
360.0,0.0,0.0,180.0,0.0,1086.0,724.0,28.0,14.44,D4,25.6,0.66
360.0,0.0,0.0,180.0,0.0,1086.0,724.0,28.0,15.02,D4,22.2,0.59
360.0,0.0,0.0,180.0,0.0,1086.0,724.0,28.0,16.27,D4,23.6,0.58
360.0,0.0,0.0,180.0,0.0,1086.0,724.0,28.0,16.68,D4,24.8,0.53
327.27272727272725,0.0,0.0,180.0,0.0,1105.6363636363635,737.0909090909091,28.0,17.02,D4,20.5,0.63
327.27272727272725,0.0,0.0,180.0,0.0,1105.6363636363635,737.0909090909091,28.0,17.76,D4,26.5,0.77
327.27272727272725,0.0,0.0,180.0,0.0,1105.6363636363635,737.0909090909091,28.0,19.75,D4,20.9,0.59
333.3333333333333,0.0,0.0,180.0,0.0,1102.0,734.6666666666667,28.0,21.25,D4,26.3,0.62
333.3333333333333,0.0,0.0,180.0,0.0,1102.0,734.6666666666667,28.0,22.33,D4,22.4,0.57
333.3333333333333,0.0,0.0,180.0,0.0,1102.0,734.6666666666667,28.0,23.99,D4,24.2,0.54
333.3333333333333,0.0,0.0,180.0,0.0,1102.0,734.6666666666667,28.0,24.57,D4,26.0,0.62
367.34693877551024,0.0,0.0,180.0,0.0,1081.5918367346935,721.0612244897959,28.0,25.15,D4,29.4,0.6
367.34693877551024,0.0,0.0,180.0,0.0,1081.5918367346935,721.0612244897959,28.0,25.9,D4,25.2,0.48
367.34693877551024,0.0,0.0,180.0,0.0,1081.5918367346935,721.0612244897959,28.0,26.89,D4,21.0,0.68
367.34693877551024,0.0,0.0,180.0,0.0,1081.5918367346935,721.0612244897959,28.0,27.47,D4,26.9,0.62
367.34693877551024,0.0,0.0,180.0,0.0,1081.5918367346935,721.0612244897959,28.0,29.71,D4,24.5,0.6
367.34693877551024,0.0,0.0,180.0,0.0,1081.5918367346935,721.0612244897959,28.0,30.63,D4,25.1,0.58
367.34693877551024,0.0,0.0,180.0,0.0,1081.5918367346935,721.0612244897959,28.0,31.87,D4,26.1,0.62
418.60465116279073,0.0,0.0,180.0,0.0,1050.8372093023254,700.5581395348837,28.0,33.37,D4,20.5,0.62
360.0,0.0,0.0,180.0,0.0,1086.0,724.0,28.0,10.0,D4,25.0,0.62
360.0,0.0,0.0,180.0,0.0,1086.0,724.0,28.0,12.6,D4,24.2,0.65
360.0,0.0,0.0,180.0,0.0,1086.0,724.0,28.0,17.5,D4,27.4,0.66
360.0,0.0,0.0,180.0,0.0,1086.0,724.0,28.0,17.8,D4,26.5,0.7
360.0,0.0,0.0,180.0,0.0,1086.0,724.0,28.0,18.5,D4,21.7,0.56
360.0,0.0,0.0,180.0,0.0,1086.0,724.0,28.0,18.7,D4,27.5,0.57
360.0,0.0,0.0,180.0,0.0,1086.0,724.0,28.0,18.9,D4,25.9,0.62
360.0,0.0,0.0,180.0,0.0,1086.0,724.0,28.0,20.6,D4,21.9,0.56
360.0,0.0,0.0,180.0,0.0,1086.0,724.0,28.0,23.25,D4,25.1,0.57
360.0,0.0,0.0,180.0,0.0,1086.0,724.0,28.0,25.6,D4,27.1,0.62
360.0,0.0,0.0,180.0,0.0,1086.0,724.0,28.0,27.8,D4,22.6,0.65
360.0,0.0,0.0,180.0,0.0,1086.0,724.0,28.0,29.3,D4,27.8,0.66
360.0,0.0,0.0,180.0,0.0,1086.0,724.0,28.0,32.16,D4,22.0,0.59
360.0,0.0,0.0,180.0,0.0,1086.0,724.0,28.0,36.8,D4,23.4,0.62
360.0,0.0,0.0,180.0,0.0,1086.0,724.0,28.0,54.1,D4,23.1,0.61
360.0,0.0,0.0,180.0,0.0,1086.0,724.0,28.0,56.6,D4,27.8,0.6
367.34693877551024,0.0,0.0,180.0,0.0,1081.5918367346935,721.0612244897959,7.0,9.13,D4,24.0,0.56
367.34693877551024,0.0,0.0,180.0,0.0,1081.5918367346935,721.0612244897959,7.0,12.78,D4,22.7,0.55
367.34693877551024,0.0,0.0,180.0,0.0,1081.5918367346935,721.0612244897959,7.0,12.04,D4,25.9,0.63
367.34693877551024,0.0,0.0,180.0,0.0,1081.5918367346935,721.0612244897959,7.0,11.12,D4,26.3,0.56
367.34693877551024,0.0,0.0,180.0,0.0,1081.5918367346935,721.0612244897959,7.0,13.28,D4,26.3,0.51
367.34693877551024,0.0,0.0,180.0,0.0,1081.5918367346935,721.0612244897959,7.0,12.87,D4,24.5,0.6
367.34693877551024,0.0,0.0,180.0,0.0,1081.5918367346935,721.0612244897959,7.0,12.37,D4,25.5,0.67
367.34693877551024,0.0,0.0,180.0,0.0,1081.5918367346935,721.0612244897959,7.0,11.21,D4,23.7,0.46
367.34693877551024,0.0,0.0,180.0,0.0,1081.5918367346935,721.0612244897959,7.0,13.28,D4,28.3,0.59
367.34693877551024,0.0,0.0,180.0,0.0,1081.5918367346935,721.0612244897959,7.0,14.11,D4,27.3,0.63
367.34693877551024,0.0,0.0,180.0,0.0,1081.5918367346935,721.0612244897959,7.0,17.02,D4,27.2,0.51
367.34693877551024,0.0,0.0,180.0,0.0,1081.5918367346935,721.0612244897959,7.0,15.94,D4,26.6,0.59
367.34693877551024,0.0,0.0,180.0,0.0,1081.5918367346935,721.0612244897959,7.0,14.28,D4,26.0,0.54
367.34693877551024,0.0,0.0,180.0,0.0,1081.5918367346935,721.0612244897959,7.0,17.85,D4,22.5,0.55
367.34693877551024,0.0,0.0,180.0,0.0,1081.5918367346935,721.0612244897959,7.0,16.02,D4,26.3,0.58
367.34693877551024,0.0,0.0,180.0,0.0,1081.5918367346935,721.0612244897959,7.0,15.85,D4,25.2,0.54
367.34693877551024,0.0,0.0,180.0,0.0,1081.5918367346935,721.0612244897959,7.0,14.28,D4,27.5,0.54
367.34693877551024,0.0,0.0,180.0,0.0,1081.5918367346935,721.0612244897959,7.0,16.85,D4,26.6,0.6
367.34693877551024,0.0,0.0,180.0,0.0,1081.5918367346935,721.0612244897959,7.0,19.92,D4,26.1,0.71
367.34693877551024,0.0,0.0,180.0,0.0,1081.5918367346935,721.0612244897959,7.0,19.42,D4,21.6,0.64
367.34693877551024,0.0,0.0,180.0,0.0,1081.5918367346935,721.0612244897959,7.0,18.92,D4,24.8,0.65
367.34693877551024,0.0,0.0,180.0,0.0,1081.5918367346935,721.0612244897959,7.0,17.85,D4,23.9,0.64
367.34693877551024,0.0,0.0,180.0,0.0,1081.5918367346935,721.0612244897959,7.0,19.84,D4,25.5,0.57
367.34693877551024,0.0,0.0,180.0,0.0,1081.5918367346935,721.0612244897959,7.0,20.34,D4,24.2,0.62
367.34693877551024,0.0,0.0,180.0,0.0,1081.5918367346935,721.0612244897959,7.0,19.09,D4,24.4,0.65
367.34693877551024,0.0,0.0,180.0,0.0,1081.5918367346935,721.0612244897959,7.0,17.68,D4,25.9,0.64
367.34693877551024,0.0,0.0,180.0,0.0,1081.5918367346935,721.0612244897959,7.0,21.33,D4,24.1,0.61
360.0,0.0,0.0,180.0,0.0,1086.0,724.0,31046.0,11.47,D4,25.2,0.63
360.0,0.0,0.0,180.0,0.0,1086.0,724.0,31046.0,13.59,D4,22.0,0.72
360.0,0.0,0.0,180.0,0.0,1086.0,724.0,31046.0,14.42,D4,23.3,0.64
360.0,0.0,0.0,180.0,0.0,1086.0,724.0,31046.0,3.58,D4,26.3,0.58
360.0,0.0,0.0,180.0,0.0,1086.0,724.0,31046.0,9.49,D4,22.5,0.6
360.0,0.0,0.0,180.0,0.0,1086.0,724.0,31046.0,15.4,D4,27.5,0.55
360.0,0.0,0.0,180.0,0.0,1086.0,724.0,31046.0,14.36,D4,26.9,0.72
360.0,0.0,0.0,180.0,0.0,1086.0,724.0,31046.0,20.11,D4,24.5,0.68
360.0,0.0,0.0,180.0,0.0,1086.0,724.0,31046.0,10.18,D4,31.0,0.6
360.0,0.0,0.0,180.0,0.0,1086.0,724.0,31046.0,11.42,D4,27.5,0.71
360.0,0.0,0.0,180.0,0.0,1086.0,724.0,31046.0,9.04,D4,23.1,0.63
360.0,0.0,0.0,180.0,0.0,1086.0,724.0,31046.0,11.23,D4,26.5,0.58
360.0,0.0,0.0,180.0,0.0,1086.0,724.0,31046.0,11.37,D4,25.1,0.65
360.0,0.0,0.0,180.0,0.0,1086.0,724.0,31046.0,11.12,D4,23.4,0.62
360.0,0.0,0.0,180.0,0.0,1086.0,724.0,31046.0,13.46,D4,22.9,0.64
360.0,0.0,0.0,180.0,0.0,1086.0,724.0,31046.0,9.34,D4,27.0,0.53
360.0,0.0,0.0,180.0,0.0,1086.0,724.0,31046.0,8.9,D4,23.8,0.56
360.0,0.0,0.0,180.0,0.0,1086.0,724.0,31046.0,6.88,D4,24.8,0.67
360.0,0.0,0.0,180.0,0.0,1086.0,724.0,31046.0,10.55,D4,23.2,0.68
360.0,0.0,0.0,180.0,0.0,1086.0,724.0,31046.0,18.05,D4,23.5,0.67
360.0,0.0,0.0,180.0,0.0,1086.0,724.0,31046.0,6.88,D4,24.7,0.71
360.0,0.0,0.0,180.0,0.0,1086.0,724.0,31046.0,6.07,D4,25.8,0.63
360.0,0.0,0.0,180.0,0.0,1086.0,724.0,31046.0,11.02,D4,19.8,0.63
360.0,0.0,0.0,180.0,0.0,1086.0,724.0,28.0,1.34,D4,25.0,0.55
360.0,0.0,0.0,180.0,0.0,1086.0,724.0,28.0,1.79,D4,23.5,0.57
360.0,0.0,0.0,180.0,0.0,1086.0,724.0,28.0,1.64,D4,27.8,0.5
360.0,0.0,0.0,180.0,0.0,1086.0,724.0,28.0,1.94,D4,30.9,0.58
360.0,0.0,0.0,180.0,0.0,1086.0,724.0,28.0,3.13,D4,24.3,0.5
360.0,0.0,0.0,180.0,0.0,1086.0,724.0,28.0,5.97,D4,21.6,0.65
360.0,0.0,0.0,180.0,0.0,1086.0,724.0,28.0,11.04,D4,25.2,0.62
360.0,0.0,0.0,180.0,0.0,1086.0,724.0,28.0,12.24,D4,24.6,0.5
360.0,0.0,0.0,180.0,0.0,1086.0,724.0,28.0,11.79,D4,28.9,0.59
360.0,0.0,0.0,180.0,0.0,1086.0,724.0,28.0,7.91,D4,28.3,0.7
360.0,0.0,0.0,180.0,0.0,1086.0,724.0,28.0,9.7,D4,26.7,0.59
360.0,0.0,0.0,180.0,0.0,1086.0,724.0,28.0,11.04,D4,23.8,0.55
360.0,0.0,0.0,180.0,0.0,1086.0,724.0,28.0,11.34,D4,26.4,0.51
360.0,0.0,0.0,180.0,0.0,1086.0,724.0,28.0,11.79,D4,25.5,0.51
360.0,0.0,0.0,180.0,0.0,1086.0,724.0,28.0,12.54,D4,25.5,0.63
360.0,0.0,0.0,180.0,0.0,1086.0,724.0,28.0,12.54,D4,21.9,0.58
360.0,0.0,0.0,180.0,0.0,1086.0,724.0,28.0,8.96,D4,27.1,0.58
360.0,0.0,0.0,180.0,0.0,1086.0,724.0,28.0,7.16,D4,25.2,0.58
360.0,0.0,0.0,180.0,0.0,1086.0,724.0,28.0,5.97,D4,24.8,0.59
360.0,0.0,0.0,180.0,0.0,1086.0,724.0,28.0,10.15,D4,23.8,0.54
360.0,0.0,0.0,180.0,0.0,1086.0,724.0,28.0,10.15,D4,23.4,0.62
360.0,0.0,0.0,180.0,0.0,1086.0,724.0,28.0,17.46,D4,25.6,0.53
360.0,0.0,0.0,180.0,0.0,1086.0,724.0,28.0,15.52,D4,21.5,0.56
360.0,0.0,0.0,180.0,0.0,1086.0,724.0,28.0,22.39,D4,26.6,0.65
360.0,0.0,0.0,180.0,0.0,1086.0,724.0,28.0,24.48,D4,22.9,0.62
360.0,0.0,0.0,180.0,0.0,1086.0,724.0,28.0,21.34,D4,20.9,0.63
360.0,0.0,0.0,180.0,0.0,1086.0,724.0,28.0,15.82,D4,28.6,0.71
360.0,0.0,0.0,180.0,0.0,1086.0,724.0,28.0,17.76,D4,23.3,0.6
360.0,0.0,0.0,180.0,0.0,1086.0,724.0,28.0,20.0,D4,23.6,0.6
360.0,0.0,0.0,180.0,0.0,1086.0,724.0,28.0,20.45,D4,27.3,0.59
360.0,0.0,0.0,180.0,0.0,1086.0,724.0,28.0,24.33,D4,28.7,0.58
360.0,0.0,0.0,180.0,0.0,1086.0,724.0,28.0,32.84,D4,21.9,0.55
360.0,0.0,0.0,180.0,0.0,1086.0,724.0,28.0,13.58,D4,23.1,0.6
360.0,0.0,0.0,180.0,0.0,1086.0,724.0,28.0,15.37,D4,23.2,0.62
360.0,0.0,0.0,180.0,0.0,1086.0,724.0,28.0,16.42,D4,26.9,0.62
360.0,0.0,0.0,180.0,0.0,1086.0,724.0,28.0,20.0,D4,28.3,0.6
360.0,0.0,0.0,180.0,0.0,1086.0,724.0,28.0,22.09,D4,22.8,0.65
360.0,0.0,0.0,180.0,0.0,1086.0,724.0,28.0,22.84,D4,27.8,0.6
360.0,0.0,0.0,180.0,0.0,1086.0,724.0,28.0,12.69,D4,23.6,0.58
360.0,0.0,0.0,180.0,0.0,1086.0,724.0,28.0,13.58,D4,25.7,0.55
360.0,0.0,0.0,180.0,0.0,1086.0,724.0,28.0,20.9,D4,22.5,0.52
360.0,0.0,0.0,180.0,0.0,1086.0,724.0,28.0,21.34,D4,24.8,0.67
360.0,0.0,0.0,180.0,0.0,1086.0,724.0,28.0,17.46,D4,24.8,0.57
360.0,0.0,0.0,180.0,0.0,1086.0,724.0,28.0,17.91,D4,24.4,0.55
360.0,0.0,0.0,180.0,0.0,1086.0,724.0,28.0,18.21,D4,25.8,0.58
360.0,0.0,0.0,180.0,0.0,1086.0,724.0,28.0,22.39,D4,23.0,0.59
360.0,0.0,0.0,180.0,0.0,1086.0,724.0,28.0,25.67,D4,23.2,0.68
360.0,0.0,0.0,180.0,0.0,1086.0,724.0,28.0,27.31,D4,25.9,0.58
360.0,0.0,0.0,180.0,0.0,1086.0,724.0,28.0,29.1,D4,27.7,0.73
360.0,0.0,0.0,180.0,0.0,1086.0,724.0,28.0,30.3,D4,25.0,0.6
360.0,0.0,0.0,180.0,0.0,1086.0,724.0,28.0,11.49,D4,26.0,0.7
360.0,0.0,0.0,180.0,0.0,1086.0,724.0,28.0,12.99,D4,26.5,0.64
360.0,0.0,0.0,180.0,0.0,1086.0,724.0,28.0,15.07,D4,26.7,0.62
360.0,0.0,0.0,180.0,0.0,1086.0,724.0,28.0,15.37,D4,23.1,0.68
360.0,0.0,0.0,180.0,0.0,1086.0,724.0,28.0,18.36,D4,23.4,0.66
360.0,0.0,0.0,180.0,0.0,1086.0,724.0,28.0,24.33,D4,23.6,0.63
360.0,0.0,0.0,180.0,0.0,1086.0,724.0,28.0,30.15,D4,28.9,0.72
360.0,0.0,0.0,180.0,0.0,1086.0,724.0,28.0,23.58,D4,26.0,0.58
360.0,0.0,0.0,180.0,0.0,1086.0,724.0,28.0,29.85,D4,25.9,0.55
360.0,0.0,0.0,180.0,0.0,1086.0,724.0,28.0,30.0,D4,25.7,0.57
360.0,0.0,0.0,180.0,0.0,1086.0,724.0,28.0,13.88,D4,22.4,0.69
360.0,0.0,0.0,180.0,0.0,1086.0,724.0,28.0,21.04,D4,28.9,0.67
360.0,0.0,0.0,180.0,0.0,1086.0,724.0,28.0,21.49,D4,26.0,0.57
360.0,0.0,0.0,180.0,0.0,1086.0,724.0,28.0,23.58,D4,26.4,0.48
360.0,0.0,0.0,180.0,0.0,1086.0,724.0,28.0,20.45,D4,21.5,0.59
360.0,0.0,0.0,180.0,0.0,1086.0,724.0,28.0,22.39,D4,26.6,0.55
360.0,0.0,0.0,180.0,0.0,1086.0,724.0,28.0,24.78,D4,24.3,0.58
360.0,0.0,0.0,180.0,0.0,1086.0,724.0,28.0,30.3,D4,22.4,0.55
360.0,0.0,0.0,180.0,0.0,1086.0,724.0,28.0,32.84,D4,23.1,0.52
360.0,0.0,0.0,180.0,0.0,1086.0,724.0,28.0,18.51,D4,22.5,0.69
360.0,0.0,0.0,180.0,0.0,1086.0,724.0,28.0,32.84,D4,22.4,0.57
360.0,0.0,0.0,180.0,0.0,1086.0,724.0,28.0,33.43,D4,25.1,0.67
360.0,0.0,0.0,180.0,0.0,1086.0,724.0,28.0,33.43,D4,24.2,0.59
360.0,0.0,0.0,180.0,0.0,1086.0,724.0,28.0,25.82,D4,25.7,0.54
360.0,0.0,0.0,180.0,0.0,1086.0,724.0,28.0,25.37,D4,28.4,0.63
360.0,0.0,0.0,180.0,0.0,1086.0,724.0,28.0,22.54,D4,24.7,0.58
360.0,0.0,0.0,180.0,0.0,1086.0,724.0,28.0,25.52,D4,20.5,0.59
360.0,0.0,0.0,180.0,0.0,1086.0,724.0,28.0,33.28,D4,24.5,0.61
360.0,0.0,0.0,180.0,0.0,1086.0,724.0,28.0,31.79,D4,27.4,0.56
360.0,0.0,0.0,180.0,0.0,1086.0,724.0,28.0,31.49,D4,24.8,0.52
360.0,0.0,0.0,180.0,0.0,1086.0,724.0,28.0,10.0,D4,28.1,0.6
360.0,0.0,0.0,180.0,0.0,1086.0,724.0,28.0,14.12,D4,25.9,0.65
360.0,0.0,0.0,180.0,0.0,1086.0,724.0,28.0,14.53,D4,21.3,0.55
360.0,0.0,0.0,180.0,0.0,1086.0,724.0,28.0,15.09,D4,25.2,0.61
360.0,0.0,0.0,180.0,0.0,1086.0,724.0,28.0,17.79,D4,25.6,0.68
360.0,0.0,0.0,180.0,0.0,1086.0,724.0,28.0,19.52,D4,27.2,0.6
360.0,0.0,0.0,180.0,0.0,1086.0,724.0,28.0,22.6,D4,28.6,0.6
360.0,0.0,0.0,180.0,0.0,1086.0,724.0,28.0,23.49,D4,26.8,0.6
360.0,0.0,0.0,180.0,0.0,1086.0,724.0,28.0,24.4,D4,25.9,0.57
360.0,0.0,0.0,180.0,0.0,1086.0,724.0,28.0,25.25,D4,26.4,0.55
360.0,0.0,0.0,180.0,0.0,1086.0,724.0,28.0,23.96,D4,24.7,0.55
360.0,0.0,0.0,180.0,0.0,1086.0,724.0,28.0,23.52,D4,22.1,0.62
360.0,0.0,0.0,180.0,0.0,1086.0,724.0,28.0,28.39,D4,25.1,0.64
360.0,0.0,0.0,180.0,0.0,1086.0,724.0,28.0,28.92,D4,25.7,0.64
360.0,0.0,0.0,180.0,0.0,1086.0,724.0,28.0,28.14,D4,22.6,0.58
360.0,0.0,0.0,180.0,0.0,1086.0,724.0,28.0,27.41,D4,27.7,0.65
360.0,0.0,0.0,180.0,0.0,1086.0,724.0,28.0,30.2,D4,27.0,0.62
360.0,0.0,0.0,180.0,0.0,1086.0,724.0,28.0,27.39,D4,22.3,0.6
360.0,0.0,0.0,180.0,0.0,1086.0,724.0,28.0,28.81,D4,27.7,0.43
360.0,0.0,0.0,180.0,0.0,1086.0,724.0,28.0,31.6,D4,24.4,0.56
360.0,0.0,0.0,180.0,0.0,1086.0,724.0,28.0,34.58,D4,23.4,0.52
360.0,0.0,0.0,180.0,0.0,1086.0,724.0,28.0,34.41,D4,27.2,0.63
360.0,0.0,0.0,180.0,0.0,1086.0,724.0,28.0,33.74,D4,24.9,0.6
360.0,0.0,0.0,180.0,0.0,1086.0,724.0,28.0,21.01,D4,28.8,0.55
360.0,0.0,0.0,180.0,0.0,1086.0,724.0,28.0,21.69,D4,23.3,0.62
360.0,0.0,0.0,180.0,0.0,1086.0,724.0,28.0,20.82,D4,21.5,0.53
360.0,0.0,0.0,180.0,0.0,1086.0,724.0,28.0,21.11,D4,24.4,0.55
360.0,0.0,0.0,180.0,0.0,1086.0,724.0,28.0,21.01,D4,26.6,0.56
360.0,0.0,0.0,180.0,0.0,1086.0,724.0,28.0,20.43,D4,23.1,0.63
360.0,0.0,0.0,180.0,0.0,1086.0,724.0,28.0,22.08,D4,22.3,0.67
360.0,0.0,0.0,180.0,0.0,1086.0,724.0,28.0,22.95,D4,25.5,0.57
360.0,0.0,0.0,180.0,0.0,1086.0,724.0,28.0,21.21,D4,22.1,0.67
360.0,0.0,0.0,180.0,0.0,1086.0,724.0,28.0,21.4,D4,25.6,0.6
360.0,0.0,0.0,180.0,0.0,1086.0,724.0,28.0,21.79,D4,24.3,0.61
360.0,0.0,0.0,180.0,0.0,1086.0,724.0,28.0,23.82,D4,26.0,0.6
360.0,0.0,0.0,180.0,0.0,1086.0,724.0,28.0,21.21,D4,22.2,0.59
360.0,0.0,0.0,180.0,0.0,1086.0,724.0,28.0,23.63,D4,27.6,0.62
360.0,0.0,0.0,180.0,0.0,1086.0,724.0,28.0,22.47,D4,24.6,0.64
409.09090909090907,0.0,0.0,180.0,0.0,1056.5454545454545,704.3636363636365,28.0,24.99,D4,26.5,0.56
409.09090909090907,0.0,0.0,180.0,0.0,1056.5454545454545,704.3636363636365,28.0,24.89,D4,26.9,0.59
409.09090909090907,0.0,0.0,180.0,0.0,1056.5454545454545,704.3636363636365,28.0,25.08,D4,22.7,0.68
409.09090909090907,0.0,0.0,180.0,0.0,1056.5454545454545,704.3636363636365,28.0,25.08,D4,26.8,0.61
409.09090909090907,0.0,0.0,180.0,0.0,1056.5454545454545,704.3636363636365,28.0,24.69,D4,22.1,0.61
409.09090909090907,0.0,0.0,180.0,0.0,1056.5454545454545,704.3636363636365,28.0,25.18,D4,22.3,0.66
409.09090909090907,0.0,0.0,180.0,0.0,1056.5454545454545,704.3636363636365,28.0,24.69,D4,28.9,0.57
409.09090909090907,0.0,0.0,180.0,0.0,1056.5454545454545,704.3636363636365,28.0,25.18,D4,27.2,0.6
409.09090909090907,0.0,0.0,180.0,0.0,1056.5454545454545,704.3636363636365,28.0,25.28,D4,29.1,0.64
409.09090909090907,0.0,0.0,180.0,0.0,1056.5454545454545,704.3636363636365,28.0,25.37,D4,24.3,0.66
409.09090909090907,0.0,0.0,180.0,0.0,1056.5454545454545,704.3636363636365,28.0,26.15,D4,25.2,0.48
409.09090909090907,0.0,0.0,180.0,0.0,1056.5454545454545,704.3636363636365,28.0,25.28,D4,26.1,0.56
409.09090909090907,0.0,0.0,180.0,0.0,1056.5454545454545,704.3636363636365,28.0,26.83,D4,25.0,0.55
409.09090909090907,0.0,0.0,180.0,0.0,1056.5454545454545,704.3636363636365,28.0,27.5,D4,23.5,0.59
409.09090909090907,0.0,0.0,180.0,0.0,1056.5454545454545,704.3636363636365,28.0,24.99,D4,23.2,0.55
428.5714285714286,0.0,0.0,180.0,0.0,1044.857142857143,696.5714285714286,28.0,26.92,D4,25.4,0.63
428.5714285714286,0.0,0.0,180.0,0.0,1044.857142857143,696.5714285714286,28.0,27.31,D4,22.9,0.61
428.5714285714286,0.0,0.0,180.0,0.0,1044.857142857143,696.5714285714286,28.0,28.47,D4,22.8,0.64
428.5714285714286,0.0,0.0,180.0,0.0,1044.857142857143,696.5714285714286,28.0,28.67,D4,25.8,0.65
428.5714285714286,0.0,0.0,180.0,0.0,1044.857142857143,696.5714285714286,28.0,27.6,D4,24.8,0.63
428.5714285714286,0.0,0.0,180.0,0.0,1044.857142857143,696.5714285714286,28.0,27.99,D4,26.9,0.58
428.5714285714286,0.0,0.0,180.0,0.0,1044.857142857143,696.5714285714286,28.0,28.18,D4,24.2,0.61
428.5714285714286,0.0,0.0,180.0,0.0,1044.857142857143,696.5714285714286,28.0,30.41,D4,23.8,0.58
428.5714285714286,0.0,0.0,180.0,0.0,1044.857142857143,696.5714285714286,28.0,29.83,D4,25.8,0.53
428.5714285714286,0.0,0.0,180.0,0.0,1044.857142857143,696.5714285714286,28.0,29.83,D4,23.4,0.65
428.5714285714286,0.0,0.0,180.0,0.0,1044.857142857143,696.5714285714286,28.0,28.86,D4,23.7,0.6
428.5714285714286,0.0,0.0,180.0,0.0,1044.857142857143,696.5714285714286,28.0,29.92,D4,23.8,0.52
428.5714285714286,0.0,0.0,180.0,0.0,1044.857142857143,696.5714285714286,28.0,35.06,D4,24.6,0.63
428.5714285714286,0.0,0.0,180.0,0.0,1044.857142857143,696.5714285714286,28.0,33.8,D4,28.5,0.59
428.5714285714286,0.0,0.0,180.0,0.0,1044.857142857143,696.5714285714286,28.0,32.83,D4,22.2,0.5
360.0,0.0,0.0,180.0,0.0,1086.0,724.0,28.0,10.79,D4,27.6,0.53
360.0,0.0,0.0,180.0,0.0,1086.0,724.0,28.0,13.28,D4,26.5,0.56
360.0,0.0,0.0,180.0,0.0,1086.0,724.0,28.0,10.79,D4,28.1,0.61
360.0,0.0,0.0,180.0,0.0,1086.0,724.0,28.0,31.54,D4,31.3,0.64
360.0,0.0,0.0,180.0,0.0,1086.0,724.0,28.0,25.73,D4,27.9,0.64
360.0,0.0,0.0,180.0,0.0,1086.0,724.0,28.0,29.88,D4,26.9,0.63
360.0,0.0,0.0,180.0,0.0,1086.0,724.0,14.0,15.52,D4,22.4,0.6
360.0,0.0,0.0,180.0,0.0,1086.0,724.0,14.0,17.68,D4,22.6,0.69
360.0,0.0,0.0,180.0,0.0,1086.0,724.0,14.0,16.93,D4,25.7,0.63
360.0,0.0,0.0,180.0,0.0,1086.0,724.0,28.0,19.92,D4,21.6,0.61
360.0,0.0,0.0,180.0,0.0,1086.0,724.0,28.0,19.34,D4,26.2,0.63
360.0,0.0,0.0,180.0,0.0,1086.0,724.0,28.0,19.59,D4,20.7,0.58
450.0,0.0,0.0,180.0,0.0,1032.0,688.0,7.0,21.75,D4,27.3,0.6
450.0,0.0,0.0,180.0,0.0,1032.0,688.0,7.0,18.09,D4,24.4,0.5
450.0,0.0,0.0,180.0,0.0,1032.0,688.0,7.0,20.75,D4,25.3,0.58
450.0,0.0,0.0,180.0,0.0,1032.0,688.0,7.0,21.0,D4,23.5,0.69
450.0,0.0,0.0,180.0,0.0,1032.0,688.0,7.0,26.89,D4,21.2,0.61
450.0,0.0,0.0,180.0,0.0,1032.0,688.0,14.0,28.05,D4,27.5,0.61
450.0,0.0,0.0,180.0,0.0,1032.0,688.0,14.0,22.16,D4,27.7,0.65
450.0,0.0,0.0,180.0,0.0,1032.0,688.0,14.0,25.81,D4,24.3,0.62
450.0,0.0,0.0,180.0,0.0,1032.0,688.0,28.0,21.0,D4,26.3,0.56
450.0,0.0,0.0,180.0,0.0,1032.0,688.0,28.0,26.56,D4,24.2,0.6
450.0,0.0,0.0,180.0,0.0,1032.0,688.0,28.0,24.73,D4,25.6,0.54
450.0,0.0,0.0,180.0,0.0,1032.0,688.0,28.0,26.89,D4,26.5,0.61
450.0,0.0,0.0,180.0,0.0,1032.0,688.0,28.0,31.71,D4,26.1,0.56
450.0,0.0,0.0,180.0,0.0,1032.0,688.0,28.0,28.05,D4,27.7,0.65
450.0,0.0,0.0,180.0,0.0,1032.0,688.0,7.0,19.92,D4,26.0,0.57
450.0,0.0,0.0,180.0,0.0,1032.0,688.0,7.0,17.35,D4,25.1,0.56
450.0,0.0,0.0,180.0,0.0,1032.0,688.0,7.0,19.59,D4,23.5,0.59
450.0,0.0,0.0,180.0,0.0,1032.0,688.0,28.0,30.96,D4,24.0,0.62
450.0,0.0,0.0,180.0,0.0,1032.0,688.0,28.0,28.39,D4,26.6,0.54
450.0,0.0,0.0,180.0,0.0,1032.0,688.0,28.0,29.55,D4,22.0,0.57
450.0,0.0,0.0,180.0,0.0,1032.0,688.0,28.0,31.37,D4,27.2,0.61
450.0,0.0,0.0,180.0,0.0,1032.0,688.0,28.0,34.94,D4,24.4,0.67
450.0,0.0,0.0,180.0,0.0,1032.0,688.0,28.0,29.13,D4,23.4,0.47
450.0,0.0,0.0,180.0,0.0,1032.0,688.0,7.0,19.17,D4,22.8,0.63
450.0,0.0,0.0,180.0,0.0,1032.0,688.0,7.0,16.93,D4,26.3,0.58
450.0,0.0,0.0,180.0,0.0,1032.0,688.0,7.0,17.35,D4,25.0,0.58
450.0,0.0,0.0,180.0,0.0,1032.0,688.0,14.0,20.67,D4,28.2,0.57
450.0,0.0,0.0,180.0,0.0,1032.0,688.0,14.0,22.16,D4,22.5,0.58
450.0,0.0,0.0,180.0,0.0,1032.0,688.0,14.0,19.92,D4,23.8,0.63
450.0,0.0,0.0,180.0,0.0,1032.0,688.0,28.0,31.21,D4,24.8,0.57
450.0,0.0,0.0,180.0,0.0,1032.0,688.0,28.0,36.02,D4,23.5,0.68
450.0,0.0,0.0,180.0,0.0,1032.0,688.0,28.0,27.56,D4,25.0,0.63
450.0,0.0,0.0,180.0,0.0,1032.0,688.0,28.0,29.63,D4,25.6,0.61
450.0,0.0,0.0,180.0,0.0,1032.0,688.0,28.0,33.45,D4,26.0,0.59
450.0,0.0,0.0,180.0,0.0,1032.0,688.0,28.0,31.62,D4,28.0,0.66
360.0,0.0,0.0,180.0,0.0,1086.0,724.0,28.0,25.4,D4,22.4,0.67
360.0,0.0,0.0,180.0,0.0,1086.0,724.0,28.0,21.54,D4,25.7,0.54
360.0,0.0,0.0,180.0,0.0,1086.0,724.0,28.0,28.37,D4,23.7,0.56
360.0,0.0,0.0,180.0,0.0,1086.0,724.0,28.0,28.21,D4,25.9,0.63
360.0,0.0,0.0,180.0,0.0,1086.0,724.0,28.0,16.72,D4,25.9,0.65
360.0,0.0,0.0,180.0,0.0,1086.0,724.0,28.0,17.92,D4,23.0,0.58
360.0,0.0,0.0,180.0,0.0,1086.0,724.0,28.0,17.52,D4,23.2,0.56
360.0,0.0,0.0,180.0,0.0,1086.0,724.0,28.0,20.74,D4,26.0,0.6
360.0,0.0,0.0,180.0,0.0,1086.0,724.0,28.0,18.25,D4,25.0,0.67
360.0,0.0,0.0,180.0,0.0,1086.0,724.0,28.0,18.17,D4,24.6,0.6
360.0,0.0,0.0,180.0,0.0,1086.0,724.0,28.0,15.43,D4,26.3,0.54
360.0,0.0,0.0,180.0,0.0,1086.0,724.0,28.0,13.1,D4,26.5,0.61
360.0,0.0,0.0,180.0,0.0,1086.0,724.0,28.0,13.42,D4,23.9,0.64
360.0,0.0,0.0,180.0,0.0,1086.0,724.0,28.0,15.11,D4,23.3,0.59
400.0,0.0,0.0,180.0,0.0,1062.0,708.0,3285.0,34.19,D4,22.5,0.66
400.0,0.0,0.0,180.0,0.0,1062.0,708.0,3285.0,36.12,D4,25.1,0.64
400.0,0.0,0.0,180.0,0.0,1062.0,708.0,3285.0,32.35,D4,22.2,0.6
400.0,0.0,0.0,180.0,0.0,1062.0,708.0,3285.0,29.44,D4,25.2,0.6
400.0,0.0,0.0,180.0,0.0,1062.0,708.0,3285.0,15.2,D4,27.4,0.51
400.0,0.0,0.0,180.0,0.0,1062.0,708.0,3285.0,41.84,D4,24.3,0.66
400.0,0.0,0.0,180.0,0.0,1062.0,708.0,3285.0,39.9,D4,23.9,0.58
400.0,0.0,0.0,180.0,0.0,1062.0,708.0,3285.0,37.96,D4,29.0,0.58
400.0,0.0,0.0,180.0,0.0,1062.0,708.0,3285.0,36.12,D4,28.0,0.57
400.0,0.0,0.0,180.0,0.0,1062.0,708.0,3285.0,33.22,D4,23.5,0.62
400.0,0.0,0.0,180.0,0.0,1062.0,708.0,3285.0,39.9,D4,25.3,0.54
400.0,0.0,0.0,180.0,0.0,1062.0,708.0,3285.0,45.61,D4,25.7,0.55
400.0,0.0,0.0,180.0,0.0,1062.0,708.0,3285.0,43.68,D4,25.4,0.6
400.0,0.0,0.0,180.0,0.0,1062.0,708.0,3285.0,37.96,D4,28.6,0.57
400.0,0.0,0.0,180.0,0.0,1062.0,708.0,3285.0,39.9,D4,25.2,0.62
400.0,0.0,0.0,180.0,0.0,1062.0,708.0,3285.0,41.84,D4,25.5,0.57
400.0,0.0,0.0,180.0,0.0,1062.0,708.0,3285.0,50.36,D4,26.4,0.68
400.0,0.0,0.0,180.0,0.0,1062.0,708.0,3285.0,39.9,D4,27.4,0.63
400.0,0.0,0.0,180.0,0.0,1062.0,708.0,3285.0,29.44,D4,26.9,0.63
400.0,0.0,0.0,180.0,0.0,1062.0,708.0,3285.0,37.96,D4,26.1,0.57
400.0,0.0,0.0,180.0,0.0,1062.0,708.0,3285.0,46.58,D4,21.9,0.72
400.0,0.0,0.0,180.0,0.0,1062.0,708.0,3285.0,44.64,D4,24.0,0.58
400.0,0.0,0.0,180.0,0.0,1062.0,708.0,3285.0,50.36,D4,26.6,0.56
400.0,0.0,0.0,180.0,0.0,1062.0,708.0,3285.0,39.9,D4,25.5,0.64
400.0,0.0,0.0,180.0,0.0,1062.0,708.0,3285.0,52.29,D4,26.7,0.61
400.0,0.0,0.0,180.0,0.0,1062.0,708.0,3285.0,36.12,D4,28.8,0.56
400.0,0.0,0.0,180.0,0.0,1062.0,708.0,3285.0,44.64,D4,22.6,0.71
400.0,0.0,0.0,180.0,0.0,1062.0,708.0,3285.0,37.96,D4,27.3,0.65
400.0,0.0,0.0,180.0,0.0,1062.0,708.0,3285.0,34.19,D4,24.3,0.6
400.0,0.0,0.0,180.0,0.0,1062.0,708.0,3285.0,34.19,D4,26.9,0.72
400.0,0.0,0.0,180.0,0.0,1062.0,708.0,3285.0,45.61,D4,24.9,0.64
400.0,0.0,0.0,180.0,0.0,1062.0,708.0,3285.0,44.64,D4,29.3,0.6
400.0,0.0,0.0,180.0,0.0,1062.0,708.0,3285.0,37.96,D4,25.3,0.71
400.0,0.0,0.0,180.0,0.0,1062.0,708.0,3285.0,42.8,D4,23.7,0.63
400.0,0.0,0.0,180.0,0.0,1062.0,708.0,3285.0,39.9,D4,25.8,0.63
400.0,0.0,0.0,180.0,0.0,1062.0,708.0,3285.0,40.87,D4,25.6,0.58
400.0,0.0,0.0,180.0,0.0,1062.0,708.0,3285.0,37.96,D4,27.3,0.6
400.0,0.0,0.0,180.0,0.0,1062.0,708.0,3285.0,41.84,D4,25.9,0.58
400.0,0.0,0.0,180.0,0.0,1062.0,708.0,3285.0,35.06,D4,30.0,0.67
400.0,0.0,0.0,180.0,0.0,1062.0,708.0,3285.0,29.44,D4,24.8,0.52
180.0,0.0,0.0,180.0,0.0,1194.0,796.0,90.0,16.7,D4,24.8,0.67
180.0,0.0,0.0,180.0,0.0,1194.0,796.0,90.0,16.74,D4,23.8,0.56
300.0,0.0,0.0,180.0,0.0,1122.0,748.0,90.0,31.51,D4,25.2,0.6
300.0,0.0,0.0,180.0,0.0,1122.0,748.0,90.0,31.28,D4,25.5,0.59
327.27272727272725,0.0,0.0,180.0,0.0,1105.6363636363635,737.0909090909091,90.0,36.76,D4,25.6,0.57
327.27272727272725,0.0,0.0,180.0,0.0,1105.6363636363635,737.0909090909091,90.0,37.46,D4,25.1,0.63
360.0,0.0,0.0,180.0,0.0,1086.0,724.0,90.0,59.61,D4,23.8,0.6
360.0,0.0,0.0,180.0,0.0,1086.0,724.0,90.0,54.91,D4,23.2,0.57
400.0,0.0,0.0,180.0,0.0,1062.0,708.0,90.0,50.53,D4,24.2,0.61
400.0,0.0,0.0,180.0,0.0,1062.0,708.0,90.0,49.18,D4,27.3,0.57
450.0,0.0,0.0,180.0,0.0,1032.0,688.0,90.0,66.45,D4,27.7,0.57
450.0,0.0,0.0,180.0,0.0,1032.0,688.0,90.0,58.93,D4,24.8,0.53
450.0,0.0,0.0,180.0,0.0,1032.0,688.0,90.0,62.07,D4,23.1,0.58
450.0,0.0,0.0,180.0,0.0,1032.0,688.0,90.0,62.33,D4,24.8,0.62
180.0,0.0,0.0,180.0,0.0,1194.0,796.0,90.0,16.7,D4,29.2,0.6
180.0,0.0,0.0,180.0,0.0,1194.0,796.0,90.0,16.74,D4,27.0,0.69
300.0,0.0,0.0,180.0,0.0,1122.0,748.0,90.0,31.51,D4,26.1,0.73
300.0,0.0,0.0,180.0,0.0,1122.0,748.0,90.0,31.28,D4,26.9,0.58
327.27272727272725,0.0,0.0,180.0,0.0,1105.6363636363635,737.0909090909091,90.0,36.76,D4,28.1,0.56
327.27272727272725,0.0,0.0,180.0,0.0,1105.6363636363635,737.0909090909091,90.0,37.46,D4,22.7,0.66
360.0,0.0,0.0,180.0,0.0,1086.0,724.0,90.0,59.61,D4,24.2,0.62
360.0,0.0,0.0,180.0,0.0,1086.0,724.0,90.0,54.91,D4,23.9,0.66
400.0,0.0,0.0,180.0,0.0,1062.0,708.0,90.0,50.53,D4,26.2,0.62
400.0,0.0,0.0,180.0,0.0,1062.0,708.0,90.0,49.18,D4,25.3,0.59
450.0,0.0,0.0,180.0,0.0,1032.0,688.0,90.0,66.45,D4,26.5,0.59
450.0,0.0,0.0,180.0,0.0,1032.0,688.0,90.0,58.93,D4,24.0,0.62
450.0,0.0,0.0,180.0,0.0,1032.0,688.0,90.0,62.07,D4,27.7,0.59
450.0,0.0,0.0,180.0,0.0,1032.0,688.0,90.0,62.33,D4,24.9,0.66
360.0,0.0,0.0,180.0,0.0,1086.0,724.0,28.0,34.45,D4,26.4,0.53
360.0,0.0,0.0,180.0,0.0,1086.0,724.0,28.0,34.03,D4,27.4,0.66
360.0,0.0,0.0,180.0,0.0,1086.0,724.0,28.0,31.54,D4,27.2,0.51
360.0,0.0,0.0,180.0,0.0,1086.0,724.0,28.0,29.88,D4,25.7,0.61
360.0,0.0,0.0,180.0,0.0,1086.0,724.0,28.0,30.3,D4,26.6,0.58
360.0,0.0,0.0,180.0,0.0,1086.0,724.0,28.0,29.47,D4,28.5,0.52
360.0,0.0,0.0,180.0,0.0,1086.0,724.0,28.0,35.28,D4,26.0,0.5
360.0,0.0,0.0,180.0,0.0,1086.0,724.0,28.0,33.62,D4,23.5,0.55
360.0,0.0,0.0,180.0,0.0,1086.0,724.0,28.0,34.03,D4,26.2,0.6
360.0,0.0,0.0,180.0,0.0,1086.0,724.0,28.0,37.35,D4,24.9,0.57
360.0,0.0,0.0,180.0,0.0,1086.0,724.0,28.0,26.56,D4,20.3,0.55
360.0,0.0,0.0,180.0,0.0,1086.0,724.0,28.0,28.22,D4,25.9,0.67
360.0,0.0,0.0,180.0,0.0,1086.0,724.0,28.0,28.22,D4,25.2,0.54
360.0,0.0,0.0,180.0,0.0,1086.0,724.0,28.0,31.54,D4,27.3,0.63
360.0,0.0,0.0,180.0,0.0,1086.0,724.0,28.0,32.37,D4,23.5,0.56
360.0,0.0,0.0,180.0,0.0,1086.0,724.0,28.0,35.28,D4,22.0,0.54
360.0,0.0,0.0,180.0,0.0,1086.0,724.0,28.0,23.24,D4,25.3,0.57
360.0,0.0,0.0,180.0,0.0,1086.0,724.0,28.0,22.83,D4,25.8,0.63
360.0,0.0,0.0,180.0,0.0,1086.0,724.0,28.0,26.56,D4,25.2,0.53
360.0,0.0,0.0,180.0,0.0,1086.0,724.0,28.0,24.07,D4,25.0,0.61
360.0,0.0,0.0,180.0,0.0,1086.0,724.0,28.0,24.07,D4,22.9,0.55
360.0,0.0,0.0,180.0,0.0,1086.0,724.0,28.0,29.88,D4,24.7,0.56
360.0,0.0,0.0,180.0,0.0,1086.0,724.0,28.0,36.94,D4,24.3,0.62
360.0,0.0,0.0,180.0,0.0,1086.0,724.0,28.0,47.31,D4,27.1,0.71
360.0,0.0,0.0,180.0,0.0,1086.0,724.0,28.0,40.67,D4,25.8,0.55
360.0,0.0,0.0,180.0,0.0,1086.0,724.0,28.0,39.84,D4,24.4,0.64
360.0,0.0,0.0,180.0,0.0,1086.0,724.0,28.0,46.48,D4,28.4,0.58
360.0,0.0,0.0,180.0,0.0,1086.0,724.0,28.0,28.22,D4,24.5,0.58
360.0,0.0,0.0,180.0,0.0,1086.0,724.0,28.0,33.62,D4,26.1,0.65
360.0,0.0,0.0,180.0,0.0,1086.0,724.0,28.0,31.13,D4,24.7,0.56
360.0,0.0,0.0,180.0,0.0,1086.0,724.0,28.0,24.07,D4,28.3,0.54
360.0,0.0,0.0,180.0,0.0,1086.0,724.0,28.0,24.07,D4,25.2,0.62
360.0,0.0,0.0,180.0,0.0,1086.0,724.0,28.0,31.54,D4,25.2,0.68
360.0,0.0,0.0,180.0,0.0,1086.0,724.0,28.0,34.03,D4,24.7,0.64
360.0,0.0,0.0,180.0,0.0,1086.0,724.0,28.0,30.3,D4,25.4,0.53
360.0,0.0,0.0,180.0,0.0,1086.0,724.0,28.0,28.22,D4,27.4,0.57
360.0,0.0,0.0,180.0,0.0,1086.0,724.0,28.0,33.62,D4,26.7,0.65
360.0,0.0,0.0,180.0,0.0,1086.0,724.0,28.0,32.79,D4,25.1,0.68
360.0,0.0,0.0,180.0,0.0,1086.0,724.0,28.0,33.62,D4,28.4,0.61
360.0,0.0,0.0,180.0,0.0,1086.0,724.0,28.0,31.54,D4,26.7,0.57
360.0,0.0,0.0,180.0,0.0,1086.0,724.0,28.0,34.03,D4,24.1,0.68
360.0,0.0,0.0,180.0,0.0,1086.0,724.0,28.0,20.75,D4,22.2,0.6
360.0,0.0,0.0,180.0,0.0,1086.0,724.0,28.0,31.13,D4,24.2,0.57
360.0,0.0,0.0,180.0,0.0,1086.0,724.0,28.0,29.88,D4,25.8,0.56
360.0,0.0,0.0,180.0,0.0,1086.0,724.0,28.0,21.58,D4,26.2,0.54
360.0,0.0,0.0,180.0,0.0,1086.0,724.0,28.0,29.88,D4,27.7,0.74
360.0,0.0,0.0,180.0,0.0,1086.0,724.0,28.0,39.84,D4,22.8,0.67
360.0,0.0,0.0,180.0,0.0,1086.0,724.0,28.0,42.33,D4,24.1,0.57
360.0,0.0,0.0,180.0,0.0,1086.0,724.0,28.0,21.58,D4,22.6,0.69
360.0,0.0,0.0,180.0,0.0,1086.0,724.0,28.0,22.83,D4,22.3,0.63
360.0,0.0,0.0,180.0,0.0,1086.0,724.0,28.0,20.34,D4,23.7,0.62
360.0,0.0,0.0,180.0,0.0,1086.0,724.0,28.0,21.58,D4,25.7,0.56
360.0,0.0,0.0,180.0,0.0,1086.0,724.0,28.0,21.17,D4,26.5,0.57
360.0,0.0,0.0,180.0,0.0,1086.0,724.0,28.0,26.15,D4,23.1,0.6
360.0,0.0,0.0,180.0,0.0,1086.0,724.0,28.0,24.9,D4,23.4,0.5
360.0,0.0,0.0,180.0,0.0,1086.0,724.0,28.0,23.66,D4,21.4,0.58
360.0,0.0,0.0,180.0,0.0,1086.0,724.0,28.0,27.39,D4,25.4,0.6
360.0,0.0,0.0,180.0,0.0,1086.0,724.0,28.0,26.98,D4,23.5,0.67
360.0,0.0,0.0,180.0,0.0,1086.0,724.0,28.0,26.56,D4,28.3,0.57
360.0,0.0,0.0,180.0,0.0,1086.0,724.0,28.0,26.98,D4,25.8,0.64
360.0,0.0,0.0,180.0,0.0,1086.0,724.0,28.0,30.71,D4,24.7,0.5
360.0,0.0,0.0,180.0,0.0,1086.0,724.0,28.0,33.2,D4,23.7,0.66
360.0,0.0,0.0,180.0,0.0,1086.0,724.0,28.0,42.33,D4,22.0,0.55
360.0,0.0,0.0,180.0,0.0,1086.0,724.0,28.0,35.69,D4,22.3,0.61
360.0,0.0,0.0,180.0,0.0,1086.0,724.0,28.0,37.35,D4,23.8,0.62
360.0,0.0,0.0,180.0,0.0,1086.0,724.0,28.0,36.52,D4,23.6,0.61
360.0,0.0,0.0,180.0,0.0,1086.0,724.0,28.0,37.35,D4,23.0,0.59
360.0,0.0,0.0,180.0,0.0,1086.0,724.0,28.0,38.18,D4,25.8,0.54
360.0,0.0,0.0,180.0,0.0,1086.0,724.0,28.0,37.35,D4,26.0,0.56
360.0,0.0,0.0,180.0,0.0,1086.0,724.0,28.0,39.01,D4,24.1,0.65
360.0,0.0,0.0,180.0,0.0,1086.0,724.0,28.0,35.69,D4,28.9,0.57
360.0,0.0,0.0,180.0,0.0,1086.0,724.0,28.0,40.67,D4,21.5,0.59
360.0,0.0,0.0,180.0,0.0,1086.0,724.0,28.0,38.18,D4,25.1,0.53
360.0,0.0,0.0,180.0,0.0,1086.0,724.0,28.0,29.88,D4,24.6,0.64
360.0,0.0,0.0,180.0,0.0,1086.0,724.0,28.0,30.13,D4,23.9,0.53
360.0,0.0,0.0,180.0,0.0,1086.0,724.0,28.0,34.86,D4,23.6,0.65
360.0,0.0,0.0,180.0,0.0,1086.0,724.0,28.0,37.35,D4,25.0,0.55
360.0,0.0,0.0,180.0,0.0,1086.0,724.0,28.0,36.52,D4,24.5,0.65
360.0,0.0,0.0,180.0,0.0,1086.0,724.0,28.0,28.22,D4,24.2,0.6
360.0,0.0,0.0,180.0,0.0,1086.0,724.0,28.0,29.88,D4,22.4,0.57
360.0,0.0,0.0,180.0,0.0,1086.0,724.0,28.0,29.05,D4,21.8,0.68
360.0,0.0,0.0,180.0,0.0,1086.0,724.0,28.0,31.13,D4,24.4,0.6
360.0,0.0,0.0,180.0,0.0,1086.0,724.0,28.0,29.47,D4,24.2,0.58
360.0,0.0,0.0,180.0,0.0,1086.0,724.0,28.0,27.39,D4,24.6,0.65
360.0,0.0,0.0,180.0,0.0,1086.0,724.0,28.0,29.47,D4,24.8,0.53
360.0,0.0,0.0,180.0,0.0,1086.0,724.0,28.0,26.56,D4,24.0,0.47
360.0,0.0,0.0,180.0,0.0,1086.0,724.0,28.0,31.96,D4,24.6,0.66
360.0,0.0,0.0,180.0,0.0,1086.0,724.0,28.0,35.28,D4,23.3,0.56
360.0,0.0,0.0,180.0,0.0,1086.0,724.0,28.0,29.05,D4,28.0,0.64
360.0,0.0,0.0,180.0,0.0,1086.0,724.0,28.0,26.56,D4,23.4,0.6
360.0,0.0,0.0,180.0,0.0,1086.0,724.0,28.0,29.05,D4,24.3,0.54
360.0,0.0,0.0,180.0,0.0,1086.0,724.0,28.0,31.54,D4,23.6,0.63
360.0,0.0,0.0,180.0,0.0,1086.0,724.0,28.0,36.94,D4,23.5,0.58
360.0,0.0,0.0,180.0,0.0,1086.0,724.0,28.0,33.62,D4,25.0,0.55
360.0,0.0,0.0,180.0,0.0,1086.0,724.0,28.0,31.96,D4,24.8,0.55
360.0,0.0,0.0,180.0,0.0,1086.0,724.0,28.0,31.54,D4,24.1,0.51
360.0,0.0,0.0,180.0,0.0,1086.0,724.0,28.0,31.54,D4,24.4,0.62
360.0,0.0,0.0,180.0,0.0,1086.0,724.0,28.0,31.96,D4,23.6,0.55
360.0,0.0,0.0,180.0,0.0,1086.0,724.0,28.0,20.34,D4,25.8,0.6
360.0,0.0,0.0,180.0,0.0,1086.0,724.0,28.0,19.09,D4,29.1,0.59
360.0,0.0,0.0,180.0,0.0,1086.0,724.0,28.0,19.51,D4,23.3,0.55
360.0,0.0,0.0,180.0,0.0,1086.0,724.0,28.0,27.39,D4,25.8,0.52
360.0,0.0,0.0,180.0,0.0,1086.0,724.0,28.0,24.57,D4,25.1,0.73
360.0,0.0,0.0,180.0,0.0,1086.0,724.0,28.0,29.05,D4,26.3,0.6
360.0,0.0,0.0,180.0,0.0,1086.0,724.0,28.0,27.39,D4,26.4,0.69
360.0,0.0,0.0,180.0,0.0,1086.0,724.0,28.0,24.9,D4,25.4,0.66
360.0,0.0,0.0,180.0,0.0,1086.0,724.0,28.0,32.37,D4,24.9,0.58
360.0,0.0,0.0,180.0,0.0,1086.0,724.0,28.0,28.64,D4,24.1,0.61
360.0,0.0,0.0,180.0,0.0,1086.0,724.0,28.0,26.56,D4,23.5,0.61
360.0,0.0,0.0,180.0,0.0,1086.0,724.0,28.0,26.15,D4,24.8,0.69
360.0,0.0,0.0,180.0,0.0,1086.0,724.0,28.0,39.84,D4,22.4,0.64
360.0,0.0,0.0,180.0,0.0,1086.0,724.0,28.0,33.2,D4,23.8,0.56
360.0,0.0,0.0,180.0,0.0,1086.0,724.0,28.0,28.22,D4,27.2,0.62
360.0,0.0,0.0,180.0,0.0,1086.0,724.0,28.0,21.17,D4,25.2,0.64
360.0,0.0,0.0,180.0,0.0,1086.0,724.0,28.0,22.41,D4,26.8,0.54
360.0,0.0,0.0,180.0,0.0,1086.0,724.0,28.0,20.75,D4,27.9,0.62
360.0,0.0,0.0,180.0,0.0,1086.0,724.0,28.0,38.18,D4,24.6,0.67
360.0,0.0,0.0,180.0,0.0,1086.0,724.0,28.0,27.39,D4,25.4,0.56
360.0,0.0,0.0,180.0,0.0,1086.0,724.0,28.0,33.2,D4,24.4,0.56
360.0,0.0,0.0,180.0,0.0,1086.0,724.0,28.0,23.24,D4,23.4,0.66
360.0,0.0,0.0,180.0,0.0,1086.0,724.0,28.0,29.88,D4,23.1,0.58
360.0,0.0,0.0,180.0,0.0,1086.0,724.0,28.0,26.98,D4,26.7,0.55
360.0,0.0,0.0,180.0,0.0,1086.0,724.0,28.0,40.26,D4,25.4,0.64
360.0,0.0,0.0,180.0,0.0,1086.0,724.0,28.0,41.92,D4,28.7,0.63
360.0,0.0,0.0,180.0,0.0,1086.0,724.0,28.0,33.62,D4,26.9,0.6
360.0,0.0,0.0,180.0,0.0,1086.0,724.0,28.0,36.11,D4,23.5,0.66
360.0,0.0,0.0,180.0,0.0,1086.0,724.0,28.0,46.9,D4,26.7,0.66
360.0,0.0,0.0,180.0,0.0,1086.0,724.0,28.0,33.2,D4,24.4,0.6
360.0,0.0,0.0,180.0,0.0,1086.0,724.0,28.0,38.18,D4,27.4,0.7
360.0,0.0,0.0,180.0,0.0,1086.0,724.0,28.0,43.99,D4,24.0,0.68
360.0,0.0,0.0,180.0,0.0,1086.0,724.0,28.0,33.2,D4,22.9,0.5
360.0,0.0,0.0,180.0,0.0,1086.0,724.0,28.0,31.54,D4,23.4,0.55
360.0,0.0,0.0,180.0,0.0,1086.0,724.0,28.0,31.54,D4,23.5,0.49
360.0,0.0,0.0,180.0,0.0,1086.0,724.0,28.0,33.2,D4,23.3,0.58
360.0,0.0,0.0,180.0,0.0,1086.0,724.0,28.0,33.2,D4,23.9,0.54
360.0,0.0,0.0,180.0,0.0,1086.0,724.0,28.0,33.62,D4,26.7,0.56
360.0,0.0,0.0,180.0,0.0,1086.0,724.0,28.0,34.03,D4,28.6,0.65
360.0,0.0,0.0,180.0,0.0,1086.0,724.0,28.0,39.01,D4,22.3,0.51
360.0,0.0,0.0,180.0,0.0,1086.0,724.0,28.0,39.84,D4,27.5,0.61
360.0,0.0,0.0,180.0,0.0,1086.0,724.0,28.0,42.33,D4,24.0,0.61
360.0,0.0,0.0,180.0,0.0,1086.0,724.0,28.0,43.99,D4,25.7,0.6
360.0,0.0,0.0,180.0,0.0,1086.0,724.0,28.0,34.86,D4,21.7,0.61
360.0,0.0,0.0,180.0,0.0,1086.0,724.0,28.0,28.22,D4,26.0,0.49
360.0,0.0,0.0,180.0,0.0,1086.0,724.0,28.0,26.56,D4,21.0,0.56
360.0,0.0,0.0,180.0,0.0,1086.0,724.0,28.0,30.71,D4,25.6,0.68
360.0,0.0,0.0,180.0,0.0,1086.0,724.0,28.0,35.28,D4,25.5,0.54
360.0,0.0,0.0,180.0,0.0,1086.0,724.0,28.0,29.88,D4,25.4,0.68
360.0,0.0,0.0,180.0,0.0,1086.0,724.0,28.0,26.56,D4,23.5,0.53
360.0,0.0,0.0,180.0,0.0,1086.0,724.0,28.0,28.22,D4,26.1,0.52
360.0,0.0,0.0,180.0,0.0,1086.0,724.0,28.0,24.9,D4,25.8,0.55
360.0,0.0,0.0,180.0,0.0,1086.0,724.0,7.0,11.42,D4,24.6,0.66
360.0,0.0,0.0,180.0,0.0,1086.0,724.0,28.0,17.42,D4,26.3,0.57
360.0,0.0,0.0,180.0,0.0,1086.0,724.0,56.0,18.77,D4,24.8,0.62
400.0,0.0,0.0,180.0,0.0,1062.0,708.0,7.0,19.84,D4,26.1,0.6
400.0,0.0,0.0,180.0,0.0,1062.0,708.0,28.0,20.31,D4,24.7,0.6
400.0,0.0,0.0,180.0,0.0,1062.0,708.0,56.0,22.66,D4,25.4,0.66
450.0,0.0,0.0,180.0,0.0,1032.0,688.0,7.0,23.87,D4,26.1,0.64
450.0,0.0,0.0,180.0,0.0,1032.0,688.0,28.0,23.81,D4,24.2,0.54
450.0,0.0,0.0,180.0,0.0,1032.0,688.0,56.0,26.69,D4,22.5,0.59
514.2857142857143,0.0,0.0,180.0,0.0,993.4285714285714,662.2857142857143,7.0,19.98,D4,25.6,0.69
514.2857142857143,0.0,0.0,180.0,0.0,993.4285714285714,662.2857142857143,28.0,21.02,D4,27.4,0.62
514.2857142857143,0.0,0.0,180.0,0.0,993.4285714285714,662.2857142857143,56.0,21.41,D4,25.6,0.52
600.0,0.0,0.0,180.0,0.0,942.0,628.0,7.0,21.89,D4,25.6,0.53
600.0,0.0,0.0,180.0,0.0,942.0,628.0,28.0,24.74,D4,24.9,0.64
600.0,0.0,0.0,180.0,0.0,942.0,628.0,56.0,25.32,D4,26.5,0.64
562.5,0.0,0.0,180.0,0.0,964.5,643.0,7.0,27.94,D4,24.6,0.55
562.5,0.0,0.0,180.0,0.0,964.5,643.0,28.0,30.44,D4,24.1,0.64
562.5,0.0,0.0,180.0,0.0,964.5,643.0,56.0,34.15,D4,27.2,0.68
600.0,0.0,0.0,180.0,0.0,942.0,628.0,7.0,23.39,D4,23.9,0.67
600.0,0.0,0.0,180.0,0.0,942.0,628.0,28.0,26.05,D4,26.8,0.68
600.0,0.0,0.0,180.0,0.0,942.0,628.0,56.0,27.95,D4,27.2,0.63
642.8571428571428,0.0,0.0,180.0,0.0,916.2857142857144,610.857142857143,7.0,28.8,D4,26.1,0.59
642.8571428571428,0.0,0.0,180.0,0.0,916.2857142857144,610.857142857143,28.0,30.57,D4,22.5,0.58
642.8571428571428,0.0,0.0,180.0,0.0,916.2857142857144,610.857142857143,56.0,32.74,D4,25.1,0.6
720.0,0.0,0.0,180.0,0.0,870.0,580.0,7.0,34.66,D4,24.6,0.56
720.0,0.0,0.0,180.0,0.0,870.0,580.0,28.0,38.74,D4,24.0,0.58
720.0,0.0,0.0,180.0,0.0,870.0,580.0,56.0,42.55,D4,25.3,0.66
400.0,0.0,0.0,180.0,0.0,1062.0,708.0,7.0,16.1,D4,26.5,0.52
400.0,0.0,0.0,180.0,0.0,1062.0,708.0,7.0,16.43,D4,24.1,0.52
400.0,0.0,0.0,180.0,0.0,1062.0,708.0,7.0,16.6,D4,24.7,0.64
400.0,0.0,0.0,180.0,0.0,1062.0,708.0,7.0,16.68,D4,24.5,0.58
400.0,0.0,0.0,180.0,0.0,1062.0,708.0,7.0,17.18,D4,27.3,0.5
400.0,0.0,0.0,180.0,0.0,1062.0,708.0,7.0,17.26,D4,24.5,0.6
400.0,0.0,0.0,180.0,0.0,1062.0,708.0,7.0,17.26,D4,22.5,0.59
400.0,0.0,0.0,180.0,0.0,1062.0,708.0,7.0,18.34,D4,21.9,0.58
400.0,0.0,0.0,180.0,0.0,1062.0,708.0,7.0,19.34,D4,25.7,0.63
400.0,0.0,0.0,180.0,0.0,1062.0,708.0,14.0,19.84,D4,23.5,0.53
400.0,0.0,0.0,180.0,0.0,1062.0,708.0,14.0,22.24,D4,26.3,0.6
400.0,0.0,0.0,180.0,0.0,1062.0,708.0,14.0,22.49,D4,22.3,0.59
400.0,0.0,0.0,180.0,0.0,1062.0,708.0,14.0,22.99,D4,23.9,0.6
400.0,0.0,0.0,180.0,0.0,1062.0,708.0,14.0,23.49,D4,22.3,0.51
400.0,0.0,0.0,180.0,0.0,1062.0,708.0,14.0,23.74,D4,25.9,0.57
400.0,0.0,0.0,180.0,0.0,1062.0,708.0,14.0,23.9,D4,26.3,0.6
400.0,0.0,0.0,180.0,0.0,1062.0,708.0,14.0,25.98,D4,25.7,0.63
400.0,0.0,0.0,180.0,0.0,1062.0,708.0,14.0,26.48,D4,22.8,0.69
400.0,0.0,0.0,180.0,0.0,1062.0,708.0,28.0,23.24,D4,23.5,0.64
400.0,0.0,0.0,180.0,0.0,1062.0,708.0,28.0,24.82,D4,25.5,0.62
400.0,0.0,0.0,180.0,0.0,1062.0,708.0,28.0,26.73,D4,21.6,0.66
400.0,0.0,0.0,180.0,0.0,1062.0,708.0,28.0,26.81,D4,24.5,0.58
400.0,0.0,0.0,180.0,0.0,1062.0,708.0,28.0,26.89,D4,28.0,0.68
400.0,0.0,0.0,180.0,0.0,1062.0,708.0,28.0,29.05,D4,24.6,0.66
400.0,0.0,0.0,180.0,0.0,1062.0,708.0,28.0,30.05,D4,22.0,0.58
400.0,0.0,0.0,180.0,0.0,1062.0,708.0,28.0,30.54,D4,23.8,0.7
400.0,0.0,0.0,180.0,0.0,1062.0,708.0,28.0,32.7,D4,23.7,0.62
360.0,0.0,0.0,180.0,0.0,1086.0,724.0,7.0,7.84,D4,29.3,0.71
300.0,0.0,0.0,180.0,0.0,1122.0,748.0,7.0,8.3,D4,28.3,0.62
600.0,0.0,0.0,180.0,0.0,942.0,628.0,7.0,23.16,D4,26.5,0.57
450.0,0.0,0.0,180.0,0.0,1032.0,688.0,7.0,18.92,D4,24.3,0.56
720.0,0.0,0.0,180.0,0.0,870.0,580.0,7.0,22.41,D4,27.4,0.58
360.0,0.0,0.0,180.0,0.0,1086.0,724.0,14.0,12.45,D4,22.7,0.57
300.0,0.0,0.0,180.0,0.0,1122.0,748.0,14.0,10.79,D4,27.2,0.66
600.0,0.0,0.0,180.0,0.0,942.0,628.0,14.0,23.42,D4,26.9,0.6
450.0,0.0,0.0,180.0,0.0,1032.0,688.0,14.0,24.07,D4,24.7,0.52
720.0,0.0,0.0,180.0,0.0,870.0,580.0,14.0,28.22,D4,27.3,0.61
360.0,0.0,0.0,180.0,0.0,1086.0,724.0,28.0,12.82,D4,24.1,0.61
300.0,0.0,0.0,180.0,0.0,1122.0,748.0,28.0,12.36,D4,22.5,0.58
600.0,0.0,0.0,180.0,0.0,942.0,628.0,28.0,23.9,D4,27.0,0.61
450.0,0.0,0.0,180.0,0.0,1032.0,688.0,28.0,25.08,D4,24.8,0.6
720.0,0.0,0.0,180.0,0.0,870.0,580.0,28.0,32.28,D4,26.2,0.63
360.0,0.0,0.0,180.0,0.0,1086.0,724.0,7.0,16.43,D4,28.6,0.63
360.0,0.0,0.0,180.0,0.0,1086.0,724.0,7.0,17.35,D4,23.6,0.62
360.0,0.0,0.0,180.0,0.0,1086.0,724.0,7.0,16.1,D4,24.7,0.54
360.0,0.0,0.0,180.0,0.0,1086.0,724.0,14.0,21.08,D4,28.1,0.71
360.0,0.0,0.0,180.0,0.0,1086.0,724.0,14.0,21.17,D4,26.3,0.52
360.0,0.0,0.0,180.0,0.0,1086.0,724.0,14.0,19.17,D4,23.6,0.59
360.0,0.0,0.0,180.0,0.0,1086.0,724.0,28.0,30.88,D4,23.1,0.55
360.0,0.0,0.0,180.0,0.0,1086.0,724.0,28.0,25.4,D4,23.9,0.62
360.0,0.0,0.0,180.0,0.0,1086.0,724.0,28.0,28.64,D4,23.5,0.61
360.0,0.0,0.0,180.0,0.0,1086.0,724.0,7305.0,13.66,D4,25.5,0.59
360.0,0.0,0.0,180.0,0.0,1086.0,724.0,7305.0,23.97,D4,25.2,0.68
360.0,0.0,0.0,180.0,0.0,1086.0,724.0,7305.0,14.65,D4,25.6,0.66
360.0,0.0,0.0,180.0,0.0,1086.0,724.0,7305.0,7.73,D4,23.3,0.58
360.0,0.0,0.0,180.0,0.0,1086.0,724.0,7305.0,17.21,D4,24.9,0.64
360.0,0.0,0.0,180.0,0.0,1086.0,724.0,10958.0,12.14,D4,20.9,0.68
360.0,0.0,0.0,180.0,0.0,1086.0,724.0,10958.0,7.78,D4,25.3,0.66
360.0,0.0,0.0,180.0,0.0,1086.0,724.0,10958.0,9.38,D4,27.4,0.59
360.0,0.0,0.0,180.0,0.0,1086.0,724.0,10958.0,10.36,D4,22.2,0.52
360.0,0.0,0.0,180.0,0.0,1086.0,724.0,28.0,57.91,D4,26.0,0.62
360.0,0.0,0.0,180.0,0.0,1086.0,724.0,28.0,57.04,D4,23.8,0.63
360.0,0.0,0.0,180.0,0.0,1086.0,724.0,28.0,61.11,D4,26.6,0.56
360.0,0.0,0.0,180.0,0.0,1086.0,724.0,28.0,58.4,D4,25.3,0.6
360.0,0.0,0.0,180.0,0.0,1086.0,724.0,28.0,58.59,D4,25.8,0.6
360.0,0.0,0.0,180.0,0.0,1086.0,724.0,28.0,55.3,D4,25.1,0.67
360.0,0.0,0.0,180.0,0.0,1086.0,724.0,28.0,57.33,D4,27.7,0.69
360.0,0.0,0.0,180.0,0.0,1086.0,724.0,28.0,59.85,D4,25.7,0.66
360.0,0.0,0.0,180.0,0.0,1086.0,724.0,28.0,58.78,D4,23.6,0.6
360.0,0.0,0.0,180.0,0.0,1086.0,724.0,28.0,61.79,D4,25.2,0.66
360.0,0.0,0.0,180.0,0.0,1086.0,724.0,28.0,60.33,D4,24.3,0.63
360.0,0.0,0.0,180.0,0.0,1086.0,724.0,28.0,31.38,D4,25.3,0.6
360.0,0.0,0.0,180.0,0.0,1086.0,724.0,28.0,30.21,D4,24.2,0.7
360.0,0.0,0.0,180.0,0.0,1086.0,724.0,28.0,62.17,D4,23.6,0.56
360.0,0.0,0.0,180.0,0.0,1086.0,724.0,28.0,56.07,D4,25.4,0.63
360.0,0.0,0.0,180.0,0.0,1086.0,724.0,28.0,61.11,D4,25.1,0.64
360.0,0.0,0.0,180.0,0.0,1086.0,724.0,28.0,62.46,D4,27.1,0.59
360.0,0.0,0.0,180.0,0.0,1086.0,724.0,28.0,58.3,D4,24.2,0.63
360.0,0.0,0.0,180.0,0.0,1086.0,724.0,28.0,71.18,D4,21.0,0.65
360.0,0.0,0.0,180.0,0.0,1086.0,724.0,28.0,71.47,D4,24.3,0.61
360.0,0.0,0.0,180.0,0.0,1086.0,724.0,28.0,76.99,D4,21.7,0.62
360.0,0.0,0.0,180.0,0.0,1086.0,724.0,28.0,73.89,D4,25.8,0.61
360.0,0.0,0.0,180.0,0.0,1086.0,724.0,28.0,75.92,D4,21.7,0.64
360.0,0.0,0.0,180.0,0.0,1086.0,724.0,28.0,75.73,D4,23.0,0.59
360.0,0.0,0.0,180.0,0.0,1086.0,724.0,28.0,74.37,D4,24.3,0.58
360.0,0.0,0.0,180.0,0.0,1086.0,724.0,28.0,68.08,D4,28.1,0.6
360.0,0.0,0.0,180.0,0.0,1086.0,724.0,28.0,71.76,D4,22.9,0.66
360.0,0.0,0.0,180.0,0.0,1086.0,724.0,28.0,72.63,D4,25.0,0.51
360.0,0.0,0.0,180.0,0.0,1086.0,724.0,28.0,72.53,D4,26.2,0.55
360.0,0.0,0.0,180.0,0.0,1086.0,724.0,28.0,70.02,D4,28.0,0.71
360.0,0.0,0.0,180.0,0.0,1086.0,724.0,28.0,73.89,D4,26.6,0.61
360.0,0.0,0.0,180.0,0.0,1086.0,724.0,28.0,74.86,D4,27.2,0.58
360.0,0.0,0.0,180.0,0.0,1086.0,724.0,28.0,72.73,D4,26.7,0.64
360.0,0.0,0.0,180.0,0.0,1086.0,724.0,28.0,71.86,D4,22.6,0.56
360.0,0.0,0.0,180.0,0.0,1086.0,724.0,28.0,73.12,D4,25.7,0.49
360.0,0.0,0.0,180.0,0.0,1086.0,724.0,28.0,74.08,D4,26.7,0.62
360.0,0.0,0.0,180.0,0.0,1086.0,724.0,7.0,44.64,D4,23.1,0.56
360.0,0.0,0.0,180.0,0.0,1086.0,724.0,7.0,47.65,D4,23.8,0.61
360.0,0.0,0.0,180.0,0.0,1086.0,724.0,7.0,48.91,D4,23.4,0.62
360.0,0.0,0.0,180.0,0.0,1086.0,724.0,15.0,48.91,D4,26.5,0.61
360.0,0.0,0.0,180.0,0.0,1086.0,724.0,15.0,48.42,D4,24.9,0.51
360.0,0.0,0.0,180.0,0.0,1086.0,724.0,15.0,50.55,D4,24.4,0.6
360.0,0.0,0.0,180.0,0.0,1086.0,724.0,28.0,54.52,D4,22.4,0.62
360.0,0.0,0.0,180.0,0.0,1086.0,724.0,28.0,51.81,D4,24.9,0.53
360.0,0.0,0.0,180.0,0.0,1086.0,724.0,28.0,52.1,D4,23.9,0.52
418.60465116279073,0.0,0.0,180.0,0.0,1050.8372093023254,700.5581395348837,2.0,25.05,D4,25.5,0.55
418.60465116279073,0.0,0.0,180.0,0.0,1050.8372093023254,700.5581395348837,2.0,24.66,D4,22.7,0.64
418.60465116279073,0.0,0.0,180.0,0.0,1050.8372093023254,700.5581395348837,2.0,26.77,D4,25.4,0.5
418.60465116279073,0.0,0.0,180.0,0.0,1050.8372093023254,700.5581395348837,3.0,32.98,D4,24.1,0.64
418.60465116279073,0.0,0.0,180.0,0.0,1050.8372093023254,700.5581395348837,3.0,33.38,D4,22.5,0.62
418.60465116279073,0.0,0.0,180.0,0.0,1050.8372093023254,700.5581395348837,3.0,34.17,D4,22.3,0.59
418.60465116279073,0.0,0.0,180.0,0.0,1050.8372093023254,700.5581395348837,7.0,36.55,D4,22.6,0.53
418.60465116279073,0.0,0.0,180.0,0.0,1050.8372093023254,700.5581395348837,7.0,43.02,D4,24.6,0.56
418.60465116279073,0.0,0.0,180.0,0.0,1050.8372093023254,700.5581395348837,7.0,45.66,D4,25.2,0.64
418.60465116279073,0.0,0.0,180.0,0.0,1050.8372093023254,700.5581395348837,14.0,46.32,D4,25.5,0.66
418.60465116279073,0.0,0.0,180.0,0.0,1050.8372093023254,700.5581395348837,14.0,50.28,D4,25.6,0.55
418.60465116279073,0.0,0.0,180.0,0.0,1050.8372093023254,700.5581395348837,14.0,51.87,D4,23.5,0.66
418.60465116279073,0.0,0.0,180.0,0.0,1050.8372093023254,700.5581395348837,28.0,51.87,D4,27.1,0.63
418.60465116279073,0.0,0.0,180.0,0.0,1050.8372093023254,700.5581395348837,28.0,54.1,D4,24.1,0.6
418.60465116279073,0.0,0.0,180.0,0.0,1050.8372093023254,700.5581395348837,28.0,57.76,D4,25.9,0.56
418.60465116279073,0.0,0.0,180.0,0.0,1050.8372093023254,700.5581395348837,90.0,65.88,D4,24.7,0.57
418.60465116279073,0.0,0.0,180.0,0.0,1050.8372093023254,700.5581395348837,90.0,63.01,D4,25.8,0.69
418.60465116279073,0.0,0.0,180.0,0.0,1050.8372093023254,700.5581395348837,90.0,62.69,D4,24.6,0.61
418.60465116279073,0.0,0.0,180.0,0.0,1050.8372093023254,700.5581395348837,2.0,24.98,D4,25.8,0.67
418.60465116279073,0.0,0.0,180.0,0.0,1050.8372093023254,700.5581395348837,2.0,24.49,D4,25.0,0.61
418.60465116279073,0.0,0.0,180.0,0.0,1050.8372093023254,700.5581395348837,2.0,26.79,D4,26.6,0.58
418.60465116279073,0.0,0.0,180.0,0.0,1050.8372093023254,700.5581395348837,3.0,33.2,D4,23.4,0.63
418.60465116279073,0.0,0.0,180.0,0.0,1050.8372093023254,700.5581395348837,3.0,33.04,D4,21.5,0.71
418.60465116279073,0.0,0.0,180.0,0.0,1050.8372093023254,700.5581395348837,3.0,34.02,D4,23.1,0.57
418.60465116279073,0.0,0.0,180.0,0.0,1050.8372093023254,700.5581395348837,7.0,36.49,D4,27.1,0.65
418.60465116279073,0.0,0.0,180.0,0.0,1050.8372093023254,700.5581395348837,7.0,43.06,D4,24.7,0.61
418.60465116279073,0.0,0.0,180.0,0.0,1050.8372093023254,700.5581395348837,7.0,45.69,D4,25.2,0.53
418.60465116279073,0.0,0.0,180.0,0.0,1050.8372093023254,700.5581395348837,14.0,46.35,D4,22.9,0.53
418.60465116279073,0.0,0.0,180.0,0.0,1050.8372093023254,700.5581395348837,14.0,50.13,D4,25.1,0.58
418.60465116279073,0.0,0.0,180.0,0.0,1050.8372093023254,700.5581395348837,14.0,51.77,D4,23.0,0.62
418.60465116279073,0.0,0.0,180.0,0.0,1050.8372093023254,700.5581395348837,28.0,51.77,D4,23.2,0.64
418.60465116279073,0.0,0.0,180.0,0.0,1050.8372093023254,700.5581395348837,28.0,54.25,D4,24.2,0.52
418.60465116279073,0.0,0.0,180.0,0.0,1050.8372093023254,700.5581395348837,28.0,57.81,D4,25.9,0.63
418.60465116279073,0.0,0.0,180.0,0.0,1050.8372093023254,700.5581395348837,90.0,62.37,D4,26.1,0.59
418.60465116279073,0.0,0.0,180.0,0.0,1050.8372093023254,700.5581395348837,90.0,62.96,D4,26.2,0.6
418.60465116279073,0.0,0.0,180.0,0.0,1050.8372093023254,700.5581395348837,90.0,65.93,D4,21.8,0.63
450.0,0.0,0.0,180.0,0.0,1032.0,688.0,1.0,3.76,D4,25.0,0.69
450.0,0.0,0.0,180.0,0.0,1032.0,688.0,1.0,6.96,D4,24.6,0.62
450.0,0.0,0.0,180.0,0.0,1032.0,688.0,1.0,8.66,D4,21.9,0.53
450.0,0.0,0.0,180.0,0.0,1032.0,688.0,2.0,19.78,D4,25.0,0.59
450.0,0.0,0.0,180.0,0.0,1032.0,688.0,2.0,20.35,D4,24.5,0.64
450.0,0.0,0.0,180.0,0.0,1032.0,688.0,2.0,19.61,D4,26.0,0.64
450.0,0.0,0.0,180.0,0.0,1032.0,688.0,2.0,37.44,D4,25.2,0.63
450.0,0.0,0.0,180.0,0.0,1032.0,688.0,2.0,37.26,D4,23.9,0.57
450.0,0.0,0.0,180.0,0.0,1032.0,688.0,2.0,35.95,D4,26.9,0.53
450.0,0.0,0.0,180.0,0.0,1032.0,688.0,3.0,38.77,D4,20.6,0.63
450.0,0.0,0.0,180.0,0.0,1032.0,688.0,3.0,43.09,D4,24.9,0.54
450.0,0.0,0.0,180.0,0.0,1032.0,688.0,3.0,45.9,D4,21.5,0.63
450.0,0.0,0.0,180.0,0.0,1032.0,688.0,6.0,45.72,D4,23.2,0.63
450.0,0.0,0.0,180.0,0.0,1032.0,688.0,6.0,51.73,D4,26.0,0.58
450.0,0.0,0.0,180.0,0.0,1032.0,688.0,6.0,52.67,D4,22.5,0.59
450.0,0.0,0.0,180.0,0.0,1032.0,688.0,28.0,64.84,D4,22.2,0.61
450.0,0.0,0.0,180.0,0.0,1032.0,688.0,28.0,65.75,D4,29.8,0.57
450.0,0.0,0.0,180.0,0.0,1032.0,688.0,28.0,70.73,D4,22.3,0.53
450.0,0.0,0.0,180.0,0.0,1032.0,688.0,1.0,3.56,D4,28.3,0.6
450.0,0.0,0.0,180.0,0.0,1032.0,688.0,1.0,6.7,D4,24.7,0.6
450.0,0.0,0.0,180.0,0.0,1032.0,688.0,1.0,8.38,D4,24.0,0.67
450.0,0.0,0.0,180.0,0.0,1032.0,688.0,2.0,19.48,D4,26.1,0.56
450.0,0.0,0.0,180.0,0.0,1032.0,688.0,2.0,19.27,D4,27.7,0.65
450.0,0.0,0.0,180.0,0.0,1032.0,688.0,2.0,20.11,D4,22.7,0.54
450.0,0.0,0.0,180.0,0.0,1032.0,688.0,2.0,35.4,D4,24.0,0.53
450.0,0.0,0.0,180.0,0.0,1032.0,688.0,2.0,37.08,D4,26.7,0.58
450.0,0.0,0.0,180.0,0.0,1032.0,688.0,3.0,42.73,D4,25.6,0.55
450.0,0.0,0.0,180.0,0.0,1032.0,688.0,3.0,45.87,D4,27.2,0.53
450.0,0.0,0.0,180.0,0.0,1032.0,688.0,3.0,51.53,D4,26.0,0.7
450.0,0.0,0.0,180.0,0.0,1032.0,688.0,6.0,38.75,D4,28.6,0.58
450.0,0.0,0.0,180.0,0.0,1032.0,688.0,6.0,45.45,D4,25.4,0.72
450.0,0.0,0.0,180.0,0.0,1032.0,688.0,6.0,52.58,D4,25.4,0.55
450.0,0.0,0.0,180.0,0.0,1032.0,688.0,28.0,64.61,D4,25.6,0.51
450.0,0.0,0.0,180.0,0.0,1032.0,688.0,28.0,70.16,D4,24.7,0.66
450.0,0.0,0.0,180.0,0.0,1032.0,688.0,28.0,65.62,D4,26.7,0.56
360.0,0.0,0.0,180.0,0.0,1086.0,724.0,28.0,16.77,D4,25.5,0.61
360.0,0.0,0.0,180.0,0.0,1086.0,724.0,28.0,16.53,D4,26.6,0.53
360.0,0.0,0.0,180.0,0.0,1086.0,724.0,28.0,16.85,D4,26.9,0.6
360.0,0.0,0.0,180.0,0.0,1086.0,724.0,28.0,18.39,D4,25.9,0.53
360.0,0.0,0.0,180.0,0.0,1086.0,724.0,28.0,17.34,D4,26.0,0.6
360.0,0.0,0.0,180.0,0.0,1086.0,724.0,28.0,17.99,D4,23.0,0.58
360.0,0.0,0.0,180.0,0.0,1086.0,724.0,28.0,15.46,D4,23.9,0.61
360.0,0.0,0.0,180.0,0.0,1086.0,724.0,28.0,16.68,D4,26.7,0.63
360.0,0.0,0.0,180.0,0.0,1086.0,724.0,28.0,16.93,D4,27.8,0.61
360.0,0.0,0.0,180.0,0.0,1086.0,724.0,28.0,15.95,D4,21.1,0.62
360.0,0.0,0.0,180.0,0.0,1086.0,724.0,28.0,17.9,D4,23.9,0.59
360.0,0.0,0.0,180.0,0.0,1086.0,724.0,28.0,15.95,D4,25.0,0.58
360.0,0.0,0.0,180.0,0.0,1086.0,724.0,28.0,12.45,D4,23.2,0.62
360.0,0.0,0.0,180.0,0.0,1086.0,724.0,28.0,14.41,D4,23.4,0.59
360.0,0.0,0.0,180.0,0.0,1086.0,724.0,28.0,12.7,D4,25.9,0.6
360.0,0.0,0.0,180.0,0.0,1086.0,724.0,28.0,13.19,D4,28.2,0.62
360.0,0.0,0.0,180.0,0.0,1086.0,724.0,28.0,11.8,D4,20.9,0.55
360.0,0.0,0.0,180.0,0.0,1086.0,724.0,28.0,13.84,D4,24.7,0.67
360.0,0.0,0.0,180.0,0.0,1086.0,724.0,28.0,26.86,D4,25.9,0.59
360.0,0.0,0.0,180.0,0.0,1086.0,724.0,28.0,25.4,D4,26.6,0.61
360.0,0.0,0.0,180.0,0.0,1086.0,724.0,28.0,29.71,D4,25.6,0.6
360.0,0.0,0.0,180.0,0.0,1086.0,724.0,28.0,26.21,D4,28.5,0.63
360.0,0.0,0.0,180.0,0.0,1086.0,724.0,28.0,25.64,D4,25.1,0.62
360.0,0.0,0.0,180.0,0.0,1086.0,724.0,28.0,26.86,D4,27.6,0.6
360.0,0.0,0.0,180.0,0.0,1086.0,724.0,28.0,28.73,D4,23.7,0.67
360.0,0.0,0.0,180.0,0.0,1086.0,724.0,28.0,28.73,D4,25.1,0.44
360.0,0.0,0.0,180.0,0.0,1086.0,724.0,28.0,29.47,D4,22.6,0.66
360.0,0.0,0.0,180.0,0.0,1086.0,724.0,28.0,29.47,D4,26.8,0.65
360.0,0.0,0.0,180.0,0.0,1086.0,724.0,28.0,28.49,D4,24.8,0.51
360.0,0.0,0.0,180.0,0.0,1086.0,724.0,28.0,31.09,D4,25.7,0.65
360.0,0.0,0.0,180.0,0.0,1086.0,724.0,28.0,23.36,D4,24.4,0.65
360.0,0.0,0.0,180.0,0.0,1086.0,724.0,28.0,22.47,D4,26.2,0.63
360.0,0.0,0.0,180.0,0.0,1086.0,724.0,28.0,24.99,D4,25.8,0.52
360.0,0.0,0.0,180.0,0.0,1086.0,724.0,28.0,23.36,D4,23.0,0.63
360.0,0.0,0.0,180.0,0.0,1086.0,724.0,28.0,23.61,D4,23.1,0.65
360.0,0.0,0.0,180.0,0.0,1086.0,724.0,28.0,23.61,D4,24.9,0.57
360.0,0.0,0.0,180.0,0.0,1086.0,724.0,28.0,22.79,D4,26.3,0.62
360.0,0.0,0.0,180.0,0.0,1086.0,724.0,28.0,23.77,D4,28.7,0.58
360.0,0.0,0.0,180.0,0.0,1086.0,724.0,28.0,23.36,D4,25.6,0.64
360.0,0.0,0.0,180.0,0.0,1086.0,724.0,28.0,24.01,D4,27.0,0.58
360.0,0.0,0.0,180.0,0.0,1086.0,724.0,28.0,24.58,D4,21.8,0.57
360.0,0.0,0.0,180.0,0.0,1086.0,724.0,28.0,24.5,D4,29.0,0.6
360.0,0.0,0.0,180.0,0.0,1086.0,724.0,28.0,24.58,D4,26.2,0.53
360.0,0.0,0.0,180.0,0.0,1086.0,724.0,28.0,29.47,D4,24.9,0.59
360.0,0.0,0.0,180.0,0.0,1086.0,724.0,28.0,28.89,D4,24.7,0.62
360.0,0.0,0.0,180.0,0.0,1086.0,724.0,28.0,30.04,D4,22.8,0.64
360.0,0.0,0.0,180.0,0.0,1086.0,724.0,28.0,25.15,D4,23.4,0.61
360.0,0.0,0.0,180.0,0.0,1086.0,724.0,28.0,29.3,D4,28.8,0.53
360.0,0.0,0.0,180.0,0.0,1086.0,724.0,28.0,18.39,D4,23.0,0.67
360.0,0.0,0.0,180.0,0.0,1086.0,724.0,28.0,18.48,D4,23.0,0.67
360.0,0.0,0.0,180.0,0.0,1086.0,724.0,28.0,19.61,D4,23.6,0.61
360.0,0.0,0.0,180.0,0.0,1086.0,724.0,28.0,18.48,D4,22.6,0.56
360.0,0.0,0.0,180.0,0.0,1086.0,724.0,28.0,18.56,D4,25.0,0.57
360.0,0.0,0.0,180.0,0.0,1086.0,724.0,28.0,18.39,D4,27.2,0.59
360.0,0.0,0.0,180.0,0.0,1086.0,724.0,28.0,23.12,D4,23.8,0.61
360.0,0.0,0.0,180.0,0.0,1086.0,724.0,28.0,22.63,D4,22.3,0.58
360.0,0.0,0.0,180.0,0.0,1086.0,724.0,28.0,20.83,D4,25.6,0.56
360.0,0.0,0.0,180.0,0.0,1086.0,724.0,28.0,23.61,D4,24.9,0.65
360.0,0.0,0.0,180.0,0.0,1086.0,724.0,28.0,22.22,D4,27.0,0.61
360.0,0.0,0.0,180.0,0.0,1086.0,724.0,28.0,24.09,D4,24.1,0.55
360.0,0.0,0.0,180.0,0.0,1086.0,724.0,28.0,19.61,D4,24.5,0.61
360.0,0.0,0.0,180.0,0.0,1086.0,724.0,28.0,21.32,D4,24.7,0.61
360.0,0.0,0.0,180.0,0.0,1086.0,724.0,28.0,19.13,D4,25.2,0.56
360.0,0.0,0.0,180.0,0.0,1086.0,724.0,28.0,20.92,D4,24.2,0.66
360.0,0.0,0.0,180.0,0.0,1086.0,724.0,28.0,19.94,D4,23.9,0.61
360.0,0.0,0.0,180.0,0.0,1086.0,724.0,28.0,21.17,D4,21.3,0.59
360.0,0.0,0.0,180.0,0.0,1086.0,724.0,28.0,23.61,D4,23.9,0.6
360.0,0.0,0.0,180.0,0.0,1086.0,724.0,28.0,21.0,D4,26.4,0.62
360.0,0.0,0.0,180.0,0.0,1086.0,724.0,28.0,23.28,D4,26.7,0.6
360.0,0.0,0.0,180.0,0.0,1086.0,724.0,28.0,23.36,D4,24.1,0.6
360.0,0.0,0.0,180.0,0.0,1086.0,724.0,28.0,23.12,D4,27.6,0.65
360.0,0.0,0.0,180.0,0.0,1086.0,724.0,28.0,22.71,D4,24.9,0.53
360.0,0.0,0.0,180.0,0.0,1086.0,724.0,28.0,14.24,D4,22.3,0.54
360.0,0.0,0.0,180.0,0.0,1086.0,724.0,28.0,16.28,D4,21.7,0.64
360.0,0.0,0.0,180.0,0.0,1086.0,724.0,28.0,13.84,D4,27.4,0.72
360.0,0.0,0.0,180.0,0.0,1086.0,724.0,28.0,13.84,D4,24.3,0.64
360.0,0.0,0.0,180.0,0.0,1086.0,724.0,28.0,15.22,D4,22.6,0.69
360.0,0.0,0.0,180.0,0.0,1086.0,724.0,28.0,15.87,D4,20.5,0.58
360.0,0.0,0.0,180.0,0.0,1086.0,724.0,28.0,18.39,D4,24.2,0.57
360.0,0.0,0.0,180.0,0.0,1086.0,724.0,28.0,19.21,D4,25.8,0.62
360.0,0.0,0.0,180.0,0.0,1086.0,724.0,28.0,19.05,D4,23.6,0.65
360.0,0.0,0.0,180.0,0.0,1086.0,724.0,28.0,19.13,D4,22.9,0.53
360.0,0.0,0.0,180.0,0.0,1086.0,724.0,28.0,18.56,D4,23.9,0.59
360.0,0.0,0.0,180.0,0.0,1086.0,724.0,28.0,18.56,D4,27.5,0.6
360.0,0.0,0.0,180.0,0.0,1086.0,724.0,28.0,16.28,D4,22.2,0.57
360.0,0.0,0.0,180.0,0.0,1086.0,724.0,28.0,13.84,D4,23.7,0.57
360.0,0.0,0.0,180.0,0.0,1086.0,724.0,28.0,14.65,D4,27.4,0.64
360.0,0.0,0.0,180.0,0.0,1086.0,724.0,28.0,15.22,D4,26.0,0.62
360.0,0.0,0.0,180.0,0.0,1086.0,724.0,28.0,14.82,D4,25.4,0.64
360.0,0.0,0.0,180.0,0.0,1086.0,724.0,28.0,16.68,D4,23.7,0.62
360.0,0.0,0.0,180.0,0.0,1086.0,724.0,28.0,20.19,D4,25.1,0.56
360.0,0.0,0.0,180.0,0.0,1086.0,724.0,28.0,20.35,D4,23.9,0.62
360.0,0.0,0.0,180.0,0.0,1086.0,724.0,28.0,20.92,D4,23.3,0.55
360.0,0.0,0.0,180.0,0.0,1086.0,724.0,28.0,22.3,D4,22.8,0.58
360.0,0.0,0.0,180.0,0.0,1086.0,724.0,28.0,22.3,D4,26.6,0.55
360.0,0.0,0.0,180.0,0.0,1086.0,724.0,28.0,21.73,D4,24.9,0.57
360.0,0.0,0.0,180.0,0.0,1086.0,724.0,28.0,12.04,D4,25.6,0.6
360.0,0.0,0.0,180.0,0.0,1086.0,724.0,28.0,13.43,D4,25.3,0.58
360.0,0.0,0.0,180.0,0.0,1086.0,724.0,28.0,11.97,D4,25.9,0.56
360.0,0.0,0.0,180.0,0.0,1086.0,724.0,28.0,11.8,D4,24.5,0.66
360.0,0.0,0.0,180.0,0.0,1086.0,724.0,28.0,12.38,D4,24.0,0.59
360.0,0.0,0.0,180.0,0.0,1086.0,724.0,28.0,12.62,D4,23.4,0.57
360.0,0.0,0.0,180.0,0.0,1086.0,724.0,28.0,10.67,D4,22.2,0.55
360.0,0.0,0.0,180.0,0.0,1086.0,724.0,28.0,10.09,D4,22.8,0.51
360.0,0.0,0.0,180.0,0.0,1086.0,724.0,28.0,10.33,D4,24.3,0.59
360.0,0.0,0.0,180.0,0.0,1086.0,724.0,28.0,10.33,D4,21.8,0.53
360.0,0.0,0.0,180.0,0.0,1086.0,724.0,28.0,10.5,D4,22.2,0.64
360.0,0.0,0.0,180.0,0.0,1086.0,724.0,28.0,11.89,D4,27.1,0.6
360.0,0.0,0.0,180.0,0.0,1086.0,724.0,28.0,13.11,D4,25.4,0.68
360.0,0.0,0.0,180.0,0.0,1086.0,724.0,28.0,13.43,D4,24.1,0.61
360.0,0.0,0.0,180.0,0.0,1086.0,724.0,28.0,13.19,D4,29.5,0.56
360.0,0.0,0.0,180.0,0.0,1086.0,724.0,28.0,12.7,D4,21.7,0.51
360.0,0.0,0.0,180.0,0.0,1086.0,724.0,28.0,13.6,D4,27.0,0.64
360.0,0.0,0.0,180.0,0.0,1086.0,724.0,28.0,12.78,D4,24.8,0.54
360.0,0.0,0.0,180.0,0.0,1086.0,724.0,28.0,11.97,D4,26.6,0.58
360.0,0.0,0.0,180.0,0.0,1086.0,724.0,28.0,11.89,D4,25.2,0.68
360.0,0.0,0.0,180.0,0.0,1086.0,724.0,28.0,12.53,D4,21.3,0.63
360.0,0.0,0.0,180.0,0.0,1086.0,724.0,28.0,12.86,D4,25.2,0.62
360.0,0.0,0.0,180.0,0.0,1086.0,724.0,28.0,12.45,D4,25.7,0.65
360.0,0.0,0.0,180.0,0.0,1086.0,724.0,28.0,16.68,D4,20.6,0.65
360.0,0.0,0.0,180.0,0.0,1086.0,724.0,28.0,16.44,D4,28.9,0.68
360.0,0.0,0.0,180.0,0.0,1086.0,724.0,28.0,17.34,D4,25.6,0.57
360.0,0.0,0.0,180.0,0.0,1086.0,724.0,28.0,18.97,D4,26.3,0.58
360.0,0.0,0.0,180.0,0.0,1086.0,724.0,28.0,18.72,D4,22.7,0.55
360.0,0.0,0.0,180.0,0.0,1086.0,724.0,28.0,17.5,D4,26.4,0.6
360.0,0.0,0.0,180.0,0.0,1086.0,724.0,28.0,19.13,D4,27.2,0.59
360.0,0.0,0.0,180.0,0.0,1086.0,724.0,28.0,20.1,D4,25.5,0.51
360.0,0.0,0.0,180.0,0.0,1086.0,724.0,28.0,19.54,D4,25.0,0.57
360.0,0.0,0.0,180.0,0.0,1086.0,724.0,28.0,20.35,D4,23.2,0.67
360.0,0.0,0.0,180.0,0.0,1086.0,724.0,28.0,19.78,D4,24.6,0.61
360.0,0.0,0.0,180.0,0.0,1086.0,724.0,28.0,19.7,D4,24.0,0.64
360.0,0.0,0.0,180.0,0.0,1086.0,724.0,28.0,17.75,D4,26.1,0.59
360.0,0.0,0.0,180.0,0.0,1086.0,724.0,28.0,17.42,D4,23.3,0.51
360.0,0.0,0.0,180.0,0.0,1086.0,724.0,28.0,17.99,D4,26.1,0.59
360.0,0.0,0.0,180.0,0.0,1086.0,724.0,28.0,20.27,D4,23.3,0.65
360.0,0.0,0.0,180.0,0.0,1086.0,724.0,28.0,11.97,D4,24.5,0.54
360.0,0.0,0.0,180.0,0.0,1086.0,724.0,28.0,12.29,D4,26.2,0.64
360.0,0.0,0.0,180.0,0.0,1086.0,724.0,28.0,35.9,D4,23.6,0.51
360.0,0.0,0.0,180.0,0.0,1086.0,724.0,28.0,33.46,D4,26.3,0.6
360.0,0.0,0.0,180.0,0.0,1086.0,724.0,28.0,36.06,D4,26.1,0.63
360.0,0.0,0.0,180.0,0.0,1086.0,724.0,28.0,32.64,D4,24.5,0.58
360.0,0.0,0.0,180.0,0.0,1086.0,724.0,28.0,35.08,D4,27.3,0.72
360.0,0.0,0.0,180.0,0.0,1086.0,724.0,28.0,34.51,D4,25.2,0.58
360.0,0.0,0.0,180.0,0.0,1086.0,724.0,28.0,39.47,D4,27.2,0.57
360.0,0.0,0.0,180.0,0.0,1086.0,724.0,28.0,35.65,D4,28.6,0.61
360.0,0.0,0.0,180.0,0.0,1086.0,724.0,28.0,33.78,D4,24.5,0.56
360.0,0.0,0.0,180.0,0.0,1086.0,724.0,28.0,34.84,D4,26.3,0.53
360.0,0.0,0.0,180.0,0.0,1086.0,724.0,28.0,36.79,D4,23.7,0.55
360.0,0.0,0.0,180.0,0.0,1086.0,724.0,28.0,36.22,D4,22.9,0.64
360.0,0.0,0.0,180.0,0.0,1086.0,724.0,28.0,41.67,D4,24.6,0.58
360.0,0.0,0.0,180.0,0.0,1086.0,724.0,28.0,41.51,D4,22.3,0.69
360.0,0.0,0.0,180.0,0.0,1086.0,724.0,28.0,40.94,D4,23.1,0.58
360.0,0.0,0.0,180.0,0.0,1086.0,724.0,28.0,41.51,D4,26.2,0.64
360.0,0.0,0.0,180.0,0.0,1086.0,724.0,28.0,37.68,D4,24.0,0.63
360.0,0.0,0.0,180.0,0.0,1086.0,724.0,28.0,41.51,D4,26.4,0.58
360.0,0.0,0.0,180.0,0.0,1086.0,724.0,28.0,41.84,D4,25.6,0.56
360.0,0.0,0.0,180.0,0.0,1086.0,724.0,28.0,43.3,D4,28.7,0.51
360.0,0.0,0.0,180.0,0.0,1086.0,724.0,28.0,42.16,D4,26.0,0.63
360.0,0.0,0.0,180.0,0.0,1086.0,724.0,28.0,41.51,D4,27.2,0.66
360.0,0.0,0.0,180.0,0.0,1086.0,724.0,28.0,40.78,D4,25.8,0.52
360.0,0.0,0.0,180.0,0.0,1086.0,724.0,28.0,42.16,D4,25.6,0.58
360.0,0.0,0.0,180.0,0.0,1086.0,724.0,28.0,35.65,D4,27.3,0.57
360.0,0.0,0.0,180.0,0.0,1086.0,724.0,28.0,34.02,D4,26.3,0.63
360.0,0.0,0.0,180.0,0.0,1086.0,724.0,28.0,34.59,D4,25.4,0.58
360.0,0.0,0.0,180.0,0.0,1086.0,724.0,28.0,34.02,D4,25.4,0.67
360.0,0.0,0.0,180.0,0.0,1086.0,724.0,28.0,34.19,D4,26.1,0.58
360.0,0.0,0.0,180.0,0.0,1086.0,724.0,28.0,34.68,D4,23.7,0.54
360.0,0.0,0.0,180.0,0.0,1086.0,724.0,28.0,33.13,D4,23.6,0.58
360.0,0.0,0.0,180.0,0.0,1086.0,724.0,28.0,32.97,D4,27.9,0.58
360.0,0.0,0.0,180.0,0.0,1086.0,724.0,28.0,31.75,D4,28.7,0.63
360.0,0.0,0.0,180.0,0.0,1086.0,724.0,28.0,33.53,D4,23.1,0.58
360.0,0.0,0.0,180.0,0.0,1086.0,724.0,28.0,32.97,D4,23.7,0.62
360.0,0.0,0.0,180.0,0.0,1086.0,724.0,28.0,32.97,D4,27.3,0.56
360.0,0.0,0.0,180.0,0.0,1086.0,724.0,28.0,32.23,D4,26.1,0.59
360.0,0.0,0.0,180.0,0.0,1086.0,724.0,28.0,34.19,D4,26.4,0.56
360.0,0.0,0.0,180.0,0.0,1086.0,724.0,28.0,32.97,D4,26.8,0.56
360.0,0.0,0.0,180.0,0.0,1086.0,724.0,28.0,31.58,D4,24.5,0.66
360.0,0.0,0.0,180.0,0.0,1086.0,724.0,28.0,32.72,D4,25.7,0.56
360.0,0.0,0.0,180.0,0.0,1086.0,724.0,28.0,33.37,D4,25.5,0.58
360.0,0.0,0.0,180.0,0.0,1086.0,724.0,28.0,26.45,D4,23.3,0.65
360.0,0.0,0.0,180.0,0.0,1086.0,724.0,28.0,27.43,D4,25.6,0.64
360.0,0.0,0.0,180.0,0.0,1086.0,724.0,28.0,28.16,D4,27.5,0.68
360.0,0.0,0.0,180.0,0.0,1086.0,724.0,28.0,28.16,D4,24.3,0.62
360.0,0.0,0.0,180.0,0.0,1086.0,724.0,28.0,28.89,D4,25.3,0.57
360.0,0.0,0.0,180.0,0.0,1086.0,724.0,28.0,28.89,D4,25.4,0.7
360.0,0.0,0.0,180.0,0.0,1086.0,724.0,28.0,21.9,D4,24.4,0.63
360.0,0.0,0.0,180.0,0.0,1086.0,724.0,28.0,20.76,D4,26.4,0.59
360.0,0.0,0.0,180.0,0.0,1086.0,724.0,28.0,22.39,D4,23.6,0.6
360.0,0.0,0.0,180.0,0.0,1086.0,724.0,28.0,21.81,D4,27.7,0.61
360.0,0.0,0.0,180.0,0.0,1086.0,724.0,28.0,22.06,D4,26.3,0.59
360.0,0.0,0.0,180.0,0.0,1086.0,724.0,28.0,21.57,D4,23.1,0.53
360.0,0.0,0.0,180.0,0.0,1086.0,724.0,28.0,21.65,D4,28.4,0.68
360.0,0.0,0.0,180.0,0.0,1086.0,724.0,28.0,22.06,D4,25.3,0.6
360.0,0.0,0.0,180.0,0.0,1086.0,724.0,28.0,22.79,D4,23.6,0.61
360.0,0.0,0.0,180.0,0.0,1086.0,724.0,28.0,22.79,D4,27.2,0.7
360.0,0.0,0.0,180.0,0.0,1086.0,724.0,28.0,22.79,D4,26.0,0.57
360.0,0.0,0.0,180.0,0.0,1086.0,724.0,28.0,22.79,D4,21.5,0.63
360.0,0.0,0.0,180.0,0.0,1086.0,724.0,28.0,18.97,D4,23.9,0.56
360.0,0.0,0.0,180.0,0.0,1086.0,724.0,28.0,19.21,D4,25.6,0.62
360.0,0.0,0.0,180.0,0.0,1086.0,724.0,28.0,18.56,D4,20.7,0.61
360.0,0.0,0.0,180.0,0.0,1086.0,724.0,28.0,19.54,D4,25.2,0.64
360.0,0.0,0.0,180.0,0.0,1086.0,724.0,28.0,19.37,D4,25.3,0.66
360.0,0.0,0.0,180.0,0.0,1086.0,724.0,28.0,20.35,D4,22.6,0.57
360.0,0.0,0.0,180.0,0.0,1086.0,724.0,28.0,18.64,D4,25.5,0.67
360.0,0.0,0.0,180.0,0.0,1086.0,724.0,28.0,18.39,D4,25.0,0.67
360.0,0.0,0.0,180.0,0.0,1086.0,724.0,28.0,17.75,D4,22.6,0.59
360.0,0.0,0.0,180.0,0.0,1086.0,724.0,28.0,18.97,D4,26.8,0.6
360.0,0.0,0.0,180.0,0.0,1086.0,724.0,28.0,19.54,D4,26.7,0.58
360.0,0.0,0.0,180.0,0.0,1086.0,724.0,28.0,19.7,D4,24.4,0.58
360.0,0.0,0.0,180.0,0.0,1086.0,724.0,28.0,19.54,D4,24.6,0.54
360.0,0.0,0.0,180.0,0.0,1086.0,724.0,28.0,16.73,D4,26.5,0.64
360.0,0.0,0.0,180.0,0.0,1086.0,724.0,28.0,17.44,D4,24.6,0.5
360.0,0.0,0.0,180.0,0.0,1086.0,724.0,28.0,22.46,D4,21.1,0.57
360.0,0.0,0.0,180.0,0.0,1086.0,724.0,28.0,18.75,D4,26.0,0.6
360.0,0.0,0.0,180.0,0.0,1086.0,724.0,28.0,22.0,D4,23.4,0.66
360.0,0.0,0.0,180.0,0.0,1086.0,724.0,28.0,15.01,D4,24.2,0.57
360.0,0.0,0.0,180.0,0.0,1086.0,724.0,28.0,13.38,D4,27.9,0.62
360.0,0.0,0.0,180.0,0.0,1086.0,724.0,28.0,16.62,D4,24.7,0.6
360.0,0.0,0.0,180.0,0.0,1086.0,724.0,28.0,13.75,D4,25.0,0.65
360.0,0.0,0.0,180.0,0.0,1086.0,724.0,28.0,18.42,D4,26.0,0.62
360.0,0.0,0.0,180.0,0.0,1086.0,724.0,28.0,19.65,D4,26.0,0.64
360.0,0.0,0.0,180.0,0.0,1086.0,724.0,28.0,23.4,D4,23.2,0.57
360.0,0.0,0.0,180.0,0.0,1086.0,724.0,28.0,20.99,D4,24.9,0.55
360.0,0.0,0.0,180.0,0.0,1086.0,724.0,28.0,11.13,D4,25.1,0.62
360.0,0.0,0.0,180.0,0.0,1086.0,724.0,28.0,14.7,D4,25.5,0.58
360.0,0.0,0.0,180.0,0.0,1086.0,724.0,28.0,18.23,D4,25.6,0.6
360.0,0.0,0.0,180.0,0.0,1086.0,724.0,28.0,21.37,D4,30.2,0.62
360.0,0.0,0.0,180.0,0.0,1086.0,724.0,28.0,12.33,D4,22.6,0.66
360.0,0.0,0.0,180.0,0.0,1086.0,724.0,28.0,10.12,D4,27.0,0.64
360.0,0.0,0.0,180.0,0.0,1086.0,724.0,28.0,12.86,D4,27.4,0.57
360.0,0.0,0.0,180.0,0.0,1086.0,724.0,28.0,11.5,D4,26.0,0.54
360.0,0.0,0.0,180.0,0.0,1086.0,724.0,28.0,14.61,D4,23.7,0.69
360.0,0.0,0.0,180.0,0.0,1086.0,724.0,28.0,13.52,D4,28.3,0.52
360.0,0.0,0.0,180.0,0.0,1086.0,724.0,28.0,9.11,D4,20.6,0.58
360.0,0.0,0.0,180.0,0.0,1086.0,724.0,28.0,11.53,D4,23.6,0.63
360.0,0.0,0.0,180.0,0.0,1086.0,724.0,28.0,11.41,D4,27.3,0.68
360.0,0.0,0.0,180.0,0.0,1086.0,724.0,28.0,10.09,D4,24.3,0.59
360.0,0.0,0.0,180.0,0.0,1086.0,724.0,28.0,12.35,D4,28.2,0.6
360.0,0.0,0.0,180.0,0.0,1086.0,724.0,28.0,11.67,D4,22.0,0.56
360.0,0.0,0.0,180.0,0.0,1086.0,724.0,28.0,14.67,D4,22.8,0.61
360.0,0.0,0.0,180.0,0.0,1086.0,724.0,28.0,8.98,D4,23.9,0.54
360.0,0.0,0.0,180.0,0.0,1086.0,724.0,28.0,9.32,D4,25.8,0.56
360.0,0.0,0.0,180.0,0.0,1086.0,724.0,28.0,7.78,D4,24.6,0.64
360.0,0.0,0.0,180.0,0.0,1086.0,724.0,28.0,7.07,D4,24.0,0.58
360.0,0.0,0.0,180.0,0.0,1086.0,724.0,28.0,10.11,D4,27.8,0.65
360.0,0.0,0.0,180.0,0.0,1086.0,724.0,28.0,11.28,D4,28.0,0.59
360.0,0.0,0.0,180.0,0.0,1086.0,724.0,28.0,13.19,D4,24.2,0.53
360.0,0.0,0.0,180.0,0.0,1086.0,724.0,28.0,17.02,D4,21.6,0.66
360.0,0.0,0.0,180.0,0.0,1086.0,724.0,28.0,14.05,D4,20.7,0.53
360.0,0.0,0.0,180.0,0.0,1086.0,724.0,28.0,17.99,D4,25.5,0.57
360.0,0.0,0.0,180.0,0.0,1086.0,724.0,28.0,15.9,D4,26.3,0.59
360.0,0.0,0.0,180.0,0.0,1086.0,724.0,28.0,23.44,D4,25.1,0.65
360.0,0.0,0.0,180.0,0.0,1086.0,724.0,28.0,9.98,D4,24.9,0.57
360.0,0.0,0.0,180.0,0.0,1086.0,724.0,28.0,16.41,D4,23.4,0.55
360.0,0.0,0.0,180.0,0.0,1086.0,724.0,28.0,16.99,D4,26.3,0.61
360.0,0.0,0.0,180.0,0.0,1086.0,724.0,28.0,18.62,D4,28.4,0.59
360.0,0.0,0.0,180.0,0.0,1086.0,724.0,28.0,20.41,D4,20.6,0.58
360.0,0.0,0.0,180.0,0.0,1086.0,724.0,28.0,9.54,D4,24.8,0.61
360.0,0.0,0.0,180.0,0.0,1086.0,724.0,28.0,8.94,D4,23.1,0.54
360.0,0.0,0.0,180.0,0.0,1086.0,724.0,28.0,10.92,D4,22.0,0.51
360.0,0.0,0.0,180.0,0.0,1086.0,724.0,28.0,6.27,D4,22.7,0.71
360.0,0.0,0.0,180.0,0.0,1086.0,724.0,28.0,11.89,D4,25.8,0.61
360.0,0.0,0.0,180.0,0.0,1086.0,724.0,28.0,13.55,D4,25.8,0.61
360.0,0.0,0.0,180.0,0.0,1086.0,724.0,28.0,9.01,D4,27.9,0.56
360.0,0.0,0.0,180.0,0.0,1086.0,724.0,28.0,5.03,D4,25.0,0.64
360.0,0.0,0.0,180.0,0.0,1086.0,724.0,28.0,5.96,D4,21.5,0.57
360.0,0.0,0.0,180.0,0.0,1086.0,724.0,28.0,7.76,D4,24.5,0.46
360.0,0.0,0.0,180.0,0.0,1086.0,724.0,28.0,6.78,D4,22.2,0.57
360.0,0.0,0.0,180.0,0.0,1086.0,724.0,28.0,6.72,D4,22.6,0.59
360.0,0.0,0.0,180.0,0.0,1086.0,724.0,28.0,16.2,D4,26.2,0.59
360.0,0.0,0.0,180.0,0.0,1086.0,724.0,28.0,17.27,D4,25.4,0.59
360.0,0.0,0.0,180.0,0.0,1086.0,724.0,28.0,9.71,D4,26.2,0.57
360.0,0.0,0.0,180.0,0.0,1086.0,724.0,28.0,10.5,D4,24.3,0.56
360.0,0.0,0.0,180.0,0.0,1086.0,724.0,28.0,7.21,D4,26.6,0.59
360.0,0.0,0.0,180.0,0.0,1086.0,724.0,28.0,15.26,D4,24.2,0.52
360.0,0.0,0.0,180.0,0.0,1086.0,724.0,28.0,12.59,D4,27.2,0.5
360.0,0.0,0.0,180.0,0.0,1086.0,724.0,28.0,14.46,D4,25.7,0.6
360.0,0.0,0.0,180.0,0.0,1086.0,724.0,28.0,13.37,D4,24.6,0.61
360.0,0.0,0.0,180.0,0.0,1086.0,724.0,28.0,18.82,D4,25.4,0.64
360.0,0.0,0.0,180.0,0.0,1086.0,724.0,28.0,22.69,D4,25.0,0.59
360.0,0.0,0.0,180.0,0.0,1086.0,724.0,28.0,24.03,D4,28.2,0.54
360.0,0.0,0.0,180.0,0.0,1086.0,724.0,28.0,34.84,D4,25.5,0.5
360.0,0.0,0.0,180.0,0.0,1086.0,724.0,28.0,31.85,D4,25.0,0.56
360.0,0.0,0.0,180.0,0.0,1086.0,724.0,28.0,18.48,D4,24.5,0.62
360.0,0.0,0.0,180.0,0.0,1086.0,724.0,28.0,17.48,D4,26.7,0.67
360.0,0.0,0.0,180.0,0.0,1086.0,724.0,28.0,16.24,D4,26.4,0.6
360.0,0.0,0.0,180.0,0.0,1086.0,724.0,28.0,14.6,D4,24.5,0.54
360.0,0.0,0.0,180.0,0.0,1086.0,724.0,28.0,28.28,D4,22.7,0.56
360.0,0.0,0.0,180.0,0.0,1086.0,724.0,28.0,29.29,D4,23.2,0.56
360.0,0.0,0.0,180.0,0.0,1086.0,724.0,28.0,36.87,D4,24.6,0.58
360.0,0.0,0.0,180.0,0.0,1086.0,724.0,28.0,25.25,D4,27.7,0.66
360.0,0.0,0.0,180.0,0.0,1086.0,724.0,28.0,31.82,D4,24.5,0.66
360.0,0.0,0.0,180.0,0.0,1086.0,724.0,28.0,38.38,D4,23.8,0.59
360.0,0.0,0.0,180.0,0.0,1086.0,724.0,28.0,41.41,D4,21.5,0.61
360.0,0.0,0.0,180.0,0.0,1086.0,724.0,28.0,40.91,D4,28.0,0.56
360.0,0.0,0.0,180.0,0.0,1086.0,724.0,28.0,44.44,D4,26.1,0.51
360.0,0.0,0.0,180.0,0.0,1086.0,724.0,28.0,9.36,D4,26.6,0.69
360.0,0.0,0.0,180.0,0.0,1086.0,724.0,28.0,8.87,D4,26.9,0.48
360.0,0.0,0.0,180.0,0.0,1086.0,724.0,28.0,9.28,D4,24.7,0.51
360.0,0.0,0.0,180.0,0.0,1086.0,724.0,28.0,10.34,D4,25.2,0.69
360.0,0.0,0.0,180.0,0.0,1086.0,724.0,28.0,12.05,D4,28.0,0.6
360.0,0.0,0.0,180.0,0.0,1086.0,724.0,28.0,19.39,D4,25.4,0.54
360.0,0.0,0.0,180.0,0.0,1086.0,724.0,28.0,13.28,D4,26.2,0.63
360.0,0.0,0.0,180.0,0.0,1086.0,724.0,28.0,19.23,D4,26.7,0.64
360.0,0.0,0.0,180.0,0.0,1086.0,724.0,28.0,24.29,D4,26.3,0.53
360.0,0.0,0.0,180.0,0.0,1086.0,724.0,28.0,18.01,D4,24.7,0.57
360.0,0.0,0.0,180.0,0.0,1086.0,724.0,28.0,19.8,D4,24.9,0.64
360.0,0.0,0.0,180.0,0.0,1086.0,724.0,28.0,22.82,D4,26.6,0.56
360.0,0.0,0.0,180.0,0.0,1086.0,724.0,28.0,23.55,D4,26.6,0.61
360.0,0.0,0.0,180.0,0.0,1086.0,724.0,28.0,26.82,D4,27.3,0.67
360.0,0.0,0.0,180.0,0.0,1086.0,724.0,28.0,36.52,D4,26.1,0.48
360.0,0.0,0.0,180.0,0.0,1086.0,724.0,28.0,37.83,D4,26.2,0.58
360.0,0.0,0.0,180.0,0.0,1086.0,724.0,28.0,39.54,D4,24.1,0.61
360.0,0.0,0.0,180.0,0.0,1086.0,724.0,28.0,40.03,D4,23.8,0.51
360.0,0.0,0.0,180.0,0.0,1086.0,724.0,28.0,39.13,D4,26.6,0.57
360.0,0.0,0.0,180.0,0.0,1086.0,724.0,28.0,37.75,D4,23.9,0.65
360.0,0.0,0.0,180.0,0.0,1086.0,724.0,28.0,34.16,D4,25.0,0.56
360.0,0.0,0.0,180.0,0.0,1086.0,724.0,28.0,33.59,D4,27.8,0.53
360.0,0.0,0.0,180.0,0.0,1086.0,724.0,28.0,38.07,D4,27.4,0.66
360.0,0.0,0.0,180.0,0.0,1086.0,724.0,28.0,39.79,D4,25.6,0.62
360.0,0.0,0.0,180.0,0.0,1086.0,724.0,28.0,11.92,D4,24.4,0.6
360.0,0.0,0.0,180.0,0.0,1086.0,724.0,90.0,11.77,D4,24.8,0.6
360.0,0.0,0.0,180.0,0.0,1086.0,724.0,90.0,11.62,D4,26.7,0.65
360.0,0.0,0.0,180.0,0.0,1086.0,724.0,90.0,18.34,D4,24.9,0.61
360.0,0.0,0.0,180.0,0.0,1086.0,724.0,90.0,21.81,D4,23.9,0.63
360.0,0.0,0.0,180.0,0.0,1086.0,724.0,90.0,21.43,D4,27.4,0.57
360.0,0.0,0.0,180.0,0.0,1086.0,724.0,90.0,23.16,D4,25.4,0.5
360.0,0.0,0.0,180.0,0.0,1086.0,724.0,90.0,27.01,D4,23.8,0.63
360.0,0.0,0.0,180.0,0.0,1086.0,724.0,90.0,28.07,D4,26.0,0.66
360.0,0.0,0.0,180.0,0.0,1086.0,724.0,90.0,27.39,D4,26.9,0.59
360.0,0.0,0.0,180.0,0.0,1086.0,724.0,90.0,39.39,D4,23.0,0.64
360.0,0.0,0.0,180.0,0.0,1086.0,724.0,90.0,39.39,D4,24.6,0.58
360.0,0.0,0.0,180.0,0.0,1086.0,724.0,90.0,40.14,D4,24.5,0.6
360.0,0.0,0.0,180.0,0.0,1086.0,724.0,90.0,37.35,D4,25.9,0.69
360.0,0.0,0.0,180.0,0.0,1086.0,724.0,90.0,21.5,D4,26.3,0.59
360.0,0.0,0.0,180.0,0.0,1086.0,724.0,90.0,40.22,D4,23.9,0.58
360.0,0.0,0.0,180.0,0.0,1086.0,724.0,90.0,39.54,D4,22.0,0.51
400.0,0.0,0.0,180.0,0.0,1062.0,708.0,7.0,11.22,D4,27.1,0.63
400.0,0.0,0.0,180.0,0.0,1062.0,708.0,7.0,12.44,D4,22.8,0.56
400.0,0.0,0.0,180.0,0.0,1062.0,708.0,7.0,12.88,D4,25.5,0.61
400.0,0.0,0.0,180.0,0.0,1062.0,708.0,7.0,10.35,D4,24.7,0.58
400.0,0.0,0.0,180.0,0.0,1062.0,708.0,7.0,12.57,D4,25.3,0.58
400.0,0.0,0.0,180.0,0.0,1062.0,708.0,14.0,10.96,D4,28.3,0.59
400.0,0.0,0.0,180.0,0.0,1062.0,708.0,14.0,12.57,D4,31.1,0.6
400.0,0.0,0.0,180.0,0.0,1062.0,708.0,14.0,12.51,D4,21.7,0.66
400.0,0.0,0.0,180.0,0.0,1062.0,708.0,14.0,12.74,D4,27.0,0.68
400.0,0.0,0.0,180.0,0.0,1062.0,708.0,14.0,14.14,D4,24.7,0.63
400.0,0.0,0.0,180.0,0.0,1062.0,708.0,21.0,15.0,D4,27.1,0.66
400.0,0.0,0.0,180.0,0.0,1062.0,708.0,21.0,11.82,D4,26.9,0.64
400.0,0.0,0.0,180.0,0.0,1062.0,708.0,21.0,17.1,D4,27.8,0.62
400.0,0.0,0.0,180.0,0.0,1062.0,708.0,21.0,14.42,D4,25.6,0.67
400.0,0.0,0.0,180.0,0.0,1062.0,708.0,21.0,13.87,D4,23.2,0.53
400.0,0.0,0.0,180.0,0.0,1062.0,708.0,28.0,19.81,D4,26.9,0.57
400.0,0.0,0.0,180.0,0.0,1062.0,708.0,28.0,21.52,D4,25.2,0.56
400.0,0.0,0.0,180.0,0.0,1062.0,708.0,28.0,19.14,D4,24.5,0.58
400.0,0.0,0.0,180.0,0.0,1062.0,708.0,28.0,20.49,D4,24.0,0.63
400.0,0.0,0.0,180.0,0.0,1062.0,708.0,28.0,16.72,D4,27.0,0.54
400.0,0.0,0.0,180.0,0.0,1062.0,708.0,7.0,6.33,D4,28.2,0.63
400.0,0.0,0.0,180.0,0.0,1062.0,708.0,7.0,5.72,D4,22.6,0.57
400.0,0.0,0.0,180.0,0.0,1062.0,708.0,7.0,6.34,D4,26.2,0.58
400.0,0.0,0.0,180.0,0.0,1062.0,708.0,7.0,7.09,D4,24.3,0.61
400.0,0.0,0.0,180.0,0.0,1062.0,708.0,7.0,7.56,D4,22.1,0.68
400.0,0.0,0.0,180.0,0.0,1062.0,708.0,14.0,7.65,D4,25.3,0.56
400.0,0.0,0.0,180.0,0.0,1062.0,708.0,14.0,7.91,D4,23.3,0.6
400.0,0.0,0.0,180.0,0.0,1062.0,708.0,14.0,8.32,D4,21.8,0.55
400.0,0.0,0.0,180.0,0.0,1062.0,708.0,14.0,6.53,D4,23.4,0.56
400.0,0.0,0.0,180.0,0.0,1062.0,708.0,14.0,8.32,D4,22.9,0.55
400.0,0.0,0.0,180.0,0.0,1062.0,708.0,21.0,10.43,D4,23.7,0.61
400.0,0.0,0.0,180.0,0.0,1062.0,708.0,21.0,8.84,D4,22.3,0.62
400.0,0.0,0.0,180.0,0.0,1062.0,708.0,21.0,10.2,D4,24.2,0.63
400.0,0.0,0.0,180.0,0.0,1062.0,708.0,21.0,12.25,D4,23.6,0.56
400.0,0.0,0.0,180.0,0.0,1062.0,708.0,21.0,11.31,D4,25.8,0.63
400.0,0.0,0.0,180.0,0.0,1062.0,708.0,28.0,13.89,D4,26.2,0.61
400.0,0.0,0.0,180.0,0.0,1062.0,708.0,28.0,13.4,D4,25.5,0.6
400.0,0.0,0.0,180.0,0.0,1062.0,708.0,28.0,11.89,D4,24.5,0.54
400.0,0.0,0.0,180.0,0.0,1062.0,708.0,28.0,13.87,D4,24.5,0.61
400.0,0.0,0.0,180.0,0.0,1062.0,708.0,28.0,13.39,D4,23.3,0.61
227.8481012658228,0.0,0.0,180.0,0.0,1165.2911392405065,776.860759493671,7.0,9.22,D4,23.4,0.61
227.8481012658228,0.0,0.0,180.0,0.0,1165.2911392405065,776.860759493671,7.0,10.13,D4,26.4,0.62
227.8481012658228,0.0,0.0,180.0,0.0,1165.2911392405065,776.860759493671,7.0,10.27,D4,21.5,0.63
227.8481012658228,0.0,0.0,180.0,0.0,1165.2911392405065,776.860759493671,28.0,13.57,D4,24.8,0.55
227.8481012658228,0.0,0.0,180.0,0.0,1165.2911392405065,776.860759493671,28.0,13.47,D4,24.4,0.59
227.8481012658228,0.0,0.0,180.0,0.0,1165.2911392405065,776.860759493671,28.0,13.31,D4,26.2,0.63
227.8481012658228,0.0,0.0,180.0,0.0,1165.2911392405065,776.860759493671,90.0,16.17,D4,22.1,0.59
227.8481012658228,0.0,0.0,180.0,0.0,1165.2911392405065,776.860759493671,90.0,15.56,D4,25.0,0.65
227.8481012658228,0.0,0.0,180.0,0.0,1165.2911392405065,776.860759493671,90.0,15.92,D4,25.7,0.6
227.8481012658228,0.0,0.0,180.0,0.0,1165.2911392405065,776.860759493671,7.0,11.4,D4,21.2,0.5
227.8481012658228,0.0,0.0,180.0,0.0,1165.2911392405065,776.860759493671,7.0,11.68,D4,22.9,0.64
227.8481012658228,0.0,0.0,180.0,0.0,1165.2911392405065,776.860759493671,7.0,11.0,D4,24.8,0.59
227.8481012658228,0.0,0.0,180.0,0.0,1165.2911392405065,776.860759493671,28.0,14.0,D4,26.0,0.51
227.8481012658228,0.0,0.0,180.0,0.0,1165.2911392405065,776.860759493671,28.0,13.82,D4,25.4,0.59
227.8481012658228,0.0,0.0,180.0,0.0,1165.2911392405065,776.860759493671,28.0,13.86,D4,26.1,0.54
227.8481012658228,0.0,0.0,180.0,0.0,1165.2911392405065,776.860759493671,90.0,16.03,D4,22.8,0.64
227.8481012658228,0.0,0.0,180.0,0.0,1165.2911392405065,776.860759493671,90.0,15.99,D4,21.8,0.6
227.8481012658228,0.0,0.0,180.0,0.0,1165.2911392405065,776.860759493671,90.0,16.31,D4,25.2,0.55
243.24324324324328,0.0,0.0,180.0,0.0,1156.054054054054,770.7027027027027,7.0,13.53,D4,22.5,0.64
243.24324324324328,0.0,0.0,180.0,0.0,1156.054054054054,770.7027027027027,7.0,13.57,D4,23.3,0.62
243.24324324324328,0.0,0.0,180.0,0.0,1156.054054054054,770.7027027027027,7.0,13.86,D4,26.9,0.59
243.24324324324328,0.0,0.0,180.0,0.0,1156.054054054054,770.7027027027027,28.0,16.6,D4,25.4,0.54
243.24324324324328,0.0,0.0,180.0,0.0,1156.054054054054,770.7027027027027,28.0,16.28,D4,23.9,0.56
243.24324324324328,0.0,0.0,180.0,0.0,1156.054054054054,770.7027027027027,28.0,16.71,D4,23.6,0.56
243.24324324324328,0.0,0.0,180.0,0.0,1156.054054054054,770.7027027027027,90.0,18.92,D4,26.2,0.64
243.24324324324328,0.0,0.0,180.0,0.0,1156.054054054054,770.7027027027027,90.0,17.36,D4,25.4,0.52
243.24324324324328,0.0,0.0,180.0,0.0,1156.054054054054,770.7027027027027,90.0,18.81,D4,22.6,0.6
243.24324324324328,0.0,0.0,180.0,0.0,1156.054054054054,770.7027027027027,7.0,10.78,D4,21.1,0.59
243.24324324324328,0.0,0.0,180.0,0.0,1156.054054054054,770.7027027027027,7.0,10.6,D4,28.8,0.65
243.24324324324328,0.0,0.0,180.0,0.0,1156.054054054054,770.7027027027027,7.0,10.78,D4,22.6,0.61
243.24324324324328,0.0,0.0,180.0,0.0,1156.054054054054,770.7027027027027,28.0,13.31,D4,26.1,0.63
243.24324324324328,0.0,0.0,180.0,0.0,1156.054054054054,770.7027027027027,28.0,13.75,D4,28.0,0.57
243.24324324324328,0.0,0.0,180.0,0.0,1156.054054054054,770.7027027027027,28.0,12.91,D4,25.3,0.54
243.24324324324328,0.0,0.0,180.0,0.0,1156.054054054054,770.7027027027027,90.0,13.93,D4,23.8,0.58
243.24324324324328,0.0,0.0,180.0,0.0,1156.054054054054,770.7027027027027,90.0,14.25,D4,22.1,0.64
243.24324324324328,0.0,0.0,180.0,0.0,1156.054054054054,770.7027027027027,90.0,14.14,D4,22.1,0.64
260.8695652173913,0.0,0.0,180.0,0.0,1145.478260869565,763.6521739130435,7.0,11.5,D4,25.8,0.58
260.8695652173913,0.0,0.0,180.0,0.0,1145.478260869565,763.6521739130435,7.0,11.79,D4,27.9,0.56
260.8695652173913,0.0,0.0,180.0,0.0,1145.478260869565,763.6521739130435,7.0,11.47,D4,24.2,0.55
260.8695652173913,0.0,0.0,180.0,0.0,1145.478260869565,763.6521739130435,28.0,14.07,D4,23.9,0.59
260.8695652173913,0.0,0.0,180.0,0.0,1145.478260869565,763.6521739130435,28.0,13.86,D4,26.4,0.61
260.8695652173913,0.0,0.0,180.0,0.0,1145.478260869565,763.6521739130435,28.0,13.31,D4,23.6,0.67
260.8695652173913,0.0,0.0,180.0,0.0,1145.478260869565,763.6521739130435,90.0,16.13,D4,25.5,0.61
260.8695652173913,0.0,0.0,180.0,0.0,1145.478260869565,763.6521739130435,90.0,17.04,D4,25.1,0.63
260.8695652173913,0.0,0.0,180.0,0.0,1145.478260869565,763.6521739130435,90.0,15.52,D4,24.2,0.56
260.8695652173913,0.0,0.0,180.0,0.0,1145.478260869565,763.6521739130435,7.0,11.68,D4,25.0,0.6
260.8695652173913,0.0,0.0,180.0,0.0,1145.478260869565,763.6521739130435,7.0,11.47,D4,28.5,0.61
260.8695652173913,0.0,0.0,180.0,0.0,1145.478260869565,763.6521739130435,7.0,12.05,D4,26.2,0.59
260.8695652173913,0.0,0.0,180.0,0.0,1145.478260869565,763.6521739130435,28.0,15.05,D4,27.2,0.6
260.8695652173913,0.0,0.0,180.0,0.0,1145.478260869565,763.6521739130435,28.0,14.94,D4,23.2,0.61
260.8695652173913,0.0,0.0,180.0,0.0,1145.478260869565,763.6521739130435,28.0,15.08,D4,27.2,0.62
260.8695652173913,0.0,0.0,180.0,0.0,1145.478260869565,763.6521739130435,90.0,15.37,D4,26.3,0.66
260.8695652173913,0.0,0.0,180.0,0.0,1145.478260869565,763.6521739130435,90.0,16.06,D4,22.0,0.49
260.8695652173913,0.0,0.0,180.0,0.0,1145.478260869565,763.6521739130435,90.0,16.68,D4,26.1,0.66
276.9230769230769,0.0,0.0,180.0,0.0,1135.8461538461536,757.2307692307692,7.0,15.34,D4,24.0,0.51
276.9230769230769,0.0,0.0,180.0,0.0,1135.8461538461536,757.2307692307692,7.0,15.34,D4,21.9,0.62
276.9230769230769,0.0,0.0,180.0,0.0,1135.8461538461536,757.2307692307692,7.0,15.77,D4,25.3,0.72
276.9230769230769,0.0,0.0,180.0,0.0,1135.8461538461536,757.2307692307692,28.0,18.38,D4,26.1,0.6
276.9230769230769,0.0,0.0,180.0,0.0,1135.8461538461536,757.2307692307692,28.0,19.03,D4,25.3,0.61
276.9230769230769,0.0,0.0,180.0,0.0,1135.8461538461536,757.2307692307692,28.0,18.63,D4,24.8,0.58
276.9230769230769,0.0,0.0,180.0,0.0,1135.8461538461536,757.2307692307692,90.0,20.29,D4,24.3,0.63
276.9230769230769,0.0,0.0,180.0,0.0,1135.8461538461536,757.2307692307692,90.0,20.58,D4,29.9,0.62
276.9230769230769,0.0,0.0,180.0,0.0,1135.8461538461536,757.2307692307692,90.0,20.37,D4,22.6,0.57
276.9230769230769,0.0,0.0,180.0,0.0,1135.8461538461536,757.2307692307692,7.0,13.28,D4,26.7,0.59
276.9230769230769,0.0,0.0,180.0,0.0,1135.8461538461536,757.2307692307692,7.0,12.48,D4,25.0,0.54
276.9230769230769,0.0,0.0,180.0,0.0,1135.8461538461536,757.2307692307692,7.0,12.34,D4,23.3,0.59
276.9230769230769,0.0,0.0,180.0,0.0,1135.8461538461536,757.2307692307692,28.0,17.15,D4,24.9,0.58
276.9230769230769,0.0,0.0,180.0,0.0,1135.8461538461536,757.2307692307692,28.0,16.71,D4,22.2,0.61
276.9230769230769,0.0,0.0,180.0,0.0,1135.8461538461536,757.2307692307692,28.0,16.46,D4,23.8,0.56
276.9230769230769,0.0,0.0,180.0,0.0,1135.8461538461536,757.2307692307692,90.0,18.7,D4,24.9,0.59
276.9230769230769,0.0,0.0,180.0,0.0,1135.8461538461536,757.2307692307692,90.0,18.81,D4,21.9,0.6
276.9230769230769,0.0,0.0,180.0,0.0,1135.8461538461536,757.2307692307692,90.0,19.17,D4,26.0,0.6
295.08196721311475,0.0,0.0,180.0,0.0,1124.950819672131,749.9672131147541,7.0,14.62,D4,23.1,0.61
295.08196721311475,0.0,0.0,180.0,0.0,1124.950819672131,749.9672131147541,7.0,15.12,D4,22.1,0.59
295.08196721311475,0.0,0.0,180.0,0.0,1124.950819672131,749.9672131147541,7.0,13.93,D4,22.8,0.56
295.08196721311475,0.0,0.0,180.0,0.0,1124.950819672131,749.9672131147541,28.0,16.75,D4,29.4,0.6
295.08196721311475,0.0,0.0,180.0,0.0,1124.950819672131,749.9672131147541,28.0,17.44,D4,21.0,0.59
295.08196721311475,0.0,0.0,180.0,0.0,1124.950819672131,749.9672131147541,28.0,16.46,D4,25.9,0.65
295.08196721311475,0.0,0.0,180.0,0.0,1124.950819672131,749.9672131147541,90.0,19.28,D4,23.5,0.66
295.08196721311475,0.0,0.0,180.0,0.0,1124.950819672131,749.9672131147541,90.0,19.5,D4,24.3,0.53
295.08196721311475,0.0,0.0,180.0,0.0,1124.950819672131,749.9672131147541,90.0,19.64,D4,26.2,0.63
295.08196721311475,0.0,0.0,180.0,0.0,1124.950819672131,749.9672131147541,7.0,14.43,D4,26.1,0.64
295.08196721311475,0.0,0.0,180.0,0.0,1124.950819672131,749.9672131147541,7.0,14.11,D4,23.6,0.53
295.08196721311475,0.0,0.0,180.0,0.0,1124.950819672131,749.9672131147541,7.0,14.25,D4,22.3,0.63
295.08196721311475,0.0,0.0,180.0,0.0,1124.950819672131,749.9672131147541,28.0,17.69,D4,26.2,0.64
295.08196721311475,0.0,0.0,180.0,0.0,1124.950819672131,749.9672131147541,28.0,17.54,D4,26.1,0.55
295.08196721311475,0.0,0.0,180.0,0.0,1124.950819672131,749.9672131147541,28.0,17.8,D4,24.4,0.59
295.08196721311475,0.0,0.0,180.0,0.0,1124.950819672131,749.9672131147541,90.0,17.73,D4,25.9,0.61
295.08196721311475,0.0,0.0,180.0,0.0,1124.950819672131,749.9672131147541,90.0,18.81,D4,24.1,0.63
295.08196721311475,0.0,0.0,180.0,0.0,1124.950819672131,749.9672131147541,90.0,18.49,D4,23.3,0.55
310.3448275862069,0.0,0.0,180.0,0.0,1115.7931034482758,743.8620689655172,7.0,14.98,D4,25.0,0.66
310.3448275862069,0.0,0.0,180.0,0.0,1115.7931034482758,743.8620689655172,7.0,15.23,D4,26.0,0.5
310.3448275862069,0.0,0.0,180.0,0.0,1115.7931034482758,743.8620689655172,7.0,15.3,D4,25.6,0.67
310.3448275862069,0.0,0.0,180.0,0.0,1115.7931034482758,743.8620689655172,28.0,17.22,D4,26.0,0.63
310.3448275862069,0.0,0.0,180.0,0.0,1115.7931034482758,743.8620689655172,28.0,17.04,D4,23.5,0.57
310.3448275862069,0.0,0.0,180.0,0.0,1115.7931034482758,743.8620689655172,28.0,22.86,D4,28.2,0.64
310.3448275862069,0.0,0.0,180.0,0.0,1115.7931034482758,743.8620689655172,90.0,20.19,D4,24.3,0.55
310.3448275862069,0.0,0.0,180.0,0.0,1115.7931034482758,743.8620689655172,90.0,19.0,D4,24.8,0.61
310.3448275862069,0.0,0.0,180.0,0.0,1115.7931034482758,743.8620689655172,90.0,20.51,D4,22.4,0.61
310.3448275862069,0.0,0.0,180.0,0.0,1115.7931034482758,743.8620689655172,7.0,17.69,D4,24.6,0.61
310.3448275862069,0.0,0.0,180.0,0.0,1115.7931034482758,743.8620689655172,7.0,18.34,D4,26.1,0.56
310.3448275862069,0.0,0.0,180.0,0.0,1115.7931034482758,743.8620689655172,7.0,18.34,D4,26.5,0.58
310.3448275862069,0.0,0.0,180.0,0.0,1115.7931034482758,743.8620689655172,28.0,22.03,D4,28.1,0.61
310.3448275862069,0.0,0.0,180.0,0.0,1115.7931034482758,743.8620689655172,28.0,20.51,D4,26.0,0.56
310.3448275862069,0.0,0.0,180.0,0.0,1115.7931034482758,743.8620689655172,28.0,21.2,D4,25.6,0.61
310.3448275862069,0.0,0.0,180.0,0.0,1115.7931034482758,743.8620689655172,90.0,23.8,D4,24.1,0.57
310.3448275862069,0.0,0.0,180.0,0.0,1115.7931034482758,743.8620689655172,90.0,23.98,D4,23.7,0.65
310.3448275862069,0.0,0.0,180.0,0.0,1115.7931034482758,743.8620689655172,90.0,23.44,D4,26.9,0.68
333.3333333333333,0.0,0.0,180.0,0.0,1102.0,734.6666666666667,7.0,19.05,D4,26.9,0.59
333.3333333333333,0.0,0.0,180.0,0.0,1102.0,734.6666666666667,7.0,19.03,D4,22.8,0.65
333.3333333333333,0.0,0.0,180.0,0.0,1102.0,734.6666666666667,7.0,19.29,D4,26.4,0.59
333.3333333333333,0.0,0.0,180.0,0.0,1102.0,734.6666666666667,28.0,21.87,D4,26.3,0.55
333.3333333333333,0.0,0.0,180.0,0.0,1102.0,734.6666666666667,28.0,22.5,D4,22.8,0.58
333.3333333333333,0.0,0.0,180.0,0.0,1102.0,734.6666666666667,28.0,23.33,D4,26.1,0.6
333.3333333333333,0.0,0.0,180.0,0.0,1102.0,734.6666666666667,90.0,23.44,D4,22.9,0.51
333.3333333333333,0.0,0.0,180.0,0.0,1102.0,734.6666666666667,90.0,22.72,D4,20.1,0.63
333.3333333333333,0.0,0.0,180.0,0.0,1102.0,734.6666666666667,90.0,22.9,D4,24.7,0.6
333.3333333333333,0.0,0.0,180.0,0.0,1102.0,734.6666666666667,7.0,18.67,D4,25.5,0.65
333.3333333333333,0.0,0.0,180.0,0.0,1102.0,734.6666666666667,7.0,18.45,D4,24.8,0.63
333.3333333333333,0.0,0.0,180.0,0.0,1102.0,734.6666666666667,7.0,19.03,D4,30.7,0.61
333.3333333333333,0.0,0.0,180.0,0.0,1102.0,734.6666666666667,28.0,23.77,D4,25.8,0.58
333.3333333333333,0.0,0.0,180.0,0.0,1102.0,734.6666666666667,28.0,23.26,D4,25.3,0.68
333.3333333333333,0.0,0.0,180.0,0.0,1102.0,734.6666666666667,28.0,22.86,D4,25.9,0.71
333.3333333333333,0.0,0.0,180.0,0.0,1102.0,734.6666666666667,90.0,24.78,D4,24.1,0.58
333.3333333333333,0.0,0.0,180.0,0.0,1102.0,734.6666666666667,90.0,25.29,D4,26.9,0.65
333.3333333333333,0.0,0.0,180.0,0.0,1102.0,734.6666666666667,90.0,25.4,D4,25.7,0.56
360.0,0.0,0.0,180.0,0.0,1086.0,724.0,7.0,23.33,D4,25.6,0.57
360.0,0.0,0.0,180.0,0.0,1086.0,724.0,7.0,22.72,D4,23.8,0.58
360.0,0.0,0.0,180.0,0.0,1086.0,724.0,7.0,22.25,D4,21.9,0.63
360.0,0.0,0.0,180.0,0.0,1086.0,724.0,28.0,26.19,D4,24.0,0.55
360.0,0.0,0.0,180.0,0.0,1086.0,724.0,28.0,26.73,D4,25.6,0.68
360.0,0.0,0.0,180.0,0.0,1086.0,724.0,28.0,26.12,D4,24.1,0.65
360.0,0.0,0.0,180.0,0.0,1086.0,724.0,90.0,29.16,D4,25.6,0.63
360.0,0.0,0.0,180.0,0.0,1086.0,724.0,90.0,28.87,D4,24.5,0.59
360.0,0.0,0.0,180.0,0.0,1086.0,724.0,90.0,28.29,D4,25.9,0.64
360.0,0.0,0.0,180.0,0.0,1086.0,724.0,7.0,17.65,D4,23.0,0.45
360.0,0.0,0.0,180.0,0.0,1086.0,724.0,7.0,17.98,D4,25.4,0.62
360.0,0.0,0.0,180.0,0.0,1086.0,724.0,7.0,17.69,D4,23.7,0.61
360.0,0.0,0.0,180.0,0.0,1086.0,724.0,28.0,21.74,D4,21.9,0.51
360.0,0.0,0.0,180.0,0.0,1086.0,724.0,28.0,21.38,D4,24.7,0.62
360.0,0.0,0.0,180.0,0.0,1086.0,724.0,28.0,21.42,D4,28.1,0.63
360.0,0.0,0.0,180.0,0.0,1086.0,724.0,90.0,26.84,D4,22.1,0.51
360.0,0.0,0.0,180.0,0.0,1086.0,724.0,90.0,26.73,D4,25.2,0.54
360.0,0.0,0.0,180.0,0.0,1086.0,724.0,90.0,26.34,D4,26.6,0.7
360.0,0.0,0.0,180.0,0.0,1086.0,724.0,7.0,18.05,D4,29.6,0.59
360.0,0.0,0.0,180.0,0.0,1086.0,724.0,7.0,17.69,D4,24.0,0.65
360.0,0.0,0.0,180.0,0.0,1086.0,724.0,7.0,18.27,D4,23.7,0.66
400.0,0.0,0.0,180.0,0.0,1062.0,708.0,28.0,23.51,D4,22.7,0.62
400.0,0.0,0.0,180.0,0.0,1062.0,708.0,28.0,22.94,D4,27.3,0.65
400.0,0.0,0.0,180.0,0.0,1062.0,708.0,28.0,21.99,D4,23.3,0.49
400.0,0.0,0.0,180.0,0.0,1062.0,708.0,90.0,23.59,D4,24.3,0.59
400.0,0.0,0.0,180.0,0.0,1062.0,708.0,90.0,24.02,D4,21.3,0.45
400.0,0.0,0.0,180.0,0.0,1062.0,708.0,90.0,23.95,D4,26.8,0.51
400.0,0.0,0.0,180.0,0.0,1062.0,708.0,7.0,22.65,D4,27.3,0.57
400.0,0.0,0.0,180.0,0.0,1062.0,708.0,7.0,22.75,D4,26.7,0.57
400.0,0.0,0.0,180.0,0.0,1062.0,708.0,7.0,23.04,D4,21.8,0.6
400.0,0.0,0.0,180.0,0.0,1062.0,708.0,28.0,27.86,D4,26.2,0.6
400.0,0.0,0.0,180.0,0.0,1062.0,708.0,28.0,26.63,D4,21.7,0.61
400.0,0.0,0.0,180.0,0.0,1062.0,708.0,28.0,28.54,D4,25.1,0.61
400.0,0.0,0.0,180.0,0.0,1062.0,708.0,90.0,28.33,D4,25.4,0.62
400.0,0.0,0.0,180.0,0.0,1062.0,708.0,90.0,27.17,D4,25.6,0.55
400.0,0.0,0.0,180.0,0.0,1062.0,708.0,90.0,28.51,D4,26.1,0.56
428.5714285714286,0.0,0.0,180.0,0.0,1044.857142857143,696.5714285714286,7.0,24.13,D4,25.0,0.6
428.5714285714286,0.0,0.0,180.0,0.0,1044.857142857143,696.5714285714286,7.0,25.02,D4,21.1,0.6
428.5714285714286,0.0,0.0,180.0,0.0,1044.857142857143,696.5714285714286,7.0,23.95,D4,26.1,0.55
428.5714285714286,0.0,0.0,180.0,0.0,1044.857142857143,696.5714285714286,28.0,29.95,D4,25.2,0.65
428.5714285714286,0.0,0.0,180.0,0.0,1044.857142857143,696.5714285714286,28.0,30.46,D4,23.2,0.64
428.5714285714286,0.0,0.0,180.0,0.0,1044.857142857143,696.5714285714286,28.0,30.06,D4,21.9,0.56
428.5714285714286,0.0,0.0,180.0,0.0,1044.857142857143,696.5714285714286,90.0,31.36,D4,28.1,0.59
428.5714285714286,0.0,0.0,180.0,0.0,1044.857142857143,696.5714285714286,90.0,30.86,D4,27.5,0.7
428.5714285714286,0.0,0.0,180.0,0.0,1044.857142857143,696.5714285714286,90.0,31.51,D4,26.4,0.61
428.5714285714286,0.0,0.0,180.0,0.0,1044.857142857143,696.5714285714286,7.0,25.03,D4,23.6,0.62
428.5714285714286,0.0,0.0,180.0,0.0,1044.857142857143,696.5714285714286,7.0,25.4,D4,20.0,0.57
428.5714285714286,0.0,0.0,180.0,0.0,1044.857142857143,696.5714285714286,7.0,24.96,D4,26.5,0.58
428.5714285714286,0.0,0.0,180.0,0.0,1044.857142857143,696.5714285714286,28.0,31.54,D4,25.7,0.68
428.5714285714286,0.0,0.0,180.0,0.0,1044.857142857143,696.5714285714286,28.0,28.72,D4,24.3,0.61
428.5714285714286,0.0,0.0,180.0,0.0,1044.857142857143,696.5714285714286,28.0,30.1,D4,27.2,0.6
428.5714285714286,0.0,0.0,180.0,0.0,1044.857142857143,696.5714285714286,90.0,30.35,D4,26.7,0.6
428.5714285714286,0.0,0.0,180.0,0.0,1044.857142857143,696.5714285714286,90.0,30.53,D4,25.4,0.73
428.5714285714286,0.0,0.0,180.0,0.0,1044.857142857143,696.5714285714286,90.0,31.4,D4,25.1,0.6
360.0,0.0,0.0,180.0,0.0,1086.0,724.0,28.0,13.47,D4,25.1,0.56
360.0,0.0,0.0,180.0,0.0,1086.0,724.0,28.0,13.91,D4,26.4,0.57
360.0,0.0,0.0,180.0,0.0,1086.0,724.0,28.0,15.65,D4,23.3,0.64
360.0,0.0,0.0,180.0,0.0,1086.0,724.0,28.0,13.77,D4,25.9,0.53
360.0,0.0,0.0,180.0,0.0,1086.0,724.0,28.0,17.55,D4,23.2,0.62
360.0,0.0,0.0,180.0,0.0,1086.0,724.0,28.0,18.54,D4,27.7,0.56
360.0,0.0,0.0,180.0,0.0,1086.0,724.0,28.0,18.57,D4,26.1,0.51
360.0,0.0,0.0,180.0,0.0,1086.0,724.0,28.0,18.82,D4,23.6,0.55
360.0,0.0,0.0,180.0,0.0,1086.0,724.0,28.0,18.02,D4,25.2,0.6
360.0,0.0,0.0,180.0,0.0,1086.0,724.0,28.0,22.64,D4,23.3,0.67
360.0,0.0,0.0,180.0,0.0,1086.0,724.0,28.0,23.76,D4,28.0,0.65
360.0,0.0,0.0,180.0,0.0,1086.0,724.0,28.0,23.57,D4,28.2,0.59
360.0,0.0,0.0,180.0,0.0,1086.0,724.0,28.0,18.42,D4,26.4,0.65
360.0,0.0,0.0,180.0,0.0,1086.0,724.0,28.0,17.41,D4,28.1,0.58
360.0,0.0,0.0,180.0,0.0,1086.0,724.0,28.0,19.37,D4,25.3,0.53
360.0,0.0,0.0,180.0,0.0,1086.0,724.0,28.0,20.24,D4,26.5,0.6
360.0,0.0,0.0,180.0,0.0,1086.0,724.0,28.0,21.46,D4,27.4,0.52
360.0,0.0,0.0,180.0,0.0,1086.0,724.0,28.0,20.15,D4,25.0,0.64
360.0,0.0,0.0,180.0,0.0,1086.0,724.0,28.0,22.2,D4,25.1,0.64
360.0,0.0,0.0,180.0,0.0,1086.0,724.0,28.0,25.18,D4,26.9,0.56
360.0,0.0,0.0,180.0,0.0,1086.0,724.0,28.0,24.37,D4,26.3,0.61
360.0,0.0,0.0,180.0,0.0,1086.0,724.0,28.0,23.06,D4,23.5,0.61
360.0,0.0,0.0,180.0,0.0,1086.0,724.0,28.0,25.65,D4,20.6,0.64
360.0,0.0,0.0,180.0,0.0,1086.0,724.0,28.0,26.7,D4,24.6,0.54
360.0,0.0,0.0,180.0,0.0,1086.0,724.0,28.0,17.91,D4,20.8,0.63
360.0,0.0,0.0,180.0,0.0,1086.0,724.0,28.0,18.42,D4,23.0,0.53
360.0,0.0,0.0,180.0,0.0,1086.0,724.0,28.0,21.57,D4,23.3,0.64
360.0,0.0,0.0,180.0,0.0,1086.0,724.0,28.0,23.86,D4,23.9,0.65
360.0,0.0,0.0,180.0,0.0,1086.0,724.0,28.0,24.59,D4,26.6,0.57
360.0,0.0,0.0,180.0,0.0,1086.0,724.0,28.0,26.79,D4,27.1,0.66
360.0,0.0,0.0,180.0,0.0,1086.0,724.0,28.0,27.2,D4,26.0,0.52
360.0,0.0,0.0,180.0,0.0,1086.0,724.0,28.0,29.71,D4,26.3,0.65
360.0,0.0,0.0,180.0,0.0,1086.0,724.0,28.0,30.5,D4,26.3,0.67
360.0,0.0,0.0,180.0,0.0,1086.0,724.0,28.0,32.05,D4,20.0,0.62
360.0,0.0,0.0,180.0,0.0,1086.0,724.0,28.0,31.51,D4,25.0,0.59
360.0,0.0,0.0,180.0,0.0,1086.0,724.0,2557.0,20.25,D4,21.4,0.62
360.0,0.0,0.0,180.0,0.0,1086.0,724.0,2557.0,24.32,D4,26.0,0.57
360.0,0.0,0.0,180.0,0.0,1086.0,724.0,2557.0,21.91,D4,20.8,0.73
360.0,0.0,0.0,180.0,0.0,1086.0,724.0,2557.0,26.23,D4,24.6,0.57
360.0,0.0,0.0,180.0,0.0,1086.0,724.0,2557.0,24.65,D4,26.1,0.67
360.0,0.0,0.0,180.0,0.0,1086.0,724.0,2557.0,20.42,D4,22.8,0.56
360.0,0.0,0.0,180.0,0.0,1086.0,724.0,2557.0,27.22,D4,26.9,0.68
360.0,0.0,0.0,180.0,0.0,1086.0,724.0,2557.0,31.54,D4,26.0,0.7
360.0,0.0,0.0,180.0,0.0,1086.0,724.0,2557.0,24.98,D4,25.8,0.62
360.0,0.0,0.0,180.0,0.0,1086.0,724.0,2557.0,16.27,D4,26.4,0.61
360.0,0.0,0.0,180.0,0.0,1086.0,724.0,2557.0,29.88,D4,24.3,0.55
360.0,0.0,0.0,180.0,0.0,1086.0,724.0,2557.0,20.83,D4,25.3,0.55
360.0,0.0,0.0,180.0,0.0,1086.0,724.0,2557.0,26.89,D4,25.0,0.61
360.0,0.0,0.0,180.0,0.0,1086.0,724.0,2557.0,24.4,D4,25.0,0.67
360.0,0.0,0.0,180.0,0.0,1086.0,724.0,2557.0,22.83,D4,23.7,0.57
360.0,0.0,0.0,180.0,0.0,1086.0,724.0,2557.0,23.24,D4,22.5,0.71
360.0,0.0,0.0,180.0,0.0,1086.0,724.0,2557.0,17.76,D4,24.3,0.57
360.0,0.0,0.0,180.0,0.0,1086.0,724.0,8766.0,39.01,D4,24.2,0.61
360.0,0.0,0.0,180.0,0.0,1086.0,724.0,8766.0,30.88,D4,23.5,0.61
360.0,0.0,0.0,180.0,0.0,1086.0,724.0,8766.0,27.39,D4,26.7,0.59
360.0,0.0,0.0,180.0,0.0,1086.0,724.0,8766.0,26.23,D4,22.7,0.5
360.0,0.0,0.0,180.0,0.0,1086.0,724.0,8766.0,30.79,D4,24.7,0.57
360.0,0.0,0.0,180.0,0.0,1086.0,724.0,8766.0,30.3,D4,27.3,0.61
360.0,0.0,0.0,180.0,0.0,1086.0,724.0,8766.0,35.03,D4,26.8,0.6
360.0,0.0,0.0,180.0,0.0,1086.0,724.0,8766.0,24.73,D4,27.4,0.63
360.0,0.0,0.0,180.0,0.0,1086.0,724.0,8766.0,20.42,D4,23.8,0.64
360.0,0.0,0.0,180.0,0.0,1086.0,724.0,8766.0,19.17,D4,26.6,0.59
360.0,0.0,0.0,180.0,0.0,1086.0,724.0,8766.0,28.14,D4,22.9,0.55
360.0,0.0,0.0,180.0,0.0,1086.0,724.0,8766.0,19.75,D4,24.4,0.68
360.0,0.0,0.0,180.0,0.0,1086.0,724.0,8766.0,25.98,D4,24.6,0.53
360.0,0.0,0.0,180.0,0.0,1086.0,724.0,8766.0,20.42,D4,23.8,0.57
360.0,0.0,0.0,180.0,0.0,1086.0,724.0,8766.0,29.8,D4,24.3,0.56
360.0,0.0,0.0,180.0,0.0,1086.0,724.0,8766.0,32.29,D4,24.0,0.64
360.0,0.0,0.0,180.0,0.0,1086.0,724.0,8766.0,27.56,D4,23.0,0.67
360.0,0.0,0.0,180.0,0.0,1086.0,724.0,8766.0,24.07,D4,26.7,0.59
360.0,0.0,0.0,180.0,0.0,1086.0,724.0,8766.0,22.24,D4,24.6,0.61
360.0,0.0,0.0,180.0,0.0,1086.0,724.0,8766.0,27.31,D4,25.4,0.62
360.0,0.0,0.0,180.0,0.0,1086.0,724.0,8766.0,23.41,D4,25.3,0.69
360.0,0.0,0.0,180.0,0.0,1086.0,724.0,8766.0,21.08,D4,25.1,0.51
360.0,0.0,0.0,180.0,0.0,1086.0,724.0,88.0,34.15,D4,25.2,0.64
360.0,0.0,0.0,180.0,0.0,1086.0,724.0,88.0,31.32,D4,24.4,0.62
360.0,0.0,0.0,180.0,0.0,1086.0,724.0,88.0,27.81,D4,27.8,0.58
360.0,0.0,0.0,180.0,0.0,1086.0,724.0,88.0,30.41,D4,26.5,0.62
360.0,0.0,0.0,180.0,0.0,1086.0,724.0,88.0,28.05,D4,25.0,0.64
360.0,0.0,0.0,180.0,0.0,1086.0,724.0,88.0,30.13,D4,24.1,0.63
360.0,0.0,0.0,180.0,0.0,1086.0,724.0,88.0,25.56,D4,24.8,0.71
360.0,0.0,0.0,180.0,0.0,1086.0,724.0,88.0,26.79,D4,25.8,0.61
360.0,0.0,0.0,180.0,0.0,1086.0,724.0,88.0,15.27,D4,28.0,0.6
720.0,0.0,0.0,180.0,0.0,870.0,580.0,116.0,47.93,D4,22.3,0.59
720.0,0.0,0.0,180.0,0.0,870.0,580.0,116.0,47.31,D4,26.3,0.63
720.0,0.0,0.0,180.0,0.0,870.0,580.0,116.0,42.13,D4,27.3,0.6
720.0,0.0,0.0,180.0,0.0,870.0,580.0,116.0,42.51,D4,22.0,0.6
720.0,0.0,0.0,180.0,0.0,870.0,580.0,116.0,40.89,D4,24.6,0.6
720.0,0.0,0.0,180.0,0.0,870.0,580.0,116.0,40.69,D4,22.9,0.59
720.0,0.0,0.0,180.0,0.0,870.0,580.0,116.0,36.91,D4,25.9,0.57
720.0,0.0,0.0,180.0,0.0,870.0,580.0,116.0,30.15,D4,24.3,0.62
720.0,0.0,0.0,180.0,0.0,870.0,580.0,116.0,23.58,D4,24.7,0.59
360.0,0.0,0.0,180.0,0.0,1086.0,724.0,28.0,27.64,D4,24.2,0.63
360.0,0.0,0.0,180.0,0.0,1086.0,724.0,28.0,28.64,D4,26.4,0.61
360.0,0.0,0.0,180.0,0.0,1086.0,724.0,28.0,28.97,D4,25.5,0.58
360.0,0.0,0.0,180.0,0.0,1086.0,724.0,244.0,31.87,D4,25.5,0.68
360.0,0.0,0.0,180.0,0.0,1086.0,724.0,244.0,32.62,D4,25.3,0.59
360.0,0.0,0.0,180.0,0.0,1086.0,724.0,244.0,32.62,D4,26.1,0.63
360.0,0.0,0.0,180.0,0.0,1086.0,724.0,280.0,32.29,D4,24.5,0.57
360.0,0.0,0.0,180.0,0.0,1086.0,724.0,280.0,32.45,D4,28.4,0.5
360.0,0.0,0.0,180.0,0.0,1086.0,724.0,280.0,33.45,D4,22.5,0.57
360.0,0.0,0.0,180.0,0.0,1086.0,724.0,293.0,32.79,D4,21.5,0.49
360.0,0.0,0.0,180.0,0.0,1086.0,724.0,293.0,33.62,D4,21.4,0.59
360.0,0.0,0.0,180.0,0.0,1086.0,724.0,293.0,33.62,D4,20.8,0.67
360.0,0.0,0.0,180.0,0.0,1086.0,724.0,342.0,33.03,D4,26.3,0.55
360.0,0.0,0.0,180.0,0.0,1086.0,724.0,342.0,34.2,D4,26.1,0.49
360.0,0.0,0.0,180.0,0.0,1086.0,724.0,342.0,34.36,D4,27.4,0.68
360.0,0.0,0.0,180.0,0.0,1086.0,724.0,1126.0,39.09,D4,22.9,0.58
360.0,0.0,0.0,180.0,0.0,1086.0,724.0,1126.0,37.1,D4,26.5,0.6
360.0,0.0,0.0,180.0,0.0,1086.0,724.0,1126.0,36.52,D4,25.1,0.64
360.0,0.0,0.0,180.0,0.0,1086.0,724.0,1126.0,35.86,D4,25.3,0.63
360.0,0.0,0.0,180.0,0.0,1086.0,724.0,1126.0,36.19,D4,26.3,0.64
360.0,0.0,0.0,180.0,0.0,1086.0,724.0,1126.0,38.84,D4,23.5,0.65
360.0,0.0,0.0,180.0,0.0,1086.0,724.0,1126.0,33.2,D4,30.2,0.51
360.0,0.0,0.0,180.0,0.0,1086.0,724.0,1126.0,38.01,D4,27.7,0.53
360.0,0.0,0.0,180.0,0.0,1086.0,724.0,1126.0,37.43,D4,23.9,0.66
360.0,0.0,0.0,180.0,0.0,1086.0,724.0,1126.0,35.11,D4,22.8,0.56
360.0,0.0,0.0,180.0,0.0,1086.0,724.0,1126.0,36.85,D4,24.8,0.57
360.0,0.0,0.0,180.0,0.0,1086.0,724.0,1126.0,35.28,D4,25.4,0.54
360.0,0.0,0.0,180.0,0.0,1086.0,724.0,1926.0,28.13,D4,27.1,0.58
360.0,0.0,0.0,180.0,0.0,1086.0,724.0,1926.0,28.54,D4,22.7,0.58
360.0,0.0,0.0,180.0,0.0,1086.0,724.0,1926.0,31.23,D4,25.6,0.55
360.0,0.0,0.0,180.0,0.0,1086.0,724.0,1926.0,33.08,D4,21.9,0.55
360.0,0.0,0.0,180.0,0.0,1086.0,724.0,1926.0,30.33,D4,25.9,0.62
360.0,0.0,0.0,180.0,0.0,1086.0,724.0,1926.0,30.1,D4,24.8,0.56
360.0,0.0,0.0,180.0,0.0,1086.0,724.0,1926.0,26.72,D4,28.9,0.57
360.0,0.0,0.0,180.0,0.0,1086.0,724.0,1926.0,29.96,D4,21.9,0.49
360.0,0.0,0.0,180.0,0.0,1086.0,724.0,1926.0,31.66,D4,27.7,0.7
360.0,0.0,0.0,180.0,0.0,1086.0,724.0,1926.0,31.27,D4,21.6,0.65
360.0,0.0,0.0,180.0,0.0,1086.0,724.0,1926.0,31.97,D4,22.3,0.58
360.0,0.0,0.0,180.0,0.0,1086.0,724.0,3653.0,4.15,D4,21.6,0.56
360.0,0.0,0.0,180.0,0.0,1086.0,724.0,3653.0,5.72,D4,25.5,0.6
360.0,0.0,0.0,180.0,0.0,1086.0,724.0,3653.0,5.87,D4,22.7,0.6
360.0,0.0,0.0,180.0,0.0,1086.0,724.0,3653.0,5.95,D4,22.3,0.54
360.0,0.0,0.0,180.0,0.0,1086.0,724.0,3653.0,6.03,D4,25.4,0.47
360.0,0.0,0.0,180.0,0.0,1086.0,724.0,3653.0,6.26,D4,25.9,0.57
360.0,0.0,0.0,180.0,0.0,1086.0,724.0,3653.0,6.34,D4,25.1,0.52
360.0,0.0,0.0,180.0,0.0,1086.0,724.0,3653.0,6.5,D4,24.7,0.61
360.0,0.0,0.0,180.0,0.0,1086.0,724.0,3653.0,6.58,D4,28.7,0.61
360.0,0.0,0.0,180.0,0.0,1086.0,724.0,3653.0,6.66,D4,25.3,0.55
360.0,0.0,0.0,180.0,0.0,1086.0,724.0,3653.0,6.89,D4,26.6,0.57
360.0,0.0,0.0,180.0,0.0,1086.0,724.0,3653.0,7.2,D4,25.3,0.69
360.0,0.0,0.0,180.0,0.0,1086.0,724.0,3653.0,7.36,D4,22.8,0.64
360.0,0.0,0.0,180.0,0.0,1086.0,724.0,3653.0,7.6,D4,26.1,0.58
360.0,0.0,0.0,180.0,0.0,1086.0,724.0,3653.0,7.75,D4,23.7,0.71
360.0,0.0,0.0,180.0,0.0,1086.0,724.0,3653.0,7.83,D4,24.8,0.54
360.0,0.0,0.0,180.0,0.0,1086.0,724.0,3653.0,7.99,D4,25.6,0.56
360.0,0.0,0.0,180.0,0.0,1086.0,724.0,3653.0,8.14,D4,21.1,0.59
360.0,0.0,0.0,180.0,0.0,1086.0,724.0,3653.0,8.14,D4,21.8,0.52
360.0,0.0,0.0,180.0,0.0,1086.0,724.0,3653.0,8.14,D4,26.8,0.69
360.0,0.0,0.0,180.0,0.0,1086.0,724.0,3653.0,8.53,D4,23.7,0.61
360.0,0.0,0.0,180.0,0.0,1086.0,724.0,3653.0,8.53,D4,23.8,0.56
360.0,0.0,0.0,180.0,0.0,1086.0,724.0,3653.0,8.53,D4,25.3,0.62
360.0,0.0,0.0,180.0,0.0,1086.0,724.0,3653.0,8.85,D4,24.2,0.61
360.0,0.0,0.0,180.0,0.0,1086.0,724.0,3653.0,8.93,D4,25.8,0.58
360.0,0.0,0.0,180.0,0.0,1086.0,724.0,3653.0,9.08,D4,24.9,0.54
360.0,0.0,0.0,180.0,0.0,1086.0,724.0,3653.0,9.08,D4,25.4,0.53
360.0,0.0,0.0,180.0,0.0,1086.0,724.0,3653.0,9.24,D4,23.6,0.71
360.0,0.0,0.0,180.0,0.0,1086.0,724.0,3653.0,9.55,D4,25.4,0.53
360.0,0.0,0.0,180.0,0.0,1086.0,724.0,3653.0,9.55,D4,27.2,0.68
360.0,0.0,0.0,180.0,0.0,1086.0,724.0,3653.0,9.71,D4,23.9,0.56
360.0,0.0,0.0,180.0,0.0,1086.0,724.0,3653.0,9.87,D4,26.8,0.64
360.0,0.0,0.0,180.0,0.0,1086.0,724.0,3653.0,9.94,D4,24.9,0.62
360.0,0.0,0.0,180.0,0.0,1086.0,724.0,3653.0,10.1,D4,26.5,0.63
360.0,0.0,0.0,180.0,0.0,1086.0,724.0,3653.0,10.1,D4,25.3,0.64
360.0,0.0,0.0,180.0,0.0,1086.0,724.0,3653.0,10.18,D4,24.9,0.52
360.0,0.0,0.0,180.0,0.0,1086.0,724.0,3653.0,10.26,D4,25.7,0.57
360.0,0.0,0.0,180.0,0.0,1086.0,724.0,3653.0,10.26,D4,27.4,0.53
360.0,0.0,0.0,180.0,0.0,1086.0,724.0,3653.0,10.26,D4,25.5,0.61
360.0,0.0,0.0,180.0,0.0,1086.0,724.0,3653.0,10.34,D4,26.0,0.53
360.0,0.0,0.0,180.0,0.0,1086.0,724.0,3653.0,10.41,D4,24.3,0.5
360.0,0.0,0.0,180.0,0.0,1086.0,724.0,3653.0,10.41,D4,28.1,0.59
360.0,0.0,0.0,180.0,0.0,1086.0,724.0,3653.0,10.41,D4,26.3,0.49
360.0,0.0,0.0,180.0,0.0,1086.0,724.0,3653.0,10.49,D4,25.2,0.61
360.0,0.0,0.0,180.0,0.0,1086.0,724.0,3653.0,10.49,D4,24.8,0.54
360.0,0.0,0.0,180.0,0.0,1086.0,724.0,3653.0,10.49,D4,27.0,0.56
360.0,0.0,0.0,180.0,0.0,1086.0,724.0,3653.0,10.65,D4,23.8,0.49
360.0,0.0,0.0,180.0,0.0,1086.0,724.0,3653.0,10.73,D4,21.4,0.68
360.0,0.0,0.0,180.0,0.0,1086.0,724.0,3653.0,10.81,D4,25.1,0.53
360.0,0.0,0.0,180.0,0.0,1086.0,724.0,3653.0,11.04,D4,27.4,0.58
360.0,0.0,0.0,180.0,0.0,1086.0,724.0,3653.0,11.04,D4,28.2,0.51
360.0,0.0,0.0,180.0,0.0,1086.0,724.0,3653.0,11.12,D4,24.8,0.56
360.0,0.0,0.0,180.0,0.0,1086.0,724.0,3653.0,11.12,D4,25.1,0.69
360.0,0.0,0.0,180.0,0.0,1086.0,724.0,3653.0,11.12,D4,26.0,0.61
360.0,0.0,0.0,180.0,0.0,1086.0,724.0,3653.0,11.2,D4,24.5,0.56
360.0,0.0,0.0,180.0,0.0,1086.0,724.0,3653.0,11.2,D4,26.0,0.6
360.0,0.0,0.0,180.0,0.0,1086.0,724.0,3653.0,11.35,D4,24.8,0.57
360.0,0.0,0.0,180.0,0.0,1086.0,724.0,3653.0,11.35,D4,27.0,0.6
360.0,0.0,0.0,180.0,0.0,1086.0,724.0,3653.0,11.35,D4,26.4,0.64
360.0,0.0,0.0,180.0,0.0,1086.0,724.0,3653.0,11.35,D4,26.6,0.58
360.0,0.0,0.0,180.0,0.0,1086.0,724.0,3653.0,11.35,D4,24.6,0.61
360.0,0.0,0.0,180.0,0.0,1086.0,724.0,3653.0,11.43,D4,28.9,0.61
360.0,0.0,0.0,180.0,0.0,1086.0,724.0,3653.0,11.51,D4,26.0,0.58
360.0,0.0,0.0,180.0,0.0,1086.0,724.0,3653.0,11.67,D4,25.5,0.56
360.0,0.0,0.0,180.0,0.0,1086.0,724.0,3653.0,11.75,D4,23.5,0.57
360.0,0.0,0.0,180.0,0.0,1086.0,724.0,3653.0,11.75,D4,24.8,0.63
360.0,0.0,0.0,180.0,0.0,1086.0,724.0,3653.0,11.75,D4,25.2,0.64
360.0,0.0,0.0,180.0,0.0,1086.0,724.0,3653.0,11.82,D4,23.4,0.54
360.0,0.0,0.0,180.0,0.0,1086.0,724.0,3653.0,11.9,D4,24.4,0.59
360.0,0.0,0.0,180.0,0.0,1086.0,724.0,3653.0,11.9,D4,24.7,0.56
360.0,0.0,0.0,180.0,0.0,1086.0,724.0,3653.0,11.9,D4,25.1,0.64
360.0,0.0,0.0,180.0,0.0,1086.0,724.0,3653.0,11.98,D4,21.5,0.58
360.0,0.0,0.0,180.0,0.0,1086.0,724.0,3653.0,11.98,D4,24.7,0.71
360.0,0.0,0.0,180.0,0.0,1086.0,724.0,3653.0,12.06,D4,24.2,0.61
360.0,0.0,0.0,180.0,0.0,1086.0,724.0,3653.0,12.14,D4,25.0,0.66
360.0,0.0,0.0,180.0,0.0,1086.0,724.0,3653.0,12.22,D4,27.1,0.55
360.0,0.0,0.0,180.0,0.0,1086.0,724.0,3653.0,12.29,D4,29.1,0.6
360.0,0.0,0.0,180.0,0.0,1086.0,724.0,3653.0,12.37,D4,26.4,0.63
360.0,0.0,0.0,180.0,0.0,1086.0,724.0,3653.0,12.37,D4,22.5,0.55
360.0,0.0,0.0,180.0,0.0,1086.0,724.0,3653.0,12.45,D4,24.3,0.6
360.0,0.0,0.0,180.0,0.0,1086.0,724.0,3653.0,12.53,D4,26.2,0.65
360.0,0.0,0.0,180.0,0.0,1086.0,724.0,3653.0,12.53,D4,26.0,0.58
360.0,0.0,0.0,180.0,0.0,1086.0,724.0,3653.0,12.53,D4,27.0,0.56
360.0,0.0,0.0,180.0,0.0,1086.0,724.0,3653.0,12.61,D4,24.8,0.69
360.0,0.0,0.0,180.0,0.0,1086.0,724.0,3653.0,12.61,D4,24.3,0.54
360.0,0.0,0.0,180.0,0.0,1086.0,724.0,3653.0,12.68,D4,28.5,0.61
360.0,0.0,0.0,180.0,0.0,1086.0,724.0,3653.0,12.84,D4,25.1,0.56
360.0,0.0,0.0,180.0,0.0,1086.0,724.0,3653.0,12.92,D4,23.0,0.55
360.0,0.0,0.0,180.0,0.0,1086.0,724.0,3653.0,12.92,D4,28.0,0.64
360.0,0.0,0.0,180.0,0.0,1086.0,724.0,3653.0,12.92,D4,22.0,0.59
360.0,0.0,0.0,180.0,0.0,1086.0,724.0,3653.0,13.23,D4,18.0,0.62
360.0,0.0,0.0,180.0,0.0,1086.0,724.0,3653.0,13.39,D4,26.5,0.49
360.0,0.0,0.0,180.0,0.0,1086.0,724.0,3653.0,13.39,D4,26.8,0.63
360.0,0.0,0.0,180.0,0.0,1086.0,724.0,3653.0,13.39,D4,25.8,0.56
360.0,0.0,0.0,180.0,0.0,1086.0,724.0,3653.0,13.39,D4,22.4,0.51
360.0,0.0,0.0,180.0,0.0,1086.0,724.0,3653.0,13.47,D4,24.9,0.69
360.0,0.0,0.0,180.0,0.0,1086.0,724.0,3653.0,13.7,D4,24.4,0.63
360.0,0.0,0.0,180.0,0.0,1086.0,724.0,3653.0,13.86,D4,23.9,0.61
360.0,0.0,0.0,180.0,0.0,1086.0,724.0,3653.0,13.94,D4,27.8,0.66
360.0,0.0,0.0,180.0,0.0,1086.0,724.0,3653.0,13.94,D4,22.9,0.61
360.0,0.0,0.0,180.0,0.0,1086.0,724.0,3653.0,13.94,D4,25.6,0.56
360.0,0.0,0.0,180.0,0.0,1086.0,724.0,3653.0,14.02,D4,27.4,0.59
360.0,0.0,0.0,180.0,0.0,1086.0,724.0,3653.0,14.02,D4,25.8,0.57
360.0,0.0,0.0,180.0,0.0,1086.0,724.0,3653.0,14.02,D4,27.5,0.57
360.0,0.0,0.0,180.0,0.0,1086.0,724.0,3653.0,14.02,D4,26.1,0.54
360.0,0.0,0.0,180.0,0.0,1086.0,724.0,3653.0,14.25,D4,25.9,0.55
360.0,0.0,0.0,180.0,0.0,1086.0,724.0,3653.0,14.25,D4,25.7,0.64
360.0,0.0,0.0,180.0,0.0,1086.0,724.0,3653.0,14.33,D4,26.2,0.62
360.0,0.0,0.0,180.0,0.0,1086.0,724.0,3653.0,14.33,D4,24.2,0.57
360.0,0.0,0.0,180.0,0.0,1086.0,724.0,3653.0,14.41,D4,22.4,0.55
360.0,0.0,0.0,180.0,0.0,1086.0,724.0,3653.0,14.49,D4,26.9,0.58
360.0,0.0,0.0,180.0,0.0,1086.0,724.0,3653.0,14.64,D4,27.3,0.52
360.0,0.0,0.0,180.0,0.0,1086.0,724.0,3653.0,14.64,D4,25.5,0.61
360.0,0.0,0.0,180.0,0.0,1086.0,724.0,3653.0,14.88,D4,23.9,0.65
360.0,0.0,0.0,180.0,0.0,1086.0,724.0,3653.0,15.03,D4,21.9,0.72
360.0,0.0,0.0,180.0,0.0,1086.0,724.0,3653.0,15.11,D4,25.2,0.54
360.0,0.0,0.0,180.0,0.0,1086.0,724.0,3653.0,15.11,D4,22.3,0.65
360.0,0.0,0.0,180.0,0.0,1086.0,724.0,3653.0,15.19,D4,22.0,0.56
360.0,0.0,0.0,180.0,0.0,1086.0,724.0,3653.0,15.27,D4,25.0,0.54
360.0,0.0,0.0,180.0,0.0,1086.0,724.0,3653.0,15.35,D4,23.5,0.54
360.0,0.0,0.0,180.0,0.0,1086.0,724.0,3653.0,15.74,D4,25.7,0.61
360.0,0.0,0.0,180.0,0.0,1086.0,724.0,3653.0,15.74,D4,24.7,0.55
360.0,0.0,0.0,180.0,0.0,1086.0,724.0,3653.0,15.82,D4,23.8,0.57
360.0,0.0,0.0,180.0,0.0,1086.0,724.0,3653.0,15.9,D4,21.6,0.58
360.0,0.0,0.0,180.0,0.0,1086.0,724.0,3653.0,15.97,D4,23.3,0.56
360.0,0.0,0.0,180.0,0.0,1086.0,724.0,3653.0,15.97,D4,23.4,0.56
360.0,0.0,0.0,180.0,0.0,1086.0,724.0,3653.0,16.05,D4,22.5,0.48
360.0,0.0,0.0,180.0,0.0,1086.0,724.0,3653.0,16.05,D4,24.3,0.6
360.0,0.0,0.0,180.0,0.0,1086.0,724.0,3653.0,16.13,D4,22.7,0.6
360.0,0.0,0.0,180.0,0.0,1086.0,724.0,3653.0,16.13,D4,24.7,0.56
360.0,0.0,0.0,180.0,0.0,1086.0,724.0,3653.0,16.21,D4,25.5,0.62
360.0,0.0,0.0,180.0,0.0,1086.0,724.0,3653.0,16.21,D4,23.3,0.67
360.0,0.0,0.0,180.0,0.0,1086.0,724.0,3653.0,16.29,D4,25.9,0.6
360.0,0.0,0.0,180.0,0.0,1086.0,724.0,3653.0,16.29,D4,22.3,0.67
360.0,0.0,0.0,180.0,0.0,1086.0,724.0,3653.0,16.29,D4,22.8,0.71
360.0,0.0,0.0,180.0,0.0,1086.0,724.0,3653.0,16.52,D4,24.8,0.73
360.0,0.0,0.0,180.0,0.0,1086.0,724.0,3653.0,16.52,D4,26.4,0.54
360.0,0.0,0.0,180.0,0.0,1086.0,724.0,3653.0,16.52,D4,26.7,0.54
360.0,0.0,0.0,180.0,0.0,1086.0,724.0,3653.0,16.6,D4,28.2,0.58
360.0,0.0,0.0,180.0,0.0,1086.0,724.0,3653.0,16.6,D4,24.2,0.61
360.0,0.0,0.0,180.0,0.0,1086.0,724.0,3653.0,16.76,D4,24.7,0.68
360.0,0.0,0.0,180.0,0.0,1086.0,724.0,3653.0,16.91,D4,22.9,0.63
360.0,0.0,0.0,180.0,0.0,1086.0,724.0,3653.0,17.07,D4,22.5,0.54
360.0,0.0,0.0,180.0,0.0,1086.0,724.0,3653.0,17.07,D4,25.5,0.57
360.0,0.0,0.0,180.0,0.0,1086.0,724.0,3653.0,17.23,D4,23.4,0.6
360.0,0.0,0.0,180.0,0.0,1086.0,724.0,3653.0,17.3,D4,27.5,0.53
360.0,0.0,0.0,180.0,0.0,1086.0,724.0,3653.0,17.3,D4,22.1,0.6
360.0,0.0,0.0,180.0,0.0,1086.0,724.0,3653.0,17.7,D4,26.0,0.54
360.0,0.0,0.0,180.0,0.0,1086.0,724.0,3653.0,17.77,D4,23.0,0.52
360.0,0.0,0.0,180.0,0.0,1086.0,724.0,3653.0,18.17,D4,23.4,0.55
360.0,0.0,0.0,180.0,0.0,1086.0,724.0,3653.0,18.4,D4,26.1,0.62
360.0,0.0,0.0,180.0,0.0,1086.0,724.0,3653.0,18.4,D4,23.6,0.62
360.0,0.0,0.0,180.0,0.0,1086.0,724.0,3653.0,18.56,D4,24.0,0.6
360.0,0.0,0.0,180.0,0.0,1086.0,724.0,3653.0,18.56,D4,23.4,0.65
360.0,0.0,0.0,180.0,0.0,1086.0,724.0,3653.0,18.64,D4,28.6,0.64
360.0,0.0,0.0,180.0,0.0,1086.0,724.0,3653.0,18.64,D4,23.8,0.61
360.0,0.0,0.0,180.0,0.0,1086.0,724.0,3653.0,18.71,D4,25.1,0.6
360.0,0.0,0.0,180.0,0.0,1086.0,724.0,3653.0,18.95,D4,24.6,0.61
360.0,0.0,0.0,180.0,0.0,1086.0,724.0,3653.0,18.95,D4,25.4,0.59
360.0,0.0,0.0,180.0,0.0,1086.0,724.0,3653.0,19.11,D4,23.8,0.49
360.0,0.0,0.0,180.0,0.0,1086.0,724.0,3653.0,19.18,D4,24.6,0.66
360.0,0.0,0.0,180.0,0.0,1086.0,724.0,3653.0,19.34,D4,25.8,0.62
360.0,0.0,0.0,180.0,0.0,1086.0,724.0,3653.0,19.42,D4,23.3,0.54
360.0,0.0,0.0,180.0,0.0,1086.0,724.0,3653.0,19.5,D4,27.2,0.67
360.0,0.0,0.0,180.0,0.0,1086.0,724.0,3653.0,19.58,D4,27.4,0.57
360.0,0.0,0.0,180.0,0.0,1086.0,724.0,3653.0,19.58,D4,26.2,0.59
360.0,0.0,0.0,180.0,0.0,1086.0,724.0,3653.0,19.81,D4,25.1,0.65
360.0,0.0,0.0,180.0,0.0,1086.0,724.0,3653.0,19.97,D4,19.0,0.61
360.0,0.0,0.0,180.0,0.0,1086.0,724.0,3653.0,20.05,D4,25.8,0.67
360.0,0.0,0.0,180.0,0.0,1086.0,724.0,3653.0,20.28,D4,24.2,0.58
360.0,0.0,0.0,180.0,0.0,1086.0,724.0,3653.0,20.28,D4,24.5,0.68
360.0,0.0,0.0,180.0,0.0,1086.0,724.0,3653.0,20.44,D4,21.2,0.56
360.0,0.0,0.0,180.0,0.0,1086.0,724.0,3653.0,20.67,D4,26.0,0.67
360.0,0.0,0.0,180.0,0.0,1086.0,724.0,3653.0,20.67,D4,22.1,0.49
360.0,0.0,0.0,180.0,0.0,1086.0,724.0,3653.0,20.83,D4,25.2,0.54
360.0,0.0,0.0,180.0,0.0,1086.0,724.0,3653.0,20.83,D4,26.8,0.61
360.0,0.0,0.0,180.0,0.0,1086.0,724.0,3653.0,20.91,D4,24.1,0.58
360.0,0.0,0.0,180.0,0.0,1086.0,724.0,3653.0,20.98,D4,27.4,0.6
360.0,0.0,0.0,180.0,0.0,1086.0,724.0,3653.0,21.06,D4,23.5,0.6
360.0,0.0,0.0,180.0,0.0,1086.0,724.0,3653.0,21.53,D4,26.2,0.54
360.0,0.0,0.0,180.0,0.0,1086.0,724.0,3653.0,21.61,D4,22.4,0.54
360.0,0.0,0.0,180.0,0.0,1086.0,724.0,3653.0,21.69,D4,27.1,0.61
360.0,0.0,0.0,180.0,0.0,1086.0,724.0,3653.0,21.77,D4,26.8,0.57
360.0,0.0,0.0,180.0,0.0,1086.0,724.0,3653.0,21.85,D4,25.9,0.67
360.0,0.0,0.0,180.0,0.0,1086.0,724.0,3653.0,21.92,D4,24.2,0.59
360.0,0.0,0.0,180.0,0.0,1086.0,724.0,3653.0,22.0,D4,22.2,0.64
360.0,0.0,0.0,180.0,0.0,1086.0,724.0,3653.0,22.08,D4,24.2,0.62
360.0,0.0,0.0,180.0,0.0,1086.0,724.0,3653.0,22.16,D4,27.2,0.57
360.0,0.0,0.0,180.0,0.0,1086.0,724.0,3653.0,22.24,D4,25.3,0.5
360.0,0.0,0.0,180.0,0.0,1086.0,724.0,3653.0,22.32,D4,21.9,0.66
360.0,0.0,0.0,180.0,0.0,1086.0,724.0,3653.0,22.39,D4,22.8,0.55
360.0,0.0,0.0,180.0,0.0,1086.0,724.0,3653.0,22.47,D4,27.5,0.58
360.0,0.0,0.0,180.0,0.0,1086.0,724.0,3653.0,22.55,D4,26.0,0.59
360.0,0.0,0.0,180.0,0.0,1086.0,724.0,3653.0,22.63,D4,22.5,0.6
360.0,0.0,0.0,180.0,0.0,1086.0,724.0,3653.0,22.71,D4,21.5,0.65
360.0,0.0,0.0,180.0,0.0,1086.0,724.0,3653.0,22.79,D4,23.7,0.6
360.0,0.0,0.0,180.0,0.0,1086.0,724.0,3653.0,22.86,D4,21.3,0.59
360.0,0.0,0.0,180.0,0.0,1086.0,724.0,3653.0,22.94,D4,24.7,0.65
360.0,0.0,0.0,180.0,0.0,1086.0,724.0,3653.0,23.02,D4,29.9,0.63
360.0,0.0,0.0,180.0,0.0,1086.0,724.0,3653.0,23.1,D4,21.8,0.56
360.0,0.0,0.0,180.0,0.0,1086.0,724.0,3653.0,23.18,D4,24.6,0.54
360.0,0.0,0.0,180.0,0.0,1086.0,724.0,3653.0,23.26,D4,27.6,0.56
360.0,0.0,0.0,180.0,0.0,1086.0,724.0,3653.0,23.33,D4,26.5,0.6
360.0,0.0,0.0,180.0,0.0,1086.0,724.0,3653.0,23.41,D4,24.7,0.54
360.0,0.0,0.0,180.0,0.0,1086.0,724.0,3653.0,23.49,D4,24.7,0.6
360.0,0.0,0.0,180.0,0.0,1086.0,724.0,17532.0,18.49,D4,22.7,0.59
360.0,0.0,0.0,180.0,0.0,1086.0,724.0,17532.0,21.06,D4,24.5,0.47
360.0,0.0,0.0,180.0,0.0,1086.0,724.0,17532.0,18.49,D4,25.5,0.53
360.0,0.0,0.0,180.0,0.0,1086.0,724.0,17532.0,13.66,D4,27.2,0.46
360.0,0.0,0.0,180.0,0.0,1086.0,724.0,17532.0,20.58,D4,23.8,0.58
360.0,0.0,0.0,180.0,0.0,1086.0,724.0,17532.0,19.05,D4,24.6,0.65
360.0,0.0,0.0,180.0,0.0,1086.0,724.0,17532.0,13.99,D4,23.1,0.51
360.0,0.0,0.0,180.0,0.0,1086.0,724.0,17532.0,22.67,D4,25.5,0.53
360.0,0.0,0.0,180.0,0.0,1086.0,724.0,17532.0,27.49,D4,26.6,0.59
360.0,0.0,0.0,180.0,0.0,1086.0,724.0,17532.0,18.49,D4,26.3,0.55
360.0,0.0,0.0,180.0,0.0,1086.0,724.0,17532.0,35.85,D4,22.7,0.55
360.0,0.0,0.0,180.0,0.0,1086.0,724.0,17532.0,22.67,D4,25.3,0.63
360.0,0.0,0.0,180.0,0.0,1086.0,724.0,17532.0,18.65,D4,23.6,0.58
360.0,0.0,0.0,180.0,0.0,1086.0,724.0,17532.0,14.15,D4,27.0,0.53
360.0,0.0,0.0,180.0,0.0,1086.0,724.0,17532.0,17.2,D4,24.7,0.5
360.0,0.0,0.0,180.0,0.0,1086.0,724.0,17532.0,17.44,D4,22.0,0.71
360.0,0.0,0.0,180.0,0.0,1086.0,724.0,17532.0,31.51,D4,24.6,0.66
360.0,0.0,0.0,180.0,0.0,1086.0,724.0,17532.0,21.7,D4,25.9,0.58
360.0,0.0,0.0,180.0,0.0,1086.0,724.0,17532.0,24.52,D4,25.5,0.6
360.0,0.0,0.0,180.0,0.0,1086.0,724.0,17532.0,24.52,D4,24.0,0.58
360.0,0.0,0.0,180.0,0.0,1086.0,724.0,17532.0,26.36,D4,23.8,0.63
360.0,0.0,0.0,180.0,0.0,1086.0,724.0,17532.0,16.4,D4,23.0,0.56
360.0,0.0,0.0,180.0,0.0,1086.0,724.0,17532.0,23.79,D4,24.2,0.57
360.0,0.0,0.0,180.0,0.0,1086.0,724.0,17532.0,32.07,D4,23.3,0.62
360.0,0.0,0.0,180.0,0.0,1086.0,724.0,17532.0,12.86,D4,26.9,0.67
360.0,0.0,0.0,180.0,0.0,1086.0,724.0,17532.0,14.15,D4,23.2,0.64
818.1818181818181,0.0,0.0,180.0,0.0,811.0909090909091,540.7272727272729,3.0,44.49,D4,25.2,0.66
692.3076923076923,0.0,0.0,180.0,0.0,886.6153846153845,591.0769230769231,3.0,46.9,D4,25.1,0.58
562.5,0.0,0.0,180.0,0.0,964.5,643.0,3.0,44.99,D4,26.9,0.57
782.6086956521739,0.0,0.0,180.0,0.0,832.4347826086956,554.9565217391304,3.0,46.73,D4,27.2,0.5
600.0,0.0,0.0,180.0,0.0,942.0,628.0,3.0,48.64,D4,26.4,0.6
545.4545454545454,0.0,0.0,180.0,0.0,974.7272727272726,649.8181818181819,3.0,46.31,D4,25.7,0.62
857.1428571428572,0.0,0.0,180.0,0.0,787.7142857142856,525.1428571428571,3.0,47.06,D4,22.9,0.58
818.1818181818181,0.0,0.0,180.0,0.0,811.0909090909091,540.7272727272729,3.0,51.21,D4,22.9,0.56
514.2857142857143,0.0,0.0,180.0,0.0,993.4285714285714,662.2857142857143,3.0,46.4,D4,23.3,0.66
818.1818181818181,0.0,0.0,180.0,0.0,811.0909090909091,540.7272727272729,90.0,59.8,D4,26.5,0.63
692.3076923076923,0.0,0.0,180.0,0.0,886.6153846153845,591.0769230769231,90.0,67.6,D4,25.1,0.67
562.5,0.0,0.0,180.0,0.0,964.5,643.0,90.0,64.7,D4,26.7,0.55
782.6086956521739,0.0,0.0,180.0,0.0,832.4347826086956,554.9565217391304,90.0,68.0,D4,27.0,0.56
600.0,0.0,0.0,180.0,0.0,942.0,628.0,90.0,72.2,D4,23.5,0.66
545.4545454545454,0.0,0.0,180.0,0.0,974.7272727272726,649.8181818181819,90.0,66.0,D4,25.1,0.6
857.1428571428572,0.0,0.0,180.0,0.0,787.7142857142856,525.1428571428571,90.0,70.3,D4,25.0,0.57
818.1818181818181,0.0,0.0,180.0,0.0,811.0909090909091,540.7272727272729,90.0,77.1,D4,24.3,0.58
514.2857142857143,0.0,0.0,180.0,0.0,993.4285714285714,662.2857142857143,90.0,70.7,D4,23.9,0.6
450.0,0.0,0.0,180.0,0.0,1032.0,688.0,7.0,36.3,D4,27.4,0.65
450.0,0.0,0.0,180.0,0.0,1032.0,688.0,14.0,38.43,D4,25.1,0.59
450.0,0.0,0.0,180.0,0.0,1032.0,688.0,28.0,43.07,D4,25.0,0.64
450.0,0.0,0.0,180.0,0.0,1032.0,688.0,96.0,46.25,D4,23.4,0.62
400.0,0.0,0.0,180.0,0.0,1062.0,708.0,7.0,31.04,D4,26.4,0.56
400.0,0.0,0.0,180.0,0.0,1062.0,708.0,14.0,31.32,D4,23.0,0.56
400.0,0.0,0.0,180.0,0.0,1062.0,708.0,28.0,38.91,D4,25.9,0.58
400.0,0.0,0.0,180.0,0.0,1062.0,708.0,96.0,38.98,D4,26.0,0.53
360.0,0.0,0.0,180.0,0.0,1086.0,724.0,7.0,25.24,D4,24.2,0.57
360.0,0.0,0.0,180.0,0.0,1086.0,724.0,14.0,31.08,D4,25.6,0.68
360.0,0.0,0.0,180.0,0.0,1086.0,724.0,28.0,34.07,D4,25.4,0.6
360.0,0.0,0.0,180.0,0.0,1086.0,724.0,96.0,36.76,D4,24.9,0.56
327.27272727272725,0.0,0.0,180.0,0.0,1105.6363636363635,737.0909090909091,7.0,23.82,D4,25.0,0.7
327.27272727272725,0.0,0.0,180.0,0.0,1105.6363636363635,737.0909090909091,14.0,25.2,D4,25.1,0.55
327.27272727272725,0.0,0.0,180.0,0.0,1105.6363636363635,737.0909090909091,28.0,28.0,D4,25.3,0.55
327.27272727272725,0.0,0.0,180.0,0.0,1105.6363636363635,737.0909090909091,96.0,33.67,D4,25.1,0.66
360.0,0.0,0.0,180.0,0.0,1086.0,724.0,14245.0,45.43,D4,22.8,0.63
360.0,0.0,0.0,180.0,0.0,1086.0,724.0,14245.0,53.95,D4,24.7,0.59
360.0,0.0,0.0,180.0,0.0,1086.0,724.0,14245.0,51.64,D4,25.5,0.64
360.0,0.0,0.0,180.0,0.0,1086.0,724.0,14245.0,49.88,D4,25.2,0.62
360.0,0.0,0.0,180.0,0.0,1086.0,724.0,14245.0,45.5,D4,26.9,0.54
360.0,0.0,0.0,180.0,0.0,1086.0,724.0,14245.0,44.35,D4,26.2,0.48
360.0,0.0,0.0,180.0,0.0,1086.0,724.0,14245.0,47.88,D4,23.3,0.57
360.0,0.0,0.0,180.0,0.0,1086.0,724.0,14245.0,45.73,D4,24.7,0.65
360.0,0.0,0.0,180.0,0.0,1086.0,724.0,14245.0,42.2,D4,24.4,0.58
360.0,0.0,0.0,180.0,0.0,1086.0,724.0,14245.0,36.22,D4,25.0,0.62
360.0,0.0,0.0,180.0,0.0,1086.0,724.0,14245.0,39.6,D4,25.0,0.61
360.0,0.0,0.0,180.0,0.0,1086.0,724.0,14245.0,37.37,D4,26.2,0.52
360.0,0.0,0.0,180.0,0.0,1086.0,724.0,14245.0,39.37,D4,25.4,0.58
360.0,0.0,0.0,180.0,0.0,1086.0,724.0,14245.0,44.2,D4,27.5,0.62
360.0,0.0,0.0,180.0,0.0,1086.0,724.0,14245.0,35.61,D4,25.5,0.56
360.0,0.0,0.0,180.0,0.0,1086.0,724.0,14245.0,38.37,D4,23.3,0.58
360.0,0.0,0.0,180.0,0.0,1086.0,724.0,13880.0,70.41,D4,24.1,0.62
360.0,0.0,0.0,180.0,0.0,1086.0,724.0,13880.0,64.91,D4,26.2,0.6
360.0,0.0,0.0,180.0,0.0,1086.0,724.0,13880.0,64.48,D4,21.8,0.65
360.0,0.0,0.0,180.0,0.0,1086.0,724.0,13880.0,61.6,D4,22.3,0.62
360.0,0.0,0.0,180.0,0.0,1086.0,724.0,13880.0,68.14,D4,25.0,0.55
360.0,0.0,0.0,180.0,0.0,1086.0,724.0,13880.0,63.69,D4,26.9,0.58
360.0,0.0,0.0,180.0,0.0,1086.0,724.0,13880.0,73.21,D4,27.6,0.6
360.0,0.0,0.0,180.0,0.0,1086.0,724.0,13880.0,62.99,D4,24.6,0.67
360.0,0.0,0.0,180.0,0.0,1086.0,724.0,13880.0,65.18,D4,27.1,0.58
360.0,0.0,0.0,180.0,0.0,1086.0,724.0,13880.0,66.75,D4,25.1,0.51
360.0,0.0,0.0,180.0,0.0,1086.0,724.0,13880.0,65.79,D4,21.9,0.62
360.0,0.0,0.0,180.0,0.0,1086.0,724.0,13880.0,62.3,D4,25.0,0.56
360.0,0.0,0.0,180.0,0.0,1086.0,724.0,24837.0,51.95,D4,23.8,0.54
360.0,0.0,0.0,180.0,0.0,1086.0,724.0,24837.0,46.43,D4,26.8,0.6
360.0,0.0,0.0,180.0,0.0,1086.0,724.0,24837.0,51.34,D4,24.9,0.65
360.0,0.0,0.0,180.0,0.0,1086.0,724.0,24837.0,54.26,D4,22.4,0.57
360.0,0.0,0.0,180.0,0.0,1086.0,724.0,24837.0,52.95,D4,22.0,0.62
360.0,0.0,0.0,180.0,0.0,1086.0,724.0,24837.0,39.29,D4,25.0,0.63
360.0,0.0,0.0,180.0,0.0,1086.0,724.0,24837.0,41.74,D4,20.2,0.64
360.0,0.0,0.0,180.0,0.0,1086.0,724.0,24837.0,45.89,D4,24.0,0.56
360.0,0.0,0.0,180.0,0.0,1086.0,724.0,24837.0,50.72,D4,25.5,0.54
360.0,0.0,0.0,180.0,0.0,1086.0,724.0,24837.0,62.77,D4,22.9,0.55
360.0,0.0,0.0,180.0,0.0,1086.0,724.0,24837.0,52.87,D4,27.0,0.64
360.0,0.0,0.0,180.0,0.0,1086.0,724.0,24837.0,42.97,D4,27.4,0.63
360.0,0.0,0.0,180.0,0.0,1086.0,724.0,13880.0,71.81,D4,23.0,0.55
360.0,0.0,0.0,180.0,0.0,1086.0,724.0,13880.0,66.75,D4,24.4,0.71
360.0,0.0,0.0,180.0,0.0,1086.0,724.0,13880.0,67.79,D4,27.0,0.55
360.0,0.0,0.0,180.0,0.0,1086.0,724.0,13880.0,63.95,D4,25.0,0.65
360.0,0.0,0.0,180.0,0.0,1086.0,724.0,13880.0,70.33,D4,22.2,0.68
360.0,0.0,0.0,180.0,0.0,1086.0,724.0,13880.0,70.24,D4,24.7,0.61
360.0,0.0,0.0,180.0,0.0,1086.0,724.0,13880.0,54.44,D4,23.3,0.56
360.0,0.0,0.0,180.0,0.0,1086.0,724.0,13880.0,67.36,D4,27.2,0.56
360.0,0.0,0.0,180.0,0.0,1086.0,724.0,13880.0,69.1,D4,26.2,0.59
360.0,0.0,0.0,180.0,0.0,1086.0,724.0,13880.0,66.4,D4,24.4,0.65
360.0,0.0,0.0,180.0,0.0,1086.0,724.0,13880.0,72.86,D4,25.3,0.54
360.0,0.0,0.0,180.0,0.0,1086.0,724.0,13880.0,71.29,D4,22.4,0.51
360.0,0.0,0.0,180.0,0.0,1086.0,724.0,13880.0,72.07,D4,23.5,0.62
360.0,0.0,0.0,180.0,0.0,1086.0,724.0,13880.0,88.04,D4,28.1,0.63
360.0,0.0,0.0,180.0,0.0,1086.0,724.0,13880.0,76.0,D4,25.1,0.7
360.0,0.0,0.0,180.0,0.0,1086.0,724.0,13880.0,63.34,D4,26.9,0.53
360.0,0.0,0.0,180.0,0.0,1086.0,724.0,13880.0,63.95,D4,25.5,0.59
360.0,0.0,0.0,180.0,0.0,1086.0,724.0,13880.0,55.49,D4,27.6,0.66
360.0,0.0,0.0,180.0,0.0,1086.0,724.0,13880.0,58.81,D4,21.0,0.61
360.0,0.0,0.0,180.0,0.0,1086.0,724.0,13880.0,64.22,D4,24.6,0.59
360.0,0.0,0.0,180.0,0.0,1086.0,724.0,13880.0,65.26,D4,28.3,0.64
